competencia_cnes,coregiao,regiao_aps,sgregiao,coufibge,estado_nome,uf_sigla,ibge_municipio,municipio_nome_aps,coclassificacaotipologia,nuanoreferencia,tporigembasepopulacao,aps_populacao,qt_esf,qt_eap_30hs,qt_eap_20hs,qt_esfr,qt_cadastro_esfr,qt_ecr,qt_cadastro_ecr,qt_eapp_20hs,qt_cadastro_eapp_20hs,qt_eapp_30hs,qt_cadastro_eapp_30hs,qt_cadastros_ecr_eapp,aps_capacidade_equipe,cobertura_aps_pct,municipio_key
04/2026,1,NORTE,N,12,ACRE,AC,120001,ACRELANDIA,3.0,2025,DOU,14712.0,6.0,0.0,0.0,0.0,0.0,0.0,0.0,0.0,0.0,0.0,0.0,0.0,21000.0,142.74,acrelandia
04/2026,1,NORTE,N,12,ACRE,AC,120005,ASSIS BRASIL,5.0,2025,DOU,8648.0,3.0,2.0,0.0,0.0,0.0,0.0,0.0,0.0,0.0,0.0,0.0,0.0,15750.0,182.12,assis_brasil
04/2026,1,NORTE,N,12,ACRE,AC,120010,BRASILEIA,4.0,2025,DOU,28028.0,9.0,0.0,0.0,0.0,0.0,0.0,0.0,0.0,0.0,0.0,0.0,0.0,31500.0,112.38,brasileia
04/2026,1,NORTE,N,12,ACRE,AC,120013,BUJARI,3.0,2025,DOU,13928.0,4.0,0.0,0.0,1.0,2051.0,0.0,0.0,0.0,0.0,0.0,0.0,2051.0,16051.0,115.24,bujari
04/2026,1,NORTE,N,12,ACRE,AC,120017,CAPIXABA,3.0,2025,DOU,10981.0,5.0,1.0,0.0,0.0,0.0,0.0,0.0,0.0,0.0,0.0,0.0,0.0,20125.0,183.27,capixaba
04/2026,1,NORTE,N,12,ACRE,AC,120020,CRUZEIRO DO SUL,1.0,2025,DOU,98916.0,37.0,4.0,0.0,6.0,14897.0,1.0,60.0,1.0,113.0,0.0,0.0,15070.0,155070.0,156.76,cruzeiro_do_sul
04/2026,1,NORTE,N,12,ACRE,AC,120025,EPITACIOLANDIA,4.0,2025,DOU,19874.0,8.0,2.0,0.0,0.0,0.0,0.0,0.0,0.0,0.0,0.0,0.0,0.0,33250.0,167.3,epitaciolandia
04/2026,1,NORTE,N,12,ACRE,AC,120030,FEIJO,4.0,2025,DOU,37764.0,9.0,0.0,0.0,0.0,0.0,0.0,0.0,0.0,0.0,0.0,0.0,0.0,31500.0,83.41,feijo
04/2026,1,NORTE,N,12,ACRE,AC,120032,JORDAO,5.0,2025,DOU,9884.0,2.0,0.0,0.0,1.0,2052.0,0.0,0.0,0.0,0.0,0.0,0.0,2052.0,9052.0,91.58,jordao
04/2026,1,NORTE,N,12,ACRE,AC,120033,MANCIO LIMA,3.0,2025,DOU,20479.0,7.0,1.0,0.0,1.0,1270.0,0.0,0.0,0.0,0.0,0.0,0.0,1270.0,28395.0,138.65,mancio_lima
04/2026,1,NORTE,N,12,ACRE,AC,120034,MANOEL URBANO,5.0,2025,DOU,12923.0,3.0,1.0,0.0,1.0,2942.0,0.0,0.0,0.0,0.0,0.0,0.0,2942.0,16067.0,124.32,manoel_urbano
04/2026,1,NORTE,N,12,ACRE,AC,120035,MARECHAL THAUMATURGO,5.0,2025,DOU,18057.0,4.0,0.0,0.0,3.0,7433.0,0.0,0.0,0.0,0.0,0.0,0.0,7433.0,21433.0,118.69,marechal_thaumaturgo
04/2026,1,NORTE,N,12,ACRE,AC,120038,PLACIDO DE CASTRO,3.0,2025,DOU,17107.0,8.0,0.0,0.0,0.0,0.0,0.0,0.0,0.0,0.0,0.0,0.0,0.0,28000.0,163.67,placido_de_castro
04/2026,1,NORTE,N,12,ACRE,AC,120080,PORTO ACRE,3.0,2025,DOU,17523.0,5.0,0.0,0.0,0.0,0.0,0.0,0.0,0.0,0.0,0.0,0.0,0.0,17500.0,99.86,porto_acre
04/2026,1,NORTE,N,12,ACRE,AC,120039,PORTO WALTER,5.0,2025,DOU,11333.0,4.0,0.0,0.0,1.0,1428.0,0.0,0.0,0.0,0.0,0.0,0.0,1428.0,15428.0,136.13,porto_walter
04/2026,1,NORTE,N,12,ACRE,AC,120040,RIO BRANCO,1.0,2025,DOU,389001.0,84.0,18.0,2.0,0.0,0.0,1.0,523.0,3.0,408.0,1.0,1196.0,2127.0,346877.0,89.17,rio_branco
04/2026,1,NORTE,N,12,ACRE,AC,120042,RODRIGUES ALVES,3.0,2025,DOU,15560.0,9.0,0.0,0.0,0.0,0.0,0.0,0.0,0.0,0.0,0.0,0.0,0.0,31500.0,202.44,rodrigues_alves
04/2026,1,NORTE,N,12,ACRE,AC,120043,SANTA ROSA DO PURUS,5.0,2025,DOU,7217.0,3.0,0.0,0.0,0.0,0.0,0.0,0.0,0.0,0.0,0.0,0.0,0.0,10500.0,145.48,santa_rosa_do_purus
04/2026,1,NORTE,N,12,ACRE,AC,120050,SENA MADUREIRA,2.0,2025,DOU,44049.0,13.0,0.0,0.0,3.0,4499.0,0.0,0.0,1.0,421.0,0.0,0.0,4920.0,50420.0,114.46,sena_madureira
04/2026,1,NORTE,N,12,ACRE,AC,120045,SENADOR GUIOMARD,2.0,2025,DOU,22402.0,8.0,0.0,0.0,0.0,0.0,0.0,0.0,1.0,594.0,0.0,0.0,594.0,28594.0,127.64,senador_guiomard
04/2026,1,NORTE,N,12,ACRE,AC,120060,TARAUACA,4.0,2025,DOU,46816.0,13.0,0.0,0.0,0.0,0.0,0.0,0.0,1.0,603.0,0.0,0.0,603.0,46103.0,98.47,tarauaca
04/2026,1,NORTE,N,12,ACRE,AC,120070,XAPURI,3.0,2025,DOU,19170.0,9.0,1.0,0.0,0.0,0.0,0.0,0.0,0.0,0.0,0.0,0.0,0.0,34125.0,178.01,xapuri
04/2026,2,NORDESTE,NE,27,ALAGOAS,AL,270010,AGUA BRANCA,3.0,2025,DOU,19550.0,10.0,0.0,0.0,0.0,0.0,0.0,0.0,0.0,0.0,0.0,0.0,0.0,35000.0,179.02,agua_branca
04/2026,2,NORDESTE,NE,27,ALAGOAS,AL,270020,ANADIA,2.0,2025,DOU,14167.0,9.0,0.0,0.0,0.0,0.0,0.0,0.0,0.0,0.0,0.0,0.0,0.0,31500.0,222.34,anadia
04/2026,2,NORDESTE,NE,27,ALAGOAS,AL,270030,ARAPIRACA,1.0,2025,DOU,243906.0,81.0,0.0,0.0,0.0,0.0,2.0,146.0,0.0,0.0,0.0,0.0,146.0,283646.0,116.29,arapiraca
04/2026,2,NORDESTE,NE,27,ALAGOAS,AL,270040,ATALAIA,1.0,2025,DOU,38480.0,18.0,0.0,0.0,0.0,0.0,0.0,0.0,0.0,0.0,0.0,0.0,0.0,63000.0,163.72,atalaia
04/2026,2,NORDESTE,NE,27,ALAGOAS,AL,270050,BARRA DE SANTO ANTONIO,1.0,2025,DOU,16756.0,6.0,0.0,0.0,0.0,0.0,0.0,0.0,0.0,0.0,0.0,0.0,0.0,21000.0,125.32,barra_de_santo_antonio
04/2026,2,NORDESTE,NE,27,ALAGOAS,AL,270060,BARRA DE SAO MIGUEL,3.0,2025,DOU,8123.0,4.0,0.0,0.0,0.0,0.0,0.0,0.0,0.0,0.0,0.0,0.0,0.0,14000.0,172.35,barra_de_sao_miguel
04/2026,2,NORDESTE,NE,27,ALAGOAS,AL,270070,BATALHA,2.0,2025,DOU,17103.0,7.0,0.0,0.0,0.0,0.0,0.0,0.0,0.0,0.0,0.0,0.0,0.0,24500.0,143.24,batalha
04/2026,2,NORDESTE,NE,27,ALAGOAS,AL,270080,BELEM,3.0,2025,DOU,4819.0,2.0,0.0,0.0,0.0,0.0,0.0,0.0,0.0,0.0,0.0,0.0,0.0,7000.0,145.25,belem
04/2026,2,NORDESTE,NE,27,ALAGOAS,AL,270090,BELO MONTE,3.0,2025,DOU,5895.0,3.0,0.0,0.0,0.0,0.0,0.0,0.0,0.0,0.0,0.0,0.0,0.0,10500.0,178.11,belo_monte
04/2026,2,NORDESTE,NE,27,ALAGOAS,AL,270100,BOCA DA MATA,1.0,2025,DOU,21479.0,11.0,0.0,0.0,0.0,0.0,0.0,0.0,0.0,0.0,0.0,0.0,0.0,38500.0,179.24,boca_da_mata
04/2026,2,NORDESTE,NE,27,ALAGOAS,AL,270110,BRANQUINHA,3.0,2025,DOU,9779.0,5.0,0.0,0.0,0.0,0.0,0.0,0.0,0.0,0.0,0.0,0.0,0.0,17500.0,178.95,branquinha
04/2026,2,NORDESTE,NE,27,ALAGOAS,AL,270120,CACIMBINHAS,3.0,2025,DOU,10705.0,5.0,0.0,0.0,0.0,0.0,0.0,0.0,0.0,0.0,0.0,0.0,0.0,17500.0,163.47,cacimbinhas
04/2026,2,NORDESTE,NE,27,ALAGOAS,AL,270130,CAJUEIRO,1.0,2025,DOU,16572.0,9.0,0.0,0.0,0.0,0.0,0.0,0.0,0.0,0.0,0.0,0.0,0.0,31500.0,190.07,cajueiro
04/2026,2,NORDESTE,NE,27,ALAGOAS,AL,270135,CAMPESTRE,3.0,2025,DOU,6808.0,3.0,0.0,0.0,0.0,0.0,0.0,0.0,0.0,0.0,0.0,0.0,0.0,10500.0,154.23,campestre
04/2026,2,NORDESTE,NE,27,ALAGOAS,AL,270140,CAMPO ALEGRE,1.0,2025,DOU,32558.0,11.0,0.0,0.0,0.0,0.0,0.0,0.0,0.0,0.0,0.0,0.0,0.0,38500.0,118.25,campo_alegre
04/2026,2,NORDESTE,NE,27,ALAGOAS,AL,270150,CAMPO GRANDE,3.0,2025,DOU,8285.0,5.0,0.0,0.0,0.0,0.0,0.0,0.0,0.0,0.0,0.0,0.0,0.0,17500.0,211.22,campo_grande
04/2026,2,NORDESTE,NE,27,ALAGOAS,AL,270160,CANAPI,3.0,2025,DOU,15730.0,7.0,2.0,0.0,0.0,0.0,0.0,0.0,0.0,0.0,0.0,0.0,0.0,29750.0,189.12,canapi
04/2026,2,NORDESTE,NE,27,ALAGOAS,AL,270170,CAPELA,2.0,2025,DOU,15051.0,8.0,0.0,0.0,0.0,0.0,0.0,0.0,0.0,0.0,0.0,0.0,0.0,28000.0,186.03,capela
04/2026,2,NORDESTE,NE,27,ALAGOAS,AL,270180,CARNEIROS,3.0,2025,DOU,9206.0,4.0,1.0,0.0,0.0,0.0,0.0,0.0,0.0,0.0,0.0,0.0,0.0,16625.0,180.58,carneiros
04/2026,2,NORDESTE,NE,27,ALAGOAS,AL,270190,CHA PRETA,3.0,2025,DOU,6000.0,4.0,0.0,0.0,0.0,0.0,0.0,0.0,0.0,0.0,0.0,0.0,0.0,14000.0,233.33,cha_preta
04/2026,2,NORDESTE,NE,27,ALAGOAS,AL,270200,COITE DO NOIA,3.0,2025,DOU,11036.0,5.0,0.0,0.0,0.0,0.0,0.0,0.0,0.0,0.0,0.0,0.0,0.0,17500.0,158.57,coite_do_noia
04/2026,2,NORDESTE,NE,27,ALAGOAS,AL,270210,COLONIA LEOPOLDINA,1.0,2025,DOU,15915.0,8.0,0.0,0.0,0.0,0.0,0.0,0.0,0.0,0.0,0.0,0.0,0.0,28000.0,175.93,colonia_leopoldina
04/2026,2,NORDESTE,NE,27,ALAGOAS,AL,270220,COQUEIRO SECO,1.0,2025,DOU,5701.0,3.0,0.0,0.0,0.0,0.0,0.0,0.0,0.0,0.0,0.0,0.0,0.0,10500.0,184.17,coqueiro_seco
04/2026,2,NORDESTE,NE,27,ALAGOAS,AL,270230,CORURIPE,1.0,2025,DOU,51784.0,20.0,0.0,0.0,0.0,0.0,0.0,0.0,0.0,0.0,0.0,0.0,0.0,70000.0,135.17,coruripe
04/2026,2,NORDESTE,NE,27,ALAGOAS,AL,270235,CRAIBAS,3.0,2025,DOU,26144.0,11.0,0.0,0.0,0.0,0.0,0.0,0.0,0.0,0.0,0.0,0.0,0.0,38500.0,147.26,craibas
04/2026,2,NORDESTE,NE,27,ALAGOAS,AL,270240,DELMIRO GOUVEIA,1.0,2025,DOU,52845.0,21.0,0.0,0.0,0.0,0.0,0.0,0.0,0.0,0.0,0.0,0.0,0.0,73500.0,139.08,delmiro_gouveia
04/2026,2,NORDESTE,NE,27,ALAGOAS,AL,270250,DOIS RIACHOS,3.0,2025,DOU,9898.0,5.0,0.0,0.0,0.0,0.0,0.0,0.0,0.0,0.0,0.0,0.0,0.0,17500.0,176.8,dois_riachos
04/2026,2,NORDESTE,NE,27,ALAGOAS,AL,270255,ESTRELA DE ALAGOAS,3.0,2025,DOU,15688.0,7.0,0.0,0.0,0.0,0.0,0.0,0.0,0.0,0.0,0.0,0.0,0.0,24500.0,156.17,estrela_de_alagoas
04/2026,2,NORDESTE,NE,27,ALAGOAS,AL,270260,FEIRA GRANDE,3.0,2025,DOU,23204.0,8.0,0.0,0.0,0.0,0.0,0.0,0.0,0.0,0.0,0.0,0.0,0.0,28000.0,120.66,feira_grande
04/2026,2,NORDESTE,NE,27,ALAGOAS,AL,270270,FELIZ DESERTO,2.0,2025,DOU,4035.0,2.0,0.0,0.0,0.0,0.0,0.0,0.0,0.0,0.0,0.0,0.0,0.0,7000.0,173.48,feliz_deserto
04/2026,2,NORDESTE,NE,27,ALAGOAS,AL,270280,FLEXEIRAS,1.0,2025,DOU,9745.0,5.0,0.0,0.0,0.0,0.0,0.0,0.0,0.0,0.0,0.0,0.0,0.0,17500.0,179.57,flexeiras
04/2026,2,NORDESTE,NE,27,ALAGOAS,AL,270290,GIRAU DO PONCIANO,3.0,2025,DOU,37337.0,16.0,0.0,0.0,0.0,0.0,0.0,0.0,1.0,0.0,0.0,0.0,0.0,56000.0,149.98,girau_do_ponciano
04/2026,2,NORDESTE,NE,27,ALAGOAS,AL,270300,IBATEGUARA,3.0,2025,DOU,13982.0,6.0,0.0,0.0,0.0,0.0,0.0,0.0,0.0,0.0,0.0,0.0,0.0,21000.0,150.19,ibateguara
04/2026,2,NORDESTE,NE,27,ALAGOAS,AL,270310,IGACI,3.0,2025,DOU,24445.0,12.0,0.0,0.0,0.0,0.0,0.0,0.0,0.0,0.0,0.0,0.0,0.0,42000.0,171.81,igaci
04/2026,2,NORDESTE,NE,27,ALAGOAS,AL,270320,IGREJA NOVA,3.0,2025,DOU,22113.0,10.0,0.0,0.0,0.0,0.0,0.0,0.0,0.0,0.0,0.0,0.0,0.0,35000.0,158.27,igreja_nova
04/2026,2,NORDESTE,NE,27,ALAGOAS,AL,270330,INHAPI,3.0,2025,DOU,15396.0,9.0,0.0,0.0,0.0,0.0,0.0,0.0,0.0,0.0,0.0,0.0,0.0,31500.0,204.59,inhapi
04/2026,2,NORDESTE,NE,27,ALAGOAS,AL,270340,JACARE DOS HOMENS,3.0,2025,DOU,5180.0,3.0,0.0,0.0,0.0,0.0,0.0,0.0,0.0,0.0,0.0,0.0,0.0,10500.0,202.7,jacare_dos_homens
04/2026,2,NORDESTE,NE,27,ALAGOAS,AL,270350,JACUIPE,3.0,2025,DOU,5419.0,3.0,0.0,0.0,0.0,0.0,0.0,0.0,0.0,0.0,0.0,0.0,0.0,10500.0,193.76,jacuipe
04/2026,2,NORDESTE,NE,27,ALAGOAS,AL,270360,JAPARATINGA,3.0,2025,DOU,9457.0,4.0,0.0,0.0,0.0,0.0,0.0,0.0,0.0,0.0,0.0,0.0,0.0,14000.0,148.03,japaratinga
04/2026,2,NORDESTE,NE,27,ALAGOAS,AL,270370,JARAMATAIA,3.0,2025,DOU,5069.0,3.0,0.0,0.0,0.0,0.0,0.0,0.0,0.0,0.0,0.0,0.0,0.0,10500.0,207.14,jaramataia
04/2026,2,NORDESTE,NE,27,ALAGOAS,AL,270375,JEQUIA DA PRAIA,3.0,2025,DOU,9607.0,6.0,0.0,0.0,0.0,0.0,0.0,0.0,0.0,0.0,0.0,0.0,0.0,21000.0,218.59,jequia_da_praia
04/2026,2,NORDESTE,NE,27,ALAGOAS,AL,270380,JOAQUIM GOMES,3.0,2025,DOU,17342.0,8.0,0.0,0.0,0.0,0.0,0.0,0.0,0.0,0.0,0.0,0.0,0.0,28000.0,161.45,joaquim_gomes
04/2026,2,NORDESTE,NE,27,ALAGOAS,AL,270390,JUNDIA,3.0,2025,DOU,4175.0,2.0,0.0,0.0,0.0,0.0,0.0,0.0,0.0,0.0,0.0,0.0,0.0,7000.0,167.66,jundia
04/2026,2,NORDESTE,NE,27,ALAGOAS,AL,270400,JUNQUEIRO,3.0,2025,DOU,24382.0,12.0,0.0,0.0,0.0,0.0,0.0,0.0,0.0,0.0,0.0,0.0,0.0,42000.0,172.25,junqueiro
04/2026,2,NORDESTE,NE,27,ALAGOAS,AL,270410,LAGOA DA CANOA,3.0,2025,DOU,18836.0,9.0,0.0,0.0,0.0,0.0,0.0,0.0,0.0,0.0,0.0,0.0,0.0,31500.0,167.23,lagoa_da_canoa
04/2026,2,NORDESTE,NE,27,ALAGOAS,AL,270420,LIMOEIRO DE ANADIA,3.0,2025,DOU,25184.0,14.0,0.0,0.0,0.0,0.0,0.0,0.0,0.0,0.0,0.0,0.0,0.0,49000.0,194.56,limoeiro_de_anadia
04/2026,2,NORDESTE,NE,27,ALAGOAS,AL,270430,MACEIO,1.0,2025,DOU,994952.0,157.0,6.0,30.0,0.0,0.0,6.0,4003.0,9.0,3679.0,0.0,0.0,7682.0,625432.0,62.86,maceio
04/2026,2,NORDESTE,NE,27,ALAGOAS,AL,270440,MAJOR ISIDORO,3.0,2025,DOU,17828.0,7.0,0.0,0.0,0.0,0.0,0.0,0.0,0.0,0.0,0.0,0.0,0.0,24500.0,137.42,major_isidoro
04/2026,2,NORDESTE,NE,27,ALAGOAS,AL,270490,MAR VERMELHO,3.0,2025,DOU,3208.0,2.0,0.0,0.0,0.0,0.0,0.0,0.0,0.0,0.0,0.0,0.0,0.0,7000.0,218.2,mar_vermelho
04/2026,2,NORDESTE,NE,27,ALAGOAS,AL,270450,MARAGOGI,1.0,2025,DOU,33269.0,14.0,0.0,0.0,0.0,0.0,0.0,0.0,0.0,0.0,0.0,0.0,0.0,49000.0,147.28,maragogi
04/2026,2,NORDESTE,NE,27,ALAGOAS,AL,270460,MARAVILHA,3.0,2025,DOU,9709.0,4.0,0.0,0.0,0.0,0.0,0.0,0.0,0.0,0.0,0.0,0.0,0.0,14000.0,144.19,maravilha
04/2026,2,NORDESTE,NE,27,ALAGOAS,AL,270470,MARECHAL DEODORO,1.0,2025,DOU,62477.0,20.0,0.0,2.0,0.0,0.0,0.0,0.0,0.0,0.0,0.0,0.0,0.0,73500.0,117.64,marechal_deodoro
04/2026,2,NORDESTE,NE,27,ALAGOAS,AL,270480,MARIBONDO,3.0,2025,DOU,13970.0,6.0,0.0,0.0,0.0,0.0,0.0,0.0,0.0,0.0,0.0,0.0,0.0,21000.0,150.32,maribondo
04/2026,2,NORDESTE,NE,27,ALAGOAS,AL,270500,MATA GRANDE,3.0,2025,DOU,22126.0,10.0,0.0,0.0,0.0,0.0,0.0,0.0,0.0,0.0,0.0,0.0,0.0,35000.0,158.18,mata_grande
04/2026,2,NORDESTE,NE,27,ALAGOAS,AL,270510,MATRIZ DE CAMARAGIBE,1.0,2025,DOU,24331.0,11.0,0.0,0.0,0.0,0.0,0.0,0.0,0.0,0.0,0.0,0.0,0.0,38500.0,158.23,matriz_de_camaragibe
04/2026,2,NORDESTE,NE,27,ALAGOAS,AL,270520,MESSIAS,1.0,2025,DOU,15706.0,7.0,0.0,0.0,0.0,0.0,0.0,0.0,0.0,0.0,0.0,0.0,0.0,24500.0,155.99,messias
04/2026,2,NORDESTE,NE,27,ALAGOAS,AL,270530,MINADOR DO NEGRAO,3.0,2025,DOU,4935.0,3.0,0.0,0.0,0.0,0.0,0.0,0.0,0.0,0.0,0.0,0.0,0.0,10500.0,212.76,minador_do_negrao
04/2026,2,NORDESTE,NE,27,ALAGOAS,AL,270540,MONTEIROPOLIS,3.0,2025,DOU,7344.0,4.0,0.0,0.0,0.0,0.0,0.0,0.0,0.0,0.0,0.0,0.0,0.0,14000.0,190.63,monteiropolis
04/2026,2,NORDESTE,NE,27,ALAGOAS,AL,270550,MURICI,1.0,2025,DOU,25926.0,11.0,0.0,0.0,0.0,0.0,0.0,0.0,0.0,0.0,0.0,0.0,0.0,38500.0,148.49,murici
04/2026,2,NORDESTE,NE,27,ALAGOAS,AL,270560,NOVO LINO,3.0,2025,DOU,10285.0,5.0,0.0,0.0,0.0,0.0,0.0,0.0,0.0,0.0,0.0,0.0,0.0,17500.0,170.15,novo_lino
04/2026,2,NORDESTE,NE,27,ALAGOAS,AL,270570,OLHO D'AGUA DAS FLORES,2.0,2025,DOU,21135.0,8.0,0.0,0.0,0.0,0.0,0.0,0.0,0.0,0.0,0.0,0.0,0.0,28000.0,132.48,olho_d_agua_das_flores
04/2026,2,NORDESTE,NE,27,ALAGOAS,AL,270580,OLHO D'AGUA DO CASADO,3.0,2025,DOU,8522.0,4.0,0.0,0.0,0.0,0.0,0.0,0.0,0.0,0.0,0.0,0.0,0.0,14000.0,164.28,olho_d_agua_do_casado
04/2026,2,NORDESTE,NE,27,ALAGOAS,AL,270590,OLHO D'AGUA GRANDE,3.0,2025,DOU,4381.0,3.0,0.0,0.0,0.0,0.0,0.0,0.0,0.0,0.0,0.0,0.0,0.0,10500.0,239.67,olho_d_agua_grande
04/2026,2,NORDESTE,NE,27,ALAGOAS,AL,270600,OLIVENCA,3.0,2025,DOU,11047.0,5.0,0.0,0.0,0.0,0.0,0.0,0.0,0.0,0.0,0.0,0.0,0.0,17500.0,158.41,olivenca
04/2026,2,NORDESTE,NE,27,ALAGOAS,AL,270610,OURO BRANCO,3.0,2025,DOU,11706.0,5.0,0.0,0.0,0.0,0.0,0.0,0.0,0.0,0.0,0.0,0.0,0.0,17500.0,149.49,ouro_branco
04/2026,2,NORDESTE,NE,27,ALAGOAS,AL,270620,PALESTINA,3.0,2025,DOU,4408.0,3.0,0.0,0.0,0.0,0.0,0.0,0.0,0.0,0.0,0.0,0.0,0.0,10500.0,238.2,palestina
04/2026,2,NORDESTE,NE,27,ALAGOAS,AL,270630,PALMEIRA DOS INDIOS,1.0,2025,DOU,73621.0,23.0,0.0,2.0,0.0,0.0,0.0,0.0,0.0,0.0,0.0,0.0,0.0,84000.0,114.09,palmeira_dos_indios
04/2026,2,NORDESTE,NE,27,ALAGOAS,AL,270640,PAO DE ACUCAR,3.0,2025,DOU,24291.0,11.0,0.0,0.0,0.0,0.0,0.0,0.0,0.0,0.0,0.0,0.0,0.0,38500.0,158.49,pao_de_acucar
04/2026,2,NORDESTE,NE,27,ALAGOAS,AL,270642,PARICONHA,3.0,2025,DOU,10807.0,5.0,0.0,0.0,0.0,0.0,0.0,0.0,0.0,0.0,0.0,0.0,0.0,17500.0,161.93,pariconha
04/2026,2,NORDESTE,NE,27,ALAGOAS,AL,270644,PARIPUEIRA,1.0,2025,DOU,14199.0,6.0,0.0,0.0,0.0,0.0,0.0,0.0,0.0,0.0,0.0,0.0,0.0,21000.0,147.89,paripueira
04/2026,2,NORDESTE,NE,27,ALAGOAS,AL,270650,PASSO DE CAMARAGIBE,3.0,2025,DOU,14070.0,6.0,0.0,0.0,0.0,0.0,0.0,0.0,0.0,0.0,0.0,0.0,0.0,21000.0,149.25,passo_de_camaragibe
04/2026,2,NORDESTE,NE,27,ALAGOAS,AL,270660,PAULO JACINTO,3.0,2025,DOU,6691.0,4.0,0.0,0.0,0.0,0.0,0.0,0.0,0.0,0.0,0.0,0.0,0.0,14000.0,209.23,paulo_jacinto
04/2026,2,NORDESTE,NE,27,ALAGOAS,AL,270670,PENEDO,1.0,2025,DOU,60185.0,20.0,0.0,0.0,0.0,0.0,0.0,0.0,0.0,0.0,0.0,0.0,0.0,70000.0,116.3,penedo
04/2026,2,NORDESTE,NE,27,ALAGOAS,AL,270680,PIACABUCU,3.0,2025,DOU,16192.0,6.0,0.0,0.0,0.0,0.0,0.0,0.0,0.0,0.0,0.0,0.0,0.0,21000.0,129.69,piacabucu
04/2026,2,NORDESTE,NE,27,ALAGOAS,AL,270690,PILAR,1.0,2025,DOU,36525.0,13.0,0.0,0.0,0.0,0.0,0.0,0.0,0.0,0.0,0.0,0.0,0.0,45500.0,124.57,pilar
04/2026,2,NORDESTE,NE,27,ALAGOAS,AL,270700,PINDOBA,3.0,2025,DOU,2786.0,1.0,0.0,0.0,0.0,0.0,0.0,0.0,0.0,0.0,0.0,0.0,0.0,3500.0,125.62,pindoba
04/2026,2,NORDESTE,NE,27,ALAGOAS,AL,270710,PIRANHAS,2.0,2025,DOU,23053.0,8.0,0.0,0.0,0.0,0.0,0.0,0.0,0.0,0.0,0.0,0.0,0.0,28000.0,121.45,piranhas
04/2026,2,NORDESTE,NE,27,ALAGOAS,AL,270720,POCO DAS TRINCHEIRAS,3.0,2025,DOU,12965.0,6.0,0.0,0.0,0.0,0.0,0.0,0.0,0.0,0.0,0.0,0.0,0.0,21000.0,161.97,poco_das_trincheiras
04/2026,2,NORDESTE,NE,27,ALAGOAS,AL,270730,PORTO CALVO,1.0,2025,DOU,24509.0,11.0,0.0,0.0,0.0,0.0,0.0,0.0,0.0,0.0,0.0,0.0,0.0,38500.0,157.08,porto_calvo
04/2026,2,NORDESTE,NE,27,ALAGOAS,AL,270740,PORTO DE PEDRAS,3.0,2025,DOU,9517.0,4.0,0.0,0.0,0.0,0.0,0.0,0.0,0.0,0.0,0.0,0.0,0.0,14000.0,147.1,porto_de_pedras
04/2026,2,NORDESTE,NE,27,ALAGOAS,AL,270750,PORTO REAL DO COLEGIO,3.0,2025,DOU,20273.0,10.0,0.0,0.0,0.0,0.0,0.0,0.0,0.0,0.0,0.0,0.0,0.0,35000.0,172.64,porto_real_do_colegio
04/2026,2,NORDESTE,NE,27,ALAGOAS,AL,270760,QUEBRANGULO,3.0,2025,DOU,11303.0,5.0,0.0,0.0,0.0,0.0,0.0,0.0,0.0,0.0,0.0,0.0,0.0,17500.0,154.82,quebrangulo
04/2026,2,NORDESTE,NE,27,ALAGOAS,AL,270770,RIO LARGO,1.0,2025,DOU,97658.0,35.0,2.0,0.0,0.0,0.0,1.0,42.0,0.0,0.0,0.0,0.0,42.0,127792.0,130.85,rio_largo
04/2026,2,NORDESTE,NE,27,ALAGOAS,AL,270780,ROTEIRO,2.0,2025,DOU,6606.0,3.0,0.0,0.0,0.0,0.0,0.0,0.0,0.0,0.0,0.0,0.0,0.0,10500.0,158.94,roteiro
04/2026,2,NORDESTE,NE,27,ALAGOAS,AL,270790,SANTA LUZIA DO NORTE,1.0,2025,DOU,7066.0,4.0,0.0,0.0,0.0,0.0,0.0,0.0,0.0,0.0,0.0,0.0,0.0,14000.0,198.13,santa_luzia_do_norte
04/2026,2,NORDESTE,NE,27,ALAGOAS,AL,270800,SANTANA DO IPANEMA,1.0,2025,DOU,47418.0,18.0,0.0,0.0,0.0,0.0,0.0,0.0,0.0,0.0,0.0,0.0,0.0,63000.0,132.86,santana_do_ipanema
04/2026,2,NORDESTE,NE,27,ALAGOAS,AL,270810,SANTANA DO MUNDAU,3.0,2025,DOU,11572.0,5.0,0.0,0.0,0.0,0.0,0.0,0.0,0.0,0.0,0.0,0.0,0.0,17500.0,151.22,santana_do_mundau
04/2026,2,NORDESTE,NE,27,ALAGOAS,AL,270820,SAO BRAS,3.0,2025,DOU,6557.0,3.0,0.0,0.0,0.0,0.0,0.0,0.0,0.0,0.0,0.0,0.0,0.0,10500.0,160.13,sao_bras
04/2026,2,NORDESTE,NE,27,ALAGOAS,AL,270830,SAO JOSE DA LAJE,2.0,2025,DOU,21180.0,10.0,1.0,0.0,0.0,0.0,0.0,0.0,0.0,0.0,0.0,0.0,0.0,37625.0,177.64,sao_jose_da_laje
04/2026,2,NORDESTE,NE,27,ALAGOAS,AL,270840,SAO JOSE DA TAPERA,3.0,2025,DOU,31569.0,14.0,0.0,0.0,0.0,0.0,0.0,0.0,0.0,0.0,0.0,0.0,0.0,49000.0,155.21,sao_jose_da_tapera
04/2026,2,NORDESTE,NE,27,ALAGOAS,AL,270850,SAO LUIS DO QUITUNDE,2.0,2025,DOU,31785.0,12.0,0.0,0.0,0.0,0.0,0.0,0.0,0.0,0.0,0.0,0.0,0.0,42000.0,132.13,sao_luis_do_quitunde
04/2026,2,NORDESTE,NE,27,ALAGOAS,AL,270860,SAO MIGUEL DOS CAMPOS,1.0,2025,DOU,53380.0,20.0,0.0,0.0,0.0,0.0,0.0,0.0,0.0,0.0,0.0,0.0,0.0,70000.0,131.13,sao_miguel_dos_campos
04/2026,2,NORDESTE,NE,27,ALAGOAS,AL,270870,SAO MIGUEL DOS MILAGRES,3.0,2025,DOU,8700.0,4.0,0.0,0.0,0.0,0.0,0.0,0.0,0.0,0.0,0.0,0.0,0.0,14000.0,160.91,sao_miguel_dos_milagres
04/2026,2,NORDESTE,NE,27,ALAGOAS,AL,270880,SAO SEBASTIAO,3.0,2025,DOU,32707.0,16.0,0.0,4.0,0.0,0.0,0.0,0.0,0.0,0.0,0.0,0.0,0.0,63000.0,192.61,sao_sebastiao
04/2026,2,NORDESTE,NE,27,ALAGOAS,AL,270890,SATUBA,1.0,2025,DOU,25105.0,8.0,0.0,0.0,0.0,0.0,0.0,0.0,0.0,0.0,0.0,0.0,0.0,28000.0,111.53,satuba
04/2026,2,NORDESTE,NE,27,ALAGOAS,AL,270895,SENADOR RUI PALMEIRA,3.0,2025,DOU,12545.0,5.0,0.0,0.0,0.0,0.0,0.0,0.0,0.0,0.0,0.0,0.0,0.0,17500.0,139.49,senador_rui_palmeira
04/2026,2,NORDESTE,NE,27,ALAGOAS,AL,270900,TANQUE D'ARCA,3.0,2025,DOU,5906.0,3.0,0.0,0.0,0.0,0.0,0.0,0.0,0.0,0.0,0.0,0.0,0.0,10500.0,177.78,tanque_d_arca
04/2026,2,NORDESTE,NE,27,ALAGOAS,AL,270910,TAQUARANA,3.0,2025,DOU,19428.0,10.0,0.0,0.0,0.0,0.0,0.0,0.0,0.0,0.0,0.0,0.0,0.0,35000.0,180.15,taquarana
04/2026,2,NORDESTE,NE,27,ALAGOAS,AL,270915,TEOTONIO VILELA,1.0,2025,DOU,39143.0,19.0,0.0,0.0,0.0,0.0,0.0,0.0,0.0,0.0,0.0,0.0,0.0,66500.0,169.88,teotonio_vilela
04/2026,2,NORDESTE,NE,27,ALAGOAS,AL,270920,TRAIPU,3.0,2025,DOU,24106.0,11.0,0.0,0.0,0.0,0.0,0.0,0.0,0.0,0.0,0.0,0.0,0.0,38500.0,159.71,traipu
04/2026,2,NORDESTE,NE,27,ALAGOAS,AL,270930,UNIAO DOS PALMARES,1.0,2025,DOU,60860.0,17.0,3.0,0.0,0.0,0.0,0.0,0.0,0.0,0.0,0.0,0.0,0.0,67375.0,110.7,uniao_dos_palmares
04/2026,2,NORDESTE,NE,27,ALAGOAS,AL,270940,VICOSA,1.0,2025,DOU,24414.0,11.0,0.0,0.0,0.0,0.0,0.0,0.0,0.0,0.0,0.0,0.0,0.0,38500.0,157.69,vicosa
04/2026,1,NORTE,N,13,AMAZONAS,AM,130002,ALVARAES,5.0,2025,DOU,16806.0,6.0,0.0,0.0,3.0,3666.0,1.0,54.0,0.0,0.0,0.0,0.0,3720.0,24720.0,147.09,alvaraes
04/2026,1,NORTE,N,13,AMAZONAS,AM,130006,AMATURA,5.0,2025,DOU,11533.0,5.0,0.0,0.0,1.0,1607.0,0.0,0.0,0.0,0.0,0.0,0.0,1607.0,19107.0,165.67,amatura
04/2026,1,NORTE,N,13,AMAZONAS,AM,130008,ANAMA,5.0,2025,DOU,9981.0,7.0,0.0,0.0,0.0,0.0,0.0,0.0,0.0,0.0,0.0,0.0,0.0,24500.0,245.46,anama
04/2026,1,NORTE,N,13,AMAZONAS,AM,130010,ANORI,5.0,2025,DOU,18056.0,7.0,0.0,0.0,2.0,2863.0,0.0,0.0,0.0,0.0,0.0,0.0,2863.0,27363.0,151.54,anori
04/2026,1,NORTE,N,13,AMAZONAS,AM,130014,APUI,4.0,2025,DOU,21781.0,9.0,0.0,0.0,1.0,1812.0,0.0,0.0,0.0,0.0,0.0,0.0,1812.0,33312.0,152.94,apui
04/2026,1,NORTE,N,13,AMAZONAS,AM,130020,ATALAIA DO NORTE,5.0,2025,DOU,15889.0,9.0,0.0,0.0,0.0,0.0,0.0,0.0,0.0,0.0,0.0,0.0,0.0,31500.0,198.25,atalaia_do_norte
04/2026,1,NORTE,N,13,AMAZONAS,AM,130030,AUTAZES,5.0,2025,DOU,45960.0,10.0,0.0,0.0,9.0,14506.0,0.0,0.0,0.0,0.0,0.0,0.0,14506.0,49506.0,107.71,autazes
04/2026,1,NORTE,N,13,AMAZONAS,AM,130040,BARCELOS,4.0,2025,DOU,18210.0,9.0,0.0,0.0,1.0,1622.0,0.0,0.0,0.0,0.0,0.0,0.0,1622.0,33122.0,181.88,barcelos
04/2026,1,NORTE,N,13,AMAZONAS,AM,130050,BARREIRINHA,5.0,2025,DOU,33722.0,7.0,0.0,0.0,4.0,10635.0,0.0,0.0,0.0,0.0,0.0,0.0,10635.0,35135.0,104.19,barreirinha
04/2026,1,NORTE,N,13,AMAZONAS,AM,130060,BENJAMIN CONSTANT,4.0,2025,DOU,40908.0,15.0,0.0,0.0,0.0,0.0,0.0,0.0,0.0,0.0,0.0,0.0,0.0,52500.0,128.33,benjamin_constant
04/2026,1,NORTE,N,13,AMAZONAS,AM,130063,BERURI,5.0,2025,DOU,22495.0,7.0,0.0,0.0,0.0,0.0,0.0,0.0,0.0,0.0,0.0,0.0,0.0,24500.0,108.91,beruri
04/2026,1,NORTE,N,13,AMAZONAS,AM,130068,BOA VISTA DO RAMOS,5.0,2025,DOU,26479.0,3.0,0.0,0.0,4.0,7672.0,0.0,0.0,0.0,0.0,0.0,0.0,7672.0,18172.0,68.62,boa_vista_do_ramos
04/2026,1,NORTE,N,13,AMAZONAS,AM,130070,BOCA DO ACRE,4.0,2025,DOU,38792.0,9.0,0.0,0.0,0.0,0.0,0.0,0.0,0.0,0.0,0.0,0.0,0.0,31500.0,81.2,boca_do_acre
04/2026,1,NORTE,N,13,AMAZONAS,AM,130080,BORBA,5.0,2025,DOU,34869.0,8.0,0.0,0.0,2.0,5290.0,0.0,0.0,0.0,0.0,0.0,0.0,5290.0,33290.0,95.47,borba
04/2026,1,NORTE,N,13,AMAZONAS,AM,130083,CAAPIRANGA,5.0,2025,DOU,14806.0,6.0,0.0,0.0,0.0,0.0,0.0,0.0,0.0,0.0,0.0,0.0,0.0,21000.0,141.83,caapiranga
04/2026,1,NORTE,N,13,AMAZONAS,AM,130090,CANUTAMA,5.0,2025,DOU,18109.0,5.0,0.0,0.0,1.0,1831.0,0.0,0.0,0.0,0.0,0.0,0.0,1831.0,19331.0,106.74,canutama
04/2026,1,NORTE,N,13,AMAZONAS,AM,130100,CARAUARI,1.0,2025,DOU,31130.0,7.0,0.0,0.0,1.0,1908.0,0.0,0.0,0.0,0.0,0.0,0.0,1908.0,26408.0,84.83,carauari
04/2026,1,NORTE,N,13,AMAZONAS,AM,130110,CAREIRO,3.0,2025,DOU,32336.0,7.0,0.0,0.0,9.0,23342.0,1.0,57.0,0.0,0.0,0.0,0.0,23399.0,47899.0,148.12,careiro
04/2026,1,NORTE,N,13,AMAZONAS,AM,130115,CAREIRO DA VARZEA,3.0,2025,DOU,20324.0,2.0,0.0,0.0,8.0,16473.0,0.0,0.0,0.0,0.0,0.0,0.0,16473.0,23473.0,115.49,careiro_da_varzea
04/2026,1,NORTE,N,13,AMAZONAS,AM,130120,COARI,1.0,2025,DOU,73576.0,35.0,0.0,0.0,3.0,6467.0,1.0,0.0,0.0,0.0,0.0,0.0,6467.0,128967.0,175.28,coari
04/2026,1,NORTE,N,13,AMAZONAS,AM,130130,CODAJAS,4.0,2025,DOU,24572.0,9.0,0.0,0.0,2.0,2234.0,0.0,0.0,0.0,0.0,0.0,0.0,2234.0,33734.0,137.28,codajas
04/2026,1,NORTE,N,13,AMAZONAS,AM,130140,EIRUNEPE,4.0,2025,DOU,35793.0,9.0,0.0,0.0,3.0,6411.0,0.0,0.0,0.0,0.0,0.0,0.0,6411.0,37911.0,105.91,eirunepe
04/2026,1,NORTE,N,13,AMAZONAS,AM,130150,ENVIRA,4.0,2025,DOU,17985.0,10.0,0.0,0.0,0.0,0.0,0.0,0.0,0.0,0.0,0.0,0.0,0.0,35000.0,194.6,envira
04/2026,1,NORTE,N,13,AMAZONAS,AM,130160,FONTE BOA,4.0,2025,DOU,28227.0,6.0,0.0,0.0,5.0,8037.0,1.0,89.0,0.0,0.0,0.0,0.0,8126.0,29126.0,103.18,fonte_boa
04/2026,1,NORTE,N,13,AMAZONAS,AM,130165,GUAJARA,3.0,2025,DOU,14344.0,6.0,0.0,0.0,2.0,1041.0,0.0,0.0,0.0,0.0,0.0,0.0,1041.0,22041.0,153.66,guajara
04/2026,1,NORTE,N,13,AMAZONAS,AM,130170,HUMAITA,1.0,2025,DOU,63454.0,17.0,0.0,1.0,2.0,3875.0,0.0,0.0,1.0,95.0,0.0,0.0,3970.0,65220.0,102.78,humaita
04/2026,1,NORTE,N,13,AMAZONAS,AM,130180,IPIXUNA,5.0,2025,DOU,25629.0,12.0,0.0,0.0,1.0,1583.0,0.0,0.0,0.0,0.0,0.0,0.0,1583.0,43583.0,170.05,ipixuna
04/2026,1,NORTE,N,13,AMAZONAS,AM,130185,IRANDUBA,2.0,2025,DOU,68862.0,12.0,0.0,0.0,13.0,34232.0,1.0,92.0,0.0,0.0,0.0,0.0,34324.0,76324.0,110.83,iranduba
04/2026,1,NORTE,N,13,AMAZONAS,AM,130190,ITACOATIARA,1.0,2025,DOU,113917.0,29.0,0.0,0.0,3.0,10888.0,0.0,0.0,1.0,325.0,0.0,0.0,11213.0,112713.0,98.94,itacoatiara
04/2026,1,NORTE,N,13,AMAZONAS,AM,130195,ITAMARATI,5.0,2025,DOU,11956.0,3.0,0.0,0.0,1.0,1309.0,0.0,0.0,0.0,0.0,0.0,0.0,1309.0,11809.0,98.77,itamarati
04/2026,1,NORTE,N,13,AMAZONAS,AM,130200,ITAPIRANGA,2.0,2025,DOU,10955.0,5.0,0.0,0.0,0.0,0.0,0.0,0.0,0.0,0.0,0.0,0.0,0.0,17500.0,159.74,itapiranga
04/2026,1,NORTE,N,13,AMAZONAS,AM,130210,JAPURA,5.0,2025,DOU,9420.0,4.0,0.0,0.0,2.0,2435.0,0.0,0.0,0.0,0.0,0.0,0.0,2435.0,16435.0,174.46,japura
04/2026,1,NORTE,N,13,AMAZONAS,AM,130220,JURUA,5.0,2025,DOU,11093.0,6.0,0.0,0.0,1.0,819.0,0.0,0.0,0.0,0.0,0.0,0.0,819.0,21819.0,196.69,jurua
04/2026,1,NORTE,N,13,AMAZONAS,AM,130230,JUTAI,4.0,2025,DOU,28202.0,10.0,0.0,0.0,0.0,0.0,1.0,112.0,0.0,0.0,0.0,0.0,112.0,35112.0,124.5,jutai
04/2026,1,NORTE,N,13,AMAZONAS,AM,130240,LABREA,4.0,2025,DOU,49469.0,25.0,0.0,0.0,0.0,0.0,0.0,0.0,0.0,0.0,0.0,0.0,0.0,87500.0,176.87,labrea
04/2026,1,NORTE,N,13,AMAZONAS,AM,130250,MANACAPURU,1.0,2025,DOU,111751.0,30.0,1.0,0.0,0.0,0.0,2.0,253.0,0.0,0.0,0.0,0.0,253.0,107878.0,96.53,manacapuru
04/2026,1,NORTE,N,13,AMAZONAS,AM,130255,MANAQUIRI,3.0,2025,DOU,16211.0,8.0,0.0,0.0,3.0,5920.0,0.0,0.0,0.0,0.0,0.0,0.0,5920.0,33920.0,209.24,manaquiri
04/2026,1,NORTE,N,13,AMAZONAS,AM,130260,MANAUS,1.0,2025,DOU,2303732.0,361.0,27.0,87.0,2.0,3734.0,2.0,1208.0,5.0,8745.0,1.0,2507.0,16194.0,1502819.0,65.23,manaus
04/2026,1,NORTE,N,13,AMAZONAS,AM,130270,MANICORE,5.0,2025,DOU,58018.0,17.0,0.0,0.0,6.0,12871.0,0.0,0.0,0.0,0.0,0.0,0.0,12871.0,72371.0,124.73,manicore
04/2026,1,NORTE,N,13,AMAZONAS,AM,130280,MARAA,5.0,2025,DOU,15815.0,6.0,0.0,0.0,2.0,2159.0,0.0,0.0,0.0,0.0,0.0,0.0,2159.0,23159.0,146.43,maraa
04/2026,1,NORTE,N,13,AMAZONAS,AM,130290,MAUES,5.0,2025,DOU,66336.0,19.0,0.0,4.0,6.0,13124.0,0.0,0.0,1.0,0.0,0.0,0.0,13124.0,86624.0,130.58,maues
04/2026,1,NORTE,N,13,AMAZONAS,AM,130300,NHAMUNDA,5.0,2025,DOU,21251.0,4.0,0.0,0.0,4.0,8139.0,0.0,0.0,0.0,0.0,0.0,0.0,8139.0,22139.0,104.17,nhamunda
04/2026,1,NORTE,N,13,AMAZONAS,AM,130310,NOVA OLINDA DO NORTE,5.0,2025,DOU,28123.0,8.0,0.0,1.0,6.0,8338.0,0.0,0.0,0.0,0.0,0.0,0.0,8338.0,38088.0,135.43,nova_olinda_do_norte
04/2026,1,NORTE,N,13,AMAZONAS,AM,130320,NOVO AIRAO,3.0,2025,DOU,16562.0,5.0,0.0,0.0,0.0,0.0,0.0,0.0,0.0,0.0,0.0,0.0,0.0,17500.0,105.66,novo_airao
04/2026,1,NORTE,N,13,AMAZONAS,AM,130330,NOVO ARIPUANA,4.0,2025,DOU,25325.0,6.0,0.0,0.0,2.0,3166.0,0.0,0.0,0.0,0.0,0.0,0.0,3166.0,24166.0,95.42,novo_aripuana
04/2026,1,NORTE,N,13,AMAZONAS,AM,130340,PARINTINS,1.0,2025,DOU,101855.0,29.0,0.0,0.0,5.0,15121.0,0.0,0.0,1.0,8.0,0.0,0.0,15129.0,116629.0,114.5,parintins
04/2026,1,NORTE,N,13,AMAZONAS,AM,130350,PAUINI,5.0,2025,DOU,20229.0,4.0,1.0,0.0,0.0,0.0,0.0,0.0,0.0,0.0,0.0,0.0,0.0,16625.0,82.18,pauini
04/2026,1,NORTE,N,13,AMAZONAS,AM,130353,PRESIDENTE FIGUEIREDO,3.0,2025,DOU,33291.0,17.0,0.0,0.0,0.0,0.0,0.0,0.0,0.0,0.0,0.0,0.0,0.0,59500.0,178.72,presidente_figueiredo
04/2026,1,NORTE,N,13,AMAZONAS,AM,130356,RIO PRETO DA EVA,3.0,2025,DOU,25364.0,16.0,0.0,0.0,1.0,904.0,0.0,0.0,0.0,0.0,0.0,0.0,904.0,56904.0,224.34,rio_preto_da_eva
04/2026,1,NORTE,N,13,AMAZONAS,AM,130360,SANTA ISABEL DO RIO NEGRO,5.0,2025,DOU,13947.0,9.0,0.0,0.0,0.0,0.0,0.0,0.0,0.0,0.0,0.0,0.0,0.0,31500.0,225.85,santa_isabel_do_rio_negro
04/2026,1,NORTE,N,13,AMAZONAS,AM,130370,SANTO ANTONIO DO ICA,4.0,2025,DOU,30679.0,8.0,0.0,0.0,1.0,4940.0,0.0,0.0,0.0,0.0,0.0,0.0,4940.0,32940.0,107.36,santo_antonio_do_ica
04/2026,1,NORTE,N,13,AMAZONAS,AM,130380,SAO GABRIEL DA CACHOEIRA,4.0,2025,DOU,57396.0,9.0,0.0,0.0,0.0,0.0,0.0,0.0,0.0,0.0,0.0,0.0,0.0,31500.0,54.88,sao_gabriel_da_cachoeira
04/2026,1,NORTE,N,13,AMAZONAS,AM,130390,SAO PAULO DE OLIVENCA,5.0,2025,DOU,35442.0,14.0,0.0,0.0,1.0,1233.0,0.0,0.0,0.0,0.0,0.0,0.0,1233.0,50233.0,141.73,sao_paulo_de_olivenca
04/2026,1,NORTE,N,13,AMAZONAS,AM,130395,SAO SEBASTIAO DO UATUMA,5.0,2025,DOU,12338.0,5.0,0.0,0.0,1.0,1234.0,0.0,0.0,0.0,0.0,0.0,0.0,1234.0,18734.0,151.83,sao_sebastiao_do_uatuma
04/2026,1,NORTE,N,13,AMAZONAS,AM,130400,SILVES,3.0,2025,DOU,12619.0,3.0,0.0,0.0,3.0,4599.0,0.0,0.0,0.0,0.0,0.0,0.0,4599.0,15099.0,119.65,silves
04/2026,1,NORTE,N,13,AMAZONAS,AM,130406,TABATINGA,1.0,2025,DOU,73348.0,18.0,0.0,0.0,1.0,1375.0,0.0,0.0,1.0,382.0,0.0,0.0,1757.0,64757.0,88.28,tabatinga
04/2026,1,NORTE,N,13,AMAZONAS,AM,130410,TAPAUA,4.0,2025,DOU,20728.0,7.0,0.0,0.0,2.0,5334.0,0.0,0.0,0.0,0.0,0.0,0.0,5334.0,29834.0,143.93,tapaua
04/2026,1,NORTE,N,13,AMAZONAS,AM,130420,TEFE,1.0,2025,DOU,80137.0,16.0,0.0,0.0,4.0,12611.0,0.0,0.0,0.0,0.0,0.0,0.0,12611.0,68611.0,85.61,tefe
04/2026,1,NORTE,N,13,AMAZONAS,AM,130423,TONANTINS,5.0,2025,DOU,20257.0,11.0,0.0,0.0,0.0,0.0,0.0,0.0,0.0,0.0,0.0,0.0,0.0,38500.0,190.05,tonantins
04/2026,1,NORTE,N,13,AMAZONAS,AM,130426,UARINI,5.0,2025,DOU,15640.0,8.0,0.0,0.0,0.0,0.0,0.0,0.0,0.0,0.0,0.0,0.0,0.0,28000.0,179.02,uarini
04/2026,1,NORTE,N,13,AMAZONAS,AM,130430,URUCARA,5.0,2025,DOU,19617.0,7.0,0.0,0.0,0.0,0.0,0.0,0.0,0.0,0.0,0.0,0.0,0.0,24500.0,124.89,urucara
04/2026,1,NORTE,N,13,AMAZONAS,AM,130440,URUCURITUBA,5.0,2025,DOU,25965.0,8.0,0.0,0.0,3.0,4339.0,0.0,0.0,0.0,0.0,0.0,0.0,4339.0,32339.0,124.54,urucurituba
04/2026,1,NORTE,N,16,AMAPA,AP,160010,AMAPA,4.0,2025,DOU,8440.0,3.0,0.0,0.0,0.0,0.0,0.0,0.0,0.0,0.0,0.0,0.0,0.0,10500.0,124.4,amapa
04/2026,1,NORTE,N,16,AMAPA,AP,160020,CALCOENE,5.0,2025,DOU,11461.0,4.0,2.0,0.0,0.0,0.0,0.0,0.0,0.0,0.0,0.0,0.0,0.0,19250.0,167.96,calcoene
04/2026,1,NORTE,N,16,AMAPA,AP,160021,CUTIAS,3.0,2025,DOU,4723.0,2.0,0.0,0.0,0.0,0.0,0.0,0.0,0.0,0.0,0.0,0.0,0.0,7000.0,148.21,cutias
04/2026,1,NORTE,N,16,AMAPA,AP,160023,FERREIRA GOMES,2.0,2025,DOU,7184.0,4.0,0.0,0.0,0.0,0.0,0.0,0.0,0.0,0.0,0.0,0.0,0.0,14000.0,194.87,ferreira_gomes
04/2026,1,NORTE,N,16,AMAPA,AP,160025,ITAUBAL,3.0,2025,DOU,6097.0,2.0,1.0,1.0,0.0,0.0,0.0,0.0,0.0,0.0,0.0,0.0,0.0,11375.0,186.56,itaubal
04/2026,1,NORTE,N,16,AMAPA,AP,160027,LARANJAL DO JARI,1.0,2025,DOU,37872.0,20.0,0.0,0.0,0.0,0.0,0.0,0.0,0.0,0.0,0.0,0.0,0.0,70000.0,184.83,laranjal_do_jari
04/2026,1,NORTE,N,16,AMAPA,AP,160030,MACAPA,1.0,2025,DOU,489676.0,159.0,0.0,0.0,1.0,1616.0,3.0,862.0,0.0,0.0,1.0,417.0,2895.0,559395.0,114.23,macapa
04/2026,1,NORTE,N,16,AMAPA,AP,160040,MAZAGAO,3.0,2025,DOU,23773.0,10.0,0.0,0.0,0.0,0.0,0.0,0.0,0.0,0.0,0.0,0.0,0.0,35000.0,147.22,mazagao
04/2026,1,NORTE,N,16,AMAPA,AP,160050,OIAPOQUE,4.0,2025,DOU,30786.0,10.0,1.0,0.0,0.0,0.0,0.0,0.0,0.0,0.0,0.0,0.0,0.0,37625.0,122.21,oiapoque
04/2026,1,NORTE,N,16,AMAPA,AP,160015,PEDRA BRANCA DO AMAPARI,5.0,2025,DOU,13888.0,5.0,0.0,0.0,0.0,0.0,0.0,0.0,0.0,0.0,0.0,0.0,0.0,17500.0,126.0,pedra_branca_do_amapari
04/2026,1,NORTE,N,16,AMAPA,AP,160053,PORTO GRANDE,2.0,2025,DOU,19048.0,9.0,0.0,0.0,0.0,0.0,0.0,0.0,0.0,0.0,0.0,0.0,0.0,31500.0,165.37,porto_grande
04/2026,1,NORTE,N,16,AMAPA,AP,160055,PRACUUBA,5.0,2025,DOU,4048.0,3.0,0.0,0.0,0.0,0.0,0.0,0.0,0.0,0.0,0.0,0.0,0.0,10500.0,259.38,pracuuba
04/2026,1,NORTE,N,16,AMAPA,AP,160060,SANTANA,1.0,2025,DOU,118803.0,30.0,0.0,0.0,0.0,0.0,0.0,0.0,0.0,0.0,0.0,0.0,0.0,105000.0,88.38,santana
04/2026,1,NORTE,N,16,AMAPA,AP,160005,SERRA DO NAVIO,5.0,2025,DOU,5003.0,3.0,0.0,0.0,0.0,0.0,0.0,0.0,0.0,0.0,0.0,0.0,0.0,10500.0,209.87,serra_do_navio
04/2026,1,NORTE,N,16,AMAPA,AP,160070,TARTARUGALZINHO,5.0,2025,DOU,13816.0,5.0,6.0,0.0,1.0,1005.0,0.0,0.0,0.0,0.0,0.0,0.0,1005.0,34255.0,247.93,tartarugalzinho
04/2026,1,NORTE,N,16,AMAPA,AP,160080,VITORIA DO JARI,5.0,2025,DOU,11899.0,5.0,0.0,0.0,2.0,2502.0,0.0,0.0,0.0,0.0,0.0,0.0,2502.0,20002.0,168.09,vitoria_do_jari
04/2026,2,NORDESTE,NE,29,BAHIA,BA,290010,ABAIRA,5.0,2025,DOU,7407.0,5.0,0.0,0.0,0.0,0.0,0.0,0.0,0.0,0.0,0.0,0.0,0.0,17500.0,236.26,abaira
04/2026,2,NORDESTE,NE,29,BAHIA,BA,290020,ABARE,5.0,2025,DOU,18269.0,7.0,0.0,0.0,0.0,0.0,0.0,0.0,0.0,0.0,0.0,0.0,0.0,24500.0,134.1,abare
04/2026,2,NORDESTE,NE,29,BAHIA,BA,290030,ACAJUTIBA,3.0,2025,DOU,14200.0,7.0,0.0,0.0,0.0,0.0,0.0,0.0,0.0,0.0,0.0,0.0,0.0,24500.0,172.53,acajutiba
04/2026,2,NORDESTE,NE,29,BAHIA,BA,290035,ADUSTINA,3.0,2025,DOU,14510.0,6.0,0.0,0.0,0.0,0.0,0.0,0.0,0.0,0.0,0.0,0.0,0.0,21000.0,144.72,adustina
04/2026,2,NORDESTE,NE,29,BAHIA,BA,290040,AGUA FRIA,3.0,2025,DOU,14833.0,8.0,2.0,0.0,0.0,0.0,0.0,0.0,0.0,0.0,0.0,0.0,0.0,33250.0,224.16,agua_fria
04/2026,2,NORDESTE,NE,29,BAHIA,BA,290060,AIQUARA,3.0,2025,DOU,4583.0,2.0,0.0,0.0,0.0,0.0,0.0,0.0,0.0,0.0,0.0,0.0,0.0,7000.0,152.73,aiquara
04/2026,2,NORDESTE,NE,29,BAHIA,BA,290070,ALAGOINHAS,1.0,2025,DOU,161196.0,36.0,4.0,1.0,0.0,0.0,1.0,50.0,0.0,0.0,0.0,0.0,50.0,138300.0,85.79,alagoinhas
04/2026,2,NORDESTE,NE,29,BAHIA,BA,290080,ALCOBACA,3.0,2025,DOU,25601.0,12.0,0.0,0.0,0.0,0.0,0.0,0.0,0.0,0.0,0.0,0.0,0.0,42000.0,164.05,alcobaca
04/2026,2,NORDESTE,NE,29,BAHIA,BA,290090,ALMADINA,2.0,2025,DOU,5296.0,3.0,0.0,0.0,0.0,0.0,0.0,0.0,0.0,0.0,0.0,0.0,0.0,10500.0,198.26,almadina
04/2026,2,NORDESTE,NE,29,BAHIA,BA,290100,AMARGOSA,2.0,2025,DOU,38585.0,12.0,0.0,0.0,0.0,0.0,0.0,0.0,0.0,0.0,0.0,0.0,0.0,42000.0,108.85,amargosa
04/2026,2,NORDESTE,NE,29,BAHIA,BA,290110,AMELIA RODRIGUES,2.0,2025,DOU,24830.0,9.0,0.0,0.0,0.0,0.0,0.0,0.0,0.0,0.0,0.0,0.0,0.0,31500.0,126.86,amelia_rodrigues
04/2026,2,NORDESTE,NE,29,BAHIA,BA,290115,AMERICA DOURADA,3.0,2025,DOU,15572.0,8.0,0.0,0.0,0.0,0.0,0.0,0.0,0.0,0.0,0.0,0.0,0.0,28000.0,179.8,america_dourada
04/2026,2,NORDESTE,NE,29,BAHIA,BA,290120,ANAGE,3.0,2025,DOU,26745.0,11.0,0.0,0.0,0.0,0.0,0.0,0.0,0.0,0.0,0.0,0.0,0.0,38500.0,143.95,anage
04/2026,2,NORDESTE,NE,29,BAHIA,BA,290130,ANDARAI,3.0,2025,DOU,13545.0,6.0,0.0,0.0,0.0,0.0,0.0,0.0,0.0,0.0,0.0,0.0,0.0,21000.0,155.03,andarai
04/2026,2,NORDESTE,NE,29,BAHIA,BA,290135,ANDORINHA,3.0,2025,DOU,15491.0,7.0,0.0,0.0,0.0,0.0,0.0,0.0,0.0,0.0,0.0,0.0,0.0,24500.0,158.15,andorinha
04/2026,2,NORDESTE,NE,29,BAHIA,BA,290140,ANGICAL,3.0,2025,DOU,14178.0,5.0,3.0,1.0,0.0,0.0,0.0,0.0,0.0,0.0,0.0,0.0,0.0,27125.0,191.31,angical
04/2026,2,NORDESTE,NE,29,BAHIA,BA,290150,ANGUERA,3.0,2025,DOU,11490.0,6.0,0.0,0.0,0.0,0.0,0.0,0.0,0.0,0.0,0.0,0.0,0.0,21000.0,182.76,anguera
04/2026,2,NORDESTE,NE,29,BAHIA,BA,290160,ANTAS,3.0,2025,DOU,14984.0,6.0,0.0,0.0,0.0,0.0,0.0,0.0,0.0,0.0,0.0,0.0,0.0,21000.0,140.14,antas
04/2026,2,NORDESTE,NE,29,BAHIA,BA,290170,ANTONIO CARDOSO,3.0,2025,DOU,11498.0,5.0,0.0,0.0,0.0,0.0,0.0,0.0,0.0,0.0,0.0,0.0,0.0,17500.0,152.2,antonio_cardoso
04/2026,2,NORDESTE,NE,29,BAHIA,BA,290180,ANTONIO GONCALVES,3.0,2025,DOU,11248.0,5.0,0.0,0.0,0.0,0.0,0.0,0.0,0.0,0.0,0.0,0.0,0.0,17500.0,155.58,antonio_goncalves
04/2026,2,NORDESTE,NE,29,BAHIA,BA,290190,APORA,3.0,2025,DOU,16361.0,7.0,0.0,0.0,0.0,0.0,0.0,0.0,0.0,0.0,0.0,0.0,0.0,24500.0,149.74,apora
04/2026,2,NORDESTE,NE,29,BAHIA,BA,290195,APUAREMA,3.0,2025,DOU,7101.0,3.0,0.0,0.0,0.0,0.0,0.0,0.0,0.0,0.0,0.0,0.0,0.0,10500.0,147.86,apuarema
04/2026,2,NORDESTE,NE,29,BAHIA,BA,290205,ARACAS,3.0,2025,DOU,11953.0,4.0,0.0,0.0,0.0,0.0,0.0,0.0,0.0,0.0,0.0,0.0,0.0,14000.0,117.12,aracas
04/2026,2,NORDESTE,NE,29,BAHIA,BA,290200,ARACATU,3.0,2025,DOU,14440.0,6.0,0.0,0.0,0.0,0.0,0.0,0.0,0.0,0.0,0.0,0.0,0.0,21000.0,145.42,aracatu
04/2026,2,NORDESTE,NE,29,BAHIA,BA,290210,ARACI,3.0,2025,DOU,50308.0,15.0,1.0,3.0,0.0,0.0,0.0,0.0,0.0,0.0,0.0,0.0,0.0,60375.0,120.01,araci
04/2026,2,NORDESTE,NE,29,BAHIA,BA,290220,ARAMARI,3.0,2025,DOU,10106.0,4.0,0.0,1.0,0.0,0.0,0.0,0.0,0.0,0.0,0.0,0.0,0.0,15750.0,155.84,aramari
04/2026,2,NORDESTE,NE,29,BAHIA,BA,290225,ARATACA,3.0,2025,DOU,10433.0,5.0,0.0,0.0,0.0,0.0,0.0,0.0,0.0,0.0,0.0,0.0,0.0,17500.0,167.73,arataca
04/2026,2,NORDESTE,NE,29,BAHIA,BA,290230,ARATUIPE,3.0,2025,DOU,8993.0,4.0,0.0,0.0,0.0,0.0,0.0,0.0,0.0,0.0,0.0,0.0,0.0,14000.0,155.67,aratuipe
04/2026,2,NORDESTE,NE,29,BAHIA,BA,290240,AURELINO LEAL,2.0,2025,DOU,11339.0,6.0,0.0,0.0,0.0,0.0,0.0,0.0,0.0,0.0,0.0,0.0,0.0,21000.0,185.2,aurelino_leal
04/2026,2,NORDESTE,NE,29,BAHIA,BA,290250,BAIANOPOLIS,3.0,2025,DOU,14138.0,6.0,0.0,0.0,0.0,0.0,0.0,0.0,0.0,0.0,0.0,0.0,0.0,21000.0,148.53,baianopolis
04/2026,2,NORDESTE,NE,29,BAHIA,BA,290260,BAIXA GRANDE,3.0,2025,DOU,18628.0,7.0,0.0,0.0,0.0,0.0,0.0,0.0,0.0,0.0,0.0,0.0,0.0,24500.0,131.52,baixa_grande
04/2026,2,NORDESTE,NE,29,BAHIA,BA,290265,BANZAE,3.0,2025,DOU,12288.0,6.0,0.0,0.0,0.0,0.0,0.0,0.0,0.0,0.0,0.0,0.0,0.0,21000.0,170.89,banzae
04/2026,2,NORDESTE,NE,29,BAHIA,BA,290270,BARRA,5.0,2025,DOU,53642.0,16.0,0.0,0.0,0.0,0.0,0.0,0.0,0.0,0.0,0.0,0.0,0.0,56000.0,104.39,barra
04/2026,2,NORDESTE,NE,29,BAHIA,BA,290280,BARRA DA ESTIVA,3.0,2025,DOU,27743.0,9.0,0.0,0.0,0.0,0.0,0.0,0.0,0.0,0.0,0.0,0.0,0.0,31500.0,113.54,barra_da_estiva
04/2026,2,NORDESTE,NE,29,BAHIA,BA,290290,BARRA DO CHOCA,2.0,2025,DOU,38581.0,12.0,0.0,0.0,0.0,0.0,0.0,0.0,0.0,0.0,0.0,0.0,0.0,42000.0,108.86,barra_do_choca
04/2026,2,NORDESTE,NE,29,BAHIA,BA,290300,BARRA DO MENDES,3.0,2025,DOU,14376.0,7.0,0.0,0.0,0.0,0.0,0.0,0.0,0.0,0.0,0.0,0.0,0.0,24500.0,170.42,barra_do_mendes
04/2026,2,NORDESTE,NE,29,BAHIA,BA,290310,BARRA DO ROCHA,3.0,2025,DOU,5898.0,3.0,0.0,0.0,0.0,0.0,0.0,0.0,0.0,0.0,0.0,0.0,0.0,10500.0,178.02,barra_do_rocha
04/2026,2,NORDESTE,NE,29,BAHIA,BA,290320,BARREIRAS,1.0,2025,DOU,171634.0,50.0,1.0,2.0,0.0,0.0,1.0,128.0,1.0,0.0,0.0,0.0,128.0,181253.0,105.6,barreiras
04/2026,2,NORDESTE,NE,29,BAHIA,BA,290323,BARRO ALTO,3.0,2025,DOU,13922.0,6.0,0.0,0.0,0.0,0.0,0.0,0.0,0.0,0.0,0.0,0.0,0.0,21000.0,150.84,barro_alto
04/2026,2,NORDESTE,NE,29,BAHIA,BA,290330,BARRO PRETO,3.0,2025,DOU,5936.0,3.0,0.0,0.0,0.0,0.0,0.0,0.0,0.0,0.0,0.0,0.0,0.0,10500.0,176.88,barro_preto
04/2026,2,NORDESTE,NE,29,BAHIA,BA,290327,BARROCAS,3.0,2025,DOU,15780.0,8.0,0.0,0.0,0.0,0.0,0.0,0.0,0.0,0.0,0.0,0.0,0.0,28000.0,177.43,barrocas
04/2026,2,NORDESTE,NE,29,BAHIA,BA,290340,BELMONTE,2.0,2025,DOU,20527.0,9.0,0.0,0.0,0.0,0.0,0.0,0.0,0.0,0.0,0.0,0.0,0.0,31500.0,153.45,belmonte
04/2026,2,NORDESTE,NE,29,BAHIA,BA,290350,BELO CAMPO,3.0,2025,DOU,19074.0,9.0,0.0,0.0,0.0,0.0,0.0,0.0,0.0,0.0,0.0,0.0,0.0,31500.0,165.14,belo_campo
04/2026,2,NORDESTE,NE,29,BAHIA,BA,290360,BIRITINGA,3.0,2025,DOU,15603.0,7.0,0.0,0.0,0.0,0.0,0.0,0.0,0.0,0.0,0.0,0.0,0.0,24500.0,157.02,biritinga
04/2026,2,NORDESTE,NE,29,BAHIA,BA,290370,BOA NOVA,3.0,2025,DOU,14008.0,6.0,0.0,0.0,0.0,0.0,0.0,0.0,0.0,0.0,0.0,0.0,0.0,21000.0,149.91,boa_nova
04/2026,2,NORDESTE,NE,29,BAHIA,BA,290380,BOA VISTA DO TUPIM,3.0,2025,DOU,17262.0,8.0,0.0,2.0,0.0,0.0,0.0,0.0,0.0,0.0,0.0,0.0,0.0,31500.0,182.48,boa_vista_do_tupim
04/2026,2,NORDESTE,NE,29,BAHIA,BA,290390,BOM JESUS DA LAPA,1.0,2025,DOU,68866.0,34.0,1.0,0.0,0.0,0.0,1.0,9.0,0.0,0.0,0.0,0.0,9.0,121634.0,176.62,bom_jesus_da_lapa
04/2026,2,NORDESTE,NE,29,BAHIA,BA,290395,BOM JESUS DA SERRA,3.0,2025,DOU,10018.0,4.0,0.0,0.0,0.0,0.0,0.0,0.0,0.0,0.0,0.0,0.0,0.0,14000.0,139.74,bom_jesus_da_serra
04/2026,2,NORDESTE,NE,29,BAHIA,BA,290400,BONINAL,5.0,2025,DOU,14125.0,4.0,0.0,0.0,0.0,0.0,0.0,0.0,0.0,0.0,0.0,0.0,0.0,14000.0,99.11,boninal
04/2026,2,NORDESTE,NE,29,BAHIA,BA,290405,BONITO,3.0,2025,DOU,16425.0,8.0,0.0,0.0,0.0,0.0,0.0,0.0,0.0,0.0,0.0,0.0,0.0,28000.0,170.47,bonito
04/2026,2,NORDESTE,NE,29,BAHIA,BA,290410,BOQUIRA,5.0,2025,DOU,19782.0,8.0,0.0,0.0,0.0,0.0,0.0,0.0,0.0,0.0,0.0,0.0,0.0,28000.0,141.54,boquira
04/2026,2,NORDESTE,NE,29,BAHIA,BA,290420,BOTUPORA,3.0,2025,DOU,11427.0,6.0,0.0,0.0,0.0,0.0,0.0,0.0,0.0,0.0,0.0,0.0,0.0,21000.0,183.77,botupora
04/2026,2,NORDESTE,NE,29,BAHIA,BA,290430,BREJOES,3.0,2025,DOU,13224.0,6.0,0.0,0.0,0.0,0.0,0.0,0.0,0.0,0.0,0.0,0.0,0.0,21000.0,158.8,brejoes
04/2026,2,NORDESTE,NE,29,BAHIA,BA,290440,BREJOLANDIA,3.0,2025,DOU,9363.0,5.0,0.0,0.0,0.0,0.0,0.0,0.0,0.0,0.0,0.0,0.0,0.0,17500.0,186.9,brejolandia
04/2026,2,NORDESTE,NE,29,BAHIA,BA,290450,BROTAS DE MACAUBAS,5.0,2025,DOU,12180.0,5.0,0.0,0.0,0.0,0.0,0.0,0.0,0.0,0.0,0.0,0.0,0.0,17500.0,143.67,brotas_de_macaubas
04/2026,2,NORDESTE,NE,29,BAHIA,BA,290460,BRUMADO,1.0,2025,DOU,74368.0,21.0,0.0,0.0,0.0,0.0,0.0,0.0,2.0,0.0,0.0,0.0,0.0,73500.0,98.83,brumado
04/2026,2,NORDESTE,NE,29,BAHIA,BA,290470,BUERAREMA,2.0,2025,DOU,14950.0,9.0,0.0,0.0,0.0,0.0,0.0,0.0,0.0,0.0,0.0,0.0,0.0,31500.0,210.7,buerarema
04/2026,2,NORDESTE,NE,29,BAHIA,BA,290475,BURITIRAMA,5.0,2025,DOU,20221.0,6.0,0.0,0.0,0.0,0.0,0.0,0.0,0.0,0.0,0.0,0.0,0.0,21000.0,103.85,buritirama
04/2026,2,NORDESTE,NE,29,BAHIA,BA,290480,CAATIBA,3.0,2025,DOU,6128.0,3.0,0.0,0.0,0.0,0.0,0.0,0.0,0.0,0.0,0.0,0.0,0.0,10500.0,171.34,caatiba
04/2026,2,NORDESTE,NE,29,BAHIA,BA,290485,CABACEIRAS DO PARAGUACU,3.0,2025,DOU,17024.0,9.0,0.0,0.0,0.0,0.0,0.0,0.0,0.0,0.0,0.0,0.0,0.0,31500.0,185.03,cabaceiras_do_paraguacu
04/2026,2,NORDESTE,NE,29,BAHIA,BA,290490,CACHOEIRA,1.0,2025,DOU,30498.0,13.0,0.0,0.0,0.0,0.0,0.0,0.0,0.0,0.0,0.0,0.0,0.0,45500.0,149.19,cachoeira
04/2026,2,NORDESTE,NE,29,BAHIA,BA,290500,CACULE,2.0,2025,DOU,23293.0,8.0,0.0,0.0,0.0,0.0,0.0,0.0,0.0,0.0,0.0,0.0,0.0,28000.0,120.2,cacule
04/2026,2,NORDESTE,NE,29,BAHIA,BA,290510,CAEM,3.0,2025,DOU,10733.0,4.0,0.0,0.0,0.0,0.0,0.0,0.0,0.0,0.0,0.0,0.0,0.0,14000.0,130.43,caem
04/2026,2,NORDESTE,NE,29,BAHIA,BA,290515,CAETANOS,3.0,2025,DOU,11432.0,6.0,1.0,0.0,0.0,0.0,0.0,0.0,0.0,0.0,0.0,0.0,0.0,23625.0,206.65,caetanos
04/2026,2,NORDESTE,NE,29,BAHIA,BA,290520,CAETITE,2.0,2025,DOU,54730.0,16.0,0.0,0.0,0.0,0.0,0.0,0.0,0.0,0.0,0.0,0.0,0.0,56000.0,102.32,caetite
04/2026,2,NORDESTE,NE,29,BAHIA,BA,290530,CAFARNAUM,3.0,2025,DOU,18057.0,9.0,0.0,0.0,0.0,0.0,0.0,0.0,0.0,0.0,0.0,0.0,0.0,31500.0,174.44,cafarnaum
04/2026,2,NORDESTE,NE,29,BAHIA,BA,290540,CAIRU,3.0,2025,DOU,18578.0,9.0,0.0,0.0,0.0,0.0,0.0,0.0,0.0,0.0,0.0,0.0,0.0,31500.0,169.55,cairu
04/2026,2,NORDESTE,NE,29,BAHIA,BA,290550,CALDEIRAO GRANDE,3.0,2025,DOU,13597.0,5.0,0.0,0.0,0.0,0.0,0.0,0.0,0.0,0.0,0.0,0.0,0.0,17500.0,128.7,caldeirao_grande
04/2026,2,NORDESTE,NE,29,BAHIA,BA,290560,CAMACAN,2.0,2025,DOU,22485.0,11.0,0.0,0.0,0.0,0.0,0.0,0.0,0.0,0.0,0.0,0.0,0.0,38500.0,171.22,camacan
04/2026,2,NORDESTE,NE,29,BAHIA,BA,290570,CAMACARI,1.0,2025,DOU,321636.0,75.0,2.0,1.0,0.0,0.0,1.0,204.0,0.0,0.0,0.0,0.0,204.0,269704.0,83.85,camacari
04/2026,2,NORDESTE,NE,29,BAHIA,BA,290580,CAMAMU,3.0,2025,DOU,31694.0,18.0,0.0,0.0,0.0,0.0,0.0,0.0,0.0,0.0,0.0,0.0,0.0,63000.0,198.77,camamu
04/2026,2,NORDESTE,NE,29,BAHIA,BA,290590,CAMPO ALEGRE DE LOURDES,3.0,2025,DOU,32500.0,10.0,0.0,0.0,0.0,0.0,0.0,0.0,0.0,0.0,0.0,0.0,0.0,35000.0,107.69,campo_alegre_de_lourdes
04/2026,2,NORDESTE,NE,29,BAHIA,BA,290600,CAMPO FORMOSO,2.0,2025,DOU,75112.0,27.0,1.0,0.0,0.0,0.0,0.0,0.0,0.0,0.0,0.0,0.0,0.0,97125.0,129.3,campo_formoso
04/2026,2,NORDESTE,NE,29,BAHIA,BA,290610,CANAPOLIS,3.0,2025,DOU,10641.0,5.0,0.0,0.0,0.0,0.0,0.0,0.0,0.0,0.0,0.0,0.0,0.0,17500.0,164.45,canapolis
04/2026,2,NORDESTE,NE,29,BAHIA,BA,290620,CANARANA,3.0,2025,DOU,25007.0,11.0,0.0,0.0,0.0,0.0,0.0,0.0,0.0,0.0,0.0,0.0,0.0,38500.0,153.95,canarana
04/2026,2,NORDESTE,NE,29,BAHIA,BA,290630,CANAVIEIRAS,1.0,2025,DOU,34392.0,10.0,0.0,0.0,0.0,0.0,0.0,0.0,0.0,0.0,0.0,0.0,0.0,35000.0,101.76,canavieiras
04/2026,2,NORDESTE,NE,29,BAHIA,BA,290640,CANDEAL,3.0,2025,DOU,7940.0,4.0,0.0,0.0,0.0,0.0,0.0,0.0,0.0,0.0,0.0,0.0,0.0,14000.0,176.32,candeal
04/2026,2,NORDESTE,NE,29,BAHIA,BA,290650,CANDEIAS,1.0,2025,DOU,74854.0,24.0,6.0,0.0,0.0,0.0,0.0,0.0,0.0,0.0,0.0,0.0,0.0,99750.0,133.25,candeias
04/2026,2,NORDESTE,NE,29,BAHIA,BA,290660,CANDIBA,3.0,2025,DOU,13417.0,4.0,0.0,2.0,0.0,0.0,0.0,0.0,0.0,0.0,0.0,0.0,0.0,17500.0,130.43,candiba
04/2026,2,NORDESTE,NE,29,BAHIA,BA,290670,CANDIDO SALES,2.0,2025,DOU,26469.0,10.0,0.0,0.0,0.0,0.0,0.0,0.0,0.0,0.0,0.0,0.0,0.0,35000.0,132.23,candido_sales
04/2026,2,NORDESTE,NE,29,BAHIA,BA,290680,CANSANCAO,3.0,2025,DOU,39725.0,14.0,0.0,0.0,0.0,0.0,0.0,0.0,0.0,0.0,0.0,0.0,0.0,49000.0,123.34,cansancao
04/2026,2,NORDESTE,NE,29,BAHIA,BA,290682,CANUDOS,3.0,2025,DOU,16693.0,6.0,0.0,0.0,0.0,0.0,0.0,0.0,0.0,0.0,0.0,0.0,0.0,21000.0,125.8,canudos
04/2026,2,NORDESTE,NE,29,BAHIA,BA,290685,CAPELA DO ALTO ALEGRE,3.0,2025,DOU,11035.0,6.0,0.0,0.0,0.0,0.0,0.0,0.0,0.0,0.0,0.0,0.0,0.0,21000.0,190.3,capela_do_alto_alegre
04/2026,2,NORDESTE,NE,29,BAHIA,BA,290687,CAPIM GROSSO,1.0,2025,DOU,35437.0,11.0,1.0,0.0,0.0,0.0,0.0,0.0,0.0,0.0,0.0,0.0,0.0,41125.0,116.05,capim_grosso
04/2026,2,NORDESTE,NE,29,BAHIA,BA,290689,CARAIBAS,3.0,2025,DOU,10259.0,4.0,0.0,0.0,0.0,0.0,0.0,0.0,0.0,0.0,0.0,0.0,0.0,14000.0,136.46,caraibas
04/2026,2,NORDESTE,NE,29,BAHIA,BA,290690,CARAVELAS,3.0,2025,DOU,21384.0,10.0,0.0,0.0,0.0,0.0,0.0,0.0,0.0,0.0,0.0,0.0,0.0,35000.0,163.67,caravelas
04/2026,2,NORDESTE,NE,29,BAHIA,BA,290700,CARDEAL DA SILVA,3.0,2025,DOU,8633.0,4.0,1.0,0.0,0.0,0.0,0.0,0.0,0.0,0.0,0.0,0.0,0.0,16625.0,192.57,cardeal_da_silva
04/2026,2,NORDESTE,NE,29,BAHIA,BA,290710,CARINHANHA,3.0,2025,DOU,30439.0,9.0,1.0,0.0,0.0,0.0,0.0,0.0,0.0,0.0,0.0,0.0,0.0,34125.0,112.1,carinhanha
04/2026,2,NORDESTE,NE,29,BAHIA,BA,290720,CASA NOVA,1.0,2025,DOU,76131.0,18.0,1.0,0.0,0.0,0.0,1.0,60.0,0.0,0.0,0.0,0.0,60.0,65685.0,86.27,casa_nova
04/2026,2,NORDESTE,NE,29,BAHIA,BA,290730,CASTRO ALVES,2.0,2025,DOU,25470.0,11.0,0.0,0.0,0.0,0.0,0.0,0.0,0.0,0.0,0.0,0.0,0.0,38500.0,151.15,castro_alves
04/2026,2,NORDESTE,NE,29,BAHIA,BA,290740,CATOLANDIA,3.0,2025,DOU,3567.0,2.0,0.0,0.0,0.0,0.0,0.0,0.0,0.0,0.0,0.0,0.0,0.0,7000.0,196.24,catolandia
04/2026,2,NORDESTE,NE,29,BAHIA,BA,290750,CATU,1.0,2025,DOU,50109.0,15.0,0.0,0.0,0.0,0.0,0.0,0.0,0.0,0.0,0.0,0.0,0.0,52500.0,104.77,catu
04/2026,2,NORDESTE,NE,29,BAHIA,BA,290755,CATURAMA,5.0,2025,DOU,9108.0,4.0,0.0,0.0,0.0,0.0,0.0,0.0,0.0,0.0,0.0,0.0,0.0,14000.0,153.71,caturama
04/2026,2,NORDESTE,NE,29,BAHIA,BA,290760,CENTRAL,3.0,2025,DOU,16847.0,6.0,0.0,0.0,0.0,0.0,0.0,0.0,0.0,0.0,0.0,0.0,0.0,21000.0,124.65,central
04/2026,2,NORDESTE,NE,29,BAHIA,BA,290770,CHORROCHO,5.0,2025,DOU,10933.0,4.0,0.0,0.0,0.0,0.0,0.0,0.0,0.0,0.0,0.0,0.0,0.0,14000.0,128.05,chorrocho
04/2026,2,NORDESTE,NE,29,BAHIA,BA,290780,CICERO DANTAS,2.0,2025,DOU,32292.0,10.0,0.0,0.0,0.0,0.0,0.0,0.0,0.0,0.0,0.0,0.0,0.0,35000.0,108.38,cicero_dantas
04/2026,2,NORDESTE,NE,29,BAHIA,BA,290790,CIPO,2.0,2025,DOU,17875.0,8.0,0.0,0.0,0.0,0.0,0.0,0.0,0.0,0.0,0.0,0.0,0.0,28000.0,156.64,cipo
04/2026,2,NORDESTE,NE,29,BAHIA,BA,290800,COARACI,1.0,2025,DOU,17557.0,8.0,0.0,0.0,0.0,0.0,0.0,0.0,0.0,0.0,0.0,0.0,0.0,28000.0,159.48,coaraci
04/2026,2,NORDESTE,NE,29,BAHIA,BA,290810,COCOS,5.0,2025,DOU,19865.0,9.0,0.0,0.0,0.0,0.0,0.0,0.0,0.0,0.0,0.0,0.0,0.0,31500.0,158.57,cocos
04/2026,2,NORDESTE,NE,29,BAHIA,BA,290820,CONCEICAO DA FEIRA,2.0,2025,DOU,21529.0,8.0,0.0,0.0,0.0,0.0,0.0,0.0,0.0,0.0,0.0,0.0,0.0,28000.0,130.05,conceicao_da_feira
04/2026,2,NORDESTE,NE,29,BAHIA,BA,290830,CONCEICAO DO ALMEIDA,3.0,2025,DOU,16134.0,6.0,0.0,0.0,0.0,0.0,0.0,0.0,0.0,0.0,0.0,0.0,0.0,21000.0,130.15,conceicao_do_almeida
04/2026,2,NORDESTE,NE,29,BAHIA,BA,290840,CONCEICAO DO COITE,1.0,2025,DOU,71601.0,21.0,0.0,0.0,0.0,0.0,1.0,29.0,0.0,0.0,0.0,0.0,29.0,73529.0,102.69,conceicao_do_coite
04/2026,2,NORDESTE,NE,29,BAHIA,BA,290850,CONCEICAO DO JACUIPE,1.0,2025,DOU,37622.0,17.0,0.0,0.0,0.0,0.0,0.0,0.0,0.0,0.0,0.0,0.0,0.0,59500.0,158.15,conceicao_do_jacuipe
04/2026,2,NORDESTE,NE,29,BAHIA,BA,290860,CONDE,3.0,2025,DOU,24460.0,9.0,0.0,0.0,0.0,0.0,0.0,0.0,0.0,0.0,0.0,0.0,0.0,31500.0,128.78,conde
04/2026,2,NORDESTE,NE,29,BAHIA,BA,290870,CONDEUBA,3.0,2025,DOU,17567.0,9.0,0.0,0.0,0.0,0.0,0.0,0.0,0.0,0.0,0.0,0.0,0.0,31500.0,179.31,condeuba
04/2026,2,NORDESTE,NE,29,BAHIA,BA,290880,CONTENDAS DO SINCORA,3.0,2025,DOU,4499.0,2.0,0.0,0.0,0.0,0.0,0.0,0.0,0.0,0.0,0.0,0.0,0.0,7000.0,155.59,contendas_do_sincora
04/2026,2,NORDESTE,NE,29,BAHIA,BA,290890,CORACAO DE MARIA,3.0,2025,DOU,28408.0,9.0,1.0,0.0,0.0,0.0,0.0,0.0,0.0,0.0,0.0,0.0,0.0,34125.0,120.12,coracao_de_maria
04/2026,2,NORDESTE,NE,29,BAHIA,BA,290900,CORDEIROS,3.0,2025,DOU,7748.0,4.0,0.0,0.0,0.0,0.0,0.0,0.0,0.0,0.0,0.0,0.0,0.0,14000.0,180.69,cordeiros
04/2026,2,NORDESTE,NE,29,BAHIA,BA,290910,CORIBE,5.0,2025,DOU,14463.0,7.0,0.0,0.0,0.0,0.0,0.0,0.0,0.0,0.0,0.0,0.0,0.0,24500.0,169.39,coribe
04/2026,2,NORDESTE,NE,29,BAHIA,BA,290920,CORONEL JOAO SA,3.0,2025,DOU,17598.0,6.0,0.0,0.0,0.0,0.0,0.0,0.0,0.0,0.0,0.0,0.0,0.0,21000.0,119.33,coronel_joao_sa
04/2026,2,NORDESTE,NE,29,BAHIA,BA,290930,CORRENTINA,3.0,2025,DOU,34266.0,13.0,1.0,0.0,0.0,0.0,0.0,0.0,0.0,0.0,0.0,0.0,0.0,48125.0,140.44,correntina
04/2026,2,NORDESTE,NE,29,BAHIA,BA,290940,COTEGIPE,3.0,2025,DOU,13463.0,6.0,0.0,0.0,0.0,0.0,0.0,0.0,0.0,0.0,0.0,0.0,0.0,21000.0,155.98,cotegipe
04/2026,2,NORDESTE,NE,29,BAHIA,BA,290950,CRAVOLANDIA,3.0,2025,DOU,4491.0,3.0,0.0,0.0,0.0,0.0,0.0,0.0,0.0,0.0,0.0,0.0,0.0,10500.0,233.8,cravolandia
04/2026,2,NORDESTE,NE,29,BAHIA,BA,290960,CRISOPOLIS,3.0,2025,DOU,20346.0,8.0,0.0,0.0,0.0,0.0,0.0,0.0,0.0,0.0,0.0,0.0,0.0,28000.0,137.61,crisopolis
04/2026,2,NORDESTE,NE,29,BAHIA,BA,290970,CRISTOPOLIS,3.0,2025,DOU,14549.0,7.0,0.0,0.0,0.0,0.0,0.0,0.0,0.0,0.0,0.0,0.0,0.0,24500.0,168.39,cristopolis
04/2026,2,NORDESTE,NE,29,BAHIA,BA,290980,CRUZ DAS ALMAS,1.0,2025,DOU,63326.0,17.0,5.0,0.0,0.0,0.0,0.0,0.0,0.0,0.0,0.0,0.0,0.0,72625.0,114.68,cruz_das_almas
04/2026,2,NORDESTE,NE,29,BAHIA,BA,290990,CURACA,3.0,2025,DOU,36127.0,14.0,0.0,0.0,0.0,0.0,0.0,0.0,0.0,0.0,0.0,0.0,0.0,49000.0,135.63,curaca
04/2026,2,NORDESTE,NE,29,BAHIA,BA,291000,DARIO MEIRA,3.0,2025,DOU,11054.0,6.0,0.0,0.0,0.0,0.0,0.0,0.0,0.0,0.0,0.0,0.0,0.0,21000.0,189.97,dario_meira
04/2026,2,NORDESTE,NE,29,BAHIA,BA,291005,DIAS D'AVILA,1.0,2025,DOU,75296.0,20.0,0.0,0.0,0.0,0.0,0.0,0.0,0.0,0.0,0.0,0.0,0.0,70000.0,92.96,dias_d_avila
04/2026,2,NORDESTE,NE,29,BAHIA,BA,291010,DOM BASILIO,3.0,2025,DOU,12329.0,5.0,0.0,0.0,0.0,0.0,0.0,0.0,0.0,0.0,0.0,0.0,0.0,17500.0,141.94,dom_basilio
04/2026,2,NORDESTE,NE,29,BAHIA,BA,291020,DOM MACEDO COSTA,3.0,2025,DOU,4608.0,2.0,0.0,0.0,0.0,0.0,0.0,0.0,0.0,0.0,0.0,0.0,0.0,7000.0,151.9,dom_macedo_costa
04/2026,2,NORDESTE,NE,29,BAHIA,BA,291030,ELISIO MEDRADO,3.0,2025,DOU,8069.0,4.0,0.0,0.0,0.0,0.0,0.0,0.0,0.0,0.0,0.0,0.0,0.0,14000.0,173.5,elisio_medrado
04/2026,2,NORDESTE,NE,29,BAHIA,BA,291040,ENCRUZILHADA,2.0,2025,DOU,19450.0,8.0,0.0,0.0,0.0,0.0,0.0,0.0,0.0,0.0,0.0,0.0,0.0,28000.0,143.95,encruzilhada
04/2026,2,NORDESTE,NE,29,BAHIA,BA,291050,ENTRE RIOS,2.0,2025,DOU,39890.0,13.0,4.0,0.0,0.0,0.0,1.0,0.0,0.0,0.0,0.0,0.0,0.0,56000.0,140.38,entre_rios
04/2026,2,NORDESTE,NE,29,BAHIA,BA,290050,ERICO CARDOSO,3.0,2025,DOU,10947.0,5.0,0.0,0.0,0.0,0.0,0.0,0.0,0.0,0.0,0.0,0.0,0.0,17500.0,159.86,erico_cardoso
04/2026,2,NORDESTE,NE,29,BAHIA,BA,291060,ESPLANADA,2.0,2025,DOU,34163.0,12.0,0.0,0.0,0.0,0.0,0.0,0.0,0.0,0.0,0.0,0.0,0.0,42000.0,122.94,esplanada
04/2026,2,NORDESTE,NE,29,BAHIA,BA,291070,EUCLIDES DA CUNHA,3.0,2025,DOU,64768.0,24.0,0.0,0.0,0.0,0.0,0.0,0.0,0.0,0.0,0.0,0.0,0.0,84000.0,129.69,euclides_da_cunha
04/2026,2,NORDESTE,NE,29,BAHIA,BA,291072,EUNAPOLIS,1.0,2025,DOU,121067.0,36.0,1.0,0.0,0.0,0.0,1.0,66.0,1.0,0.0,0.0,0.0,66.0,128691.0,106.29,eunapolis
04/2026,2,NORDESTE,NE,29,BAHIA,BA,291075,FATIMA,3.0,2025,DOU,18480.0,8.0,0.0,0.0,0.0,0.0,0.0,0.0,0.0,0.0,0.0,0.0,0.0,28000.0,151.51,fatima
04/2026,2,NORDESTE,NE,29,BAHIA,BA,291077,FEIRA DA MATA,5.0,2025,DOU,5831.0,3.0,0.0,0.0,0.0,0.0,0.0,0.0,0.0,0.0,0.0,0.0,0.0,10500.0,180.07,feira_da_mata
04/2026,2,NORDESTE,NE,29,BAHIA,BA,291080,FEIRA DE SANTANA,1.0,2025,DOU,660806.0,133.0,17.0,0.0,0.0,0.0,1.0,522.0,4.0,0.0,0.0,0.0,522.0,510647.0,77.27,feira_de_santana
04/2026,2,NORDESTE,NE,29,BAHIA,BA,291085,FILADELFIA,3.0,2025,DOU,18637.0,8.0,0.0,0.0,0.0,0.0,0.0,0.0,0.0,0.0,0.0,0.0,0.0,28000.0,150.23,filadelfia
04/2026,2,NORDESTE,NE,29,BAHIA,BA,291090,FIRMINO ALVES,3.0,2025,DOU,4993.0,3.0,0.0,0.0,0.0,0.0,0.0,0.0,0.0,0.0,0.0,0.0,0.0,10500.0,210.29,firmino_alves
04/2026,2,NORDESTE,NE,29,BAHIA,BA,291100,FLORESTA AZUL,3.0,2025,DOU,11455.0,5.0,0.0,0.0,0.0,0.0,0.0,0.0,0.0,0.0,0.0,0.0,0.0,17500.0,152.77,floresta_azul
04/2026,2,NORDESTE,NE,29,BAHIA,BA,291110,FORMOSA DO RIO PRETO,2.0,2025,DOU,27567.0,11.0,0.0,0.0,0.0,0.0,0.0,0.0,0.0,0.0,0.0,0.0,0.0,38500.0,139.65,formosa_do_rio_preto
04/2026,2,NORDESTE,NE,29,BAHIA,BA,291120,GANDU,1.0,2025,DOU,34051.0,12.0,0.0,0.0,0.0,0.0,0.0,0.0,0.0,0.0,0.0,0.0,0.0,42000.0,123.34,gandu
04/2026,2,NORDESTE,NE,29,BAHIA,BA,291125,GAVIAO,3.0,2025,DOU,4489.0,2.0,0.0,0.0,0.0,0.0,0.0,0.0,0.0,0.0,0.0,0.0,0.0,7000.0,155.93,gaviao
04/2026,2,NORDESTE,NE,29,BAHIA,BA,291130,GENTIO DO OURO,3.0,2025,DOU,11276.0,4.0,0.0,0.0,0.0,0.0,0.0,0.0,0.0,0.0,0.0,0.0,0.0,14000.0,124.15,gentio_do_ouro
04/2026,2,NORDESTE,NE,29,BAHIA,BA,291140,GLORIA,3.0,2025,DOU,16107.0,5.0,0.0,0.0,0.0,0.0,0.0,0.0,0.0,0.0,0.0,0.0,0.0,17500.0,108.64,gloria
04/2026,2,NORDESTE,NE,29,BAHIA,BA,291150,GONGOGI,3.0,2025,DOU,5479.0,5.0,0.0,0.0,0.0,0.0,0.0,0.0,0.0,0.0,0.0,0.0,0.0,17500.0,319.4,gongogi
04/2026,2,NORDESTE,NE,29,BAHIA,BA,291160,GOVERNADOR MANGABEIRA,1.0,2025,DOU,21353.0,9.0,0.0,0.0,0.0,0.0,0.0,0.0,0.0,0.0,0.0,0.0,0.0,31500.0,147.52,governador_mangabeira
04/2026,2,NORDESTE,NE,29,BAHIA,BA,291165,GUAJERU,3.0,2025,DOU,8177.0,5.0,0.0,0.0,0.0,0.0,0.0,0.0,0.0,0.0,0.0,0.0,0.0,17500.0,214.01,guajeru
04/2026,2,NORDESTE,NE,29,BAHIA,BA,291170,GUANAMBI,1.0,2025,DOU,93488.0,30.0,2.0,0.0,0.0,0.0,0.0,0.0,0.0,0.0,0.0,0.0,0.0,110250.0,117.92,guanambi
04/2026,2,NORDESTE,NE,29,BAHIA,BA,291180,GUARATINGA,3.0,2025,DOU,19413.0,8.0,0.0,0.0,0.0,0.0,0.0,0.0,0.0,0.0,0.0,0.0,0.0,28000.0,144.23,guaratinga
04/2026,2,NORDESTE,NE,29,BAHIA,BA,291185,HELIOPOLIS,3.0,2025,DOU,13055.0,5.0,0.0,0.0,0.0,0.0,0.0,0.0,0.0,0.0,0.0,0.0,0.0,17500.0,134.04,heliopolis
04/2026,2,NORDESTE,NE,29,BAHIA,BA,291190,IACU,2.0,2025,DOU,25315.0,12.0,0.0,0.0,0.0,0.0,0.0,0.0,0.0,0.0,0.0,0.0,0.0,42000.0,165.9,iacu
04/2026,2,NORDESTE,NE,29,BAHIA,BA,291200,IBIASSUCE,3.0,2025,DOU,10746.0,5.0,0.0,0.0,0.0,0.0,0.0,0.0,0.0,0.0,0.0,0.0,0.0,17500.0,162.85,ibiassuce
04/2026,2,NORDESTE,NE,29,BAHIA,BA,291210,IBICARAI,2.0,2025,DOU,22131.0,11.0,0.0,0.0,0.0,0.0,0.0,0.0,0.0,0.0,0.0,0.0,0.0,38500.0,173.96,ibicarai
04/2026,2,NORDESTE,NE,29,BAHIA,BA,291220,IBICOARA,3.0,2025,DOU,21827.0,10.0,0.0,0.0,0.0,0.0,0.0,0.0,0.0,0.0,0.0,0.0,0.0,35000.0,160.35,ibicoara
04/2026,2,NORDESTE,NE,29,BAHIA,BA,291230,IBICUI,3.0,2025,DOU,14264.0,8.0,0.0,0.0,0.0,0.0,0.0,0.0,0.0,0.0,0.0,0.0,0.0,28000.0,196.29,ibicui
04/2026,2,NORDESTE,NE,29,BAHIA,BA,291240,IBIPEBA,3.0,2025,DOU,17134.0,7.0,0.0,0.0,0.0,0.0,0.0,0.0,0.0,0.0,0.0,0.0,0.0,24500.0,142.99,ibipeba
04/2026,2,NORDESTE,NE,29,BAHIA,BA,291250,IBIPITANGA,5.0,2025,DOU,14317.0,6.0,0.0,0.0,0.0,0.0,0.0,0.0,0.0,0.0,0.0,0.0,0.0,21000.0,146.67,ibipitanga
04/2026,2,NORDESTE,NE,29,BAHIA,BA,291260,IBIQUERA,3.0,2025,DOU,3833.0,2.0,0.0,0.0,0.0,0.0,0.0,0.0,0.0,0.0,0.0,0.0,0.0,7000.0,182.62,ibiquera
04/2026,2,NORDESTE,NE,29,BAHIA,BA,291270,IBIRAPITANGA,2.0,2025,DOU,26917.0,8.0,0.0,0.0,0.0,0.0,0.0,0.0,0.0,0.0,0.0,0.0,0.0,28000.0,104.02,ibirapitanga
04/2026,2,NORDESTE,NE,29,BAHIA,BA,291280,IBIRAPUA,3.0,2025,DOU,9297.0,4.0,0.0,0.0,0.0,0.0,0.0,0.0,0.0,0.0,0.0,0.0,0.0,14000.0,150.58,ibirapua
04/2026,2,NORDESTE,NE,29,BAHIA,BA,291290,IBIRATAIA,2.0,2025,DOU,19377.0,7.0,0.0,0.0,0.0,0.0,0.0,0.0,0.0,0.0,0.0,0.0,0.0,24500.0,126.43,ibirataia
04/2026,2,NORDESTE,NE,29,BAHIA,BA,291300,IBITIARA,5.0,2025,DOU,15049.0,7.0,0.0,0.0,0.0,0.0,0.0,0.0,0.0,0.0,0.0,0.0,0.0,24500.0,162.8,ibitiara
04/2026,2,NORDESTE,NE,29,BAHIA,BA,291310,IBITITA,3.0,2025,DOU,17517.0,6.0,0.0,0.0,0.0,0.0,0.0,0.0,0.0,0.0,0.0,0.0,0.0,21000.0,119.88,ibitita
04/2026,2,NORDESTE,NE,29,BAHIA,BA,291320,IBOTIRAMA,4.0,2025,DOU,27723.0,11.0,0.0,0.0,0.0,0.0,0.0,0.0,0.0,0.0,0.0,0.0,0.0,38500.0,138.87,ibotirama
04/2026,2,NORDESTE,NE,29,BAHIA,BA,291330,ICHU,3.0,2025,DOU,6428.0,3.0,0.0,0.0,0.0,0.0,0.0,0.0,0.0,0.0,0.0,0.0,0.0,10500.0,163.34,ichu
04/2026,2,NORDESTE,NE,29,BAHIA,BA,291340,IGAPORA,3.0,2025,DOU,16069.0,7.0,0.0,0.0,0.0,0.0,0.0,0.0,0.0,0.0,0.0,0.0,0.0,24500.0,152.46,igapora
04/2026,2,NORDESTE,NE,29,BAHIA,BA,291345,IGRAPIUNA,3.0,2025,DOU,13501.0,7.0,0.0,0.0,0.0,0.0,0.0,0.0,0.0,0.0,0.0,0.0,0.0,24500.0,181.46,igrapiuna
04/2026,2,NORDESTE,NE,29,BAHIA,BA,291350,IGUAI,2.0,2025,DOU,21763.0,8.0,0.0,0.0,0.0,0.0,0.0,0.0,0.0,0.0,0.0,0.0,0.0,28000.0,128.65,iguai
04/2026,2,NORDESTE,NE,29,BAHIA,BA,291360,ILHEUS,1.0,2025,DOU,189149.0,31.0,24.0,0.0,0.0,0.0,3.0,104.0,1.0,0.0,0.0,0.0,104.0,171604.0,90.72,ilheus
04/2026,2,NORDESTE,NE,29,BAHIA,BA,291370,INHAMBUPE,3.0,2025,DOU,35390.0,16.0,1.0,0.0,0.0,0.0,0.0,0.0,0.0,0.0,0.0,0.0,0.0,58625.0,165.65,inhambupe
04/2026,2,NORDESTE,NE,29,BAHIA,BA,291380,IPECAETA,3.0,2025,DOU,14016.0,6.0,0.0,0.0,0.0,0.0,0.0,0.0,0.0,0.0,0.0,0.0,0.0,21000.0,149.82,ipecaeta
04/2026,2,NORDESTE,NE,29,BAHIA,BA,291390,IPIAU,1.0,2025,DOU,42429.0,15.0,0.0,0.0,0.0,0.0,0.0,0.0,0.0,0.0,0.0,0.0,0.0,52500.0,123.73,ipiau
04/2026,2,NORDESTE,NE,29,BAHIA,BA,291400,IPIRA,2.0,2025,DOU,59222.0,16.0,0.0,0.0,0.0,0.0,0.0,0.0,0.0,0.0,0.0,0.0,0.0,56000.0,94.55,ipira
04/2026,2,NORDESTE,NE,29,BAHIA,BA,291410,IPUPIARA,5.0,2025,DOU,10349.0,5.0,0.0,0.0,0.0,0.0,0.0,0.0,0.0,0.0,0.0,0.0,0.0,17500.0,169.09,ipupiara
04/2026,2,NORDESTE,NE,29,BAHIA,BA,291420,IRAJUBA,3.0,2025,DOU,6232.0,4.0,0.0,0.0,0.0,0.0,0.0,0.0,0.0,0.0,0.0,0.0,0.0,14000.0,224.64,irajuba
04/2026,2,NORDESTE,NE,29,BAHIA,BA,291430,IRAMAIA,3.0,2025,DOU,11038.0,5.0,0.0,0.0,0.0,0.0,0.0,0.0,0.0,0.0,0.0,0.0,0.0,17500.0,158.54,iramaia
04/2026,2,NORDESTE,NE,29,BAHIA,BA,291440,IRAQUARA,3.0,2025,DOU,24833.0,9.0,0.0,0.0,0.0,0.0,0.0,0.0,0.0,0.0,0.0,0.0,0.0,31500.0,126.84,iraquara
04/2026,2,NORDESTE,NE,29,BAHIA,BA,291450,IRARA,3.0,2025,DOU,29572.0,10.0,0.0,0.0,0.0,0.0,0.0,0.0,0.0,0.0,0.0,0.0,0.0,35000.0,118.35,irara
04/2026,2,NORDESTE,NE,29,BAHIA,BA,291460,IRECE,1.0,2025,DOU,78781.0,23.0,0.0,0.0,0.0,0.0,0.0,0.0,0.0,0.0,0.0,0.0,0.0,80500.0,102.18,irece
04/2026,2,NORDESTE,NE,29,BAHIA,BA,291465,ITABELA,1.0,2025,DOU,29588.0,12.0,0.0,0.0,0.0,0.0,0.0,0.0,0.0,0.0,0.0,0.0,0.0,42000.0,141.94,itabela
04/2026,2,NORDESTE,NE,29,BAHIA,BA,291470,ITABERABA,1.0,2025,DOU,68425.0,22.0,0.0,0.0,0.0,0.0,0.0,0.0,0.0,0.0,0.0,0.0,0.0,77000.0,112.53,itaberaba
04/2026,2,NORDESTE,NE,29,BAHIA,BA,291480,ITABUNA,1.0,2025,DOU,196344.0,53.0,0.0,0.0,0.0,0.0,1.0,113.0,1.0,0.0,0.0,0.0,113.0,185613.0,94.53,itabuna
04/2026,2,NORDESTE,NE,29,BAHIA,BA,291490,ITACARE,3.0,2025,DOU,29496.0,12.0,1.0,0.0,0.0,0.0,0.0,0.0,0.0,0.0,0.0,0.0,0.0,44625.0,151.29,itacare
04/2026,2,NORDESTE,NE,29,BAHIA,BA,291500,ITAETE,3.0,2025,DOU,13775.0,7.0,0.0,0.0,0.0,0.0,0.0,0.0,0.0,0.0,0.0,0.0,0.0,24500.0,177.85,itaete
04/2026,2,NORDESTE,NE,29,BAHIA,BA,291510,ITAGI,2.0,2025,DOU,14347.0,5.0,0.0,0.0,0.0,0.0,0.0,0.0,0.0,0.0,0.0,0.0,0.0,17500.0,121.97,itagi
04/2026,2,NORDESTE,NE,29,BAHIA,BA,291520,ITAGIBA,2.0,2025,DOU,15796.0,6.0,0.0,0.0,0.0,0.0,0.0,0.0,0.0,0.0,0.0,0.0,0.0,21000.0,132.94,itagiba
04/2026,2,NORDESTE,NE,29,BAHIA,BA,291530,ITAGIMIRIM,2.0,2025,DOU,6490.0,3.0,0.0,0.0,0.0,0.0,0.0,0.0,0.0,0.0,0.0,0.0,0.0,10500.0,161.78,itagimirim
04/2026,2,NORDESTE,NE,29,BAHIA,BA,291535,ITAGUACU DA BAHIA,3.0,2025,DOU,12669.0,6.0,1.0,0.0,0.0,0.0,0.0,0.0,0.0,0.0,0.0,0.0,0.0,23625.0,186.47,itaguacu_da_bahia
04/2026,2,NORDESTE,NE,29,BAHIA,BA,291540,ITAJU DO COLONIA,3.0,2025,DOU,6118.0,3.0,0.0,0.0,0.0,0.0,0.0,0.0,0.0,0.0,0.0,0.0,0.0,10500.0,171.62,itaju_do_colonia
04/2026,2,NORDESTE,NE,29,BAHIA,BA,291550,ITAJUIPE,2.0,2025,DOU,19191.0,7.0,1.0,0.0,0.0,0.0,0.0,0.0,0.0,0.0,0.0,0.0,0.0,27125.0,141.34,itajuipe
04/2026,2,NORDESTE,NE,29,BAHIA,BA,291560,ITAMARAJU,1.0,2025,DOU,61999.0,24.0,0.0,0.0,0.0,0.0,0.0,0.0,0.0,0.0,0.0,0.0,0.0,84000.0,135.48,itamaraju
04/2026,2,NORDESTE,NE,29,BAHIA,BA,291570,ITAMARI,2.0,2025,DOU,7187.0,3.0,0.0,0.0,0.0,0.0,0.0,0.0,0.0,0.0,0.0,0.0,0.0,10500.0,146.09,itamari
04/2026,2,NORDESTE,NE,29,BAHIA,BA,291580,ITAMBE,1.0,2025,DOU,25088.0,8.0,0.0,0.0,0.0,0.0,0.0,0.0,0.0,0.0,0.0,0.0,0.0,28000.0,111.6,itambe
04/2026,2,NORDESTE,NE,29,BAHIA,BA,291590,ITANAGRA,3.0,2025,DOU,6078.0,3.0,0.0,0.0,0.0,0.0,0.0,0.0,0.0,0.0,0.0,0.0,0.0,10500.0,172.75,itanagra
04/2026,2,NORDESTE,NE,29,BAHIA,BA,291600,ITANHEM,2.0,2025,DOU,18203.0,8.0,0.0,0.0,0.0,0.0,0.0,0.0,0.0,0.0,0.0,0.0,0.0,28000.0,153.82,itanhem
04/2026,2,NORDESTE,NE,29,BAHIA,BA,291610,ITAPARICA,1.0,2025,DOU,20353.0,9.0,0.0,0.0,0.0,0.0,0.0,0.0,0.0,0.0,0.0,0.0,0.0,31500.0,154.76,itaparica
04/2026,2,NORDESTE,NE,29,BAHIA,BA,291620,ITAPE,3.0,2025,DOU,10649.0,5.0,0.0,0.0,0.0,0.0,0.0,0.0,0.0,0.0,0.0,0.0,0.0,17500.0,164.33,itape
04/2026,2,NORDESTE,NE,29,BAHIA,BA,291630,ITAPEBI,3.0,2025,DOU,9464.0,5.0,0.0,0.0,0.0,0.0,0.0,0.0,0.0,0.0,0.0,0.0,0.0,17500.0,184.91,itapebi
04/2026,2,NORDESTE,NE,29,BAHIA,BA,291640,ITAPETINGA,1.0,2025,DOU,68724.0,19.0,3.0,0.0,0.0,0.0,0.0,0.0,0.0,0.0,0.0,0.0,0.0,74375.0,108.22,itapetinga
04/2026,2,NORDESTE,NE,29,BAHIA,BA,291650,ITAPICURU,3.0,2025,DOU,33284.0,13.0,0.0,0.0,0.0,0.0,0.0,0.0,0.0,0.0,0.0,0.0,0.0,45500.0,136.7,itapicuru
04/2026,2,NORDESTE,NE,29,BAHIA,BA,291660,ITAPITANGA,2.0,2025,DOU,10640.0,4.0,0.0,0.0,0.0,0.0,0.0,0.0,0.0,0.0,0.0,0.0,0.0,14000.0,131.57,itapitanga
04/2026,2,NORDESTE,NE,29,BAHIA,BA,291670,ITAQUARA,3.0,2025,DOU,8464.0,4.0,0.0,0.0,0.0,0.0,0.0,0.0,0.0,0.0,0.0,0.0,0.0,14000.0,165.4,itaquara
04/2026,2,NORDESTE,NE,29,BAHIA,BA,291680,ITARANTIM,1.0,2025,DOU,17485.0,9.0,0.0,0.0,0.0,0.0,0.0,0.0,0.0,0.0,0.0,0.0,0.0,31500.0,180.15,itarantim
04/2026,2,NORDESTE,NE,29,BAHIA,BA,291685,ITATIM,2.0,2025,DOU,16454.0,7.0,0.0,0.0,0.0,0.0,0.0,0.0,0.0,0.0,0.0,0.0,0.0,24500.0,148.89,itatim
04/2026,2,NORDESTE,NE,29,BAHIA,BA,291690,ITIRUCU,2.0,2025,DOU,11211.0,5.0,0.0,0.0,0.0,0.0,0.0,0.0,0.0,0.0,0.0,0.0,0.0,17500.0,156.09,itirucu
04/2026,2,NORDESTE,NE,29,BAHIA,BA,291700,ITIUBA,3.0,2025,DOU,35490.0,13.0,0.0,0.0,0.0,0.0,0.0,0.0,0.0,0.0,0.0,0.0,0.0,45500.0,128.2,itiuba
04/2026,2,NORDESTE,NE,29,BAHIA,BA,291710,ITORORO,1.0,2025,DOU,16849.0,7.0,0.0,0.0,0.0,0.0,0.0,0.0,0.0,0.0,0.0,0.0,0.0,24500.0,145.4,itororo
04/2026,2,NORDESTE,NE,29,BAHIA,BA,291720,ITUACU,3.0,2025,DOU,18506.0,10.0,0.0,0.0,0.0,0.0,0.0,0.0,0.0,0.0,0.0,0.0,0.0,35000.0,189.12,ituacu
04/2026,2,NORDESTE,NE,29,BAHIA,BA,291730,ITUBERA,2.0,2025,DOU,22154.0,11.0,0.0,0.0,0.0,0.0,0.0,0.0,0.0,0.0,0.0,0.0,0.0,38500.0,173.78,itubera
04/2026,2,NORDESTE,NE,29,BAHIA,BA,291733,IUIU,3.0,2025,DOU,11559.0,4.0,0.0,0.0,0.0,0.0,0.0,0.0,0.0,0.0,0.0,0.0,0.0,14000.0,121.11,iuiu
04/2026,2,NORDESTE,NE,29,BAHIA,BA,291735,JABORANDI,3.0,2025,DOU,9600.0,4.0,0.0,0.0,0.0,0.0,0.0,0.0,0.0,0.0,0.0,0.0,0.0,14000.0,145.83,jaborandi
04/2026,2,NORDESTE,NE,29,BAHIA,BA,291740,JACARACI,3.0,2025,DOU,14910.0,7.0,0.0,0.0,0.0,0.0,0.0,0.0,0.0,0.0,0.0,0.0,0.0,24500.0,164.31,jacaraci
04/2026,2,NORDESTE,NE,29,BAHIA,BA,291750,JACOBINA,1.0,2025,DOU,86896.0,29.0,0.0,0.0,0.0,0.0,0.0,0.0,0.0,0.0,0.0,0.0,0.0,101500.0,116.8,jacobina
04/2026,2,NORDESTE,NE,29,BAHIA,BA,291760,JAGUAQUARA,1.0,2025,DOU,47624.0,18.0,0.0,0.0,0.0,0.0,0.0,0.0,0.0,0.0,0.0,0.0,0.0,63000.0,132.28,jaguaquara
04/2026,2,NORDESTE,NE,29,BAHIA,BA,291770,JAGUARARI,3.0,2025,DOU,34528.0,12.0,0.0,0.0,0.0,0.0,0.0,0.0,0.0,0.0,0.0,0.0,0.0,42000.0,121.64,jaguarari
04/2026,2,NORDESTE,NE,29,BAHIA,BA,291780,JAGUARIPE,3.0,2025,DOU,18349.0,8.0,0.0,0.0,0.0,0.0,0.0,0.0,0.0,0.0,0.0,0.0,0.0,28000.0,152.59,jaguaripe
04/2026,2,NORDESTE,NE,29,BAHIA,BA,291790,JANDAIRA,3.0,2025,DOU,9508.0,4.0,0.0,0.0,0.0,0.0,0.0,0.0,0.0,0.0,0.0,0.0,0.0,14000.0,147.24,jandaira
04/2026,2,NORDESTE,NE,29,BAHIA,BA,291800,JEQUIE,1.0,2025,DOU,169201.0,45.0,5.0,5.0,0.0,0.0,1.0,20.0,0.0,0.0,1.0,874.0,894.0,180269.0,106.54,jequie
04/2026,2,NORDESTE,NE,29,BAHIA,BA,291810,JEREMOABO,3.0,2025,DOU,39539.0,14.0,0.0,0.0,0.0,0.0,0.0,0.0,0.0,0.0,0.0,0.0,0.0,49000.0,123.92,jeremoabo
04/2026,2,NORDESTE,NE,29,BAHIA,BA,291820,JIQUIRICA,3.0,2025,DOU,14063.0,7.0,0.0,0.0,0.0,0.0,0.0,0.0,0.0,0.0,0.0,0.0,0.0,24500.0,174.21,jiquirica
04/2026,2,NORDESTE,NE,29,BAHIA,BA,291830,JITAUNA,3.0,2025,DOU,14824.0,6.0,0.0,0.0,0.0,0.0,0.0,0.0,0.0,0.0,0.0,0.0,0.0,21000.0,141.66,jitauna
04/2026,2,NORDESTE,NE,29,BAHIA,BA,291835,JOAO DOURADO,2.0,2025,DOU,25892.0,8.0,0.0,0.0,0.0,0.0,0.0,0.0,0.0,0.0,0.0,0.0,0.0,28000.0,108.14,joao_dourado
04/2026,2,NORDESTE,NE,29,BAHIA,BA,291840,JUAZEIRO,1.0,2025,DOU,256122.0,64.0,5.0,0.0,0.0,0.0,1.0,234.0,1.0,0.0,0.0,0.0,234.0,237359.0,92.67,juazeiro
04/2026,2,NORDESTE,NE,29,BAHIA,BA,291845,JUCURUCU,3.0,2025,DOU,9930.0,5.0,0.0,0.0,0.0,0.0,0.0,0.0,0.0,0.0,0.0,0.0,0.0,17500.0,176.23,jucurucu
04/2026,2,NORDESTE,NE,29,BAHIA,BA,291850,JUSSARA,3.0,2025,DOU,17007.0,6.0,0.0,0.0,0.0,0.0,0.0,0.0,0.0,0.0,0.0,0.0,0.0,21000.0,123.47,jussara
04/2026,2,NORDESTE,NE,29,BAHIA,BA,291855,JUSSARI,3.0,2025,DOU,6048.0,3.0,0.0,0.0,0.0,0.0,0.0,0.0,0.0,0.0,0.0,0.0,0.0,10500.0,173.61,jussari
04/2026,2,NORDESTE,NE,29,BAHIA,BA,291860,JUSSIAPE,3.0,2025,DOU,7567.0,4.0,0.0,0.0,0.0,0.0,0.0,0.0,0.0,0.0,0.0,0.0,0.0,14000.0,185.01,jussiape
04/2026,2,NORDESTE,NE,29,BAHIA,BA,291870,LAFAIETE COUTINHO,3.0,2025,DOU,4228.0,2.0,0.0,0.0,0.0,0.0,0.0,0.0,0.0,0.0,0.0,0.0,0.0,7000.0,165.56,lafaiete_coutinho
04/2026,2,NORDESTE,NE,29,BAHIA,BA,291875,LAGOA REAL,3.0,2025,DOU,14550.0,6.0,0.0,0.0,0.0,0.0,0.0,0.0,0.0,0.0,0.0,0.0,0.0,21000.0,144.32,lagoa_real
04/2026,2,NORDESTE,NE,29,BAHIA,BA,291880,LAJE,3.0,2025,DOU,21705.0,9.0,0.0,0.0,0.0,0.0,0.0,0.0,0.0,0.0,0.0,0.0,0.0,31500.0,145.12,laje
04/2026,2,NORDESTE,NE,29,BAHIA,BA,291890,LAJEDAO,3.0,2025,DOU,3994.0,3.0,0.0,0.0,0.0,0.0,0.0,0.0,0.0,0.0,0.0,0.0,0.0,10500.0,262.89,lajedao
04/2026,2,NORDESTE,NE,29,BAHIA,BA,291900,LAJEDINHO,3.0,2025,DOU,3610.0,1.0,0.0,0.0,0.0,0.0,0.0,0.0,0.0,0.0,0.0,0.0,0.0,3500.0,96.95,lajedinho
04/2026,2,NORDESTE,NE,29,BAHIA,BA,291905,LAJEDO DO TABOCAL,3.0,2025,DOU,7683.0,4.0,0.0,0.0,0.0,0.0,0.0,0.0,0.0,0.0,0.0,0.0,0.0,14000.0,182.22,lajedo_do_tabocal
04/2026,2,NORDESTE,NE,29,BAHIA,BA,291910,LAMARAO,3.0,2025,DOU,9303.0,5.0,0.0,0.0,0.0,0.0,0.0,0.0,0.0,0.0,0.0,0.0,0.0,17500.0,188.11,lamarao
04/2026,2,NORDESTE,NE,29,BAHIA,BA,291915,LAPAO,2.0,2025,DOU,27014.0,12.0,0.0,0.0,0.0,0.0,0.0,0.0,0.0,0.0,0.0,0.0,0.0,42000.0,155.47,lapao
04/2026,2,NORDESTE,NE,29,BAHIA,BA,291920,LAURO DE FREITAS,1.0,2025,DOU,219564.0,42.0,2.0,0.0,0.0,0.0,1.0,291.0,2.0,720.0,0.0,0.0,1011.0,153261.0,69.8,lauro_de_freitas
04/2026,2,NORDESTE,NE,29,BAHIA,BA,291930,LENCOIS,3.0,2025,DOU,11194.0,5.0,0.0,0.0,0.0,0.0,0.0,0.0,0.0,0.0,0.0,0.0,0.0,17500.0,156.33,lencois
04/2026,2,NORDESTE,NE,29,BAHIA,BA,291940,LICINIO DE ALMEIDA,3.0,2025,DOU,12202.0,6.0,0.0,0.0,0.0,0.0,0.0,0.0,0.0,0.0,0.0,0.0,0.0,21000.0,172.1,licinio_de_almeida
04/2026,2,NORDESTE,NE,29,BAHIA,BA,291950,LIVRAMENTO DE NOSSA SENHORA,3.0,2025,DOU,46376.0,14.0,0.0,0.0,0.0,0.0,0.0,0.0,0.0,0.0,0.0,0.0,0.0,49000.0,105.65,livramento_de_nossa_senhora
04/2026,2,NORDESTE,NE,29,BAHIA,BA,291955,LUIS EDUARDO MAGALHAES,1.0,2025,DOU,118382.0,28.0,0.0,0.0,0.0,0.0,1.0,200.0,0.0,0.0,0.0,0.0,200.0,98200.0,82.95,luis_eduardo_magalhaes
04/2026,2,NORDESTE,NE,29,BAHIA,BA,291960,MACAJUBA,3.0,2025,DOU,10740.0,4.0,0.0,0.0,0.0,0.0,0.0,0.0,0.0,0.0,0.0,0.0,0.0,14000.0,130.35,macajuba
04/2026,2,NORDESTE,NE,29,BAHIA,BA,291970,MACARANI,1.0,2025,DOU,22768.0,5.0,1.0,0.0,0.0,0.0,0.0,0.0,0.0,0.0,0.0,0.0,0.0,20125.0,88.39,macarani
04/2026,2,NORDESTE,NE,29,BAHIA,BA,291980,MACAUBAS,5.0,2025,DOU,43653.0,16.0,0.0,0.0,0.0,0.0,0.0,0.0,0.0,0.0,0.0,0.0,0.0,56000.0,128.28,macaubas
04/2026,2,NORDESTE,NE,29,BAHIA,BA,291990,MACURURE,5.0,2025,DOU,7435.0,4.0,0.0,0.0,0.0,0.0,0.0,0.0,0.0,0.0,0.0,0.0,0.0,14000.0,188.29,macurure
04/2026,2,NORDESTE,NE,29,BAHIA,BA,291992,MADRE DE DEUS,1.0,2025,DOU,19224.0,6.0,1.0,0.0,0.0,0.0,0.0,0.0,0.0,0.0,0.0,0.0,0.0,23625.0,122.89,madre_de_deus
04/2026,2,NORDESTE,NE,29,BAHIA,BA,291995,MAETINGA,3.0,2025,DOU,7218.0,5.0,0.0,0.0,0.0,0.0,0.0,0.0,0.0,0.0,0.0,0.0,0.0,17500.0,242.44,maetinga
04/2026,2,NORDESTE,NE,29,BAHIA,BA,292000,MAIQUINIQUE,3.0,2025,DOU,9009.0,5.0,0.0,0.0,0.0,0.0,0.0,0.0,0.0,0.0,0.0,0.0,0.0,17500.0,194.25,maiquinique
04/2026,2,NORDESTE,NE,29,BAHIA,BA,292010,MAIRI,3.0,2025,DOU,18130.0,7.0,2.0,0.0,0.0,0.0,0.0,0.0,0.0,0.0,0.0,0.0,0.0,29750.0,164.09,mairi
04/2026,2,NORDESTE,NE,29,BAHIA,BA,292020,MALHADA,3.0,2025,DOU,15814.0,7.0,0.0,0.0,0.0,0.0,0.0,0.0,0.0,0.0,0.0,0.0,0.0,24500.0,154.92,malhada
04/2026,2,NORDESTE,NE,29,BAHIA,BA,292030,MALHADA DE PEDRAS,3.0,2025,DOU,8982.0,4.0,0.0,0.0,0.0,0.0,0.0,0.0,0.0,0.0,0.0,0.0,0.0,14000.0,155.86,malhada_de_pedras
04/2026,2,NORDESTE,NE,29,BAHIA,BA,292040,MANOEL VITORINO,3.0,2025,DOU,14287.0,6.0,0.0,0.0,0.0,0.0,0.0,0.0,0.0,0.0,0.0,0.0,0.0,21000.0,146.98,manoel_vitorino
04/2026,2,NORDESTE,NE,29,BAHIA,BA,292045,MANSIDAO,5.0,2025,DOU,14542.0,7.0,0.0,0.0,0.0,0.0,0.0,0.0,0.0,0.0,0.0,0.0,0.0,24500.0,168.47,mansidao
04/2026,2,NORDESTE,NE,29,BAHIA,BA,292050,MARACAS,2.0,2025,DOU,29330.0,7.0,0.0,0.0,0.0,0.0,0.0,0.0,0.0,0.0,0.0,0.0,0.0,24500.0,83.53,maracas
04/2026,2,NORDESTE,NE,29,BAHIA,BA,292060,MARAGOGIPE,2.0,2025,DOU,37041.0,14.0,0.0,0.0,0.0,0.0,0.0,0.0,0.0,0.0,0.0,0.0,0.0,49000.0,132.28,maragogipe
04/2026,2,NORDESTE,NE,29,BAHIA,BA,292070,MARAU,3.0,2025,DOU,25804.0,10.0,0.0,0.0,0.0,0.0,0.0,0.0,0.0,0.0,0.0,0.0,0.0,35000.0,135.63,marau
04/2026,2,NORDESTE,NE,29,BAHIA,BA,292080,MARCIONILIO SOUZA,3.0,2025,DOU,9475.0,5.0,0.0,0.0,0.0,0.0,0.0,0.0,0.0,0.0,0.0,0.0,0.0,17500.0,184.69,marcionilio_souza
04/2026,2,NORDESTE,NE,29,BAHIA,BA,292090,MASCOTE,3.0,2025,DOU,13918.0,7.0,0.0,0.0,0.0,0.0,0.0,0.0,0.0,0.0,0.0,0.0,0.0,24500.0,176.03,mascote
04/2026,2,NORDESTE,NE,29,BAHIA,BA,292100,MATA DE SAO JOAO,1.0,2025,DOU,44962.0,18.0,0.0,0.0,0.0,0.0,0.0,0.0,0.0,0.0,0.0,0.0,0.0,63000.0,140.11,mata_de_sao_joao
04/2026,2,NORDESTE,NE,29,BAHIA,BA,292105,MATINA,3.0,2025,DOU,10611.0,4.0,0.0,0.0,0.0,0.0,0.0,0.0,0.0,0.0,0.0,0.0,0.0,14000.0,131.93,matina
04/2026,2,NORDESTE,NE,29,BAHIA,BA,292110,MEDEIROS NETO,2.0,2025,DOU,22801.0,10.0,0.0,0.0,0.0,0.0,0.0,0.0,0.0,0.0,0.0,0.0,0.0,35000.0,153.5,medeiros_neto
04/2026,2,NORDESTE,NE,29,BAHIA,BA,292120,MIGUEL CALMON,2.0,2025,DOU,25263.0,11.0,0.0,0.0,0.0,0.0,0.0,0.0,0.0,0.0,0.0,0.0,0.0,38500.0,152.39,miguel_calmon
04/2026,2,NORDESTE,NE,29,BAHIA,BA,292130,MILAGRES,3.0,2025,DOU,11436.0,4.0,0.0,0.0,0.0,0.0,0.0,0.0,0.0,0.0,0.0,0.0,0.0,14000.0,122.42,milagres
04/2026,2,NORDESTE,NE,29,BAHIA,BA,292140,MIRANGABA,3.0,2025,DOU,16167.0,9.0,0.0,0.0,0.0,0.0,0.0,0.0,0.0,0.0,0.0,0.0,0.0,31500.0,194.84,mirangaba
04/2026,2,NORDESTE,NE,29,BAHIA,BA,292145,MIRANTE,3.0,2025,DOU,10526.0,5.0,0.0,0.0,0.0,0.0,0.0,0.0,0.0,0.0,0.0,0.0,0.0,17500.0,166.25,mirante
04/2026,2,NORDESTE,NE,29,BAHIA,BA,292150,MONTE SANTO,3.0,2025,DOU,49807.0,18.0,0.0,0.0,0.0,0.0,0.0,0.0,0.0,0.0,0.0,0.0,0.0,63000.0,126.48,monte_santo
04/2026,2,NORDESTE,NE,29,BAHIA,BA,292160,MORPARA,5.0,2025,DOU,8220.0,4.0,0.0,0.0,0.0,0.0,0.0,0.0,0.0,0.0,0.0,0.0,0.0,14000.0,170.31,morpara
04/2026,2,NORDESTE,NE,29,BAHIA,BA,292170,MORRO DO CHAPEU,3.0,2025,DOU,35235.0,18.0,0.0,0.0,0.0,0.0,0.0,0.0,0.0,0.0,0.0,0.0,0.0,63000.0,178.79,morro_do_chapeu
04/2026,2,NORDESTE,NE,29,BAHIA,BA,292180,MORTUGABA,3.0,2025,DOU,11477.0,6.0,0.0,0.0,0.0,0.0,0.0,0.0,0.0,0.0,0.0,0.0,0.0,21000.0,182.97,mortugaba
04/2026,2,NORDESTE,NE,29,BAHIA,BA,292190,MUCUGE,3.0,2025,DOU,12712.0,6.0,0.0,0.0,0.0,0.0,0.0,0.0,0.0,0.0,0.0,0.0,0.0,21000.0,165.19,mucuge
04/2026,2,NORDESTE,NE,29,BAHIA,BA,292200,MUCURI,2.0,2025,DOU,40114.0,15.0,1.0,0.0,0.0,0.0,0.0,0.0,0.0,0.0,0.0,0.0,0.0,55125.0,137.42,mucuri
04/2026,2,NORDESTE,NE,29,BAHIA,BA,292205,MULUNGU DO MORRO,3.0,2025,DOU,13648.0,1.0,0.0,0.0,0.0,0.0,0.0,0.0,0.0,0.0,0.0,0.0,0.0,3500.0,25.64,mulungu_do_morro
04/2026,2,NORDESTE,NE,29,BAHIA,BA,292210,MUNDO NOVO,3.0,2025,DOU,17197.0,8.0,0.0,0.0,0.0,0.0,0.0,0.0,0.0,0.0,0.0,0.0,0.0,28000.0,162.81,mundo_novo
04/2026,2,NORDESTE,NE,29,BAHIA,BA,292220,MUNIZ FERREIRA,3.0,2025,DOU,7453.0,3.0,2.0,0.0,0.0,0.0,0.0,0.0,0.0,0.0,0.0,0.0,0.0,15750.0,211.32,muniz_ferreira
04/2026,2,NORDESTE,NE,29,BAHIA,BA,292225,MUQUEM DE SAO FRANCISCO,3.0,2025,DOU,10803.0,5.0,0.0,0.0,0.0,0.0,0.0,0.0,0.0,0.0,0.0,0.0,0.0,17500.0,161.99,muquem_de_sao_francisco
04/2026,2,NORDESTE,NE,29,BAHIA,BA,292230,MURITIBA,1.0,2025,DOU,30180.0,10.0,0.0,0.0,0.0,0.0,0.0,0.0,0.0,0.0,0.0,0.0,0.0,35000.0,115.97,muritiba
04/2026,2,NORDESTE,NE,29,BAHIA,BA,292240,MUTUIPE,3.0,2025,DOU,20590.0,7.0,1.0,0.0,0.0,0.0,0.0,0.0,0.0,0.0,0.0,0.0,0.0,27125.0,131.73,mutuipe
04/2026,2,NORDESTE,NE,29,BAHIA,BA,292250,NAZARE,1.0,2025,DOU,28427.0,12.0,0.0,0.0,0.0,0.0,0.0,0.0,0.0,0.0,0.0,0.0,0.0,42000.0,147.74,nazare
04/2026,2,NORDESTE,NE,29,BAHIA,BA,292260,NILO PECANHA,3.0,2025,DOU,12399.0,6.0,0.0,0.0,0.0,0.0,0.0,0.0,0.0,0.0,0.0,0.0,0.0,21000.0,169.36,nilo_pecanha
04/2026,2,NORDESTE,NE,29,BAHIA,BA,292265,NORDESTINA,3.0,2025,DOU,19711.0,6.0,0.0,0.0,0.0,0.0,0.0,0.0,0.0,0.0,0.0,0.0,0.0,21000.0,106.53,nordestina
04/2026,2,NORDESTE,NE,29,BAHIA,BA,292270,NOVA CANAA,3.0,2025,DOU,13970.0,7.0,2.0,0.0,0.0,0.0,0.0,0.0,0.0,0.0,0.0,0.0,0.0,29750.0,212.95,nova_canaa
04/2026,2,NORDESTE,NE,29,BAHIA,BA,292273,NOVA FATIMA,3.0,2025,DOU,8283.0,4.0,0.0,0.0,0.0,0.0,0.0,0.0,0.0,0.0,0.0,0.0,0.0,14000.0,169.02,nova_fatima
04/2026,2,NORDESTE,NE,29,BAHIA,BA,292275,NOVA IBIA,3.0,2025,DOU,6696.0,3.0,0.0,0.0,0.0,0.0,0.0,0.0,0.0,0.0,0.0,0.0,0.0,10500.0,156.81,nova_ibia
04/2026,2,NORDESTE,NE,29,BAHIA,BA,292280,NOVA ITARANA,3.0,2025,DOU,8073.0,4.0,0.0,0.0,0.0,0.0,0.0,0.0,0.0,0.0,0.0,0.0,0.0,14000.0,173.41,nova_itarana
04/2026,2,NORDESTE,NE,29,BAHIA,BA,292285,NOVA REDENCAO,3.0,2025,DOU,7670.0,5.0,0.0,0.0,0.0,0.0,0.0,0.0,0.0,0.0,0.0,0.0,0.0,17500.0,228.16,nova_redencao
04/2026,2,NORDESTE,NE,29,BAHIA,BA,292290,NOVA SOURE,3.0,2025,DOU,24865.0,12.0,0.0,0.0,0.0,0.0,0.0,0.0,0.0,0.0,0.0,0.0,0.0,42000.0,168.91,nova_soure
04/2026,2,NORDESTE,NE,29,BAHIA,BA,292300,NOVA VICOSA,1.0,2025,DOU,41629.0,12.0,0.0,0.0,0.0,0.0,0.0,0.0,0.0,0.0,0.0,0.0,0.0,42000.0,100.89,nova_vicosa
04/2026,2,NORDESTE,NE,29,BAHIA,BA,292303,NOVO HORIZONTE,5.0,2025,DOU,11586.0,6.0,0.0,0.0,0.0,0.0,0.0,0.0,0.0,0.0,0.0,0.0,0.0,21000.0,181.25,novo_horizonte
04/2026,2,NORDESTE,NE,29,BAHIA,BA,292305,NOVO TRIUNFO,3.0,2025,DOU,11060.0,6.0,1.0,0.0,0.0,0.0,0.0,0.0,0.0,0.0,0.0,0.0,0.0,23625.0,213.6,novo_triunfo
04/2026,2,NORDESTE,NE,29,BAHIA,BA,292310,OLINDINA,2.0,2025,DOU,22956.0,7.0,0.0,0.0,0.0,0.0,0.0,0.0,0.0,0.0,0.0,0.0,0.0,24500.0,106.72,olindina
04/2026,2,NORDESTE,NE,29,BAHIA,BA,292320,OLIVEIRA DOS BREJINHOS,5.0,2025,DOU,21323.0,9.0,0.0,0.0,0.0,0.0,0.0,0.0,0.0,0.0,0.0,0.0,0.0,31500.0,147.72,oliveira_dos_brejinhos
04/2026,2,NORDESTE,NE,29,BAHIA,BA,292330,OURICANGAS,3.0,2025,DOU,7925.0,4.0,0.0,0.0,0.0,0.0,0.0,0.0,0.0,0.0,0.0,0.0,0.0,14000.0,176.65,ouricangas
04/2026,2,NORDESTE,NE,29,BAHIA,BA,292335,OUROLANDIA,3.0,2025,DOU,20141.0,8.0,0.0,0.0,0.0,0.0,0.0,0.0,0.0,0.0,0.0,0.0,0.0,28000.0,139.01,ourolandia
04/2026,2,NORDESTE,NE,29,BAHIA,BA,292340,PALMAS DE MONTE ALTO,3.0,2025,DOU,20666.0,8.0,1.0,1.0,0.0,0.0,0.0,0.0,0.0,0.0,0.0,0.0,0.0,32375.0,156.65,palmas_de_monte_alto
04/2026,2,NORDESTE,NE,29,BAHIA,BA,292350,PALMEIRAS,3.0,2025,DOU,10894.0,4.0,0.0,0.0,0.0,0.0,0.0,0.0,0.0,0.0,0.0,0.0,0.0,14000.0,128.51,palmeiras
04/2026,2,NORDESTE,NE,29,BAHIA,BA,292360,PARAMIRIM,3.0,2025,DOU,21025.0,13.0,0.0,0.0,0.0,0.0,0.0,0.0,0.0,0.0,0.0,0.0,0.0,45500.0,216.4,paramirim
04/2026,2,NORDESTE,NE,29,BAHIA,BA,292370,PARATINGA,3.0,2025,DOU,30680.0,12.0,0.0,0.0,0.0,0.0,0.0,0.0,0.0,0.0,0.0,0.0,0.0,42000.0,136.89,paratinga
04/2026,2,NORDESTE,NE,29,BAHIA,BA,292380,PARIPIRANGA,3.0,2025,DOU,27860.0,10.0,0.0,0.0,0.0,0.0,0.0,0.0,0.0,0.0,0.0,0.0,0.0,35000.0,125.62,paripiranga
04/2026,2,NORDESTE,NE,29,BAHIA,BA,292390,PAU BRASIL,3.0,2025,DOU,9537.0,5.0,0.0,0.0,0.0,0.0,0.0,0.0,0.0,0.0,0.0,0.0,0.0,17500.0,183.49,pau_brasil
04/2026,2,NORDESTE,NE,29,BAHIA,BA,292400,PAULO AFONSO,1.0,2025,DOU,119418.0,26.0,1.0,1.0,0.0,0.0,0.0,0.0,2.0,653.0,0.0,0.0,653.0,96028.0,80.41,paulo_afonso
04/2026,2,NORDESTE,NE,29,BAHIA,BA,292405,PE DE SERRA,3.0,2025,DOU,13677.0,6.0,0.0,0.0,0.0,0.0,0.0,0.0,0.0,0.0,0.0,0.0,0.0,21000.0,153.54,pe_de_serra
04/2026,2,NORDESTE,NE,29,BAHIA,BA,292410,PEDRAO,3.0,2025,DOU,6403.0,3.0,1.0,0.0,0.0,0.0,0.0,0.0,0.0,0.0,0.0,0.0,0.0,13125.0,204.98,pedrao
04/2026,2,NORDESTE,NE,29,BAHIA,BA,292420,PEDRO ALEXANDRE,3.0,2025,DOU,14226.0,6.0,0.0,0.0,0.0,0.0,0.0,0.0,0.0,0.0,0.0,0.0,0.0,21000.0,147.61,pedro_alexandre
04/2026,2,NORDESTE,NE,29,BAHIA,BA,292430,PIATA,5.0,2025,DOU,20938.0,7.0,0.0,0.0,0.0,0.0,0.0,0.0,0.0,0.0,0.0,0.0,0.0,24500.0,117.01,piata
04/2026,2,NORDESTE,NE,29,BAHIA,BA,292440,PILAO ARCADO,5.0,2025,DOU,37388.0,9.0,0.0,3.0,0.0,0.0,0.0,0.0,0.0,0.0,0.0,0.0,0.0,36750.0,98.29,pilao_arcado
04/2026,2,NORDESTE,NE,29,BAHIA,BA,292450,PINDAI,3.0,2025,DOU,15125.0,7.0,1.0,0.0,0.0,0.0,0.0,0.0,0.0,0.0,0.0,0.0,0.0,27125.0,179.33,pindai
04/2026,2,NORDESTE,NE,29,BAHIA,BA,292460,PINDOBACU,2.0,2025,DOU,19601.0,10.0,0.0,0.0,0.0,0.0,0.0,0.0,0.0,0.0,0.0,0.0,0.0,35000.0,178.56,pindobacu
04/2026,2,NORDESTE,NE,29,BAHIA,BA,292465,PINTADAS,3.0,2025,DOU,10654.0,5.0,0.0,0.0,0.0,0.0,0.0,0.0,0.0,0.0,0.0,0.0,0.0,17500.0,164.25,pintadas
04/2026,2,NORDESTE,NE,29,BAHIA,BA,292467,PIRAI DO NORTE,3.0,2025,DOU,11481.0,5.0,0.0,0.0,0.0,0.0,0.0,0.0,0.0,0.0,0.0,0.0,0.0,17500.0,152.42,pirai_do_norte
04/2026,2,NORDESTE,NE,29,BAHIA,BA,292470,PIRIPA,3.0,2025,DOU,9143.0,6.0,0.0,0.0,0.0,0.0,0.0,0.0,0.0,0.0,0.0,0.0,0.0,21000.0,229.68,piripa
04/2026,2,NORDESTE,NE,29,BAHIA,BA,292480,PIRITIBA,2.0,2025,DOU,17697.0,7.0,0.0,0.0,0.0,0.0,0.0,0.0,0.0,0.0,0.0,0.0,0.0,24500.0,138.44,piritiba
04/2026,2,NORDESTE,NE,29,BAHIA,BA,292490,PLANALTINO,3.0,2025,DOU,8239.0,4.0,1.0,0.0,0.0,0.0,0.0,0.0,0.0,0.0,0.0,0.0,0.0,16625.0,201.78,planaltino
04/2026,2,NORDESTE,NE,29,BAHIA,BA,292500,PLANALTO,3.0,2025,DOU,24026.0,10.0,0.0,0.0,0.0,0.0,0.0,0.0,0.0,0.0,0.0,0.0,0.0,35000.0,145.67,planalto
04/2026,2,NORDESTE,NE,29,BAHIA,BA,292510,POCOES,1.0,2025,DOU,50773.0,15.0,0.0,0.0,0.0,0.0,0.0,0.0,0.0,0.0,0.0,0.0,0.0,52500.0,103.4,pocoes
04/2026,2,NORDESTE,NE,29,BAHIA,BA,292520,POJUCA,1.0,2025,DOU,33573.0,13.0,0.0,0.0,0.0,0.0,0.0,0.0,0.0,0.0,0.0,0.0,0.0,45500.0,135.52,pojuca
04/2026,2,NORDESTE,NE,29,BAHIA,BA,292525,PONTO NOVO,3.0,2025,DOU,18763.0,9.0,0.0,0.0,0.0,0.0,0.0,0.0,0.0,0.0,0.0,0.0,0.0,31500.0,167.88,ponto_novo
04/2026,2,NORDESTE,NE,29,BAHIA,BA,292530,PORTO SEGURO,1.0,2025,DOU,182630.0,47.0,0.0,0.0,0.0,0.0,1.0,415.0,0.0,0.0,0.0,0.0,415.0,164915.0,90.3,porto_seguro
04/2026,2,NORDESTE,NE,29,BAHIA,BA,292540,POTIRAGUA,3.0,2025,DOU,10651.0,4.0,0.0,0.0,0.0,0.0,0.0,0.0,0.0,0.0,0.0,0.0,0.0,14000.0,131.44,potiragua
04/2026,2,NORDESTE,NE,29,BAHIA,BA,292550,PRADO,3.0,2025,DOU,37533.0,12.0,0.0,0.0,0.0,0.0,1.0,48.0,0.0,0.0,0.0,0.0,48.0,42048.0,112.02,prado
04/2026,2,NORDESTE,NE,29,BAHIA,BA,292560,PRESIDENTE DUTRA,3.0,2025,DOU,15677.0,6.0,0.0,0.0,0.0,0.0,0.0,0.0,0.0,0.0,0.0,0.0,0.0,21000.0,133.95,presidente_dutra
04/2026,2,NORDESTE,NE,29,BAHIA,BA,292570,PRESIDENTE JANIO QUADROS,3.0,2025,DOU,12963.0,8.0,0.0,0.0,0.0,0.0,0.0,0.0,0.0,0.0,0.0,0.0,0.0,28000.0,215.99,presidente_janio_quadros
04/2026,2,NORDESTE,NE,29,BAHIA,BA,292575,PRESIDENTE TANCREDO NEVES,3.0,2025,DOU,29489.0,10.0,0.0,0.0,0.0,0.0,0.0,0.0,0.0,0.0,0.0,0.0,0.0,35000.0,118.68,presidente_tancredo_neves
04/2026,2,NORDESTE,NE,29,BAHIA,BA,292580,QUEIMADAS,3.0,2025,DOU,27429.0,8.0,0.0,0.0,0.0,0.0,0.0,0.0,0.0,0.0,0.0,0.0,0.0,28000.0,102.08,queimadas
04/2026,2,NORDESTE,NE,29,BAHIA,BA,292590,QUIJINGUE,3.0,2025,DOU,26443.0,11.0,0.0,0.0,0.0,0.0,0.0,0.0,0.0,0.0,0.0,0.0,0.0,38500.0,145.59,quijingue
04/2026,2,NORDESTE,NE,29,BAHIA,BA,292593,QUIXABEIRA,3.0,2025,DOU,9839.0,4.0,0.0,0.0,0.0,0.0,0.0,0.0,0.0,0.0,0.0,0.0,0.0,14000.0,142.29,quixabeira
04/2026,2,NORDESTE,NE,29,BAHIA,BA,292595,RAFAEL JAMBEIRO,3.0,2025,DOU,20081.0,10.0,0.0,0.0,0.0,0.0,0.0,0.0,0.0,0.0,0.0,0.0,0.0,35000.0,174.29,rafael_jambeiro
04/2026,2,NORDESTE,NE,29,BAHIA,BA,292600,REMANSO,2.0,2025,DOU,42855.0,14.0,0.0,0.0,0.0,0.0,0.0,0.0,0.0,0.0,0.0,0.0,0.0,49000.0,114.33,remanso
04/2026,2,NORDESTE,NE,29,BAHIA,BA,292610,RETIROLANDIA,3.0,2025,DOU,14174.0,7.0,0.0,0.0,0.0,0.0,0.0,0.0,0.0,0.0,0.0,0.0,0.0,24500.0,172.85,retirolandia
04/2026,2,NORDESTE,NE,29,BAHIA,BA,292620,RIACHAO DAS NEVES,3.0,2025,DOU,22329.0,10.0,0.0,0.0,0.0,0.0,0.0,0.0,0.0,0.0,0.0,0.0,0.0,35000.0,156.74,riachao_das_neves
04/2026,2,NORDESTE,NE,29,BAHIA,BA,292630,RIACHAO DO JACUIPE,2.0,2025,DOU,35188.0,13.0,1.0,0.0,0.0,0.0,0.0,0.0,0.0,0.0,0.0,0.0,0.0,48125.0,136.76,riachao_do_jacuipe
04/2026,2,NORDESTE,NE,29,BAHIA,BA,292640,RIACHO DE SANTANA,3.0,2025,DOU,32060.0,12.0,0.0,0.0,0.0,0.0,0.0,0.0,0.0,0.0,0.0,0.0,0.0,42000.0,131.0,riacho_de_santana
04/2026,2,NORDESTE,NE,29,BAHIA,BA,292650,RIBEIRA DO AMPARO,3.0,2025,DOU,14528.0,6.0,0.0,0.0,0.0,0.0,0.0,0.0,0.0,0.0,0.0,0.0,0.0,21000.0,144.54,ribeira_do_amparo
04/2026,2,NORDESTE,NE,29,BAHIA,BA,292660,RIBEIRA DO POMBAL,1.0,2025,DOU,56316.0,18.0,0.0,0.0,0.0,0.0,0.0,0.0,0.0,0.0,0.0,0.0,0.0,63000.0,111.86,ribeira_do_pombal
04/2026,2,NORDESTE,NE,29,BAHIA,BA,292665,RIBEIRAO DO LARGO,3.0,2025,DOU,10029.0,4.0,0.0,0.0,0.0,0.0,0.0,0.0,0.0,0.0,0.0,0.0,0.0,14000.0,139.59,ribeirao_do_largo
04/2026,2,NORDESTE,NE,29,BAHIA,BA,292670,RIO DE CONTAS,3.0,2025,DOU,13634.0,6.0,0.0,0.0,0.0,0.0,0.0,0.0,0.0,0.0,0.0,0.0,0.0,21000.0,154.02,rio_de_contas
04/2026,2,NORDESTE,NE,29,BAHIA,BA,292680,RIO DO ANTONIO,3.0,2025,DOU,13495.0,6.0,0.0,0.0,0.0,0.0,0.0,0.0,0.0,0.0,0.0,0.0,0.0,21000.0,155.61,rio_do_antonio
04/2026,2,NORDESTE,NE,29,BAHIA,BA,292690,RIO DO PIRES,5.0,2025,DOU,10781.0,6.0,0.0,0.0,0.0,0.0,0.0,0.0,0.0,0.0,0.0,0.0,0.0,21000.0,194.78,rio_do_pires
04/2026,2,NORDESTE,NE,29,BAHIA,BA,292700,RIO REAL,2.0,2025,DOU,36966.0,11.0,0.0,0.0,0.0,0.0,0.0,0.0,0.0,0.0,0.0,0.0,0.0,38500.0,104.14,rio_real
04/2026,2,NORDESTE,NE,29,BAHIA,BA,292710,RODELAS,2.0,2025,DOU,10884.0,4.0,0.0,0.0,0.0,0.0,0.0,0.0,0.0,0.0,0.0,0.0,0.0,14000.0,128.62,rodelas
04/2026,2,NORDESTE,NE,29,BAHIA,BA,292720,RUY BARBOSA,2.0,2025,DOU,29590.0,10.0,0.0,0.0,0.0,0.0,0.0,0.0,0.0,0.0,0.0,0.0,0.0,35000.0,118.28,ruy_barbosa
04/2026,2,NORDESTE,NE,29,BAHIA,BA,292730,SALINAS DA MARGARIDA,3.0,2025,DOU,15629.0,6.0,0.0,0.0,0.0,0.0,0.0,0.0,0.0,0.0,0.0,0.0,0.0,21000.0,134.36,salinas_da_margarida
04/2026,2,NORDESTE,NE,29,BAHIA,BA,292740,SALVADOR,1.0,2025,DOU,2564204.0,386.0,61.0,54.0,0.0,0.0,5.0,1226.0,15.0,1756.0,3.0,3880.0,6862.0,1612487.0,62.88,salvador
04/2026,2,NORDESTE,NE,29,BAHIA,BA,292750,SANTA BARBARA,3.0,2025,DOU,21787.0,7.0,1.0,0.0,0.0,0.0,0.0,0.0,0.0,0.0,0.0,0.0,0.0,27125.0,124.5,santa_barbara
04/2026,2,NORDESTE,NE,29,BAHIA,BA,292760,SANTA BRIGIDA,3.0,2025,DOU,15417.0,7.0,0.0,0.0,0.0,0.0,0.0,0.0,0.0,0.0,0.0,0.0,0.0,24500.0,158.91,santa_brigida
04/2026,2,NORDESTE,NE,29,BAHIA,BA,292770,SANTA CRUZ CABRALIA,2.0,2025,DOU,31007.0,12.0,0.0,0.0,0.0,0.0,0.0,0.0,0.0,0.0,0.0,0.0,0.0,42000.0,135.45,santa_cruz_cabralia
04/2026,2,NORDESTE,NE,29,BAHIA,BA,292780,SANTA CRUZ DA VITORIA,2.0,2025,DOU,4663.0,2.0,0.0,0.0,0.0,0.0,0.0,0.0,0.0,0.0,0.0,0.0,0.0,7000.0,150.11,santa_cruz_da_vitoria
04/2026,2,NORDESTE,NE,29,BAHIA,BA,292790,SANTA INES,2.0,2025,DOU,10625.0,5.0,0.0,0.0,0.0,0.0,0.0,0.0,0.0,0.0,0.0,0.0,0.0,17500.0,164.7,santa_ines
04/2026,2,NORDESTE,NE,29,BAHIA,BA,292805,SANTA LUZIA,3.0,2025,DOU,14392.0,5.0,0.0,0.0,0.0,0.0,0.0,0.0,0.0,0.0,0.0,0.0,0.0,17500.0,121.59,santa_luzia
04/2026,2,NORDESTE,NE,29,BAHIA,BA,292810,SANTA MARIA DA VITORIA,1.0,2025,DOU,40474.0,14.0,0.0,0.0,0.0,0.0,0.0,0.0,0.0,0.0,0.0,0.0,0.0,49000.0,121.06,santa_maria_da_vitoria
04/2026,2,NORDESTE,NE,29,BAHIA,BA,292840,SANTA RITA DE CASSIA,2.0,2025,DOU,28890.0,10.0,0.0,0.0,0.0,0.0,0.0,0.0,0.0,0.0,0.0,0.0,0.0,35000.0,121.14,santa_rita_de_cassia
04/2026,2,NORDESTE,NE,29,BAHIA,BA,292850,SANTA TEREZINHA,3.0,2025,DOU,10882.0,5.0,0.0,0.0,0.0,0.0,0.0,0.0,0.0,0.0,0.0,0.0,0.0,17500.0,160.81,santa_terezinha
04/2026,2,NORDESTE,NE,29,BAHIA,BA,292800,SANTALUZ,2.0,2025,DOU,40066.0,13.0,1.0,1.0,0.0,0.0,0.0,0.0,0.0,0.0,0.0,0.0,0.0,49875.0,124.48,santaluz
04/2026,2,NORDESTE,NE,29,BAHIA,BA,292820,SANTANA,3.0,2025,DOU,25521.0,9.0,0.0,0.0,0.0,0.0,0.0,0.0,0.0,0.0,0.0,0.0,0.0,31500.0,123.42,santana
04/2026,2,NORDESTE,NE,29,BAHIA,BA,292830,SANTANOPOLIS,3.0,2025,DOU,9035.0,4.0,0.0,0.0,0.0,0.0,0.0,0.0,0.0,0.0,0.0,0.0,0.0,14000.0,154.95,santanopolis
04/2026,2,NORDESTE,NE,29,BAHIA,BA,292860,SANTO AMARO,1.0,2025,DOU,58398.0,17.0,0.0,0.0,0.0,0.0,0.0,0.0,0.0,0.0,0.0,0.0,0.0,59500.0,101.88,santo_amaro
04/2026,2,NORDESTE,NE,29,BAHIA,BA,292870,SANTO ANTONIO DE JESUS,1.0,2025,DOU,109791.0,34.0,3.0,1.0,0.0,0.0,0.0,0.0,0.0,0.0,0.0,0.0,0.0,128625.0,117.15,santo_antonio_de_jesus
04/2026,2,NORDESTE,NE,29,BAHIA,BA,292880,SANTO ESTEVAO,2.0,2025,DOU,55146.0,17.0,0.0,0.0,0.0,0.0,0.0,0.0,0.0,0.0,0.0,0.0,0.0,59500.0,107.89,santo_estevao
04/2026,2,NORDESTE,NE,29,BAHIA,BA,292890,SAO DESIDERIO,3.0,2025,DOU,34982.0,13.0,1.0,0.0,0.0,0.0,0.0,0.0,0.0,0.0,0.0,0.0,0.0,48125.0,137.57,sao_desiderio
04/2026,2,NORDESTE,NE,29,BAHIA,BA,292895,SAO DOMINGOS,3.0,2025,DOU,8690.0,5.0,0.0,0.0,0.0,0.0,0.0,0.0,0.0,0.0,0.0,0.0,0.0,17500.0,201.38,sao_domingos
04/2026,2,NORDESTE,NE,29,BAHIA,BA,292910,SAO FELIPE,3.0,2025,DOU,20923.0,6.0,1.0,0.0,0.0,0.0,0.0,0.0,0.0,0.0,0.0,0.0,0.0,23625.0,112.91,sao_felipe
04/2026,2,NORDESTE,NE,29,BAHIA,BA,292900,SAO FELIX,1.0,2025,DOU,11102.0,6.0,0.0,0.0,0.0,0.0,0.0,0.0,0.0,0.0,0.0,0.0,0.0,21000.0,189.15,sao_felix
04/2026,2,NORDESTE,NE,29,BAHIA,BA,292905,SAO FELIX DO CORIBE,1.0,2025,DOU,15780.0,7.0,0.0,0.0,0.0,0.0,0.0,0.0,0.0,0.0,0.0,0.0,0.0,24500.0,155.25,sao_felix_do_coribe
04/2026,2,NORDESTE,NE,29,BAHIA,BA,292920,SAO FRANCISCO DO CONDE,1.0,2025,DOU,41110.0,16.0,0.0,0.0,0.0,0.0,0.0,0.0,0.0,0.0,0.0,0.0,0.0,56000.0,136.21,sao_francisco_do_conde
04/2026,2,NORDESTE,NE,29,BAHIA,BA,292925,SAO GABRIEL,3.0,2025,DOU,19229.0,7.0,0.0,0.0,0.0,0.0,0.0,0.0,0.0,0.0,0.0,0.0,0.0,24500.0,127.41,sao_gabriel
04/2026,2,NORDESTE,NE,29,BAHIA,BA,292930,SAO GONCALO DOS CAMPOS,2.0,2025,DOU,42171.0,11.0,0.0,0.0,0.0,0.0,0.0,0.0,0.0,0.0,0.0,0.0,0.0,38500.0,91.29,sao_goncalo_dos_campos
04/2026,2,NORDESTE,NE,29,BAHIA,BA,292935,SAO JOSE DA VITORIA,3.0,2025,DOU,5432.0,3.0,0.0,0.0,0.0,0.0,0.0,0.0,0.0,0.0,0.0,0.0,0.0,10500.0,193.29,sao_jose_da_vitoria
04/2026,2,NORDESTE,NE,29,BAHIA,BA,292937,SAO JOSE DO JACUIPE,3.0,2025,DOU,10576.0,5.0,0.0,0.0,0.0,0.0,0.0,0.0,0.0,0.0,0.0,0.0,0.0,17500.0,165.46,sao_jose_do_jacuipe
04/2026,2,NORDESTE,NE,29,BAHIA,BA,292940,SAO MIGUEL DAS MATAS,3.0,2025,DOU,10615.0,5.0,2.0,0.0,0.0,0.0,0.0,0.0,0.0,0.0,0.0,0.0,0.0,22750.0,214.31,sao_miguel_das_matas
04/2026,2,NORDESTE,NE,29,BAHIA,BA,292950,SAO SEBASTIAO DO PASSE,1.0,2025,DOU,42944.0,16.0,0.0,0.0,0.0,0.0,0.0,0.0,0.0,0.0,0.0,0.0,0.0,56000.0,130.4,sao_sebastiao_do_passe
04/2026,2,NORDESTE,NE,29,BAHIA,BA,292960,SAPEACU,3.0,2025,DOU,18656.0,8.0,0.0,2.0,0.0,0.0,0.0,0.0,0.0,0.0,0.0,0.0,0.0,31500.0,168.84,sapeacu
04/2026,2,NORDESTE,NE,29,BAHIA,BA,292970,SATIRO DIAS,3.0,2025,DOU,16476.0,8.0,0.0,0.0,0.0,0.0,0.0,0.0,0.0,0.0,0.0,0.0,0.0,28000.0,169.94,satiro_dias
04/2026,2,NORDESTE,NE,29,BAHIA,BA,292975,SAUBARA,3.0,2025,DOU,11859.0,5.0,0.0,0.0,0.0,0.0,0.0,0.0,0.0,0.0,0.0,0.0,0.0,17500.0,147.56,saubara
04/2026,2,NORDESTE,NE,29,BAHIA,BA,292980,SAUDE,3.0,2025,DOU,10661.0,5.0,0.0,0.0,0.0,0.0,0.0,0.0,0.0,0.0,0.0,0.0,0.0,17500.0,164.14,saude
04/2026,2,NORDESTE,NE,29,BAHIA,BA,292990,SEABRA,3.0,2025,DOU,48721.0,12.0,0.0,0.0,0.0,0.0,0.0,0.0,0.0,0.0,0.0,0.0,0.0,42000.0,86.2,seabra
04/2026,2,NORDESTE,NE,29,BAHIA,BA,293000,SEBASTIAO LARANJEIRAS,3.0,2025,DOU,9581.0,5.0,0.0,0.0,0.0,0.0,0.0,0.0,0.0,0.0,0.0,0.0,0.0,17500.0,182.65,sebastiao_laranjeiras
04/2026,2,NORDESTE,NE,29,BAHIA,BA,293010,SENHOR DO BONFIM,1.0,2025,DOU,78090.0,21.0,0.0,2.0,0.0,0.0,0.0,0.0,0.0,0.0,0.0,0.0,0.0,77000.0,98.6,senhor_do_bonfim
04/2026,2,NORDESTE,NE,29,BAHIA,BA,293020,SENTO SE,3.0,2025,DOU,40232.0,12.0,0.0,0.0,0.0,0.0,0.0,0.0,0.0,0.0,0.0,0.0,0.0,42000.0,104.39,sento_se
04/2026,2,NORDESTE,NE,29,BAHIA,BA,293015,SERRA DO RAMALHO,3.0,2025,DOU,36252.0,11.0,1.0,0.0,0.0,0.0,0.0,0.0,0.0,0.0,0.0,0.0,0.0,41125.0,113.44,serra_do_ramalho
04/2026,2,NORDESTE,NE,29,BAHIA,BA,293030,SERRA DOURADA,3.0,2025,DOU,17574.0,8.0,0.0,0.0,0.0,0.0,0.0,0.0,0.0,0.0,0.0,0.0,0.0,28000.0,159.32,serra_dourada
04/2026,2,NORDESTE,NE,29,BAHIA,BA,293040,SERRA PRETA,3.0,2025,DOU,18754.0,7.0,0.0,0.0,0.0,0.0,1.0,4.0,0.0,0.0,0.0,0.0,4.0,24504.0,130.66,serra_preta
04/2026,2,NORDESTE,NE,29,BAHIA,BA,293050,SERRINHA,1.0,2025,DOU,84690.0,26.0,0.0,0.0,0.0,0.0,1.0,0.0,1.0,318.0,0.0,0.0,318.0,91318.0,107.82,serrinha
04/2026,2,NORDESTE,NE,29,BAHIA,BA,293060,SERROLANDIA,3.0,2025,DOU,13863.0,5.0,0.0,0.0,0.0,0.0,0.0,0.0,0.0,0.0,0.0,0.0,0.0,17500.0,126.23,serrolandia
04/2026,2,NORDESTE,NE,29,BAHIA,BA,293070,SIMOES FILHO,1.0,2025,DOU,120419.0,24.0,2.0,0.0,0.0,0.0,0.0,0.0,2.0,368.0,0.0,0.0,368.0,89618.0,74.42,simoes_filho
04/2026,2,NORDESTE,NE,29,BAHIA,BA,293075,SITIO DO MATO,3.0,2025,DOU,13982.0,7.0,0.0,0.0,0.0,0.0,0.0,0.0,0.0,0.0,0.0,0.0,0.0,24500.0,175.22,sitio_do_mato
04/2026,2,NORDESTE,NE,29,BAHIA,BA,293076,SITIO DO QUINTO,3.0,2025,DOU,14435.0,5.0,0.0,0.0,0.0,0.0,0.0,0.0,0.0,0.0,0.0,0.0,0.0,17500.0,121.23,sitio_do_quinto
04/2026,2,NORDESTE,NE,29,BAHIA,BA,293077,SOBRADINHO,1.0,2025,DOU,27097.0,7.0,0.0,0.0,0.0,0.0,0.0,0.0,0.0,0.0,0.0,0.0,0.0,24500.0,90.41,sobradinho
04/2026,2,NORDESTE,NE,29,BAHIA,BA,293080,SOUTO SOARES,3.0,2025,DOU,17724.0,7.0,0.0,0.0,0.0,0.0,0.0,0.0,0.0,0.0,0.0,0.0,0.0,24500.0,138.23,souto_soares
04/2026,2,NORDESTE,NE,29,BAHIA,BA,293090,TABOCAS DO BREJO VELHO,3.0,2025,DOU,12368.0,6.0,0.0,0.0,0.0,0.0,0.0,0.0,0.0,0.0,0.0,0.0,0.0,21000.0,169.79,tabocas_do_brejo_velho
04/2026,2,NORDESTE,NE,29,BAHIA,BA,293100,TANHACU,3.0,2025,DOU,21787.0,9.0,0.0,0.0,0.0,0.0,0.0,0.0,0.0,0.0,0.0,0.0,0.0,31500.0,144.58,tanhacu
04/2026,2,NORDESTE,NE,29,BAHIA,BA,293105,TANQUE NOVO,3.0,2025,DOU,17812.0,8.0,0.0,0.0,0.0,0.0,0.0,0.0,0.0,0.0,0.0,0.0,0.0,28000.0,157.19,tanque_novo
04/2026,2,NORDESTE,NE,29,BAHIA,BA,293110,TANQUINHO,3.0,2025,DOU,7991.0,3.0,0.0,0.0,0.0,0.0,0.0,0.0,0.0,0.0,0.0,0.0,0.0,10500.0,131.39,tanquinho
04/2026,2,NORDESTE,NE,29,BAHIA,BA,293120,TAPEROA,3.0,2025,DOU,18556.0,8.0,0.0,0.0,0.0,0.0,0.0,0.0,0.0,0.0,0.0,0.0,0.0,28000.0,150.89,taperoa
04/2026,2,NORDESTE,NE,29,BAHIA,BA,293130,TAPIRAMUTA,2.0,2025,DOU,16226.0,5.0,0.0,0.0,0.0,0.0,0.0,0.0,0.0,0.0,0.0,0.0,0.0,17500.0,107.85,tapiramuta
04/2026,2,NORDESTE,NE,29,BAHIA,BA,293135,TEIXEIRA DE FREITAS,1.0,2025,DOU,153738.0,42.0,0.0,0.0,0.0,0.0,0.0,0.0,1.0,264.0,1.0,660.0,924.0,147924.0,96.21,teixeira_de_freitas
04/2026,2,NORDESTE,NE,29,BAHIA,BA,293140,TEODORO SAMPAIO,3.0,2025,DOU,7280.0,4.0,0.0,0.0,0.0,0.0,0.0,0.0,0.0,0.0,0.0,0.0,0.0,14000.0,192.3,teodoro_sampaio
04/2026,2,NORDESTE,NE,29,BAHIA,BA,293150,TEOFILANDIA,3.0,2025,DOU,21825.0,11.0,0.0,0.0,0.0,0.0,0.0,0.0,0.0,0.0,0.0,0.0,0.0,38500.0,176.4,teofilandia
04/2026,2,NORDESTE,NE,29,BAHIA,BA,293160,TEOLANDIA,3.0,2025,DOU,15978.0,7.0,0.0,0.0,0.0,0.0,0.0,0.0,0.0,0.0,0.0,0.0,0.0,24500.0,153.33,teolandia
04/2026,2,NORDESTE,NE,29,BAHIA,BA,293170,TERRA NOVA,3.0,2025,DOU,10976.0,6.0,0.0,0.0,0.0,0.0,0.0,0.0,0.0,0.0,0.0,0.0,0.0,21000.0,191.32,terra_nova
04/2026,2,NORDESTE,NE,29,BAHIA,BA,293180,TREMEDAL,3.0,2025,DOU,16646.0,8.0,0.0,0.0,0.0,0.0,0.0,0.0,0.0,0.0,0.0,0.0,0.0,28000.0,168.2,tremedal
04/2026,2,NORDESTE,NE,29,BAHIA,BA,293190,TUCANO,3.0,2025,DOU,51016.0,21.0,0.0,0.0,0.0,0.0,0.0,0.0,0.0,0.0,0.0,0.0,0.0,73500.0,144.07,tucano
04/2026,2,NORDESTE,NE,29,BAHIA,BA,293200,UAUA,3.0,2025,DOU,25449.0,11.0,0.0,0.0,0.0,0.0,0.0,0.0,0.0,0.0,0.0,0.0,0.0,38500.0,151.28,uaua
04/2026,2,NORDESTE,NE,29,BAHIA,BA,293210,UBAIRA,3.0,2025,DOU,19142.0,8.0,0.0,0.0,0.0,0.0,0.0,0.0,0.0,0.0,0.0,0.0,0.0,28000.0,146.27,ubaira
04/2026,2,NORDESTE,NE,29,BAHIA,BA,293220,UBAITABA,2.0,2025,DOU,17878.0,8.0,0.0,0.0,0.0,0.0,0.0,0.0,0.0,0.0,0.0,0.0,0.0,28000.0,156.61,ubaitaba
04/2026,2,NORDESTE,NE,29,BAHIA,BA,293230,UBATA,2.0,2025,DOU,15839.0,6.0,0.0,0.0,0.0,0.0,0.0,0.0,0.0,0.0,0.0,0.0,0.0,21000.0,132.58,ubata
04/2026,2,NORDESTE,NE,29,BAHIA,BA,293240,UIBAI,3.0,2025,DOU,13886.0,5.0,0.0,0.0,0.0,0.0,0.0,0.0,0.0,0.0,0.0,0.0,0.0,17500.0,126.02,uibai
04/2026,2,NORDESTE,NE,29,BAHIA,BA,293245,UMBURANAS,3.0,2025,DOU,13785.0,10.0,0.0,0.0,0.0,0.0,0.0,0.0,0.0,0.0,0.0,0.0,0.0,35000.0,253.89,umburanas
04/2026,2,NORDESTE,NE,29,BAHIA,BA,293250,UNA,3.0,2025,DOU,18254.0,10.0,0.0,0.0,0.0,0.0,0.0,0.0,0.0,0.0,0.0,0.0,0.0,35000.0,191.73,una
04/2026,2,NORDESTE,NE,29,BAHIA,BA,293260,URANDI,3.0,2025,DOU,15776.0,7.0,0.0,0.0,0.0,0.0,0.0,0.0,0.0,0.0,0.0,0.0,0.0,24500.0,155.29,urandi
04/2026,2,NORDESTE,NE,29,BAHIA,BA,293270,URUCUCA,2.0,2025,DOU,22155.0,7.0,0.0,0.0,0.0,0.0,0.0,0.0,0.0,0.0,0.0,0.0,0.0,24500.0,110.58,urucuca
04/2026,2,NORDESTE,NE,29,BAHIA,BA,293280,UTINGA,2.0,2025,DOU,16645.0,5.0,0.0,0.0,0.0,0.0,0.0,0.0,0.0,0.0,0.0,0.0,0.0,17500.0,105.13,utinga
04/2026,2,NORDESTE,NE,29,BAHIA,BA,293290,VALENCA,1.0,2025,DOU,90053.0,26.0,2.0,0.0,0.0,0.0,0.0,0.0,1.0,159.0,0.0,0.0,159.0,96409.0,107.05,valenca
04/2026,2,NORDESTE,NE,29,BAHIA,BA,293300,VALENTE,2.0,2025,DOU,25132.0,10.0,0.0,0.0,0.0,0.0,0.0,0.0,0.0,0.0,0.0,0.0,0.0,35000.0,139.26,valente
04/2026,2,NORDESTE,NE,29,BAHIA,BA,293305,VARZEA DA ROCA,3.0,2025,DOU,14294.0,6.0,0.0,0.0,0.0,0.0,0.0,0.0,0.0,0.0,0.0,0.0,0.0,21000.0,146.91,varzea_da_roca
04/2026,2,NORDESTE,NE,29,BAHIA,BA,293310,VARZEA DO POCO,3.0,2025,DOU,8334.0,3.0,0.0,0.0,0.0,0.0,0.0,0.0,0.0,0.0,0.0,0.0,0.0,10500.0,125.98,varzea_do_poco
04/2026,2,NORDESTE,NE,29,BAHIA,BA,293315,VARZEA NOVA,3.0,2025,DOU,13866.0,6.0,0.0,0.0,0.0,0.0,0.0,0.0,0.0,0.0,0.0,0.0,0.0,21000.0,151.44,varzea_nova
04/2026,2,NORDESTE,NE,29,BAHIA,BA,293317,VARZEDO,3.0,2025,DOU,10328.0,5.0,0.0,0.0,0.0,0.0,0.0,0.0,0.0,0.0,0.0,0.0,0.0,17500.0,169.44,varzedo
04/2026,2,NORDESTE,NE,29,BAHIA,BA,293320,VERA CRUZ,1.0,2025,DOU,45191.0,14.0,0.0,0.0,0.0,0.0,0.0,0.0,0.0,0.0,0.0,0.0,0.0,49000.0,108.42,vera_cruz
04/2026,2,NORDESTE,NE,29,BAHIA,BA,293325,VEREDA,3.0,2025,DOU,6157.0,3.0,0.0,0.0,0.0,0.0,0.0,0.0,0.0,0.0,0.0,0.0,0.0,10500.0,170.53,vereda
04/2026,2,NORDESTE,NE,29,BAHIA,BA,293330,VITORIA DA CONQUISTA,1.0,2025,DOU,396613.0,57.0,12.0,0.0,0.0,0.0,1.0,513.0,4.0,0.0,0.0,0.0,513.0,231513.0,58.37,vitoria_da_conquista
04/2026,2,NORDESTE,NE,29,BAHIA,BA,293340,WAGNER,3.0,2025,DOU,9866.0,4.0,0.0,0.0,0.0,0.0,0.0,0.0,0.0,0.0,0.0,0.0,0.0,14000.0,141.9,wagner
04/2026,2,NORDESTE,NE,29,BAHIA,BA,293345,WANDERLEY,3.0,2025,DOU,13460.0,6.0,0.0,0.0,0.0,0.0,0.0,0.0,0.0,0.0,0.0,0.0,0.0,21000.0,156.01,wanderley
04/2026,2,NORDESTE,NE,29,BAHIA,BA,293350,WENCESLAU GUIMARAES,3.0,2025,DOU,25535.0,10.0,0.0,0.0,0.0,0.0,0.0,0.0,0.0,0.0,0.0,0.0,0.0,35000.0,137.06,wenceslau_guimaraes
04/2026,2,NORDESTE,NE,29,BAHIA,BA,293360,XIQUE-XIQUE,1.0,2025,DOU,47019.0,12.0,1.0,0.0,0.0,0.0,0.0,0.0,0.0,0.0,0.0,0.0,0.0,44625.0,94.9,xique_xique
04/2026,2,NORDESTE,NE,23,CEARA,CE,230010,ABAIARA,3.0,2025,DOU,10269.0,5.0,0.0,0.0,0.0,0.0,0.0,0.0,0.0,0.0,0.0,0.0,0.0,17500.0,170.41,abaiara
04/2026,2,NORDESTE,NE,23,CEARA,CE,230015,ACARAPE,2.0,2025,DOU,14340.0,7.0,0.0,0.0,0.0,0.0,0.0,0.0,0.0,0.0,0.0,0.0,0.0,24500.0,170.85,acarape
04/2026,2,NORDESTE,NE,23,CEARA,CE,230020,ACARAU,3.0,2025,DOU,69317.0,28.0,0.0,0.0,0.0,0.0,0.0,0.0,0.0,0.0,0.0,0.0,0.0,98000.0,141.37,acarau
04/2026,2,NORDESTE,NE,23,CEARA,CE,230030,ACOPIARA,3.0,2025,DOU,45937.0,22.0,0.0,0.0,0.0,0.0,0.0,0.0,0.0,0.0,0.0,0.0,0.0,77000.0,167.62,acopiara
04/2026,2,NORDESTE,NE,23,CEARA,CE,230040,AIUABA,3.0,2025,DOU,14115.0,7.0,0.0,0.0,0.0,0.0,0.0,0.0,0.0,0.0,0.0,0.0,0.0,24500.0,173.57,aiuaba
04/2026,2,NORDESTE,NE,23,CEARA,CE,230050,ALCANTARAS,3.0,2025,DOU,11795.0,6.0,0.0,0.0,0.0,0.0,0.0,0.0,0.0,0.0,0.0,0.0,0.0,21000.0,178.04,alcantaras
04/2026,2,NORDESTE,NE,23,CEARA,CE,230060,ALTANEIRA,3.0,2025,DOU,6974.0,3.0,1.0,0.0,0.0,0.0,0.0,0.0,0.0,0.0,0.0,0.0,0.0,13125.0,188.19,altaneira
04/2026,2,NORDESTE,NE,23,CEARA,CE,230070,ALTO SANTO,3.0,2025,DOU,14372.0,8.0,0.0,0.0,0.0,0.0,0.0,0.0,0.0,0.0,0.0,0.0,0.0,28000.0,194.82,alto_santo
04/2026,2,NORDESTE,NE,23,CEARA,CE,230075,AMONTADA,3.0,2025,DOU,44584.0,18.0,0.0,0.0,0.0,0.0,0.0,0.0,0.0,0.0,0.0,0.0,0.0,63000.0,141.3,amontada
04/2026,2,NORDESTE,NE,23,CEARA,CE,230080,ANTONINA DO NORTE,3.0,2025,DOU,7507.0,3.0,0.0,0.0,0.0,0.0,0.0,0.0,0.0,0.0,0.0,0.0,0.0,10500.0,139.86,antonina_do_norte
04/2026,2,NORDESTE,NE,23,CEARA,CE,230090,APUIARES,3.0,2025,DOU,13193.0,7.0,0.0,0.0,0.0,0.0,0.0,0.0,0.0,0.0,0.0,0.0,0.0,24500.0,185.7,apuiares
04/2026,2,NORDESTE,NE,23,CEARA,CE,230100,AQUIRAZ,1.0,2025,DOU,85316.0,36.0,2.0,0.0,0.0,0.0,0.0,0.0,4.0,736.0,0.0,0.0,736.0,131986.0,154.7,aquiraz
04/2026,2,NORDESTE,NE,23,CEARA,CE,230110,ARACATI,1.0,2025,DOU,79205.0,30.0,0.0,0.0,0.0,0.0,0.0,0.0,0.0,0.0,0.0,0.0,0.0,105000.0,132.56,aracati
04/2026,2,NORDESTE,NE,23,CEARA,CE,230120,ARACOIABA,3.0,2025,DOU,26752.0,13.0,0.0,0.0,0.0,0.0,0.0,0.0,0.0,0.0,0.0,0.0,0.0,45500.0,170.08,aracoiaba
04/2026,2,NORDESTE,NE,23,CEARA,CE,230125,ARARENDA,3.0,2025,DOU,11532.0,6.0,0.0,0.0,0.0,0.0,0.0,0.0,0.0,0.0,0.0,0.0,0.0,21000.0,182.1,ararenda
04/2026,2,NORDESTE,NE,23,CEARA,CE,230130,ARARIPE,3.0,2025,DOU,20194.0,9.0,0.0,0.0,0.0,0.0,0.0,0.0,0.0,0.0,0.0,0.0,0.0,31500.0,155.98,araripe
04/2026,2,NORDESTE,NE,23,CEARA,CE,230140,ARATUBA,3.0,2025,DOU,11427.0,6.0,0.0,0.0,0.0,0.0,0.0,0.0,0.0,0.0,0.0,0.0,0.0,21000.0,183.77,aratuba
04/2026,2,NORDESTE,NE,23,CEARA,CE,230150,ARNEIROZ,3.0,2025,DOU,7615.0,4.0,0.0,0.0,0.0,0.0,0.0,0.0,0.0,0.0,0.0,0.0,0.0,14000.0,183.84,arneiroz
04/2026,2,NORDESTE,NE,23,CEARA,CE,230160,ASSARE,3.0,2025,DOU,22195.0,11.0,0.0,0.0,0.0,0.0,0.0,0.0,0.0,0.0,0.0,0.0,0.0,38500.0,173.46,assare
04/2026,2,NORDESTE,NE,23,CEARA,CE,230170,AURORA,3.0,2025,DOU,24244.0,12.0,0.0,0.0,0.0,0.0,0.0,0.0,0.0,0.0,0.0,0.0,0.0,42000.0,173.23,aurora
04/2026,2,NORDESTE,NE,23,CEARA,CE,230180,BAIXIO,3.0,2025,DOU,5821.0,3.0,0.0,0.0,0.0,0.0,0.0,0.0,0.0,0.0,0.0,0.0,0.0,10500.0,180.38,baixio
04/2026,2,NORDESTE,NE,23,CEARA,CE,230185,BANABUIU,3.0,2025,DOU,17667.0,9.0,0.0,0.0,0.0,0.0,0.0,0.0,0.0,0.0,0.0,0.0,0.0,31500.0,178.29,banabuiu
04/2026,2,NORDESTE,NE,23,CEARA,CE,230190,BARBALHA,1.0,2025,DOU,81441.0,27.0,0.0,0.0,0.0,0.0,0.0,0.0,0.0,0.0,0.0,0.0,0.0,94500.0,116.03,barbalha
04/2026,2,NORDESTE,NE,23,CEARA,CE,230195,BARREIRA,3.0,2025,DOU,23474.0,11.0,0.0,0.0,0.0,0.0,0.0,0.0,0.0,0.0,0.0,0.0,0.0,38500.0,164.01,barreira
04/2026,2,NORDESTE,NE,23,CEARA,CE,230200,BARRO,3.0,2025,DOU,19569.0,11.0,0.0,0.0,0.0,0.0,0.0,0.0,0.0,0.0,0.0,0.0,0.0,38500.0,196.73,barro
04/2026,2,NORDESTE,NE,23,CEARA,CE,230205,BARROQUINHA,3.0,2025,DOU,14998.0,8.0,0.0,0.0,0.0,0.0,0.0,0.0,0.0,0.0,0.0,0.0,0.0,28000.0,186.69,barroquinha
04/2026,2,NORDESTE,NE,23,CEARA,CE,230210,BATURITE,2.0,2025,DOU,37147.0,15.0,0.0,0.0,0.0,0.0,0.0,0.0,0.0,0.0,0.0,0.0,0.0,52500.0,141.33,baturite
04/2026,2,NORDESTE,NE,23,CEARA,CE,230220,BEBERIBE,3.0,2025,DOU,55977.0,21.0,0.0,2.0,0.0,0.0,0.0,0.0,0.0,0.0,0.0,0.0,0.0,77000.0,137.55,beberibe
04/2026,2,NORDESTE,NE,23,CEARA,CE,230230,BELA CRUZ,3.0,2025,DOU,34613.0,11.0,0.0,0.0,0.0,0.0,0.0,0.0,0.0,0.0,0.0,0.0,0.0,38500.0,111.22,bela_cruz
04/2026,2,NORDESTE,NE,23,CEARA,CE,230240,BOA VIAGEM,3.0,2025,DOU,52133.0,22.0,0.0,0.0,0.0,0.0,0.0,0.0,0.0,0.0,0.0,0.0,0.0,77000.0,147.69,boa_viagem
04/2026,2,NORDESTE,NE,23,CEARA,CE,230250,BREJO SANTO,1.0,2025,DOU,54192.0,23.0,0.0,0.0,0.0,0.0,0.0,0.0,0.0,0.0,0.0,0.0,0.0,80500.0,148.54,brejo_santo
04/2026,2,NORDESTE,NE,23,CEARA,CE,230260,CAMOCIM,1.0,2025,DOU,65251.0,22.0,0.0,0.0,0.0,0.0,0.0,0.0,0.0,0.0,0.0,0.0,0.0,77000.0,118.0,camocim
04/2026,2,NORDESTE,NE,23,CEARA,CE,230270,CAMPOS SALES,2.0,2025,DOU,26049.0,14.0,0.0,0.0,0.0,0.0,0.0,0.0,0.0,0.0,0.0,0.0,0.0,49000.0,188.1,campos_sales
04/2026,2,NORDESTE,NE,23,CEARA,CE,230280,CANINDE,1.0,2025,DOU,77376.0,23.0,0.0,0.0,0.0,0.0,0.0,0.0,0.0,0.0,0.0,0.0,0.0,80500.0,104.03,caninde
04/2026,2,NORDESTE,NE,23,CEARA,CE,230290,CAPISTRANO,3.0,2025,DOU,17795.0,7.0,0.0,0.0,0.0,0.0,0.0,0.0,0.0,0.0,0.0,0.0,0.0,24500.0,137.67,capistrano
04/2026,2,NORDESTE,NE,23,CEARA,CE,230300,CARIDADE,3.0,2025,DOU,16234.0,7.0,0.0,0.0,0.0,0.0,0.0,0.0,0.0,0.0,0.0,0.0,0.0,24500.0,150.91,caridade
04/2026,2,NORDESTE,NE,23,CEARA,CE,230310,CARIRE,3.0,2025,DOU,18074.0,9.0,0.0,0.0,0.0,0.0,0.0,0.0,0.0,0.0,0.0,0.0,0.0,31500.0,174.28,carire
04/2026,2,NORDESTE,NE,23,CEARA,CE,230320,CARIRIACU,3.0,2025,DOU,27532.0,13.0,0.0,0.0,0.0,0.0,0.0,0.0,0.0,0.0,0.0,0.0,0.0,45500.0,165.26,caririacu
04/2026,2,NORDESTE,NE,23,CEARA,CE,230330,CARIUS,3.0,2025,DOU,17277.0,9.0,0.0,0.0,0.0,0.0,0.0,0.0,0.0,0.0,0.0,0.0,0.0,31500.0,182.32,carius
04/2026,2,NORDESTE,NE,23,CEARA,CE,230340,CARNAUBAL,3.0,2025,DOU,17815.0,9.0,0.0,0.0,0.0,0.0,0.0,0.0,0.0,0.0,0.0,0.0,0.0,31500.0,176.81,carnaubal
04/2026,2,NORDESTE,NE,23,CEARA,CE,230350,CASCAVEL,1.0,2025,DOU,76866.0,25.0,2.0,0.0,0.0,0.0,0.0,0.0,0.0,0.0,0.0,0.0,0.0,92750.0,120.66,cascavel
04/2026,2,NORDESTE,NE,23,CEARA,CE,230360,CATARINA,3.0,2025,DOU,9110.0,7.0,0.0,0.0,0.0,0.0,0.0,0.0,0.0,0.0,0.0,0.0,0.0,24500.0,268.93,catarina
04/2026,2,NORDESTE,NE,23,CEARA,CE,230365,CATUNDA,3.0,2025,DOU,10864.0,5.0,0.0,0.0,0.0,0.0,0.0,0.0,0.0,0.0,0.0,0.0,0.0,17500.0,161.08,catunda
04/2026,2,NORDESTE,NE,23,CEARA,CE,230370,CAUCAIA,1.0,2025,DOU,378406.0,88.0,0.0,0.0,0.0,0.0,0.0,0.0,1.0,847.0,0.0,0.0,847.0,308847.0,81.61,caucaia
04/2026,2,NORDESTE,NE,23,CEARA,CE,230380,CEDRO,2.0,2025,DOU,22564.0,13.0,0.0,0.0,0.0,0.0,0.0,0.0,1.0,67.0,0.0,0.0,67.0,45567.0,201.94,cedro
04/2026,2,NORDESTE,NE,23,CEARA,CE,230390,CHAVAL,3.0,2025,DOU,12811.0,7.0,0.0,0.0,0.0,0.0,0.0,0.0,0.0,0.0,0.0,0.0,0.0,24500.0,191.24,chaval
04/2026,2,NORDESTE,NE,23,CEARA,CE,230393,CHORO,3.0,2025,DOU,12352.0,6.0,0.0,0.0,0.0,0.0,0.0,0.0,0.0,0.0,0.0,0.0,0.0,21000.0,170.01,choro
04/2026,2,NORDESTE,NE,23,CEARA,CE,230395,CHOROZINHO,3.0,2025,DOU,20808.0,10.0,0.0,0.0,0.0,0.0,0.0,0.0,0.0,0.0,0.0,0.0,0.0,35000.0,168.2,chorozinho
04/2026,2,NORDESTE,NE,23,CEARA,CE,230400,COREAU,3.0,2025,DOU,21417.0,11.0,0.0,0.0,0.0,0.0,0.0,0.0,0.0,0.0,0.0,0.0,0.0,38500.0,179.76,coreau
04/2026,2,NORDESTE,NE,23,CEARA,CE,230410,CRATEUS,1.0,2025,DOU,80130.0,35.0,0.0,6.0,0.0,0.0,0.0,0.0,0.0,0.0,0.0,0.0,0.0,133000.0,165.98,crateus
04/2026,2,NORDESTE,NE,23,CEARA,CE,230420,CRATO,1.0,2025,DOU,139027.0,47.0,0.0,0.0,0.0,0.0,0.0,0.0,1.0,27.0,0.0,0.0,27.0,164527.0,118.34,crato
04/2026,2,NORDESTE,NE,23,CEARA,CE,230423,CROATA,3.0,2025,DOU,18050.0,9.0,0.0,0.0,0.0,0.0,0.0,0.0,0.0,0.0,0.0,0.0,0.0,31500.0,174.51,croata
04/2026,2,NORDESTE,NE,23,CEARA,CE,230425,CRUZ,3.0,2025,DOU,32288.0,13.0,0.0,0.0,0.0,0.0,0.0,0.0,0.0,0.0,0.0,0.0,0.0,45500.0,140.91,cruz
04/2026,2,NORDESTE,NE,23,CEARA,CE,230426,DEPUTADO IRAPUAN PINHEIRO,3.0,2025,DOU,9173.0,5.0,0.0,0.0,0.0,0.0,0.0,0.0,0.0,0.0,0.0,0.0,0.0,17500.0,190.77,deputado_irapuan_pinheiro
04/2026,2,NORDESTE,NE,23,CEARA,CE,230427,ERERE,3.0,2025,DOU,6381.0,3.0,0.0,0.0,0.0,0.0,0.0,0.0,0.0,0.0,0.0,0.0,0.0,10500.0,164.55,erere
04/2026,2,NORDESTE,NE,23,CEARA,CE,230428,EUSEBIO,1.0,2025,DOU,82016.0,27.0,3.0,0.0,0.0,0.0,0.0,0.0,0.0,0.0,0.0,0.0,0.0,102375.0,124.82,eusebio
04/2026,2,NORDESTE,NE,23,CEARA,CE,230430,FARIAS BRITO,3.0,2025,DOU,18498.0,10.0,0.0,0.0,0.0,0.0,0.0,0.0,0.0,0.0,0.0,0.0,0.0,35000.0,189.2,farias_brito
04/2026,2,NORDESTE,NE,23,CEARA,CE,230435,FORQUILHA,1.0,2025,DOU,25298.0,9.0,0.0,0.0,0.0,0.0,0.0,0.0,0.0,0.0,0.0,0.0,0.0,31500.0,124.51,forquilha
04/2026,2,NORDESTE,NE,23,CEARA,CE,230440,FORTALEZA,1.0,2025,DOU,2578483.0,541.0,16.0,0.0,0.0,0.0,6.0,4933.0,0.0,0.0,0.0,0.0,4933.0,1940433.0,75.25,fortaleza
04/2026,2,NORDESTE,NE,23,CEARA,CE,230445,FORTIM,3.0,2025,DOU,18213.0,7.0,0.0,2.0,0.0,0.0,0.0,0.0,1.0,66.0,0.0,0.0,66.0,28066.0,154.09,fortim
04/2026,2,NORDESTE,NE,23,CEARA,CE,230450,FRECHEIRINHA,3.0,2025,DOU,16516.0,7.0,0.0,0.0,0.0,0.0,0.0,0.0,0.0,0.0,0.0,0.0,0.0,24500.0,148.34,frecheirinha
04/2026,2,NORDESTE,NE,23,CEARA,CE,230460,GENERAL SAMPAIO,3.0,2025,DOU,6929.0,4.0,0.0,0.0,0.0,0.0,0.0,0.0,0.0,0.0,0.0,0.0,0.0,14000.0,202.04,general_sampaio
04/2026,2,NORDESTE,NE,23,CEARA,CE,230465,GRACA,3.0,2025,DOU,14176.0,8.0,0.0,0.0,0.0,0.0,0.0,0.0,0.0,0.0,0.0,0.0,0.0,28000.0,197.51,graca
04/2026,2,NORDESTE,NE,23,CEARA,CE,230470,GRANJA,3.0,2025,DOU,55809.0,24.0,0.0,0.0,0.0,0.0,0.0,0.0,0.0,0.0,0.0,0.0,0.0,84000.0,150.51,granja
04/2026,2,NORDESTE,NE,23,CEARA,CE,230480,GRANJEIRO,3.0,2025,DOU,4955.0,2.0,0.0,0.0,0.0,0.0,0.0,0.0,0.0,0.0,0.0,0.0,0.0,7000.0,141.27,granjeiro
04/2026,2,NORDESTE,NE,23,CEARA,CE,230490,GROAIRAS,3.0,2025,DOU,11369.0,5.0,0.0,0.0,0.0,0.0,0.0,0.0,0.0,0.0,0.0,0.0,0.0,17500.0,153.92,groairas
04/2026,2,NORDESTE,NE,23,CEARA,CE,230495,GUAIUBA,2.0,2025,DOU,25158.0,13.0,0.0,0.0,0.0,0.0,0.0,0.0,0.0,0.0,0.0,0.0,0.0,45500.0,180.85,guaiuba
04/2026,2,NORDESTE,NE,23,CEARA,CE,230500,GUARACIABA DO NORTE,3.0,2025,DOU,44565.0,20.0,0.0,0.0,0.0,0.0,0.0,0.0,0.0,0.0,0.0,0.0,0.0,70000.0,157.07,guaraciaba_do_norte
04/2026,2,NORDESTE,NE,23,CEARA,CE,230510,GUARAMIRANGA,3.0,2025,DOU,5826.0,3.0,0.0,0.0,0.0,0.0,0.0,0.0,0.0,0.0,0.0,0.0,0.0,10500.0,180.22,guaramiranga
04/2026,2,NORDESTE,NE,23,CEARA,CE,230520,HIDROLANDIA,3.0,2025,DOU,18186.0,8.0,0.0,0.0,0.0,0.0,0.0,0.0,0.0,0.0,0.0,0.0,0.0,28000.0,153.96,hidrolandia
04/2026,2,NORDESTE,NE,23,CEARA,CE,230523,HORIZONTE,1.0,2025,DOU,81161.0,26.0,0.0,0.0,0.0,0.0,0.0,0.0,1.0,0.0,0.0,0.0,0.0,91000.0,112.12,horizonte
04/2026,2,NORDESTE,NE,23,CEARA,CE,230526,IBARETAMA,3.0,2025,DOU,12149.0,7.0,0.0,0.0,0.0,0.0,0.0,0.0,0.0,0.0,0.0,0.0,0.0,24500.0,201.66,ibaretama
04/2026,2,NORDESTE,NE,23,CEARA,CE,230530,IBIAPINA,3.0,2025,DOU,24689.0,13.0,0.0,0.0,0.0,0.0,0.0,0.0,0.0,0.0,0.0,0.0,0.0,45500.0,184.29,ibiapina
04/2026,2,NORDESTE,NE,23,CEARA,CE,230533,IBICUITINGA,3.0,2025,DOU,12008.0,6.0,0.0,0.0,0.0,0.0,0.0,0.0,0.0,0.0,0.0,0.0,0.0,21000.0,174.88,ibicuitinga
04/2026,2,NORDESTE,NE,23,CEARA,CE,230535,ICAPUI,3.0,2025,DOU,22562.0,10.0,0.0,0.0,0.0,0.0,0.0,0.0,0.0,0.0,0.0,0.0,0.0,35000.0,155.12,icapui
04/2026,2,NORDESTE,NE,23,CEARA,CE,230540,ICO,2.0,2025,DOU,64745.0,21.0,0.0,0.0,0.0,0.0,0.0,0.0,0.0,0.0,0.0,0.0,0.0,73500.0,113.52,ico
04/2026,2,NORDESTE,NE,23,CEARA,CE,230550,IGUATU,1.0,2025,DOU,102588.0,40.0,0.0,0.0,0.0,0.0,1.0,33.0,0.0,0.0,0.0,0.0,33.0,140033.0,136.5,iguatu
04/2026,2,NORDESTE,NE,23,CEARA,CE,230560,INDEPENDENCIA,3.0,2025,DOU,24463.0,13.0,0.0,0.0,0.0,0.0,0.0,0.0,0.0,0.0,0.0,0.0,0.0,45500.0,185.99,independencia
04/2026,2,NORDESTE,NE,23,CEARA,CE,230565,IPAPORANGA,3.0,2025,DOU,11963.0,6.0,0.0,0.0,0.0,0.0,0.0,0.0,0.0,0.0,0.0,0.0,0.0,21000.0,175.54,ipaporanga
04/2026,2,NORDESTE,NE,23,CEARA,CE,230570,IPAUMIRIM,3.0,2025,DOU,12459.0,6.0,0.0,0.0,0.0,0.0,0.0,0.0,0.0,0.0,0.0,0.0,0.0,21000.0,168.55,ipaumirim
04/2026,2,NORDESTE,NE,23,CEARA,CE,230580,IPU,2.0,2025,DOU,43084.0,18.0,0.0,0.0,0.0,0.0,0.0,0.0,0.0,0.0,0.0,0.0,0.0,63000.0,146.22,ipu
04/2026,2,NORDESTE,NE,23,CEARA,CE,230590,IPUEIRAS,3.0,2025,DOU,38287.0,17.0,0.0,0.0,0.0,0.0,0.0,0.0,0.0,0.0,0.0,0.0,0.0,59500.0,155.4,ipueiras
04/2026,2,NORDESTE,NE,23,CEARA,CE,230600,IRACEMA,3.0,2025,DOU,14440.0,6.0,1.0,0.0,0.0,0.0,0.0,0.0,0.0,0.0,0.0,0.0,0.0,23625.0,163.6,iracema
04/2026,2,NORDESTE,NE,23,CEARA,CE,230610,IRAUCUBA,3.0,2025,DOU,24867.0,13.0,0.0,0.0,0.0,0.0,0.0,0.0,0.0,0.0,0.0,0.0,0.0,45500.0,182.97,iraucuba
04/2026,2,NORDESTE,NE,23,CEARA,CE,230620,ITAICABA,3.0,2025,DOU,7801.0,4.0,0.0,0.0,0.0,0.0,0.0,0.0,0.0,0.0,0.0,0.0,0.0,14000.0,179.46,itaicaba
04/2026,2,NORDESTE,NE,23,CEARA,CE,230625,ITAITINGA,1.0,2025,DOU,72512.0,18.0,1.0,0.0,0.0,0.0,0.0,0.0,9.0,3457.0,1.0,335.0,3792.0,69417.0,95.73,itaitinga
04/2026,2,NORDESTE,NE,23,CEARA,CE,230630,ITAPAJE,1.0,2025,DOU,49073.0,24.0,0.0,5.0,0.0,0.0,0.0,0.0,0.0,0.0,0.0,0.0,0.0,92750.0,189.0,itapaje
04/2026,2,NORDESTE,NE,23,CEARA,CE,230640,ITAPIPOCA,1.0,2025,DOU,138978.0,52.0,2.0,0.0,0.0,0.0,0.0,0.0,0.0,0.0,0.0,0.0,0.0,187250.0,134.73,itapipoca
04/2026,2,NORDESTE,NE,23,CEARA,CE,230650,ITAPIUNA,3.0,2025,DOU,18197.0,6.0,0.0,0.0,0.0,0.0,0.0,0.0,0.0,0.0,0.0,0.0,0.0,21000.0,115.4,itapiuna
04/2026,2,NORDESTE,NE,23,CEARA,CE,230655,ITAREMA,3.0,2025,DOU,45852.0,21.0,0.0,0.0,0.0,0.0,0.0,0.0,0.0,0.0,0.0,0.0,0.0,73500.0,160.29,itarema
04/2026,2,NORDESTE,NE,23,CEARA,CE,230660,ITATIRA,3.0,2025,DOU,21160.0,11.0,0.0,0.0,0.0,0.0,0.0,0.0,0.0,0.0,0.0,0.0,0.0,38500.0,181.94,itatira
04/2026,2,NORDESTE,NE,23,CEARA,CE,230670,JAGUARETAMA,3.0,2025,DOU,17604.0,9.0,0.0,0.0,0.0,0.0,0.0,0.0,0.0,0.0,0.0,0.0,0.0,31500.0,178.93,jaguaretama
04/2026,2,NORDESTE,NE,23,CEARA,CE,230680,JAGUARIBARA,3.0,2025,DOU,10668.0,5.0,0.0,0.0,0.0,0.0,0.0,0.0,0.0,0.0,0.0,0.0,0.0,17500.0,164.04,jaguaribara
04/2026,2,NORDESTE,NE,23,CEARA,CE,230690,JAGUARIBE,2.0,2025,DOU,35143.0,14.0,0.0,6.0,0.0,0.0,0.0,0.0,0.0,0.0,0.0,0.0,0.0,59500.0,169.3,jaguaribe
04/2026,2,NORDESTE,NE,23,CEARA,CE,230700,JAGUARUANA,3.0,2025,DOU,33115.0,17.0,0.0,0.0,0.0,0.0,0.0,0.0,0.0,0.0,0.0,0.0,0.0,59500.0,179.67,jaguaruana
04/2026,2,NORDESTE,NE,23,CEARA,CE,230710,JARDIM,3.0,2025,DOU,28801.0,13.0,0.0,0.0,0.0,0.0,0.0,0.0,0.0,0.0,0.0,0.0,0.0,45500.0,157.98,jardim
04/2026,2,NORDESTE,NE,23,CEARA,CE,230720,JATI,3.0,2025,DOU,8114.0,4.0,0.0,0.0,0.0,0.0,0.0,0.0,0.0,0.0,0.0,0.0,0.0,14000.0,172.54,jati
04/2026,2,NORDESTE,NE,23,CEARA,CE,230725,JIJOCA DE JERICOACOARA,3.0,2025,DOU,28198.0,9.0,0.0,0.0,0.0,0.0,0.0,0.0,0.0,0.0,0.0,0.0,0.0,31500.0,111.71,jijoca_de_jericoacoara
04/2026,2,NORDESTE,NE,23,CEARA,CE,230730,JUAZEIRO DO NORTE,1.0,2025,DOU,305531.0,80.0,8.0,0.0,0.0,0.0,1.0,94.0,2.0,308.0,0.0,0.0,402.0,301402.0,98.64,juazeiro_do_norte
04/2026,2,NORDESTE,NE,23,CEARA,CE,230740,JUCAS,3.0,2025,DOU,24624.0,12.0,0.0,0.0,0.0,0.0,0.0,0.0,0.0,0.0,0.0,0.0,0.0,42000.0,170.56,jucas
04/2026,2,NORDESTE,NE,23,CEARA,CE,230750,LAVRAS DA MANGABEIRA,3.0,2025,DOU,32163.0,13.0,1.0,0.0,0.0,0.0,0.0,0.0,0.0,0.0,0.0,0.0,0.0,48125.0,149.62,lavras_da_mangabeira
04/2026,2,NORDESTE,NE,23,CEARA,CE,230760,LIMOEIRO DO NORTE,1.0,2025,DOU,62623.0,21.0,0.0,0.0,0.0,0.0,0.0,0.0,0.0,0.0,0.0,0.0,0.0,73500.0,117.36,limoeiro_do_norte
04/2026,2,NORDESTE,NE,23,CEARA,CE,230763,MADALENA,3.0,2025,DOU,17235.0,8.0,0.0,0.0,0.0,0.0,0.0,0.0,0.0,0.0,0.0,0.0,0.0,28000.0,162.46,madalena
04/2026,2,NORDESTE,NE,23,CEARA,CE,230765,MARACANAU,1.0,2025,DOU,251613.0,75.0,0.0,0.0,0.0,0.0,0.0,0.0,1.0,0.0,0.0,0.0,0.0,262500.0,104.32,maracanau
04/2026,2,NORDESTE,NE,23,CEARA,CE,230770,MARANGUAPE,1.0,2025,DOU,108622.0,42.0,0.0,0.0,0.0,0.0,1.0,4.0,0.0,0.0,0.0,0.0,4.0,147004.0,135.33,maranguape
04/2026,2,NORDESTE,NE,23,CEARA,CE,230780,MARCO,3.0,2025,DOU,27177.0,10.0,3.0,0.0,0.0,0.0,0.0,0.0,0.0,0.0,0.0,0.0,0.0,42875.0,157.76,marco
04/2026,2,NORDESTE,NE,23,CEARA,CE,230790,MARTINOPOLE,2.0,2025,DOU,11280.0,6.0,0.0,0.0,0.0,0.0,0.0,0.0,0.0,0.0,0.0,0.0,0.0,21000.0,186.17,martinopole
04/2026,2,NORDESTE,NE,23,CEARA,CE,230800,MASSAPE,3.0,2025,DOU,39840.0,14.0,0.0,0.0,0.0,0.0,0.0,0.0,0.0,0.0,0.0,0.0,0.0,49000.0,122.99,massape
04/2026,2,NORDESTE,NE,23,CEARA,CE,230810,MAURITI,3.0,2025,DOU,47501.0,24.0,0.0,0.0,0.0,0.0,0.0,0.0,0.0,0.0,0.0,0.0,0.0,84000.0,176.83,mauriti
04/2026,2,NORDESTE,NE,23,CEARA,CE,230820,MERUOCA,3.0,2025,DOU,15853.0,7.0,0.0,0.0,0.0,0.0,0.0,0.0,0.0,0.0,0.0,0.0,0.0,24500.0,154.54,meruoca
04/2026,2,NORDESTE,NE,23,CEARA,CE,230830,MILAGRES,3.0,2025,DOU,26819.0,14.0,0.0,0.0,0.0,0.0,0.0,0.0,0.0,0.0,0.0,0.0,0.0,49000.0,182.7,milagres
04/2026,2,NORDESTE,NE,23,CEARA,CE,230835,MILHA,3.0,2025,DOU,14713.0,7.0,0.0,0.0,0.0,0.0,0.0,0.0,0.0,0.0,0.0,0.0,0.0,24500.0,166.51,milha
04/2026,2,NORDESTE,NE,23,CEARA,CE,230837,MIRAIMA,3.0,2025,DOU,14826.0,7.0,0.0,0.0,0.0,0.0,0.0,0.0,0.0,0.0,0.0,0.0,0.0,24500.0,165.25,miraima
04/2026,2,NORDESTE,NE,23,CEARA,CE,230840,MISSAO VELHA,3.0,2025,DOU,38997.0,18.0,0.0,0.0,0.0,0.0,0.0,0.0,0.0,0.0,0.0,0.0,0.0,63000.0,161.55,missao_velha
04/2026,2,NORDESTE,NE,23,CEARA,CE,230850,MOMBACA,3.0,2025,DOU,38451.0,18.0,0.0,1.0,0.0,0.0,0.0,0.0,0.0,0.0,0.0,0.0,0.0,64750.0,168.39,mombaca
04/2026,2,NORDESTE,NE,23,CEARA,CE,230860,MONSENHOR TABOSA,3.0,2025,DOU,17705.0,8.0,0.0,0.0,0.0,0.0,0.0,0.0,0.0,0.0,0.0,0.0,0.0,28000.0,158.14,monsenhor_tabosa
04/2026,2,NORDESTE,NE,23,CEARA,CE,230870,MORADA NOVA,2.0,2025,DOU,65390.0,29.0,1.0,0.0,0.0,0.0,0.0,0.0,0.0,0.0,0.0,0.0,0.0,104125.0,159.23,morada_nova
04/2026,2,NORDESTE,NE,23,CEARA,CE,230880,MORAUJO,3.0,2025,DOU,8537.0,4.0,0.0,0.0,0.0,0.0,0.0,0.0,0.0,0.0,0.0,0.0,0.0,14000.0,163.99,moraujo
04/2026,2,NORDESTE,NE,23,CEARA,CE,230890,MORRINHOS,3.0,2025,DOU,23747.0,9.0,0.0,0.0,0.0,0.0,0.0,0.0,0.0,0.0,0.0,0.0,0.0,31500.0,132.64,morrinhos
04/2026,2,NORDESTE,NE,23,CEARA,CE,230900,MUCAMBO,3.0,2025,DOU,13999.0,6.0,0.0,2.0,0.0,0.0,0.0,0.0,0.0,0.0,0.0,0.0,0.0,24500.0,175.01,mucambo
04/2026,2,NORDESTE,NE,23,CEARA,CE,230910,MULUNGU,3.0,2025,DOU,11064.0,4.0,0.0,0.0,0.0,0.0,0.0,0.0,0.0,0.0,0.0,0.0,0.0,14000.0,126.53,mulungu
04/2026,2,NORDESTE,NE,23,CEARA,CE,230920,NOVA OLINDA,3.0,2025,DOU,16045.0,7.0,0.0,0.0,0.0,0.0,0.0,0.0,0.0,0.0,0.0,0.0,0.0,24500.0,152.69,nova_olinda
04/2026,2,NORDESTE,NE,23,CEARA,CE,230930,NOVA RUSSAS,2.0,2025,DOU,32053.0,15.0,0.0,0.0,0.0,0.0,0.0,0.0,0.0,0.0,0.0,0.0,0.0,52500.0,163.79,nova_russas
04/2026,2,NORDESTE,NE,23,CEARA,CE,230940,NOVO ORIENTE,3.0,2025,DOU,29097.0,15.0,0.0,0.0,0.0,0.0,0.0,0.0,0.0,0.0,0.0,0.0,0.0,52500.0,180.43,novo_oriente
04/2026,2,NORDESTE,NE,23,CEARA,CE,230945,OCARA,3.0,2025,DOU,25272.0,13.0,0.0,0.0,0.0,0.0,0.0,0.0,0.0,0.0,0.0,0.0,0.0,45500.0,180.04,ocara
04/2026,2,NORDESTE,NE,23,CEARA,CE,230950,OROS,2.0,2025,DOU,19943.0,11.0,0.0,0.0,0.0,0.0,0.0,0.0,0.0,0.0,0.0,0.0,0.0,38500.0,193.05,oros
04/2026,2,NORDESTE,NE,23,CEARA,CE,230960,PACAJUS,1.0,2025,DOU,75454.0,26.0,0.0,0.0,0.0,0.0,0.0,0.0,0.0,0.0,0.0,0.0,0.0,91000.0,120.6,pacajus
04/2026,2,NORDESTE,NE,23,CEARA,CE,230970,PACATUBA,1.0,2025,DOU,86564.0,28.0,0.0,0.0,0.0,0.0,0.0,0.0,1.0,371.0,0.0,0.0,371.0,98371.0,113.63,pacatuba
04/2026,2,NORDESTE,NE,23,CEARA,CE,230980,PACOTI,3.0,2025,DOU,11421.0,6.0,0.0,0.0,0.0,0.0,0.0,0.0,0.0,0.0,0.0,0.0,0.0,21000.0,183.87,pacoti
04/2026,2,NORDESTE,NE,23,CEARA,CE,230990,PACUJA,3.0,2025,DOU,6348.0,3.0,0.0,0.0,0.0,0.0,0.0,0.0,0.0,0.0,0.0,0.0,0.0,10500.0,165.4,pacuja
04/2026,2,NORDESTE,NE,23,CEARA,CE,231000,PALHANO,3.0,2025,DOU,9709.0,5.0,0.0,0.0,0.0,0.0,0.0,0.0,0.0,0.0,0.0,0.0,0.0,17500.0,180.24,palhano
04/2026,2,NORDESTE,NE,23,CEARA,CE,231010,PALMACIA,3.0,2025,DOU,10252.0,5.0,0.0,0.0,0.0,0.0,0.0,0.0,0.0,0.0,0.0,0.0,0.0,17500.0,170.69,palmacia
04/2026,2,NORDESTE,NE,23,CEARA,CE,231020,PARACURU,2.0,2025,DOU,41894.0,16.0,0.0,0.0,0.0,0.0,0.0,0.0,0.0,0.0,0.0,0.0,0.0,56000.0,133.67,paracuru
04/2026,2,NORDESTE,NE,23,CEARA,CE,231025,PARAIPABA,3.0,2025,DOU,34086.0,15.0,0.0,0.0,0.0,0.0,0.0,0.0,0.0,0.0,0.0,0.0,0.0,52500.0,154.02,paraipaba
04/2026,2,NORDESTE,NE,23,CEARA,CE,231030,PARAMBU,3.0,2025,DOU,32867.0,15.0,0.0,0.0,0.0,0.0,0.0,0.0,0.0,0.0,0.0,0.0,0.0,52500.0,159.73,parambu
04/2026,2,NORDESTE,NE,23,CEARA,CE,231040,PARAMOTI,3.0,2025,DOU,10462.0,6.0,0.0,0.0,0.0,0.0,0.0,0.0,0.0,0.0,0.0,0.0,0.0,21000.0,200.72,paramoti
04/2026,2,NORDESTE,NE,23,CEARA,CE,231050,PEDRA BRANCA,2.0,2025,DOU,42227.0,17.0,0.0,0.0,0.0,0.0,0.0,0.0,0.0,0.0,0.0,0.0,0.0,59500.0,140.9,pedra_branca
04/2026,2,NORDESTE,NE,23,CEARA,CE,231060,PENAFORTE,3.0,2025,DOU,9357.0,5.0,0.0,0.0,0.0,0.0,0.0,0.0,0.0,0.0,0.0,0.0,0.0,17500.0,187.02,penaforte
04/2026,2,NORDESTE,NE,23,CEARA,CE,231070,PENTECOSTE,2.0,2025,DOU,39903.0,15.0,0.0,0.0,0.0,0.0,0.0,0.0,0.0,0.0,0.0,0.0,0.0,52500.0,131.56,pentecoste
04/2026,2,NORDESTE,NE,23,CEARA,CE,231080,PEREIRO,3.0,2025,DOU,15858.0,7.0,0.0,0.0,0.0,0.0,0.0,0.0,0.0,0.0,0.0,0.0,0.0,24500.0,154.49,pereiro
04/2026,2,NORDESTE,NE,23,CEARA,CE,231085,PINDORETAMA,3.0,2025,DOU,24919.0,10.0,0.0,0.0,0.0,0.0,0.0,0.0,0.0,0.0,0.0,0.0,0.0,35000.0,140.45,pindoretama
04/2026,2,NORDESTE,NE,23,CEARA,CE,231090,PIQUET CARNEIRO,3.0,2025,DOU,17285.0,8.0,0.0,0.0,0.0,0.0,0.0,0.0,0.0,0.0,0.0,0.0,0.0,28000.0,161.99,piquet_carneiro
04/2026,2,NORDESTE,NE,23,CEARA,CE,231095,PIRES FERREIRA,3.0,2025,DOU,10984.0,5.0,0.0,0.0,0.0,0.0,0.0,0.0,0.0,0.0,0.0,0.0,0.0,17500.0,159.32,pires_ferreira
04/2026,2,NORDESTE,NE,23,CEARA,CE,231100,PORANGA,3.0,2025,DOU,12441.0,6.0,0.0,0.0,0.0,0.0,0.0,0.0,0.0,0.0,0.0,0.0,0.0,21000.0,168.79,poranga
04/2026,2,NORDESTE,NE,23,CEARA,CE,231110,PORTEIRAS,3.0,2025,DOU,17877.0,7.0,0.0,0.0,0.0,0.0,0.0,0.0,0.0,0.0,0.0,0.0,0.0,24500.0,137.04,porteiras
04/2026,2,NORDESTE,NE,23,CEARA,CE,231120,POTENGI,3.0,2025,DOU,8854.0,6.0,0.0,0.0,0.0,0.0,0.0,0.0,0.0,0.0,0.0,0.0,0.0,21000.0,237.18,potengi
04/2026,2,NORDESTE,NE,23,CEARA,CE,231123,POTIRETAMA,3.0,2025,DOU,6128.0,3.0,0.0,0.0,0.0,0.0,0.0,0.0,0.0,0.0,0.0,0.0,0.0,10500.0,171.34,potiretama
04/2026,2,NORDESTE,NE,23,CEARA,CE,231126,QUITERIANOPOLIS,3.0,2025,DOU,20545.0,11.0,0.0,0.0,0.0,0.0,0.0,0.0,0.0,0.0,0.0,0.0,0.0,38500.0,187.39,quiterianopolis
04/2026,2,NORDESTE,NE,23,CEARA,CE,231130,QUIXADA,1.0,2025,DOU,88846.0,26.0,0.0,1.0,0.0,0.0,0.0,0.0,1.0,0.0,0.0,0.0,0.0,92750.0,104.39,quixada
04/2026,2,NORDESTE,NE,23,CEARA,CE,231135,QUIXELO,3.0,2025,DOU,16998.0,8.0,0.0,0.0,0.0,0.0,0.0,0.0,0.0,0.0,0.0,0.0,0.0,28000.0,164.72,quixelo
04/2026,2,NORDESTE,NE,23,CEARA,CE,231140,QUIXERAMOBIM,1.0,2025,DOU,86431.0,28.0,0.0,0.0,0.0,0.0,0.0,0.0,0.0,0.0,0.0,0.0,0.0,98000.0,113.38,quixeramobim
04/2026,2,NORDESTE,NE,23,CEARA,CE,231150,QUIXERE,2.0,2025,DOU,21659.0,10.0,0.0,1.0,0.0,0.0,0.0,0.0,0.0,0.0,0.0,0.0,0.0,36750.0,169.67,quixere
04/2026,2,NORDESTE,NE,23,CEARA,CE,231160,REDENCAO,2.0,2025,DOU,28382.0,15.0,0.0,0.0,0.0,0.0,0.0,0.0,0.0,0.0,0.0,0.0,0.0,52500.0,184.97,redencao
04/2026,2,NORDESTE,NE,23,CEARA,CE,231170,RERIUTABA,3.0,2025,DOU,19051.0,9.0,0.0,0.0,0.0,0.0,0.0,0.0,0.0,0.0,0.0,0.0,0.0,31500.0,165.34,reriutaba
04/2026,2,NORDESTE,NE,23,CEARA,CE,231180,RUSSAS,1.0,2025,DOU,74834.0,28.0,2.0,0.0,0.0,0.0,0.0,0.0,0.0,0.0,0.0,0.0,0.0,103250.0,137.97,russas
04/2026,2,NORDESTE,NE,23,CEARA,CE,231190,SABOEIRO,3.0,2025,DOU,13943.0,8.0,0.0,0.0,0.0,0.0,0.0,0.0,0.0,0.0,0.0,0.0,0.0,28000.0,200.81,saboeiro
04/2026,2,NORDESTE,NE,23,CEARA,CE,231195,SALITRE,3.0,2025,DOU,17303.0,8.0,0.0,0.0,0.0,0.0,0.0,0.0,0.0,0.0,0.0,0.0,0.0,28000.0,161.82,salitre
04/2026,2,NORDESTE,NE,23,CEARA,CE,231220,SANTA QUITERIA,3.0,2025,DOU,41569.0,18.0,2.0,0.0,0.0,0.0,0.0,0.0,0.0,0.0,0.0,0.0,0.0,68250.0,164.18,santa_quiteria
04/2026,2,NORDESTE,NE,23,CEARA,CE,231200,SANTANA DO ACARAU,3.0,2025,DOU,32133.0,13.0,0.0,0.0,0.0,0.0,0.0,0.0,0.0,0.0,0.0,0.0,0.0,45500.0,141.59,santana_do_acarau
04/2026,2,NORDESTE,NE,23,CEARA,CE,231210,SANTANA DO CARIRI,3.0,2025,DOU,17391.0,8.0,0.0,0.0,0.0,0.0,0.0,0.0,0.0,0.0,0.0,0.0,0.0,28000.0,161.0,santana_do_cariri
04/2026,2,NORDESTE,NE,23,CEARA,CE,231230,SAO BENEDITO,3.0,2025,DOU,50058.0,19.0,0.0,0.0,0.0,0.0,0.0,0.0,0.0,0.0,0.0,0.0,0.0,66500.0,132.84,sao_benedito
04/2026,2,NORDESTE,NE,23,CEARA,CE,231240,SAO GONCALO DO AMARANTE,3.0,2025,DOU,58191.0,24.0,0.0,3.0,0.0,0.0,0.0,0.0,0.0,0.0,0.0,0.0,0.0,89250.0,153.37,sao_goncalo_do_amarante
04/2026,2,NORDESTE,NE,23,CEARA,CE,231250,SAO JOAO DO JAGUARIBE,3.0,2025,DOU,5683.0,4.0,0.0,0.0,0.0,0.0,0.0,0.0,0.0,0.0,0.0,0.0,0.0,14000.0,246.34,sao_joao_do_jaguaribe
04/2026,2,NORDESTE,NE,23,CEARA,CE,231260,SAO LUIS DO CURU,3.0,2025,DOU,10888.0,7.0,0.0,0.0,0.0,0.0,0.0,0.0,0.0,0.0,0.0,0.0,0.0,24500.0,225.01,sao_luis_do_curu
04/2026,2,NORDESTE,NE,23,CEARA,CE,231270,SENADOR POMPEU,3.0,2025,DOU,25108.0,13.0,0.0,0.0,0.0,0.0,0.0,0.0,0.0,0.0,0.0,0.0,0.0,45500.0,181.21,senador_pompeu
04/2026,2,NORDESTE,NE,23,CEARA,CE,231280,SENADOR SA,3.0,2025,DOU,7551.0,4.0,0.0,0.0,0.0,0.0,0.0,0.0,0.0,0.0,0.0,0.0,0.0,14000.0,185.4,senador_sa
04/2026,2,NORDESTE,NE,23,CEARA,CE,231290,SOBRAL,1.0,2025,DOU,216519.0,80.0,0.0,0.0,0.0,0.0,1.0,145.0,1.0,223.0,0.0,0.0,368.0,280368.0,129.48,sobral
04/2026,2,NORDESTE,NE,23,CEARA,CE,231300,SOLONOPOLE,3.0,2025,DOU,18785.0,9.0,0.0,0.0,0.0,0.0,0.0,0.0,0.0,0.0,0.0,0.0,0.0,31500.0,167.68,solonopole
04/2026,2,NORDESTE,NE,23,CEARA,CE,231310,TABULEIRO DO NORTE,2.0,2025,DOU,32122.0,13.0,0.0,0.0,0.0,0.0,0.0,0.0,0.0,0.0,0.0,0.0,0.0,45500.0,141.64,tabuleiro_do_norte
04/2026,2,NORDESTE,NE,23,CEARA,CE,231320,TAMBORIL,3.0,2025,DOU,25287.0,13.0,0.0,0.0,0.0,0.0,0.0,0.0,0.0,0.0,0.0,0.0,0.0,45500.0,179.93,tamboril
04/2026,2,NORDESTE,NE,23,CEARA,CE,231325,TARRAFAS,3.0,2025,DOU,7574.0,4.0,0.0,0.0,0.0,0.0,0.0,0.0,0.0,0.0,0.0,0.0,0.0,14000.0,184.84,tarrafas
04/2026,2,NORDESTE,NE,23,CEARA,CE,231330,TAUA,2.0,2025,DOU,64655.0,28.0,0.0,0.0,0.0,0.0,0.0,0.0,0.0,0.0,0.0,0.0,0.0,98000.0,151.57,taua
04/2026,2,NORDESTE,NE,23,CEARA,CE,231335,TEJUCUOCA,3.0,2025,DOU,17646.0,9.0,0.0,1.0,0.0,0.0,0.0,0.0,0.0,0.0,0.0,0.0,0.0,33250.0,188.42,tejucuoca
04/2026,2,NORDESTE,NE,23,CEARA,CE,231340,TIANGUA,1.0,2025,DOU,86968.0,26.0,2.0,0.0,0.0,0.0,0.0,0.0,0.0,0.0,0.0,0.0,0.0,96250.0,110.67,tiangua
04/2026,2,NORDESTE,NE,23,CEARA,CE,231350,TRAIRI,3.0,2025,DOU,62004.0,25.0,2.0,2.0,0.0,0.0,0.0,0.0,0.0,0.0,0.0,0.0,0.0,96250.0,155.23,trairi
04/2026,2,NORDESTE,NE,23,CEARA,CE,231355,TURURU,3.0,2025,DOU,15524.0,8.0,0.0,0.0,0.0,0.0,0.0,0.0,0.0,0.0,0.0,0.0,0.0,28000.0,180.36,tururu
04/2026,2,NORDESTE,NE,23,CEARA,CE,231360,UBAJARA,3.0,2025,DOU,34424.0,18.0,0.0,0.0,0.0,0.0,0.0,0.0,0.0,0.0,0.0,0.0,0.0,63000.0,183.01,ubajara
04/2026,2,NORDESTE,NE,23,CEARA,CE,231370,UMARI,3.0,2025,DOU,6963.0,4.0,0.0,0.0,0.0,0.0,0.0,0.0,0.0,0.0,0.0,0.0,0.0,14000.0,201.06,umari
04/2026,2,NORDESTE,NE,23,CEARA,CE,231375,UMIRIM,3.0,2025,DOU,17751.0,9.0,0.0,0.0,0.0,0.0,0.0,0.0,0.0,0.0,0.0,0.0,0.0,31500.0,177.45,umirim
04/2026,2,NORDESTE,NE,23,CEARA,CE,231380,URUBURETAMA,2.0,2025,DOU,21331.0,11.0,0.0,0.0,0.0,0.0,0.0,0.0,0.0,0.0,0.0,0.0,0.0,38500.0,180.48,uruburetama
04/2026,2,NORDESTE,NE,23,CEARA,CE,231390,URUOCA,3.0,2025,DOU,14308.0,7.0,0.0,0.0,0.0,0.0,0.0,0.0,0.0,0.0,0.0,0.0,0.0,24500.0,171.23,uruoca
04/2026,2,NORDESTE,NE,23,CEARA,CE,231395,VARJOTA,2.0,2025,DOU,18708.0,9.0,0.0,0.0,0.0,0.0,0.0,0.0,0.0,0.0,0.0,0.0,0.0,31500.0,168.37,varjota
04/2026,2,NORDESTE,NE,23,CEARA,CE,231400,VARZEA ALEGRE,2.0,2025,DOU,40878.0,15.0,0.0,0.0,0.0,0.0,0.0,0.0,0.0,0.0,0.0,0.0,0.0,52500.0,128.43,varzea_alegre
04/2026,2,NORDESTE,NE,23,CEARA,CE,231410,VICOSA DO CEARA,3.0,2025,DOU,62972.0,19.0,0.0,0.0,0.0,0.0,0.0,0.0,0.0,0.0,0.0,0.0,0.0,66500.0,105.6,vicosa_do_ceara
04/2026,5,CENTRO-OESTE,CO,53,DISTRITO FEDERAL,DF,530010,BRASILIA,1.0,2025,DOU,2996899.0,647.0,0.0,0.0,0.0,0.0,6.0,4633.0,7.0,13817.0,6.0,7691.0,26141.0,2290641.0,76.43,brasilia
04/2026,3,SUDESTE,SE,32,ESPIRITO SANTO,ES,320010,AFONSO CLAUDIO,3.0,2025,DOU,32456.0,12.0,0.0,2.0,0.0,0.0,0.0,0.0,0.0,0.0,0.0,0.0,0.0,45500.0,140.18,afonso_claudio
04/2026,3,SUDESTE,SE,32,ESPIRITO SANTO,ES,320016,AGUA DOCE DO NORTE,3.0,2025,DOU,12585.0,6.0,0.0,0.0,0.0,0.0,0.0,0.0,0.0,0.0,0.0,0.0,0.0,21000.0,166.86,agua_doce_do_norte
04/2026,3,SUDESTE,SE,32,ESPIRITO SANTO,ES,320013,AGUIA BRANCA,3.0,2025,DOU,10143.0,5.0,0.0,0.0,0.0,0.0,0.0,0.0,0.0,0.0,0.0,0.0,0.0,17500.0,172.53,aguia_branca
04/2026,3,SUDESTE,SE,32,ESPIRITO SANTO,ES,320020,ALEGRE,2.0,2025,DOU,30702.0,10.0,0.0,0.0,0.0,0.0,0.0,0.0,0.0,0.0,0.0,0.0,0.0,35000.0,113.99,alegre
04/2026,3,SUDESTE,SE,32,ESPIRITO SANTO,ES,320030,ALFREDO CHAVES,3.0,2025,DOU,14376.0,7.0,0.0,0.0,0.0,0.0,0.0,0.0,0.0,0.0,0.0,0.0,0.0,24500.0,170.42,alfredo_chaves
04/2026,3,SUDESTE,SE,32,ESPIRITO SANTO,ES,320035,ALTO RIO NOVO,3.0,2025,DOU,7760.0,4.0,0.0,0.0,0.0,0.0,0.0,0.0,0.0,0.0,0.0,0.0,0.0,14000.0,180.41,alto_rio_novo
04/2026,3,SUDESTE,SE,32,ESPIRITO SANTO,ES,320040,ANCHIETA,3.0,2025,DOU,33017.0,13.0,0.0,0.0,0.0,0.0,0.0,0.0,0.0,0.0,0.0,0.0,0.0,45500.0,137.8,anchieta
04/2026,3,SUDESTE,SE,32,ESPIRITO SANTO,ES,320050,APIACA,3.0,2025,DOU,7462.0,3.0,2.0,0.0,0.0,0.0,0.0,0.0,0.0,0.0,0.0,0.0,0.0,15750.0,211.06,apiaca
04/2026,3,SUDESTE,SE,32,ESPIRITO SANTO,ES,320060,ARACRUZ,1.0,2025,DOU,103363.0,34.0,0.0,0.0,0.0,0.0,0.0,0.0,1.0,167.0,0.0,0.0,167.0,119167.0,115.28,aracruz
04/2026,3,SUDESTE,SE,32,ESPIRITO SANTO,ES,320070,ATILIO VIVACQUA,3.0,2025,DOU,11046.0,6.0,0.0,0.0,0.0,0.0,0.0,0.0,0.0,0.0,0.0,0.0,0.0,21000.0,190.11,atilio_vivacqua
04/2026,3,SUDESTE,SE,32,ESPIRITO SANTO,ES,320080,BAIXO GUANDU,2.0,2025,DOU,32829.0,12.0,0.0,0.0,0.0,0.0,0.0,0.0,0.0,0.0,0.0,0.0,0.0,42000.0,127.93,baixo_guandu
04/2026,3,SUDESTE,SE,32,ESPIRITO SANTO,ES,320090,BARRA DE SAO FRANCISCO,3.0,2025,DOU,45415.0,14.0,0.0,1.0,0.0,0.0,0.0,0.0,1.0,0.0,0.0,0.0,0.0,50750.0,111.74,barra_de_sao_francisco
04/2026,3,SUDESTE,SE,32,ESPIRITO SANTO,ES,320100,BOA ESPERANCA,3.0,2025,DOU,14054.0,6.0,0.0,0.0,0.0,0.0,0.0,0.0,0.0,0.0,0.0,0.0,0.0,21000.0,149.42,boa_esperanca
04/2026,3,SUDESTE,SE,32,ESPIRITO SANTO,ES,320110,BOM JESUS DO NORTE,1.0,2025,DOU,10820.0,4.0,2.0,0.0,0.0,0.0,0.0,0.0,0.0,0.0,0.0,0.0,0.0,19250.0,177.91,bom_jesus_do_norte
04/2026,3,SUDESTE,SE,32,ESPIRITO SANTO,ES,320115,BREJETUBA,3.0,2025,DOU,13718.0,6.0,0.0,0.0,0.0,0.0,0.0,0.0,0.0,0.0,0.0,0.0,0.0,21000.0,153.08,brejetuba
04/2026,3,SUDESTE,SE,32,ESPIRITO SANTO,ES,320120,CACHOEIRO DE ITAPEMIRIM,1.0,2025,DOU,198342.0,61.0,0.0,0.0,0.0,0.0,1.0,156.0,3.0,76.0,1.0,572.0,804.0,214304.0,108.04,cachoeiro_de_itapemirim
04/2026,3,SUDESTE,SE,32,ESPIRITO SANTO,ES,320130,CARIACICA,1.0,2025,DOU,376200.0,60.0,4.0,21.0,0.0,0.0,1.0,737.0,3.0,484.0,0.0,0.0,1221.0,258471.0,68.7,cariacica
04/2026,3,SUDESTE,SE,32,ESPIRITO SANTO,ES,320140,CASTELO,2.0,2025,DOU,39575.0,13.0,1.0,0.0,0.0,0.0,0.0,0.0,0.0,0.0,0.0,0.0,0.0,48125.0,121.6,castelo
04/2026,3,SUDESTE,SE,32,ESPIRITO SANTO,ES,320150,COLATINA,1.0,2025,DOU,129301.0,52.0,0.0,0.0,0.0,0.0,0.0,0.0,5.0,292.0,1.0,832.0,1124.0,183124.0,141.62,colatina
04/2026,3,SUDESTE,SE,32,ESPIRITO SANTO,ES,320160,CONCEICAO DA BARRA,2.0,2025,DOU,28923.0,9.0,0.0,2.0,0.0,0.0,0.0,0.0,0.0,0.0,0.0,0.0,0.0,35000.0,121.01,conceicao_da_barra
04/2026,3,SUDESTE,SE,32,ESPIRITO SANTO,ES,320170,CONCEICAO DO CASTELO,3.0,2025,DOU,12472.0,5.0,0.0,0.0,0.0,0.0,0.0,0.0,0.0,0.0,0.0,0.0,0.0,17500.0,140.31,conceicao_do_castelo
04/2026,3,SUDESTE,SE,32,ESPIRITO SANTO,ES,320180,DIVINO DE SAO LOURENCO,3.0,2025,DOU,5397.0,2.0,0.0,0.0,0.0,0.0,0.0,0.0,0.0,0.0,0.0,0.0,0.0,7000.0,129.7,divino_de_sao_lourenco
04/2026,3,SUDESTE,SE,32,ESPIRITO SANTO,ES,320190,DOMINGOS MARTINS,3.0,2025,DOU,38236.0,13.0,0.0,0.0,0.0,0.0,0.0,0.0,0.0,0.0,0.0,0.0,0.0,45500.0,118.99,domingos_martins
04/2026,3,SUDESTE,SE,32,ESPIRITO SANTO,ES,320200,DORES DO RIO PRETO,3.0,2025,DOU,6902.0,3.0,0.0,0.0,0.0,0.0,0.0,0.0,0.0,0.0,0.0,0.0,0.0,10500.0,152.12,dores_do_rio_preto
04/2026,3,SUDESTE,SE,32,ESPIRITO SANTO,ES,320210,ECOPORANGA,3.0,2025,DOU,22611.0,10.0,0.0,0.0,0.0,0.0,0.0,0.0,0.0,0.0,0.0,0.0,0.0,35000.0,154.79,ecoporanga
04/2026,3,SUDESTE,SE,32,ESPIRITO SANTO,ES,320220,FUNDAO,1.0,2025,DOU,18898.0,7.0,3.0,0.0,0.0,0.0,0.0,0.0,0.0,0.0,0.0,0.0,0.0,32375.0,171.31,fundao
04/2026,3,SUDESTE,SE,32,ESPIRITO SANTO,ES,320225,GOVERNADOR LINDENBERG,3.0,2025,DOU,11484.0,5.0,0.0,0.0,0.0,0.0,0.0,0.0,0.0,0.0,0.0,0.0,0.0,17500.0,152.38,governador_lindenberg
04/2026,3,SUDESTE,SE,32,ESPIRITO SANTO,ES,320230,GUACUI,2.0,2025,DOU,31418.0,11.0,0.0,0.0,0.0,0.0,0.0,0.0,0.0,0.0,0.0,0.0,0.0,38500.0,122.54,guacui
04/2026,3,SUDESTE,SE,32,ESPIRITO SANTO,ES,320240,GUARAPARI,1.0,2025,DOU,136311.0,25.0,1.0,1.0,0.0,0.0,0.0,0.0,1.0,0.0,0.0,0.0,0.0,91875.0,67.4,guarapari
04/2026,3,SUDESTE,SE,32,ESPIRITO SANTO,ES,320245,IBATIBA,2.0,2025,DOU,27543.0,7.0,0.0,0.0,0.0,0.0,0.0,0.0,0.0,0.0,0.0,0.0,0.0,24500.0,88.95,ibatiba
04/2026,3,SUDESTE,SE,32,ESPIRITO SANTO,ES,320250,IBIRACU,2.0,2025,DOU,12304.0,4.0,0.0,0.0,0.0,0.0,0.0,0.0,0.0,0.0,0.0,0.0,0.0,14000.0,113.78,ibiracu
04/2026,3,SUDESTE,SE,32,ESPIRITO SANTO,ES,320255,IBITIRAMA,3.0,2025,DOU,10015.0,4.0,0.0,0.0,0.0,0.0,0.0,0.0,0.0,0.0,0.0,0.0,0.0,14000.0,139.79,ibitirama
04/2026,3,SUDESTE,SE,32,ESPIRITO SANTO,ES,320260,ICONHA,3.0,2025,DOU,12790.0,6.0,0.0,0.0,0.0,0.0,0.0,0.0,0.0,0.0,0.0,0.0,0.0,21000.0,164.19,iconha
04/2026,3,SUDESTE,SE,32,ESPIRITO SANTO,ES,320265,IRUPI,3.0,2025,DOU,14647.0,5.0,0.0,1.0,0.0,0.0,0.0,0.0,0.0,0.0,0.0,0.0,0.0,19250.0,131.42,irupi
04/2026,3,SUDESTE,SE,32,ESPIRITO SANTO,ES,320270,ITAGUACU,3.0,2025,DOU,14042.0,6.0,0.0,0.0,0.0,0.0,0.0,0.0,0.0,0.0,0.0,0.0,0.0,21000.0,149.55,itaguacu
04/2026,3,SUDESTE,SE,32,ESPIRITO SANTO,ES,320280,ITAPEMIRIM,2.0,2025,DOU,44020.0,13.0,2.0,0.0,0.0,0.0,0.0,0.0,0.0,0.0,0.0,0.0,0.0,50750.0,115.28,itapemirim
04/2026,3,SUDESTE,SE,32,ESPIRITO SANTO,ES,320290,ITARANA,3.0,2025,DOU,10975.0,5.0,0.0,0.0,0.0,0.0,0.0,0.0,0.0,0.0,0.0,0.0,0.0,17500.0,159.45,itarana
04/2026,3,SUDESTE,SE,32,ESPIRITO SANTO,ES,320300,IUNA,2.0,2025,DOU,30556.0,11.0,1.0,0.0,0.0,0.0,0.0,0.0,0.0,0.0,0.0,0.0,0.0,41125.0,134.58,iuna
04/2026,3,SUDESTE,SE,32,ESPIRITO SANTO,ES,320305,JAGUARE,2.0,2025,DOU,31551.0,11.0,2.0,1.0,0.0,0.0,0.0,0.0,0.0,0.0,0.0,0.0,0.0,45500.0,144.21,jaguare
04/2026,3,SUDESTE,SE,32,ESPIRITO SANTO,ES,320310,JERONIMO MONTEIRO,3.0,2025,DOU,12108.0,4.0,0.0,0.0,0.0,0.0,0.0,0.0,0.0,0.0,0.0,0.0,0.0,14000.0,115.62,jeronimo_monteiro
04/2026,3,SUDESTE,SE,32,ESPIRITO SANTO,ES,320313,JOAO NEIVA,2.0,2025,DOU,14295.0,6.0,0.0,0.0,0.0,0.0,0.0,0.0,0.0,0.0,0.0,0.0,0.0,21000.0,146.9,joao_neiva
04/2026,3,SUDESTE,SE,32,ESPIRITO SANTO,ES,320316,LARANJA DA TERRA,3.0,2025,DOU,11597.0,4.0,2.0,0.0,0.0,0.0,0.0,0.0,0.0,0.0,0.0,0.0,0.0,19250.0,165.99,laranja_da_terra
04/2026,3,SUDESTE,SE,32,ESPIRITO SANTO,ES,320320,LINHARES,1.0,2025,DOU,183797.0,47.0,0.0,0.0,0.0,0.0,1.0,94.0,4.0,251.0,0.0,0.0,345.0,164845.0,89.68,linhares
04/2026,3,SUDESTE,SE,32,ESPIRITO SANTO,ES,320330,MANTENOPOLIS,3.0,2025,DOU,13131.0,5.0,0.0,0.0,0.0,0.0,0.0,0.0,0.0,0.0,0.0,0.0,0.0,17500.0,133.27,mantenopolis
04/2026,3,SUDESTE,SE,32,ESPIRITO SANTO,ES,320332,MARATAIZES,2.0,2025,DOU,45953.0,18.0,0.0,0.0,0.0,0.0,0.0,0.0,1.0,0.0,0.0,0.0,0.0,63000.0,137.09,marataizes
04/2026,3,SUDESTE,SE,32,ESPIRITO SANTO,ES,320334,MARECHAL FLORIANO,3.0,2025,DOU,18964.0,7.0,0.0,0.0,0.0,0.0,0.0,0.0,0.0,0.0,0.0,0.0,0.0,24500.0,129.19,marechal_floriano
04/2026,3,SUDESTE,SE,32,ESPIRITO SANTO,ES,320335,MARILANDIA,3.0,2025,DOU,13087.0,6.0,0.0,0.0,0.0,0.0,0.0,0.0,0.0,0.0,0.0,0.0,0.0,21000.0,160.46,marilandia
04/2026,3,SUDESTE,SE,32,ESPIRITO SANTO,ES,320340,MIMOSO DO SUL,3.0,2025,DOU,25088.0,13.0,0.0,0.0,0.0,0.0,0.0,0.0,0.0,0.0,0.0,0.0,0.0,45500.0,181.36,mimoso_do_sul
04/2026,3,SUDESTE,SE,32,ESPIRITO SANTO,ES,320350,MONTANHA,2.0,2025,DOU,19830.0,8.0,2.0,0.0,0.0,0.0,0.0,0.0,0.0,0.0,0.0,0.0,0.0,33250.0,167.67,montanha
04/2026,3,SUDESTE,SE,32,ESPIRITO SANTO,ES,320360,MUCURICI,3.0,2025,DOU,5653.0,3.0,0.0,0.0,0.0,0.0,0.0,0.0,0.0,0.0,0.0,0.0,0.0,10500.0,185.74,mucurici
04/2026,3,SUDESTE,SE,32,ESPIRITO SANTO,ES,320370,MUNIZ FREIRE,3.0,2025,DOU,18809.0,9.0,0.0,0.0,0.0,0.0,0.0,0.0,0.0,0.0,0.0,0.0,0.0,31500.0,167.47,muniz_freire
04/2026,3,SUDESTE,SE,32,ESPIRITO SANTO,ES,320380,MUQUI,3.0,2025,DOU,14185.0,7.0,0.0,0.0,0.0,0.0,0.0,0.0,0.0,0.0,0.0,0.0,0.0,24500.0,172.71,muqui
04/2026,3,SUDESTE,SE,32,ESPIRITO SANTO,ES,320390,NOVA VENECIA,1.0,2025,DOU,52324.0,15.0,0.0,0.0,0.0,0.0,0.0,0.0,0.0,0.0,0.0,0.0,0.0,52500.0,100.33,nova_venecia
04/2026,3,SUDESTE,SE,32,ESPIRITO SANTO,ES,320400,PANCAS,3.0,2025,DOU,19120.0,9.0,0.0,0.0,0.0,0.0,0.0,0.0,0.0,0.0,0.0,0.0,0.0,31500.0,164.74,pancas
04/2026,3,SUDESTE,SE,32,ESPIRITO SANTO,ES,320405,PEDRO CANARIO,2.0,2025,DOU,21923.0,9.0,0.0,1.0,0.0,0.0,0.0,0.0,0.0,0.0,0.0,0.0,0.0,33250.0,151.66,pedro_canario
04/2026,3,SUDESTE,SE,32,ESPIRITO SANTO,ES,320410,PINHEIROS,2.0,2025,DOU,24843.0,9.0,0.0,0.0,0.0,0.0,0.0,0.0,0.0,0.0,0.0,0.0,0.0,31500.0,126.79,pinheiros
04/2026,3,SUDESTE,SE,32,ESPIRITO SANTO,ES,320420,PIUMA,1.0,2025,DOU,23912.0,9.0,1.0,0.0,0.0,0.0,0.0,0.0,0.0,0.0,0.0,0.0,0.0,34125.0,142.71,piuma
04/2026,3,SUDESTE,SE,32,ESPIRITO SANTO,ES,320425,PONTO BELO,3.0,2025,DOU,6671.0,3.0,1.0,0.0,0.0,0.0,0.0,0.0,0.0,0.0,0.0,0.0,0.0,13125.0,196.74,ponto_belo
04/2026,3,SUDESTE,SE,32,ESPIRITO SANTO,ES,320430,PRESIDENTE KENNEDY,3.0,2025,DOU,14852.0,6.0,0.0,0.0,0.0,0.0,0.0,0.0,0.0,0.0,0.0,0.0,0.0,21000.0,141.39,presidente_kennedy
04/2026,3,SUDESTE,SE,32,ESPIRITO SANTO,ES,320435,RIO BANANAL,3.0,2025,DOU,20350.0,7.0,0.0,0.0,0.0,0.0,0.0,0.0,0.0,0.0,0.0,0.0,0.0,24500.0,120.39,rio_bananal
04/2026,3,SUDESTE,SE,32,ESPIRITO SANTO,ES,320440,RIO NOVO DO SUL,3.0,2025,DOU,11471.0,6.0,0.0,0.0,0.0,0.0,0.0,0.0,0.0,0.0,0.0,0.0,0.0,21000.0,183.07,rio_novo_do_sul
04/2026,3,SUDESTE,SE,32,ESPIRITO SANTO,ES,320450,SANTA LEOPOLDINA,3.0,2025,DOU,13813.0,5.0,0.0,0.0,0.0,0.0,0.0,0.0,0.0,0.0,0.0,0.0,0.0,17500.0,126.69,santa_leopoldina
04/2026,3,SUDESTE,SE,32,ESPIRITO SANTO,ES,320455,SANTA MARIA DE JETIBA,3.0,2025,DOU,45575.0,19.0,0.0,0.0,0.0,0.0,0.0,0.0,0.0,0.0,0.0,0.0,0.0,66500.0,145.91,santa_maria_de_jetiba
04/2026,3,SUDESTE,SE,32,ESPIRITO SANTO,ES,320460,SANTA TERESA,3.0,2025,DOU,23872.0,9.0,0.0,0.0,0.0,0.0,0.0,0.0,0.0,0.0,0.0,0.0,0.0,31500.0,131.95,santa_teresa
04/2026,3,SUDESTE,SE,32,ESPIRITO SANTO,ES,320465,SAO DOMINGOS DO NORTE,3.0,2025,DOU,9051.0,3.0,0.0,0.0,0.0,0.0,0.0,0.0,1.0,102.0,0.0,0.0,102.0,10602.0,117.13,sao_domingos_do_norte
04/2026,3,SUDESTE,SE,32,ESPIRITO SANTO,ES,320470,SAO GABRIEL DA PALHA,2.0,2025,DOU,34272.0,10.0,1.0,0.0,0.0,0.0,0.0,0.0,0.0,0.0,0.0,0.0,0.0,37625.0,109.78,sao_gabriel_da_palha
04/2026,3,SUDESTE,SE,32,ESPIRITO SANTO,ES,320480,SAO JOSE DO CALCADO,3.0,2025,DOU,11411.0,4.0,0.0,0.0,0.0,0.0,0.0,0.0,0.0,0.0,0.0,0.0,0.0,14000.0,122.68,sao_jose_do_calcado
04/2026,3,SUDESTE,SE,32,ESPIRITO SANTO,ES,320490,SAO MATEUS,1.0,2025,DOU,134423.0,37.0,2.0,0.0,0.0,0.0,1.0,104.0,3.0,318.0,1.0,846.0,1268.0,136018.0,101.18,sao_mateus
04/2026,3,SUDESTE,SE,32,ESPIRITO SANTO,ES,320495,SAO ROQUE DO CANAA,3.0,2025,DOU,11256.0,4.0,0.0,0.0,0.0,0.0,0.0,0.0,0.0,0.0,0.0,0.0,0.0,14000.0,124.37,sao_roque_do_canaa
04/2026,3,SUDESTE,SE,32,ESPIRITO SANTO,ES,320500,SERRA,1.0,2025,DOU,579720.0,98.0,21.0,0.0,0.0,0.0,3.0,438.0,2.0,702.0,0.0,0.0,1140.0,399265.0,68.87,serra
04/2026,3,SUDESTE,SE,32,ESPIRITO SANTO,ES,320501,SOORETAMA,2.0,2025,DOU,28668.0,7.0,0.0,0.0,0.0,0.0,0.0,0.0,0.0,0.0,0.0,0.0,0.0,24500.0,85.46,sooretama
04/2026,3,SUDESTE,SE,32,ESPIRITO SANTO,ES,320503,VARGEM ALTA,3.0,2025,DOU,20390.0,9.0,0.0,0.0,0.0,0.0,0.0,0.0,0.0,0.0,0.0,0.0,0.0,31500.0,154.48,vargem_alta
04/2026,3,SUDESTE,SE,32,ESPIRITO SANTO,ES,320506,VENDA NOVA DO IMIGRANTE,3.0,2025,DOU,25395.0,10.0,0.0,0.0,0.0,0.0,0.0,0.0,0.0,0.0,0.0,0.0,0.0,35000.0,137.82,venda_nova_do_imigrante
04/2026,3,SUDESTE,SE,32,ESPIRITO SANTO,ES,320510,VIANA,1.0,2025,DOU,79043.0,28.0,0.0,0.0,0.0,0.0,0.0,0.0,8.0,2731.0,1.0,257.0,2988.0,100988.0,127.76,viana
04/2026,3,SUDESTE,SE,32,ESPIRITO SANTO,ES,320515,VILA PAVAO,3.0,2025,DOU,9319.0,3.0,0.0,1.0,0.0,0.0,0.0,0.0,0.0,0.0,0.0,0.0,0.0,12250.0,131.45,vila_pavao
04/2026,3,SUDESTE,SE,32,ESPIRITO SANTO,ES,320517,VILA VALERIO,3.0,2025,DOU,14267.0,6.0,0.0,0.0,0.0,0.0,0.0,0.0,0.0,0.0,0.0,0.0,0.0,21000.0,147.19,vila_valerio
04/2026,3,SUDESTE,SE,32,ESPIRITO SANTO,ES,320520,VILA VELHA,1.0,2025,DOU,506779.0,105.0,10.0,2.0,0.0,0.0,2.0,658.0,9.0,2130.0,3.0,3666.0,6454.0,403704.0,79.66,vila_velha
04/2026,3,SUDESTE,SE,32,ESPIRITO SANTO,ES,320530,VITORIA,1.0,2025,DOU,343378.0,85.0,15.0,3.0,0.0,0.0,2.0,887.0,0.0,0.0,0.0,0.0,887.0,343012.0,99.89,vitoria
04/2026,5,CENTRO-OESTE,CO,52,GOIAS,GO,520005,ABADIA DE GOIAS,1.0,2025,DOU,22052.0,5.0,0.0,0.0,0.0,0.0,0.0,0.0,0.0,0.0,0.0,0.0,0.0,17500.0,79.35,abadia_de_goias
04/2026,5,CENTRO-OESTE,CO,52,GOIAS,GO,520010,ABADIANIA,3.0,2025,DOU,17738.0,6.0,0.0,0.0,0.0,0.0,0.0,0.0,0.0,0.0,0.0,0.0,0.0,21000.0,118.38,abadiania
04/2026,5,CENTRO-OESTE,CO,52,GOIAS,GO,520013,ACREUNA,1.0,2025,DOU,22079.0,8.0,0.0,0.0,0.0,0.0,0.0,0.0,1.0,475.0,0.0,0.0,475.0,28475.0,128.96,acreuna
04/2026,5,CENTRO-OESTE,CO,52,GOIAS,GO,520015,ADELANDIA,3.0,2025,DOU,2282.0,1.0,0.0,0.0,0.0,0.0,0.0,0.0,0.0,0.0,0.0,0.0,0.0,3500.0,153.37,adelandia
04/2026,5,CENTRO-OESTE,CO,52,GOIAS,GO,520017,AGUA FRIA DE GOIAS,3.0,2025,DOU,4979.0,3.0,0.0,0.0,0.0,0.0,0.0,0.0,0.0,0.0,0.0,0.0,0.0,10500.0,210.88,agua_fria_de_goias
04/2026,5,CENTRO-OESTE,CO,52,GOIAS,GO,520020,AGUA LIMPA,3.0,2025,DOU,1843.0,1.0,0.0,0.0,0.0,0.0,0.0,0.0,0.0,0.0,0.0,0.0,0.0,3500.0,189.9,agua_limpa
04/2026,5,CENTRO-OESTE,CO,52,GOIAS,GO,520025,AGUAS LINDAS DE GOIAS,1.0,2025,DOU,245352.0,40.0,0.0,1.0,0.0,0.0,0.0,0.0,2.0,1733.0,0.0,0.0,1733.0,143483.0,58.48,aguas_lindas_de_goias
04/2026,5,CENTRO-OESTE,CO,52,GOIAS,GO,520030,ALEXANIA,2.0,2025,DOU,28244.0,10.0,2.0,0.0,0.0,0.0,0.0,0.0,1.0,309.0,0.0,0.0,309.0,40559.0,143.6,alexania
04/2026,5,CENTRO-OESTE,CO,52,GOIAS,GO,520050,ALOANDIA,3.0,2025,DOU,1977.0,1.0,0.0,0.0,0.0,0.0,0.0,0.0,0.0,0.0,0.0,0.0,0.0,3500.0,177.03,aloandia
04/2026,5,CENTRO-OESTE,CO,52,GOIAS,GO,520055,ALTO HORIZONTE,3.0,2025,DOU,6487.0,3.0,0.0,0.0,0.0,0.0,0.0,0.0,0.0,0.0,0.0,0.0,0.0,10500.0,161.86,alto_horizonte
04/2026,5,CENTRO-OESTE,CO,52,GOIAS,GO,520060,ALTO PARAISO DE GOIAS,3.0,2025,DOU,11182.0,4.0,0.0,0.0,0.0,0.0,0.0,0.0,0.0,0.0,0.0,0.0,0.0,14000.0,125.2,alto_paraiso_de_goias
04/2026,5,CENTRO-OESTE,CO,52,GOIAS,GO,520080,ALVORADA DO NORTE,1.0,2025,DOU,8619.0,4.0,0.0,0.0,0.0,0.0,0.0,0.0,0.0,0.0,0.0,0.0,0.0,14000.0,162.43,alvorada_do_norte
04/2026,5,CENTRO-OESTE,CO,52,GOIAS,GO,520082,AMARALINA,3.0,2025,DOU,3267.0,2.0,0.0,0.0,0.0,0.0,0.0,0.0,0.0,0.0,0.0,0.0,0.0,7000.0,214.26,amaralina
04/2026,5,CENTRO-OESTE,CO,52,GOIAS,GO,520085,AMERICANO DO BRASIL,2.0,2025,DOU,5260.0,2.0,0.0,0.0,0.0,0.0,0.0,0.0,0.0,0.0,0.0,0.0,0.0,7000.0,133.07,americano_do_brasil
04/2026,5,CENTRO-OESTE,CO,52,GOIAS,GO,520090,AMORINOPOLIS,3.0,2025,DOU,2906.0,1.0,0.0,0.0,0.0,0.0,0.0,0.0,0.0,0.0,0.0,0.0,0.0,3500.0,120.44,amorinopolis
04/2026,5,CENTRO-OESTE,CO,52,GOIAS,GO,520110,ANAPOLIS,1.0,2025,DOU,420300.0,105.0,0.0,0.0,0.0,0.0,2.0,544.0,0.0,0.0,2.0,1516.0,2060.0,369560.0,87.92,anapolis
04/2026,5,CENTRO-OESTE,CO,52,GOIAS,GO,520120,ANHANGUERA,3.0,2025,DOU,913.0,1.0,0.0,0.0,0.0,0.0,0.0,0.0,0.0,0.0,0.0,0.0,0.0,3500.0,383.35,anhanguera
04/2026,5,CENTRO-OESTE,CO,52,GOIAS,GO,520130,ANICUNS,2.0,2025,DOU,18306.0,8.0,0.0,0.0,0.0,0.0,0.0,0.0,0.0,0.0,0.0,0.0,0.0,28000.0,152.95,anicuns
04/2026,5,CENTRO-OESTE,CO,52,GOIAS,GO,520140,APARECIDA DE GOIANIA,1.0,2025,DOU,556021.0,95.0,12.0,0.0,0.0,0.0,2.0,2501.0,6.0,5543.0,0.0,0.0,8044.0,372044.0,66.91,aparecida_de_goiania
04/2026,5,CENTRO-OESTE,CO,52,GOIAS,GO,520145,APARECIDA DO RIO DOCE,3.0,2025,DOU,3045.0,1.0,0.0,0.0,0.0,0.0,0.0,0.0,0.0,0.0,0.0,0.0,0.0,3500.0,114.94,aparecida_do_rio_doce
04/2026,5,CENTRO-OESTE,CO,52,GOIAS,GO,520150,APORE,3.0,2025,DOU,4488.0,1.0,1.0,0.0,0.0,0.0,0.0,0.0,0.0,0.0,0.0,0.0,0.0,6125.0,136.47,apore
04/2026,5,CENTRO-OESTE,CO,52,GOIAS,GO,520160,ARACU,3.0,2025,DOU,3840.0,2.0,0.0,0.0,0.0,0.0,0.0,0.0,0.0,0.0,0.0,0.0,0.0,7000.0,182.29,aracu
04/2026,5,CENTRO-OESTE,CO,52,GOIAS,GO,520170,ARAGARCAS,1.0,2025,DOU,18601.0,7.0,1.0,0.0,0.0,0.0,0.0,0.0,1.0,167.0,0.0,0.0,167.0,27292.0,146.72,aragarcas
04/2026,5,CENTRO-OESTE,CO,52,GOIAS,GO,520180,ARAGOIANIA,1.0,2025,DOU,12806.0,4.0,0.0,0.0,0.0,0.0,0.0,0.0,0.0,0.0,0.0,0.0,0.0,14000.0,109.32,aragoiania
04/2026,5,CENTRO-OESTE,CO,52,GOIAS,GO,520215,ARAGUAPAZ,3.0,2025,DOU,7152.0,3.0,0.0,0.0,0.0,0.0,0.0,0.0,0.0,0.0,0.0,0.0,0.0,10500.0,146.81,araguapaz
04/2026,5,CENTRO-OESTE,CO,52,GOIAS,GO,520235,ARENOPOLIS,3.0,2025,DOU,2904.0,2.0,0.0,0.0,0.0,0.0,0.0,0.0,0.0,0.0,0.0,0.0,0.0,7000.0,241.04,arenopolis
04/2026,5,CENTRO-OESTE,CO,52,GOIAS,GO,520250,ARUANA,3.0,2025,DOU,8570.0,3.0,0.0,0.0,0.0,0.0,0.0,0.0,0.0,0.0,0.0,0.0,0.0,10500.0,122.52,aruana
04/2026,5,CENTRO-OESTE,CO,52,GOIAS,GO,520260,AURILANDIA,3.0,2025,DOU,3237.0,2.0,0.0,0.0,0.0,0.0,0.0,0.0,0.0,0.0,0.0,0.0,0.0,7000.0,216.24,aurilandia
04/2026,5,CENTRO-OESTE,CO,52,GOIAS,GO,520280,AVELINOPOLIS,3.0,2025,DOU,2993.0,1.0,0.0,0.0,0.0,0.0,0.0,0.0,0.0,0.0,0.0,0.0,0.0,3500.0,116.93,avelinopolis
04/2026,5,CENTRO-OESTE,CO,52,GOIAS,GO,520310,BALIZA,3.0,2025,DOU,3306.0,3.0,0.0,0.0,0.0,0.0,0.0,0.0,0.0,0.0,0.0,0.0,0.0,10500.0,317.6,baliza
04/2026,5,CENTRO-OESTE,CO,52,GOIAS,GO,520320,BARRO ALTO,3.0,2025,DOU,10853.0,3.0,0.0,0.0,0.0,0.0,0.0,0.0,0.0,0.0,0.0,0.0,0.0,10500.0,96.74,barro_alto
04/2026,5,CENTRO-OESTE,CO,52,GOIAS,GO,520330,BELA VISTA DE GOIAS,2.0,2025,DOU,37305.0,11.0,0.0,0.0,0.0,0.0,0.0,0.0,1.0,291.0,0.0,0.0,291.0,38791.0,103.98,bela_vista_de_goias
04/2026,5,CENTRO-OESTE,CO,52,GOIAS,GO,520340,BOM JARDIM DE GOIAS,3.0,2025,DOU,7775.0,4.0,0.0,0.0,0.0,0.0,0.0,0.0,0.0,0.0,0.0,0.0,0.0,14000.0,180.06,bom_jardim_de_goias
04/2026,5,CENTRO-OESTE,CO,52,GOIAS,GO,520350,BOM JESUS DE GOIAS,1.0,2025,DOU,24925.0,6.0,3.0,0.0,0.0,0.0,0.0,0.0,0.0,0.0,0.0,0.0,0.0,28875.0,115.84,bom_jesus_de_goias
04/2026,5,CENTRO-OESTE,CO,52,GOIAS,GO,520355,BONFINOPOLIS,1.0,2025,DOU,11025.0,5.0,0.0,0.0,0.0,0.0,0.0,0.0,0.0,0.0,0.0,0.0,0.0,17500.0,158.73,bonfinopolis
04/2026,5,CENTRO-OESTE,CO,52,GOIAS,GO,520357,BONOPOLIS,3.0,2025,DOU,3289.0,2.0,0.0,0.0,0.0,0.0,0.0,0.0,0.0,0.0,0.0,0.0,0.0,7000.0,212.83,bonopolis
04/2026,5,CENTRO-OESTE,CO,52,GOIAS,GO,520360,BRAZABRANTES,1.0,2025,DOU,4201.0,2.0,0.0,0.0,0.0,0.0,0.0,0.0,0.0,0.0,0.0,0.0,0.0,7000.0,166.62,brazabrantes
04/2026,5,CENTRO-OESTE,CO,52,GOIAS,GO,520380,BRITANIA,3.0,2025,DOU,5798.0,3.0,0.0,0.0,0.0,0.0,0.0,0.0,0.0,0.0,0.0,0.0,0.0,10500.0,181.09,britania
04/2026,5,CENTRO-OESTE,CO,52,GOIAS,GO,520390,BURITI ALEGRE,2.0,2025,DOU,10930.0,4.0,0.0,0.0,0.0,0.0,0.0,0.0,0.0,0.0,0.0,0.0,0.0,14000.0,128.08,buriti_alegre
04/2026,5,CENTRO-OESTE,CO,52,GOIAS,GO,520393,BURITI DE GOIAS,3.0,2025,DOU,2800.0,1.0,0.0,0.0,0.0,0.0,0.0,0.0,0.0,0.0,0.0,0.0,0.0,3500.0,125.0,buriti_de_goias
04/2026,5,CENTRO-OESTE,CO,52,GOIAS,GO,520396,BURITINOPOLIS,3.0,2025,DOU,3140.0,2.0,0.0,0.0,0.0,0.0,0.0,0.0,0.0,0.0,0.0,0.0,0.0,7000.0,222.92,buritinopolis
04/2026,5,CENTRO-OESTE,CO,52,GOIAS,GO,520400,CABECEIRAS,3.0,2025,DOU,7689.0,3.0,0.0,0.0,0.0,0.0,0.0,0.0,0.0,0.0,0.0,0.0,0.0,10500.0,136.55,cabeceiras
04/2026,5,CENTRO-OESTE,CO,52,GOIAS,GO,520410,CACHOEIRA ALTA,2.0,2025,DOU,11854.0,5.0,0.0,0.0,0.0,0.0,0.0,0.0,0.0,0.0,0.0,0.0,0.0,17500.0,147.62,cachoeira_alta
04/2026,5,CENTRO-OESTE,CO,52,GOIAS,GO,520420,CACHOEIRA DE GOIAS,3.0,2025,DOU,1417.0,1.0,0.0,0.0,0.0,0.0,0.0,0.0,0.0,0.0,0.0,0.0,0.0,3500.0,247.0,cachoeira_de_goias
04/2026,5,CENTRO-OESTE,CO,52,GOIAS,GO,520425,CACHOEIRA DOURADA,3.0,2025,DOU,7762.0,4.0,0.0,0.0,0.0,0.0,0.0,0.0,0.0,0.0,0.0,0.0,0.0,14000.0,180.36,cachoeira_dourada
04/2026,5,CENTRO-OESTE,CO,52,GOIAS,GO,520430,CACU,1.0,2025,DOU,14034.0,6.0,0.0,0.0,0.0,0.0,0.0,0.0,0.0,0.0,0.0,0.0,0.0,21000.0,149.63,cacu
04/2026,5,CENTRO-OESTE,CO,52,GOIAS,GO,520440,CAIAPONIA,2.0,2025,DOU,16628.0,5.0,0.0,0.0,0.0,0.0,0.0,0.0,1.0,7.0,0.0,0.0,7.0,17507.0,105.28,caiaponia
04/2026,5,CENTRO-OESTE,CO,52,GOIAS,GO,520450,CALDAS NOVAS,1.0,2025,DOU,106820.0,17.0,1.0,0.0,0.0,0.0,0.0,0.0,0.0,0.0,1.0,682.0,682.0,62807.0,58.79,caldas_novas
04/2026,5,CENTRO-OESTE,CO,52,GOIAS,GO,520455,CALDAZINHA,1.0,2025,DOU,4819.0,2.0,0.0,0.0,0.0,0.0,0.0,0.0,0.0,0.0,0.0,0.0,0.0,7000.0,145.25,caldazinha
04/2026,5,CENTRO-OESTE,CO,52,GOIAS,GO,520460,CAMPESTRE DE GOIAS,3.0,2025,DOU,3879.0,2.0,0.0,0.0,0.0,0.0,0.0,0.0,0.0,0.0,0.0,0.0,0.0,7000.0,180.45,campestre_de_goias
04/2026,5,CENTRO-OESTE,CO,52,GOIAS,GO,520465,CAMPINACU,3.0,2025,DOU,3760.0,2.0,0.0,0.0,0.0,0.0,0.0,0.0,0.0,0.0,0.0,0.0,0.0,7000.0,186.17,campinacu
04/2026,5,CENTRO-OESTE,CO,52,GOIAS,GO,520470,CAMPINORTE,3.0,2025,DOU,12983.0,6.0,0.0,0.0,0.0,0.0,0.0,0.0,0.0,0.0,0.0,0.0,0.0,21000.0,161.74,campinorte
04/2026,5,CENTRO-OESTE,CO,52,GOIAS,GO,520480,CAMPO ALEGRE DE GOIAS,3.0,2025,DOU,7807.0,4.0,0.0,0.0,0.0,0.0,0.0,0.0,0.0,0.0,0.0,0.0,0.0,14000.0,179.32,campo_alegre_de_goias
04/2026,5,CENTRO-OESTE,CO,52,GOIAS,GO,520485,CAMPO LIMPO DE GOIAS,2.0,2025,DOU,8579.0,2.0,4.0,0.0,0.0,0.0,0.0,0.0,0.0,0.0,0.0,0.0,0.0,17500.0,203.98,campo_limpo_de_goias
04/2026,5,CENTRO-OESTE,CO,52,GOIAS,GO,520490,CAMPOS BELOS,1.0,2025,DOU,18227.0,6.0,0.0,0.0,0.0,0.0,0.0,0.0,1.0,14.0,0.0,0.0,14.0,21014.0,115.29,campos_belos
04/2026,5,CENTRO-OESTE,CO,52,GOIAS,GO,520495,CAMPOS VERDES,2.0,2025,DOU,3822.0,3.0,0.0,0.0,0.0,0.0,0.0,0.0,0.0,0.0,0.0,0.0,0.0,10500.0,274.72,campos_verdes
04/2026,5,CENTRO-OESTE,CO,52,GOIAS,GO,520500,CARMO DO RIO VERDE,2.0,2025,DOU,9988.0,4.0,0.0,0.0,0.0,0.0,0.0,0.0,0.0,0.0,0.0,0.0,0.0,14000.0,140.16,carmo_do_rio_verde
04/2026,5,CENTRO-OESTE,CO,52,GOIAS,GO,520505,CASTELANDIA,3.0,2025,DOU,2871.0,1.0,0.0,0.0,0.0,0.0,0.0,0.0,0.0,0.0,0.0,0.0,0.0,3500.0,121.9,castelandia
04/2026,5,CENTRO-OESTE,CO,52,GOIAS,GO,520510,CATALAO,1.0,2025,DOU,122760.0,11.0,3.0,0.0,0.0,0.0,1.0,119.0,1.0,102.0,0.0,0.0,221.0,46596.0,37.95,catalao
04/2026,5,CENTRO-OESTE,CO,52,GOIAS,GO,520520,CATURAI,3.0,2025,DOU,5352.0,3.0,0.0,0.0,0.0,0.0,0.0,0.0,0.0,0.0,0.0,0.0,0.0,10500.0,196.18,caturai
04/2026,5,CENTRO-OESTE,CO,52,GOIAS,GO,520530,CAVALCANTE,3.0,2025,DOU,9730.0,4.0,0.0,0.0,0.0,0.0,0.0,0.0,0.0,0.0,0.0,0.0,0.0,14000.0,143.88,cavalcante
04/2026,5,CENTRO-OESTE,CO,52,GOIAS,GO,520540,CERES,1.0,2025,DOU,22570.0,10.0,0.0,0.0,0.0,0.0,0.0,0.0,0.0,0.0,0.0,0.0,0.0,35000.0,155.07,ceres
04/2026,5,CENTRO-OESTE,CO,52,GOIAS,GO,520545,CEZARINA,3.0,2025,DOU,8301.0,4.0,0.0,0.0,0.0,0.0,0.0,0.0,0.0,0.0,0.0,0.0,0.0,14000.0,168.65,cezarina
04/2026,5,CENTRO-OESTE,CO,52,GOIAS,GO,520547,CHAPADAO DO CEU,4.0,2025,DOU,14321.0,4.0,0.0,0.0,0.0,0.0,0.0,0.0,0.0,0.0,0.0,0.0,0.0,14000.0,97.75,chapadao_do_ceu
04/2026,5,CENTRO-OESTE,CO,52,GOIAS,GO,520549,CIDADE OCIDENTAL,1.0,2025,DOU,101570.0,28.0,1.0,0.0,0.0,0.0,0.0,0.0,1.0,368.0,0.0,0.0,368.0,100993.0,99.43,cidade_ocidental
04/2026,5,CENTRO-OESTE,CO,52,GOIAS,GO,520551,COCALZINHO DE GOIAS,2.0,2025,DOU,27196.0,7.0,1.0,0.0,0.0,0.0,0.0,0.0,0.0,0.0,0.0,0.0,0.0,27125.0,99.73,cocalzinho_de_goias
04/2026,5,CENTRO-OESTE,CO,52,GOIAS,GO,520552,COLINAS DO SUL,3.0,2025,DOU,4188.0,2.0,0.0,0.0,0.0,0.0,0.0,0.0,0.0,0.0,0.0,0.0,0.0,7000.0,167.14,colinas_do_sul
04/2026,5,CENTRO-OESTE,CO,52,GOIAS,GO,520570,CORREGO DO OURO,3.0,2025,DOU,2441.0,1.0,0.0,0.0,0.0,0.0,0.0,0.0,0.0,0.0,0.0,0.0,0.0,3500.0,143.38,corrego_do_ouro
04/2026,5,CENTRO-OESTE,CO,52,GOIAS,GO,520580,CORUMBA DE GOIAS,3.0,2025,DOU,10724.0,4.0,0.0,0.0,0.0,0.0,0.0,0.0,0.0,0.0,0.0,0.0,0.0,14000.0,130.54,corumba_de_goias
04/2026,5,CENTRO-OESTE,CO,52,GOIAS,GO,520590,CORUMBAIBA,3.0,2025,DOU,9484.0,2.0,0.0,0.0,0.0,0.0,0.0,0.0,0.0,0.0,0.0,0.0,0.0,7000.0,73.8,corumbaiba
04/2026,5,CENTRO-OESTE,CO,52,GOIAS,GO,520620,CRISTALINA,1.0,2025,DOU,66827.0,19.0,1.0,0.0,0.0,0.0,0.0,0.0,1.0,252.0,0.0,0.0,252.0,69377.0,103.81,cristalina
04/2026,5,CENTRO-OESTE,CO,52,GOIAS,GO,520630,CRISTIANOPOLIS,3.0,2025,DOU,3670.0,1.0,0.0,0.0,0.0,0.0,0.0,0.0,0.0,0.0,0.0,0.0,0.0,3500.0,95.36,cristianopolis
04/2026,5,CENTRO-OESTE,CO,52,GOIAS,GO,520640,CRIXAS,2.0,2025,DOU,17532.0,9.0,0.0,0.0,0.0,0.0,0.0,0.0,0.0,0.0,0.0,0.0,0.0,31500.0,179.67,crixas
04/2026,5,CENTRO-OESTE,CO,52,GOIAS,GO,520650,CROMINIA,3.0,2025,DOU,3999.0,2.0,0.0,0.0,0.0,0.0,0.0,0.0,0.0,0.0,0.0,0.0,0.0,7000.0,175.04,crominia
04/2026,5,CENTRO-OESTE,CO,52,GOIAS,GO,520660,CUMARI,3.0,2025,DOU,2951.0,1.0,0.0,0.0,0.0,0.0,0.0,0.0,0.0,0.0,0.0,0.0,0.0,3500.0,118.6,cumari
04/2026,5,CENTRO-OESTE,CO,52,GOIAS,GO,520670,DAMIANOPOLIS,3.0,2025,DOU,3917.0,2.0,0.0,0.0,0.0,0.0,0.0,0.0,0.0,0.0,0.0,0.0,0.0,7000.0,178.7,damianopolis
04/2026,5,CENTRO-OESTE,CO,52,GOIAS,GO,520680,DAMOLANDIA,3.0,2025,DOU,2753.0,1.0,0.0,0.0,0.0,0.0,0.0,0.0,0.0,0.0,0.0,0.0,0.0,3500.0,127.13,damolandia
04/2026,5,CENTRO-OESTE,CO,52,GOIAS,GO,520690,DAVINOPOLIS,3.0,2025,DOU,1889.0,1.0,0.0,0.0,0.0,0.0,0.0,0.0,0.0,0.0,0.0,0.0,0.0,3500.0,185.28,davinopolis
04/2026,5,CENTRO-OESTE,CO,52,GOIAS,GO,520710,DIORAMA,3.0,2025,DOU,1991.0,1.0,0.0,0.0,0.0,0.0,0.0,0.0,0.0,0.0,0.0,0.0,0.0,3500.0,175.79,diorama
04/2026,5,CENTRO-OESTE,CO,52,GOIAS,GO,520830,DIVINOPOLIS DE GOIAS,3.0,2025,DOU,4405.0,3.0,0.0,0.0,0.0,0.0,0.0,0.0,0.0,0.0,0.0,0.0,0.0,10500.0,238.36,divinopolis_de_goias
04/2026,5,CENTRO-OESTE,CO,52,GOIAS,GO,520725,DOVERLANDIA,3.0,2025,DOU,6823.0,3.0,0.0,0.0,0.0,0.0,0.0,0.0,0.0,0.0,0.0,0.0,0.0,10500.0,153.89,doverlandia
04/2026,5,CENTRO-OESTE,CO,52,GOIAS,GO,520735,EDEALINA,3.0,2025,DOU,4104.0,2.0,0.0,0.0,0.0,0.0,0.0,0.0,0.0,0.0,0.0,0.0,0.0,7000.0,170.56,edealina
04/2026,5,CENTRO-OESTE,CO,52,GOIAS,GO,520740,EDEIA,2.0,2025,DOU,11982.0,5.0,1.0,0.0,0.0,0.0,0.0,0.0,0.0,0.0,0.0,0.0,0.0,20125.0,167.96,edeia
04/2026,5,CENTRO-OESTE,CO,52,GOIAS,GO,520750,ESTRELA DO NORTE,3.0,2025,DOU,3214.0,2.0,0.0,0.0,0.0,0.0,0.0,0.0,0.0,0.0,0.0,0.0,0.0,7000.0,217.79,estrela_do_norte
04/2026,5,CENTRO-OESTE,CO,52,GOIAS,GO,520753,FAINA,3.0,2025,DOU,7167.0,3.0,0.0,0.0,0.0,0.0,0.0,0.0,0.0,0.0,0.0,0.0,0.0,10500.0,146.5,faina
04/2026,5,CENTRO-OESTE,CO,52,GOIAS,GO,520760,FAZENDA NOVA,3.0,2025,DOU,5842.0,2.0,1.0,0.0,0.0,0.0,0.0,0.0,0.0,0.0,0.0,0.0,0.0,9625.0,164.75,fazenda_nova
04/2026,5,CENTRO-OESTE,CO,52,GOIAS,GO,520780,FIRMINOPOLIS,3.0,2025,DOU,10274.0,6.0,0.0,0.0,0.0,0.0,0.0,0.0,0.0,0.0,0.0,0.0,0.0,21000.0,204.39,firminopolis
04/2026,5,CENTRO-OESTE,CO,52,GOIAS,GO,520790,FLORES DE GOIAS,3.0,2025,DOU,14273.0,7.0,0.0,0.0,0.0,0.0,0.0,0.0,0.0,0.0,0.0,0.0,0.0,24500.0,171.65,flores_de_goias
04/2026,5,CENTRO-OESTE,CO,52,GOIAS,GO,520800,FORMOSA,1.0,2025,DOU,121559.0,25.0,0.0,0.0,0.0,0.0,0.0,0.0,3.0,734.0,0.0,0.0,734.0,88234.0,72.58,formosa
04/2026,5,CENTRO-OESTE,CO,52,GOIAS,GO,520810,FORMOSO,3.0,2025,DOU,4662.0,2.0,0.0,0.0,0.0,0.0,0.0,0.0,0.0,0.0,0.0,0.0,0.0,7000.0,150.15,formoso
04/2026,5,CENTRO-OESTE,CO,52,GOIAS,GO,520815,GAMELEIRA DE GOIAS,3.0,2025,DOU,3563.0,2.0,0.0,0.0,0.0,0.0,0.0,0.0,0.0,0.0,0.0,0.0,0.0,7000.0,196.46,gameleira_de_goias
04/2026,5,CENTRO-OESTE,CO,52,GOIAS,GO,520840,GOIANAPOLIS,2.0,2025,DOU,14758.0,6.0,0.0,0.0,0.0,0.0,0.0,0.0,0.0,0.0,0.0,0.0,0.0,21000.0,142.29,goianapolis
04/2026,5,CENTRO-OESTE,CO,52,GOIAS,GO,520850,GOIANDIRA,1.0,2025,DOU,4962.0,2.0,1.0,0.0,0.0,0.0,0.0,0.0,0.0,0.0,0.0,0.0,0.0,9625.0,193.97,goiandira
04/2026,5,CENTRO-OESTE,CO,52,GOIAS,GO,520860,GOIANESIA,1.0,2025,DOU,78009.0,22.0,0.0,0.0,0.0,0.0,0.0,0.0,1.0,383.0,0.0,0.0,383.0,77383.0,99.19,goianesia
04/2026,5,CENTRO-OESTE,CO,52,GOIAS,GO,520870,GOIANIA,1.0,2025,DOU,1503256.0,188.0,4.0,65.0,0.0,0.0,1.0,148.0,0.0,0.0,0.0,0.0,148.0,782398.0,52.04,goiania
04/2026,5,CENTRO-OESTE,CO,52,GOIAS,GO,520880,GOIANIRA,1.0,2025,DOU,81495.0,23.0,0.0,0.0,0.0,0.0,1.0,9.0,0.0,0.0,0.0,0.0,9.0,80509.0,98.79,goianira
04/2026,5,CENTRO-OESTE,CO,52,GOIAS,GO,520890,GOIAS,2.0,2025,DOU,24172.0,11.0,0.0,0.0,0.0,0.0,0.0,0.0,0.0,0.0,0.0,0.0,0.0,38500.0,159.27,goias
04/2026,5,CENTRO-OESTE,CO,52,GOIAS,GO,520910,GOIATUBA,1.0,2025,DOU,36984.0,13.0,2.0,0.0,0.0,0.0,0.0,0.0,0.0,0.0,0.0,0.0,0.0,50750.0,137.22,goiatuba
04/2026,5,CENTRO-OESTE,CO,52,GOIAS,GO,520915,GOUVELANDIA,2.0,2025,DOU,4313.0,2.0,0.0,0.0,0.0,0.0,0.0,0.0,0.0,0.0,0.0,0.0,0.0,7000.0,162.3,gouvelandia
04/2026,5,CENTRO-OESTE,CO,52,GOIAS,GO,520920,GUAPO,1.0,2025,DOU,20985.0,7.0,0.0,0.0,0.0,0.0,0.0,0.0,0.0,0.0,0.0,0.0,0.0,24500.0,116.75,guapo
04/2026,5,CENTRO-OESTE,CO,52,GOIAS,GO,520929,GUARAITA,3.0,2025,DOU,2170.0,1.0,0.0,0.0,0.0,0.0,0.0,0.0,0.0,0.0,0.0,0.0,0.0,3500.0,161.29,guaraita
04/2026,5,CENTRO-OESTE,CO,52,GOIAS,GO,520940,GUARANI DE GOIAS,3.0,2025,DOU,4091.0,2.0,0.0,0.0,0.0,0.0,0.0,0.0,0.0,0.0,0.0,0.0,0.0,7000.0,171.1,guarani_de_goias
04/2026,5,CENTRO-OESTE,CO,52,GOIAS,GO,520945,GUARINOS,3.0,2025,DOU,2154.0,1.0,0.0,0.0,0.0,0.0,0.0,0.0,0.0,0.0,0.0,0.0,0.0,3500.0,162.48,guarinos
04/2026,5,CENTRO-OESTE,CO,52,GOIAS,GO,520960,HEITORAI,3.0,2025,DOU,3342.0,2.0,0.0,0.0,0.0,0.0,0.0,0.0,0.0,0.0,0.0,0.0,0.0,7000.0,209.45,heitorai
04/2026,5,CENTRO-OESTE,CO,52,GOIAS,GO,520970,HIDROLANDIA,1.0,2025,DOU,30587.0,11.0,0.0,0.0,0.0,0.0,0.0,0.0,0.0,0.0,0.0,0.0,0.0,38500.0,125.87,hidrolandia
04/2026,5,CENTRO-OESTE,CO,52,GOIAS,GO,520980,HIDROLINA,3.0,2025,DOU,3477.0,2.0,0.0,0.0,0.0,0.0,0.0,0.0,0.0,0.0,0.0,0.0,0.0,7000.0,201.32,hidrolina
04/2026,5,CENTRO-OESTE,CO,52,GOIAS,GO,520990,IACIARA,3.0,2025,DOU,10289.0,7.0,0.0,0.0,0.0,0.0,0.0,0.0,0.0,0.0,0.0,0.0,0.0,24500.0,238.11,iaciara
04/2026,5,CENTRO-OESTE,CO,52,GOIAS,GO,520993,INACIOLANDIA,2.0,2025,DOU,6076.0,2.0,0.0,0.0,0.0,0.0,0.0,0.0,0.0,0.0,0.0,0.0,0.0,7000.0,115.2,inaciolandia
04/2026,5,CENTRO-OESTE,CO,52,GOIAS,GO,520995,INDIARA,1.0,2025,DOU,17985.0,5.0,0.0,1.0,0.0,0.0,0.0,0.0,1.0,136.0,0.0,0.0,136.0,19386.0,107.78,indiara
04/2026,5,CENTRO-OESTE,CO,52,GOIAS,GO,521000,INHUMAS,1.0,2025,DOU,53884.0,19.0,0.0,1.0,0.0,0.0,0.0,0.0,1.0,55.0,0.0,0.0,55.0,68305.0,126.76,inhumas
04/2026,5,CENTRO-OESTE,CO,52,GOIAS,GO,521010,IPAMERI,1.0,2025,DOU,26223.0,8.0,0.0,0.0,0.0,0.0,0.0,0.0,1.0,51.0,0.0,0.0,51.0,28051.0,106.97,ipameri
04/2026,5,CENTRO-OESTE,CO,52,GOIAS,GO,521015,IPIRANGA DE GOIAS,3.0,2025,DOU,2968.0,1.0,0.0,0.0,0.0,0.0,0.0,0.0,0.0,0.0,0.0,0.0,0.0,3500.0,117.92,ipiranga_de_goias
04/2026,5,CENTRO-OESTE,CO,52,GOIAS,GO,521020,IPORA,1.0,2025,DOU,37283.0,8.0,0.0,0.0,0.0,0.0,0.0,0.0,1.0,391.0,0.0,0.0,391.0,28391.0,76.14,ipora
04/2026,5,CENTRO-OESTE,CO,52,GOIAS,GO,521030,ISRAELANDIA,3.0,2025,DOU,2515.0,1.0,0.0,0.0,0.0,0.0,0.0,0.0,0.0,0.0,0.0,0.0,0.0,3500.0,139.16,israelandia
04/2026,5,CENTRO-OESTE,CO,52,GOIAS,GO,521040,ITABERAI,1.0,2025,DOU,47603.0,17.0,0.0,0.0,0.0,0.0,0.0,0.0,1.0,226.0,0.0,0.0,226.0,59726.0,125.46,itaberai
04/2026,5,CENTRO-OESTE,CO,52,GOIAS,GO,521056,ITAGUARI,2.0,2025,DOU,5120.0,2.0,0.0,0.0,0.0,0.0,0.0,0.0,0.0,0.0,0.0,0.0,0.0,7000.0,136.71,itaguari
04/2026,5,CENTRO-OESTE,CO,52,GOIAS,GO,521060,ITAGUARU,2.0,2025,DOU,4837.0,3.0,0.0,0.0,0.0,0.0,0.0,0.0,0.0,0.0,0.0,0.0,0.0,10500.0,217.07,itaguaru
04/2026,5,CENTRO-OESTE,CO,52,GOIAS,GO,521080,ITAJA,3.0,2025,DOU,4276.0,2.0,0.0,0.0,0.0,0.0,0.0,0.0,0.0,0.0,0.0,0.0,0.0,7000.0,163.7,itaja
04/2026,5,CENTRO-OESTE,CO,52,GOIAS,GO,521090,ITAPACI,1.0,2025,DOU,21891.0,6.0,1.0,0.0,0.0,0.0,0.0,0.0,0.0,0.0,0.0,0.0,0.0,23625.0,107.92,itapaci
04/2026,5,CENTRO-OESTE,CO,52,GOIAS,GO,521100,ITAPIRAPUA,3.0,2025,DOU,8133.0,3.0,0.0,0.0,0.0,0.0,0.0,0.0,0.0,0.0,0.0,0.0,0.0,10500.0,129.1,itapirapua
04/2026,5,CENTRO-OESTE,CO,52,GOIAS,GO,521120,ITAPURANGA,1.0,2025,DOU,26553.0,9.0,0.0,0.0,0.0,0.0,0.0,0.0,0.0,0.0,0.0,0.0,0.0,31500.0,118.63,itapuranga
04/2026,5,CENTRO-OESTE,CO,52,GOIAS,GO,521130,ITARUMA,3.0,2025,DOU,6124.0,2.0,0.0,0.0,0.0,0.0,0.0,0.0,0.0,0.0,0.0,0.0,0.0,7000.0,114.3,itaruma
04/2026,5,CENTRO-OESTE,CO,52,GOIAS,GO,521140,ITAUCU,3.0,2025,DOU,7636.0,4.0,0.0,0.0,0.0,0.0,0.0,0.0,1.0,264.0,0.0,0.0,264.0,14264.0,186.79,itaucu
04/2026,5,CENTRO-OESTE,CO,52,GOIAS,GO,521150,ITUMBIARA,1.0,2025,DOU,113322.0,22.0,0.0,1.0,0.0,0.0,0.0,0.0,2.0,1423.0,0.0,0.0,1423.0,80173.0,70.74,itumbiara
04/2026,5,CENTRO-OESTE,CO,52,GOIAS,GO,521160,IVOLANDIA,3.0,2025,DOU,2731.0,1.0,0.0,0.0,0.0,0.0,0.0,0.0,0.0,0.0,0.0,0.0,0.0,3500.0,128.15,ivolandia
04/2026,5,CENTRO-OESTE,CO,52,GOIAS,GO,521170,JANDAIA,3.0,2025,DOU,6365.0,3.0,0.0,0.0,0.0,0.0,0.0,0.0,0.0,0.0,0.0,0.0,0.0,10500.0,164.96,jandaia
04/2026,5,CENTRO-OESTE,CO,52,GOIAS,GO,521180,JARAGUA,1.0,2025,DOU,46633.0,12.0,0.0,1.0,0.0,0.0,0.0,0.0,2.0,238.0,0.0,0.0,238.0,43988.0,94.32,jaragua
04/2026,5,CENTRO-OESTE,CO,52,GOIAS,GO,521190,JATAI,1.0,2025,DOU,111634.0,25.0,0.0,0.0,0.0,0.0,0.0,0.0,1.0,392.0,0.0,0.0,392.0,87892.0,78.73,jatai
04/2026,5,CENTRO-OESTE,CO,52,GOIAS,GO,521200,JAUPACI,3.0,2025,DOU,2939.0,1.0,0.0,0.0,0.0,0.0,0.0,0.0,0.0,0.0,0.0,0.0,0.0,3500.0,119.08,jaupaci
04/2026,5,CENTRO-OESTE,CO,52,GOIAS,GO,521205,JESUPOLIS,3.0,2025,DOU,2112.0,1.0,0.0,0.0,0.0,0.0,0.0,0.0,0.0,0.0,0.0,0.0,0.0,3500.0,165.71,jesupolis
04/2026,5,CENTRO-OESTE,CO,52,GOIAS,GO,521210,JOVIANIA,3.0,2025,DOU,7247.0,3.0,0.0,0.0,0.0,0.0,0.0,0.0,0.0,0.0,0.0,0.0,0.0,10500.0,144.88,joviania
04/2026,5,CENTRO-OESTE,CO,52,GOIAS,GO,521220,JUSSARA,2.0,2025,DOU,19926.0,7.0,0.0,0.0,0.0,0.0,0.0,0.0,0.0,0.0,0.0,0.0,0.0,24500.0,122.95,jussara
04/2026,5,CENTRO-OESTE,CO,52,GOIAS,GO,521225,LAGOA SANTA,3.0,2025,DOU,1435.0,1.0,0.0,0.0,0.0,0.0,0.0,0.0,0.0,0.0,0.0,0.0,0.0,3500.0,243.9,lagoa_santa
04/2026,5,CENTRO-OESTE,CO,52,GOIAS,GO,521230,LEOPOLDO DE BULHOES,3.0,2025,DOU,9123.0,4.0,0.0,0.0,0.0,0.0,0.0,0.0,0.0,0.0,0.0,0.0,0.0,14000.0,153.45,leopoldo_de_bulhoes
04/2026,5,CENTRO-OESTE,CO,52,GOIAS,GO,521250,LUZIANIA,1.0,2025,DOU,221262.0,30.0,4.0,3.0,0.0,0.0,0.0,0.0,3.0,1513.0,0.0,0.0,1513.0,122263.0,55.25,luziania
04/2026,5,CENTRO-OESTE,CO,52,GOIAS,GO,521260,MAIRIPOTABA,3.0,2025,DOU,2631.0,1.0,0.0,0.0,0.0,0.0,0.0,0.0,0.0,0.0,0.0,0.0,0.0,3500.0,133.02,mairipotaba
04/2026,5,CENTRO-OESTE,CO,52,GOIAS,GO,521270,MAMBAI,3.0,2025,DOU,8493.0,4.0,0.0,0.0,0.0,0.0,0.0,0.0,0.0,0.0,0.0,0.0,0.0,14000.0,164.84,mambai
04/2026,5,CENTRO-OESTE,CO,52,GOIAS,GO,521280,MARA ROSA,3.0,2025,DOU,10806.0,4.0,0.0,0.0,0.0,0.0,0.0,0.0,0.0,0.0,0.0,0.0,0.0,14000.0,129.55,mara_rosa
04/2026,5,CENTRO-OESTE,CO,52,GOIAS,GO,521290,MARZAGAO,3.0,2025,DOU,2942.0,1.0,0.0,0.0,0.0,0.0,0.0,0.0,0.0,0.0,0.0,0.0,0.0,3500.0,118.96,marzagao
04/2026,5,CENTRO-OESTE,CO,52,GOIAS,GO,521295,MATRINCHA,3.0,2025,DOU,4004.0,2.0,0.0,0.0,0.0,0.0,0.0,0.0,0.0,0.0,0.0,0.0,0.0,7000.0,174.82,matrincha
04/2026,5,CENTRO-OESTE,CO,52,GOIAS,GO,521300,MAURILANDIA,1.0,2025,DOU,10145.0,4.0,0.0,0.0,0.0,0.0,0.0,0.0,0.0,0.0,0.0,0.0,0.0,14000.0,137.99,maurilandia
04/2026,5,CENTRO-OESTE,CO,52,GOIAS,GO,521305,MIMOSO DE GOIAS,3.0,2025,DOU,2626.0,1.0,0.0,0.0,0.0,0.0,0.0,0.0,0.0,0.0,0.0,0.0,0.0,3500.0,133.28,mimoso_de_goias
04/2026,5,CENTRO-OESTE,CO,52,GOIAS,GO,521308,MINACU,1.0,2025,DOU,26616.0,7.0,0.0,1.0,0.0,0.0,0.0,0.0,0.0,0.0,0.0,0.0,0.0,26250.0,98.62,minacu
04/2026,5,CENTRO-OESTE,CO,52,GOIAS,GO,521310,MINEIROS,1.0,2025,DOU,74999.0,20.0,0.0,0.0,0.0,0.0,0.0,0.0,0.0,0.0,0.0,0.0,0.0,70000.0,93.33,mineiros
04/2026,5,CENTRO-OESTE,CO,52,GOIAS,GO,521340,MOIPORA,3.0,2025,DOU,1687.0,1.0,0.0,0.0,0.0,0.0,0.0,0.0,0.0,0.0,0.0,0.0,0.0,3500.0,207.46,moipora
04/2026,5,CENTRO-OESTE,CO,52,GOIAS,GO,521350,MONTE ALEGRE DE GOIAS,3.0,2025,DOU,6534.0,3.0,0.0,0.0,0.0,0.0,0.0,0.0,0.0,0.0,0.0,0.0,0.0,10500.0,160.69,monte_alegre_de_goias
04/2026,5,CENTRO-OESTE,CO,52,GOIAS,GO,521370,MONTES CLAROS DE GOIAS,3.0,2025,DOU,9024.0,3.0,0.0,0.0,0.0,0.0,0.0,0.0,0.0,0.0,0.0,0.0,0.0,10500.0,116.35,montes_claros_de_goias
04/2026,5,CENTRO-OESTE,CO,52,GOIAS,GO,521375,MONTIVIDIU,2.0,2025,DOU,13094.0,6.0,0.0,0.0,0.0,0.0,0.0,0.0,0.0,0.0,0.0,0.0,0.0,21000.0,160.37,montividiu
04/2026,5,CENTRO-OESTE,CO,52,GOIAS,GO,521377,MONTIVIDIU DO NORTE,3.0,2025,DOU,3743.0,2.0,0.0,0.0,0.0,0.0,0.0,0.0,0.0,0.0,0.0,0.0,0.0,7000.0,187.01,montividiu_do_norte
04/2026,5,CENTRO-OESTE,CO,52,GOIAS,GO,521380,MORRINHOS,1.0,2025,DOU,54326.0,14.0,0.0,0.0,0.0,0.0,0.0,0.0,1.0,335.0,0.0,0.0,335.0,49335.0,90.81,morrinhos
04/2026,5,CENTRO-OESTE,CO,52,GOIAS,GO,521385,MORRO AGUDO DE GOIAS,3.0,2025,DOU,2505.0,1.0,0.0,0.0,0.0,0.0,0.0,0.0,0.0,0.0,0.0,0.0,0.0,3500.0,139.72,morro_agudo_de_goias
04/2026,5,CENTRO-OESTE,CO,52,GOIAS,GO,521390,MOSSAMEDES,3.0,2025,DOU,4626.0,2.0,0.0,0.0,0.0,0.0,0.0,0.0,0.0,0.0,0.0,0.0,0.0,7000.0,151.31,mossamedes
04/2026,5,CENTRO-OESTE,CO,52,GOIAS,GO,521400,MOZARLANDIA,1.0,2025,DOU,15199.0,6.0,0.0,0.0,0.0,0.0,0.0,0.0,1.0,145.0,0.0,0.0,145.0,21145.0,139.12,mozarlandia
04/2026,5,CENTRO-OESTE,CO,52,GOIAS,GO,521405,MUNDO NOVO,3.0,2025,DOU,6202.0,3.0,0.0,0.0,0.0,0.0,0.0,0.0,0.0,0.0,0.0,0.0,0.0,10500.0,169.3,mundo_novo
04/2026,5,CENTRO-OESTE,CO,52,GOIAS,GO,521410,MUTUNOPOLIS,3.0,2025,DOU,3540.0,2.0,0.0,0.0,0.0,0.0,0.0,0.0,0.0,0.0,0.0,0.0,0.0,7000.0,197.74,mutunopolis
04/2026,5,CENTRO-OESTE,CO,52,GOIAS,GO,521440,NAZARIO,3.0,2025,DOU,8349.0,5.0,0.0,0.0,0.0,0.0,0.0,0.0,0.0,0.0,0.0,0.0,0.0,17500.0,209.6,nazario
04/2026,5,CENTRO-OESTE,CO,52,GOIAS,GO,521450,NEROPOLIS,1.0,2025,DOU,34273.0,13.0,0.0,0.0,0.0,0.0,0.0,0.0,0.0,0.0,0.0,0.0,0.0,45500.0,132.75,neropolis
04/2026,5,CENTRO-OESTE,CO,52,GOIAS,GO,521460,NIQUELANDIA,1.0,2025,DOU,33890.0,12.0,0.0,0.0,0.0,0.0,0.0,0.0,1.0,134.0,0.0,0.0,134.0,42134.0,124.32,niquelandia
04/2026,5,CENTRO-OESTE,CO,52,GOIAS,GO,521470,NOVA AMERICA,3.0,2025,DOU,2380.0,1.0,0.0,0.0,0.0,0.0,0.0,0.0,0.0,0.0,0.0,0.0,0.0,3500.0,147.05,nova_america
04/2026,5,CENTRO-OESTE,CO,52,GOIAS,GO,521480,NOVA AURORA,3.0,2025,DOU,2132.0,1.0,0.0,0.0,0.0,0.0,0.0,0.0,0.0,0.0,0.0,0.0,0.0,3500.0,164.16,nova_aurora
04/2026,5,CENTRO-OESTE,CO,52,GOIAS,GO,521483,NOVA CRIXAS,3.0,2025,DOU,13153.0,4.0,0.0,0.0,0.0,0.0,0.0,0.0,1.0,33.0,0.0,0.0,33.0,14033.0,106.69,nova_crixas
04/2026,5,CENTRO-OESTE,CO,52,GOIAS,GO,521486,NOVA GLORIA,3.0,2025,DOU,8356.0,2.0,0.0,0.0,0.0,0.0,0.0,0.0,0.0,0.0,0.0,0.0,0.0,7000.0,83.77,nova_gloria
04/2026,5,CENTRO-OESTE,CO,52,GOIAS,GO,521487,NOVA IGUACU DE GOIAS,3.0,2025,DOU,3084.0,1.0,0.0,0.0,0.0,0.0,0.0,0.0,0.0,0.0,0.0,0.0,0.0,3500.0,113.48,nova_iguacu_de_goias
04/2026,5,CENTRO-OESTE,CO,52,GOIAS,GO,521490,NOVA ROMA,3.0,2025,DOU,3022.0,3.0,0.0,0.0,0.0,0.0,0.0,0.0,0.0,0.0,0.0,0.0,0.0,10500.0,347.45,nova_roma
04/2026,5,CENTRO-OESTE,CO,52,GOIAS,GO,521500,NOVA VENEZA,1.0,2025,DOU,9883.0,4.0,0.0,0.0,0.0,0.0,0.0,0.0,0.0,0.0,0.0,0.0,0.0,14000.0,141.65,nova_veneza
04/2026,5,CENTRO-OESTE,CO,52,GOIAS,GO,521520,NOVO BRASIL,3.0,2025,DOU,3567.0,2.0,0.0,0.0,0.0,0.0,0.0,0.0,0.0,0.0,0.0,0.0,0.0,7000.0,196.24,novo_brasil
04/2026,5,CENTRO-OESTE,CO,52,GOIAS,GO,521523,NOVO GAMA,1.0,2025,DOU,107663.0,34.0,19.0,0.0,0.0,0.0,1.0,152.0,0.0,0.0,1.0,483.0,635.0,169510.0,157.44,novo_gama
04/2026,5,CENTRO-OESTE,CO,52,GOIAS,GO,521525,NOVO PLANALTO,3.0,2025,DOU,3703.0,2.0,0.0,0.0,0.0,0.0,0.0,0.0,0.0,0.0,0.0,0.0,0.0,7000.0,189.03,novo_planalto
04/2026,5,CENTRO-OESTE,CO,52,GOIAS,GO,521530,ORIZONA,3.0,2025,DOU,17035.0,7.0,0.0,0.0,0.0,0.0,0.0,0.0,1.0,268.0,0.0,0.0,268.0,24768.0,145.39,orizona
04/2026,5,CENTRO-OESTE,CO,52,GOIAS,GO,521540,OURO VERDE DE GOIAS,3.0,2025,DOU,4109.0,2.0,0.0,0.0,0.0,0.0,0.0,0.0,0.0,0.0,0.0,0.0,0.0,7000.0,170.35,ouro_verde_de_goias
04/2026,5,CENTRO-OESTE,CO,52,GOIAS,GO,521550,OUVIDOR,1.0,2025,DOU,7665.0,2.0,0.0,0.0,0.0,0.0,0.0,0.0,0.0,0.0,0.0,0.0,0.0,7000.0,91.32,ouvidor
04/2026,5,CENTRO-OESTE,CO,52,GOIAS,GO,521560,PADRE BERNARDO,1.0,2025,DOU,37207.0,12.0,2.0,0.0,0.0,0.0,0.0,0.0,1.0,175.0,0.0,0.0,175.0,47425.0,127.46,padre_bernardo
04/2026,5,CENTRO-OESTE,CO,52,GOIAS,GO,521565,PALESTINA DE GOIAS,3.0,2025,DOU,3113.0,1.0,0.0,0.0,0.0,0.0,0.0,0.0,0.0,0.0,0.0,0.0,0.0,3500.0,112.43,palestina_de_goias
04/2026,5,CENTRO-OESTE,CO,52,GOIAS,GO,521570,PALMEIRAS DE GOIAS,1.0,2025,DOU,34375.0,9.0,0.0,0.0,0.0,0.0,0.0,0.0,1.0,120.0,0.0,0.0,120.0,31620.0,91.98,palmeiras_de_goias
04/2026,5,CENTRO-OESTE,CO,52,GOIAS,GO,521580,PALMELO,3.0,2025,DOU,2266.0,1.0,0.0,0.0,0.0,0.0,0.0,0.0,0.0,0.0,0.0,0.0,0.0,3500.0,154.45,palmelo
04/2026,5,CENTRO-OESTE,CO,52,GOIAS,GO,521590,PALMINOPOLIS,3.0,2025,DOU,3959.0,2.0,0.0,0.0,0.0,0.0,0.0,0.0,0.0,0.0,0.0,0.0,0.0,7000.0,176.81,palminopolis
04/2026,5,CENTRO-OESTE,CO,52,GOIAS,GO,521600,PANAMA,3.0,2025,DOU,2432.0,1.0,0.0,0.0,0.0,0.0,0.0,0.0,0.0,0.0,0.0,0.0,0.0,3500.0,143.91,panama
04/2026,5,CENTRO-OESTE,CO,52,GOIAS,GO,521630,PARANAIGUARA,2.0,2025,DOU,7356.0,3.0,0.0,0.0,0.0,0.0,0.0,0.0,0.0,0.0,0.0,0.0,0.0,10500.0,142.74,paranaiguara
04/2026,5,CENTRO-OESTE,CO,52,GOIAS,GO,521640,PARAUNA,3.0,2025,DOU,10727.0,5.0,0.0,0.0,0.0,0.0,0.0,0.0,0.0,0.0,0.0,0.0,0.0,17500.0,163.13,parauna
04/2026,5,CENTRO-OESTE,CO,52,GOIAS,GO,521645,PEROLANDIA,3.0,2025,DOU,2999.0,1.0,0.0,0.0,0.0,0.0,0.0,0.0,0.0,0.0,0.0,0.0,0.0,3500.0,116.7,perolandia
04/2026,5,CENTRO-OESTE,CO,52,GOIAS,GO,521680,PETROLINA DE GOIAS,3.0,2025,DOU,9519.0,5.0,0.0,0.0,0.0,0.0,0.0,0.0,0.0,0.0,0.0,0.0,0.0,17500.0,183.84,petrolina_de_goias
04/2026,5,CENTRO-OESTE,CO,52,GOIAS,GO,521690,PILAR DE GOIAS,3.0,2025,DOU,2254.0,1.0,0.0,0.0,0.0,0.0,0.0,0.0,0.0,0.0,0.0,0.0,0.0,3500.0,155.27,pilar_de_goias
04/2026,5,CENTRO-OESTE,CO,52,GOIAS,GO,521710,PIRACANJUBA,2.0,2025,DOU,25373.0,7.0,0.0,0.0,0.0,0.0,0.0,0.0,0.0,0.0,0.0,0.0,0.0,24500.0,96.55,piracanjuba
04/2026,5,CENTRO-OESTE,CO,52,GOIAS,GO,521720,PIRANHAS,3.0,2025,DOU,11940.0,4.0,0.0,0.0,0.0,0.0,0.0,0.0,0.0,0.0,0.0,0.0,0.0,14000.0,117.25,piranhas
04/2026,5,CENTRO-OESTE,CO,52,GOIAS,GO,521730,PIRENOPOLIS,2.0,2025,DOU,28028.0,8.0,0.0,0.0,0.0,0.0,0.0,0.0,0.0,0.0,0.0,0.0,0.0,28000.0,99.9,pirenopolis
04/2026,5,CENTRO-OESTE,CO,52,GOIAS,GO,521740,PIRES DO RIO,1.0,2025,DOU,33736.0,7.0,0.0,0.0,0.0,0.0,0.0,0.0,1.0,192.0,0.0,0.0,192.0,24692.0,73.19,pires_do_rio
04/2026,5,CENTRO-OESTE,CO,52,GOIAS,GO,521760,PLANALTINA,1.0,2025,DOU,112304.0,25.0,0.0,0.0,0.0,0.0,0.0,0.0,1.0,718.0,0.0,0.0,718.0,88218.0,78.55,planaltina
04/2026,5,CENTRO-OESTE,CO,52,GOIAS,GO,521770,PONTALINA,1.0,2025,DOU,18763.0,6.0,2.0,0.0,0.0,0.0,0.0,0.0,1.0,149.0,0.0,0.0,149.0,26399.0,140.69,pontalina
04/2026,5,CENTRO-OESTE,CO,52,GOIAS,GO,521800,PORANGATU,1.0,2025,DOU,45512.0,11.0,0.0,0.0,0.0,0.0,0.0,0.0,1.0,243.0,0.0,0.0,243.0,38743.0,85.12,porangatu
04/2026,5,CENTRO-OESTE,CO,52,GOIAS,GO,521805,PORTEIRAO,3.0,2025,DOU,4276.0,1.0,0.0,0.0,0.0,0.0,0.0,0.0,0.0,0.0,0.0,0.0,0.0,3500.0,81.85,porteirao
04/2026,5,CENTRO-OESTE,CO,52,GOIAS,GO,521810,PORTELANDIA,3.0,2025,DOU,3191.0,1.0,0.0,0.0,0.0,0.0,0.0,0.0,0.0,0.0,0.0,0.0,0.0,3500.0,109.68,portelandia
04/2026,5,CENTRO-OESTE,CO,52,GOIAS,GO,521830,POSSE,2.0,2025,DOU,36291.0,11.0,4.0,0.0,0.0,0.0,0.0,0.0,1.0,289.0,0.0,0.0,289.0,49289.0,135.81,posse
04/2026,5,CENTRO-OESTE,CO,52,GOIAS,GO,521839,PROFESSOR JAMIL,3.0,2025,DOU,3750.0,2.0,0.0,0.0,0.0,0.0,0.0,0.0,0.0,0.0,0.0,0.0,0.0,7000.0,186.66,professor_jamil
04/2026,5,CENTRO-OESTE,CO,52,GOIAS,GO,521850,QUIRINOPOLIS,1.0,2025,DOU,50329.0,13.0,0.0,1.0,0.0,0.0,0.0,0.0,1.0,534.0,0.0,0.0,534.0,47784.0,94.94,quirinopolis
04/2026,5,CENTRO-OESTE,CO,52,GOIAS,GO,521860,RIALMA,1.0,2025,DOU,12665.0,5.0,0.0,0.0,0.0,0.0,0.0,0.0,0.0,0.0,0.0,0.0,0.0,17500.0,138.17,rialma
04/2026,5,CENTRO-OESTE,CO,52,GOIAS,GO,521870,RIANAPOLIS,2.0,2025,DOU,3893.0,2.0,0.0,0.0,0.0,0.0,0.0,0.0,0.0,0.0,0.0,0.0,0.0,7000.0,179.8,rianapolis
04/2026,5,CENTRO-OESTE,CO,52,GOIAS,GO,521878,RIO QUENTE,3.0,2025,DOU,4033.0,2.0,0.0,0.0,0.0,0.0,0.0,0.0,0.0,0.0,0.0,0.0,0.0,7000.0,173.56,rio_quente
04/2026,5,CENTRO-OESTE,CO,52,GOIAS,GO,521880,RIO VERDE,1.0,2025,DOU,241494.0,46.0,26.0,0.0,0.0,0.0,1.0,427.0,3.0,2900.0,0.0,0.0,3327.0,232577.0,96.3,rio_verde
04/2026,5,CENTRO-OESTE,CO,52,GOIAS,GO,521890,RUBIATABA,1.0,2025,DOU,20186.0,9.0,0.0,0.0,0.0,0.0,0.0,0.0,0.0,0.0,0.0,0.0,0.0,31500.0,156.04,rubiataba
04/2026,5,CENTRO-OESTE,CO,52,GOIAS,GO,521900,SANCLERLANDIA,2.0,2025,DOU,8085.0,4.0,0.0,0.0,0.0,0.0,0.0,0.0,0.0,0.0,0.0,0.0,0.0,14000.0,173.16,sanclerlandia
04/2026,5,CENTRO-OESTE,CO,52,GOIAS,GO,521910,SANTA BARBARA DE GOIAS,2.0,2025,DOU,6306.0,2.0,0.0,0.0,0.0,0.0,0.0,0.0,0.0,0.0,0.0,0.0,0.0,7000.0,111.0,santa_barbara_de_goias
04/2026,5,CENTRO-OESTE,CO,52,GOIAS,GO,521920,SANTA CRUZ DE GOIAS,3.0,2025,DOU,3004.0,1.0,0.0,0.0,0.0,0.0,0.0,0.0,0.0,0.0,0.0,0.0,0.0,3500.0,116.51,santa_cruz_de_goias
04/2026,5,CENTRO-OESTE,CO,52,GOIAS,GO,521925,SANTA FE DE GOIAS,3.0,2025,DOU,5047.0,2.0,0.0,0.0,0.0,0.0,0.0,0.0,0.0,0.0,0.0,0.0,0.0,7000.0,138.69,santa_fe_de_goias
04/2026,5,CENTRO-OESTE,CO,52,GOIAS,GO,521930,SANTA HELENA DE GOIAS,1.0,2025,DOU,39601.0,15.0,1.0,0.0,0.0,0.0,0.0,0.0,1.0,342.0,0.0,0.0,342.0,55467.0,140.06,santa_helena_de_goias
04/2026,5,CENTRO-OESTE,CO,52,GOIAS,GO,521935,SANTA ISABEL,3.0,2025,DOU,3543.0,2.0,0.0,0.0,0.0,0.0,0.0,0.0,0.0,0.0,0.0,0.0,0.0,7000.0,197.57,santa_isabel
04/2026,5,CENTRO-OESTE,CO,52,GOIAS,GO,521940,SANTA RITA DO ARAGUAIA,1.0,2025,DOU,5765.0,2.0,0.0,0.0,0.0,0.0,0.0,0.0,0.0,0.0,0.0,0.0,0.0,7000.0,121.42,santa_rita_do_araguaia
04/2026,5,CENTRO-OESTE,CO,52,GOIAS,GO,521945,SANTA RITA DO NOVO DESTINO,3.0,2025,DOU,2611.0,2.0,0.0,0.0,0.0,0.0,0.0,0.0,0.0,0.0,0.0,0.0,0.0,7000.0,268.09,santa_rita_do_novo_destino
04/2026,5,CENTRO-OESTE,CO,52,GOIAS,GO,521950,SANTA ROSA DE GOIAS,3.0,2025,DOU,2828.0,1.0,0.0,0.0,0.0,0.0,0.0,0.0,0.0,0.0,0.0,0.0,0.0,3500.0,123.76,santa_rosa_de_goias
04/2026,5,CENTRO-OESTE,CO,52,GOIAS,GO,521960,SANTA TEREZA DE GOIAS,3.0,2025,DOU,3172.0,2.0,0.0,0.0,0.0,0.0,0.0,0.0,0.0,0.0,0.0,0.0,0.0,7000.0,220.68,santa_tereza_de_goias
04/2026,5,CENTRO-OESTE,CO,52,GOIAS,GO,521970,SANTA TEREZINHA DE GOIAS,3.0,2025,DOU,10837.0,4.0,0.0,0.0,0.0,0.0,0.0,0.0,0.0,0.0,0.0,0.0,0.0,14000.0,129.18,santa_terezinha_de_goias
04/2026,5,CENTRO-OESTE,CO,52,GOIAS,GO,521971,SANTO ANTONIO DA BARRA,3.0,2025,DOU,4279.0,2.0,0.0,0.0,0.0,0.0,0.0,0.0,0.0,0.0,0.0,0.0,0.0,7000.0,163.58,santo_antonio_da_barra
04/2026,5,CENTRO-OESTE,CO,52,GOIAS,GO,521973,SANTO ANTONIO DE GOIAS,1.0,2025,DOU,8066.0,3.0,0.0,0.0,0.0,0.0,0.0,0.0,0.0,0.0,0.0,0.0,0.0,10500.0,130.17,santo_antonio_de_goias
04/2026,5,CENTRO-OESTE,CO,52,GOIAS,GO,521975,SANTO ANTONIO DO DESCOBERTO,1.0,2025,DOU,75221.0,18.0,0.0,0.0,0.0,0.0,0.0,0.0,1.0,605.0,0.0,0.0,605.0,63605.0,84.55,santo_antonio_do_descoberto
04/2026,5,CENTRO-OESTE,CO,52,GOIAS,GO,521980,SAO DOMINGOS,3.0,2025,DOU,9457.0,5.0,0.0,0.0,0.0,0.0,0.0,0.0,0.0,0.0,0.0,0.0,0.0,17500.0,185.04,sao_domingos
04/2026,5,CENTRO-OESTE,CO,52,GOIAS,GO,521990,SAO FRANCISCO DE GOIAS,3.0,2025,DOU,6507.0,3.0,0.0,0.0,0.0,0.0,0.0,0.0,0.0,0.0,0.0,0.0,0.0,10500.0,161.36,sao_francisco_de_goias
04/2026,5,CENTRO-OESTE,CO,52,GOIAS,GO,522000,SAO JOAO D'ALIANCA,3.0,2025,DOU,15026.0,4.0,0.0,0.0,0.0,0.0,0.0,0.0,0.0,0.0,0.0,0.0,0.0,14000.0,93.17,sao_joao_d_alianca
04/2026,5,CENTRO-OESTE,CO,52,GOIAS,GO,522005,SAO JOAO DA PARAUNA,3.0,2025,DOU,1812.0,1.0,0.0,0.0,0.0,0.0,0.0,0.0,0.0,0.0,0.0,0.0,0.0,3500.0,193.15,sao_joao_da_parauna
04/2026,5,CENTRO-OESTE,CO,52,GOIAS,GO,522010,SAO LUIS DE MONTES BELOS,1.0,2025,DOU,35288.0,11.0,1.0,0.0,0.0,0.0,0.0,0.0,0.0,0.0,0.0,0.0,0.0,41125.0,116.54,sao_luis_de_montes_belos
04/2026,5,CENTRO-OESTE,CO,52,GOIAS,GO,522015,SAO LUIZ DO NORTE,3.0,2025,DOU,4939.0,3.0,0.0,0.0,0.0,0.0,0.0,0.0,0.0,0.0,0.0,0.0,0.0,10500.0,212.59,sao_luiz_do_norte
04/2026,5,CENTRO-OESTE,CO,52,GOIAS,GO,522020,SAO MIGUEL DO ARAGUAIA,4.0,2025,DOU,22040.0,7.0,0.0,0.0,0.0,0.0,0.0,0.0,0.0,0.0,0.0,0.0,0.0,24500.0,111.16,sao_miguel_do_araguaia
04/2026,5,CENTRO-OESTE,CO,52,GOIAS,GO,522026,SAO MIGUEL DO PASSA QUATRO,3.0,2025,DOU,4671.0,2.0,0.0,0.0,0.0,0.0,0.0,0.0,0.0,0.0,0.0,0.0,0.0,7000.0,149.86,sao_miguel_do_passa_quatro
04/2026,5,CENTRO-OESTE,CO,52,GOIAS,GO,522028,SAO PATRICIO,3.0,2025,DOU,2200.0,1.0,0.0,0.0,0.0,0.0,0.0,0.0,0.0,0.0,0.0,0.0,0.0,3500.0,159.09,sao_patricio
04/2026,5,CENTRO-OESTE,CO,52,GOIAS,GO,522040,SAO SIMAO,1.0,2025,DOU,17181.0,5.0,0.0,0.0,0.0,0.0,0.0,0.0,0.0,0.0,0.0,0.0,0.0,17500.0,101.85,sao_simao
04/2026,5,CENTRO-OESTE,CO,52,GOIAS,GO,522045,SENADOR CANEDO,1.0,2025,DOU,175042.0,41.0,0.0,0.0,0.0,0.0,0.0,0.0,1.0,548.0,0.0,0.0,548.0,144048.0,82.29,senador_canedo
04/2026,5,CENTRO-OESTE,CO,52,GOIAS,GO,522050,SERRANOPOLIS,2.0,2025,DOU,8237.0,2.0,0.0,0.0,0.0,0.0,0.0,0.0,0.0,0.0,0.0,0.0,0.0,7000.0,84.98,serranopolis
04/2026,5,CENTRO-OESTE,CO,52,GOIAS,GO,522060,SILVANIA,2.0,2025,DOU,23150.0,10.0,0.0,0.0,0.0,0.0,0.0,0.0,1.0,317.0,0.0,0.0,317.0,35317.0,152.55,silvania
04/2026,5,CENTRO-OESTE,CO,52,GOIAS,GO,522068,SIMOLANDIA,1.0,2025,DOU,5634.0,2.0,0.0,0.0,0.0,0.0,0.0,0.0,0.0,0.0,0.0,0.0,0.0,7000.0,124.24,simolandia
04/2026,5,CENTRO-OESTE,CO,52,GOIAS,GO,522070,SITIO D'ABADIA,3.0,2025,DOU,2978.0,2.0,0.0,0.0,0.0,0.0,0.0,0.0,0.0,0.0,0.0,0.0,0.0,7000.0,235.05,sitio_d_abadia
04/2026,5,CENTRO-OESTE,CO,52,GOIAS,GO,522100,TAQUARAL DE GOIAS,3.0,2025,DOU,4180.0,2.0,0.0,0.0,0.0,0.0,0.0,0.0,0.0,0.0,0.0,0.0,0.0,7000.0,167.46,taquaral_de_goias
04/2026,5,CENTRO-OESTE,CO,52,GOIAS,GO,522108,TERESINA DE GOIAS,3.0,2025,DOU,2660.0,2.0,0.0,0.0,0.0,0.0,0.0,0.0,0.0,0.0,0.0,0.0,0.0,7000.0,263.15,teresina_de_goias
04/2026,5,CENTRO-OESTE,CO,52,GOIAS,GO,522119,TEREZOPOLIS DE GOIAS,2.0,2025,DOU,8340.0,3.0,2.0,0.0,0.0,0.0,0.0,0.0,0.0,0.0,0.0,0.0,0.0,15750.0,188.84,terezopolis_de_goias
04/2026,5,CENTRO-OESTE,CO,52,GOIAS,GO,522130,TRES RANCHOS,1.0,2025,DOU,2976.0,1.0,0.0,0.0,0.0,0.0,0.0,0.0,0.0,0.0,0.0,0.0,0.0,3500.0,117.6,tres_ranchos
04/2026,5,CENTRO-OESTE,CO,52,GOIAS,GO,522140,TRINDADE,1.0,2025,DOU,153560.0,33.0,0.0,0.0,0.0,0.0,1.0,235.0,1.0,763.0,0.0,0.0,998.0,116498.0,75.86,trindade
04/2026,5,CENTRO-OESTE,CO,52,GOIAS,GO,522145,TROMBAS,3.0,2025,DOU,3080.0,2.0,0.0,0.0,0.0,0.0,0.0,0.0,0.0,0.0,0.0,0.0,0.0,7000.0,227.27,trombas
04/2026,5,CENTRO-OESTE,CO,52,GOIAS,GO,522150,TURVANIA,3.0,2025,DOU,4449.0,2.0,0.0,0.0,0.0,0.0,0.0,0.0,0.0,0.0,0.0,0.0,0.0,7000.0,157.33,turvania
04/2026,5,CENTRO-OESTE,CO,52,GOIAS,GO,522155,TURVELANDIA,3.0,2025,DOU,5171.0,2.0,0.0,0.0,0.0,0.0,0.0,0.0,0.0,0.0,0.0,0.0,0.0,7000.0,135.37,turvelandia
04/2026,5,CENTRO-OESTE,CO,52,GOIAS,GO,522157,UIRAPURU,3.0,2025,DOU,2798.0,1.0,0.0,0.0,0.0,0.0,0.0,0.0,0.0,0.0,0.0,0.0,0.0,3500.0,125.08,uirapuru
04/2026,5,CENTRO-OESTE,CO,52,GOIAS,GO,522160,URUACU,1.0,2025,DOU,44533.0,11.0,0.0,0.0,0.0,0.0,0.0,0.0,1.0,278.0,0.0,0.0,278.0,38778.0,87.07,uruacu
04/2026,5,CENTRO-OESTE,CO,52,GOIAS,GO,522170,URUANA,3.0,2025,DOU,13857.0,7.0,0.0,0.0,0.0,0.0,0.0,0.0,0.0,0.0,0.0,0.0,0.0,24500.0,176.8,uruana
04/2026,5,CENTRO-OESTE,CO,52,GOIAS,GO,522180,URUTAI,3.0,2025,DOU,3700.0,1.0,0.0,0.0,0.0,0.0,0.0,0.0,0.0,0.0,0.0,0.0,0.0,3500.0,94.59,urutai
04/2026,5,CENTRO-OESTE,CO,52,GOIAS,GO,522185,VALPARAISO DE GOIAS,1.0,2025,DOU,218416.0,44.0,3.0,0.0,0.0,0.0,0.0,0.0,1.0,521.0,0.0,0.0,521.0,162396.0,74.35,valparaiso_de_goias
04/2026,5,CENTRO-OESTE,CO,52,GOIAS,GO,522190,VARJAO,3.0,2025,DOU,3770.0,2.0,0.0,0.0,0.0,0.0,0.0,0.0,0.0,0.0,0.0,0.0,0.0,7000.0,185.67,varjao
04/2026,5,CENTRO-OESTE,CO,52,GOIAS,GO,522200,VIANOPOLIS,3.0,2025,DOU,15644.0,5.0,0.0,0.0,0.0,0.0,0.0,0.0,0.0,0.0,0.0,0.0,0.0,17500.0,111.86,vianopolis
04/2026,5,CENTRO-OESTE,CO,52,GOIAS,GO,522205,VICENTINOPOLIS,2.0,2025,DOU,9175.0,4.0,0.0,0.0,0.0,0.0,0.0,0.0,0.0,0.0,0.0,0.0,0.0,14000.0,152.58,vicentinopolis
04/2026,5,CENTRO-OESTE,CO,52,GOIAS,GO,522220,VILA BOA,3.0,2025,DOU,4145.0,3.0,0.0,0.0,0.0,0.0,0.0,0.0,0.0,0.0,0.0,0.0,0.0,10500.0,253.31,vila_boa
04/2026,5,CENTRO-OESTE,CO,52,GOIAS,GO,522230,VILA PROPICIO,3.0,2025,DOU,6028.0,2.0,1.0,0.0,0.0,0.0,0.0,0.0,0.0,0.0,0.0,0.0,0.0,9625.0,159.67,vila_propicio
04/2026,2,NORDESTE,NE,21,MARANHAO,MA,210005,ACAILANDIA,1.0,2025,DOU,110611.0,39.0,0.0,0.0,0.0,0.0,1.0,179.0,1.0,424.0,0.0,0.0,603.0,137103.0,123.95,acailandia
04/2026,2,NORDESTE,NE,21,MARANHAO,MA,210010,AFONSO CUNHA,3.0,2025,DOU,6303.0,3.0,0.0,0.0,0.0,0.0,0.0,0.0,0.0,0.0,0.0,0.0,0.0,10500.0,166.58,afonso_cunha
04/2026,2,NORDESTE,NE,21,MARANHAO,MA,210015,AGUA DOCE DO MARANHAO,3.0,2025,DOU,12461.0,6.0,0.0,0.0,0.0,0.0,0.0,0.0,0.0,0.0,0.0,0.0,0.0,21000.0,168.52,agua_doce_do_maranhao
04/2026,2,NORDESTE,NE,21,MARANHAO,MA,210020,ALCANTARA,3.0,2025,DOU,18721.0,10.0,0.0,0.0,1.0,1683.0,0.0,0.0,0.0,0.0,0.0,0.0,1683.0,36683.0,195.94,alcantara
04/2026,2,NORDESTE,NE,21,MARANHAO,MA,210030,ALDEIAS ALTAS,2.0,2025,DOU,23776.0,12.0,0.0,2.0,0.0,0.0,0.0,0.0,0.0,0.0,0.0,0.0,0.0,45500.0,191.36,aldeias_altas
04/2026,2,NORDESTE,NE,21,MARANHAO,MA,210040,ALTAMIRA DO MARANHAO,3.0,2025,DOU,6549.0,5.0,0.0,0.0,0.0,0.0,0.0,0.0,0.0,0.0,0.0,0.0,0.0,17500.0,267.21,altamira_do_maranhao
04/2026,2,NORDESTE,NE,21,MARANHAO,MA,210043,ALTO ALEGRE DO MARANHAO,1.0,2025,DOU,24528.0,13.0,0.0,0.0,0.0,0.0,0.0,0.0,0.0,0.0,0.0,0.0,0.0,45500.0,185.5,alto_alegre_do_maranhao
04/2026,2,NORDESTE,NE,21,MARANHAO,MA,210047,ALTO ALEGRE DO PINDARE,3.0,2025,DOU,26321.0,16.0,0.0,0.0,0.0,0.0,0.0,0.0,0.0,0.0,0.0,0.0,0.0,56000.0,212.75,alto_alegre_do_pindare
04/2026,2,NORDESTE,NE,21,MARANHAO,MA,210050,ALTO PARNAIBA,5.0,2025,DOU,11392.0,5.0,0.0,0.0,0.0,0.0,0.0,0.0,0.0,0.0,0.0,0.0,0.0,17500.0,153.61,alto_parnaiba
04/2026,2,NORDESTE,NE,21,MARANHAO,MA,210055,AMAPA DO MARANHAO,3.0,2025,DOU,7380.0,4.0,0.0,0.0,0.0,0.0,0.0,0.0,0.0,0.0,0.0,0.0,0.0,14000.0,189.7,amapa_do_maranhao
04/2026,2,NORDESTE,NE,21,MARANHAO,MA,210060,AMARANTE DO MARANHAO,3.0,2025,DOU,38335.0,21.0,0.0,0.0,0.0,0.0,0.0,0.0,0.0,0.0,0.0,0.0,0.0,73500.0,191.73,amarante_do_maranhao
04/2026,2,NORDESTE,NE,21,MARANHAO,MA,210070,ANAJATUBA,3.0,2025,DOU,26250.0,14.0,0.0,0.0,0.0,0.0,0.0,0.0,0.0,0.0,0.0,0.0,0.0,49000.0,186.66,anajatuba
04/2026,2,NORDESTE,NE,21,MARANHAO,MA,210080,ANAPURUS,3.0,2025,DOU,14113.0,8.0,0.0,0.0,0.0,0.0,0.0,0.0,0.0,0.0,0.0,0.0,0.0,28000.0,198.39,anapurus
04/2026,2,NORDESTE,NE,21,MARANHAO,MA,210083,APICUM-ACU,5.0,2025,DOU,18033.0,7.0,0.0,0.0,0.0,0.0,0.0,0.0,0.0,0.0,0.0,0.0,0.0,24500.0,135.86,apicum_acu
04/2026,2,NORDESTE,NE,21,MARANHAO,MA,210087,ARAGUANA,3.0,2025,DOU,11297.0,8.0,0.0,0.0,0.0,0.0,0.0,0.0,0.0,0.0,0.0,0.0,0.0,28000.0,247.85,araguana
04/2026,2,NORDESTE,NE,21,MARANHAO,MA,210090,ARAIOSES,3.0,2025,DOU,40231.0,17.0,0.0,0.0,0.0,0.0,0.0,0.0,0.0,0.0,0.0,0.0,0.0,59500.0,147.89,araioses
04/2026,2,NORDESTE,NE,21,MARANHAO,MA,210095,ARAME,5.0,2025,DOU,26089.0,12.0,0.0,1.0,0.0,0.0,0.0,0.0,0.0,0.0,0.0,0.0,0.0,43750.0,167.69,arame
04/2026,2,NORDESTE,NE,21,MARANHAO,MA,210100,ARARI,2.0,2025,DOU,30555.0,15.0,0.0,0.0,0.0,0.0,0.0,0.0,0.0,0.0,0.0,0.0,0.0,52500.0,171.82,arari
04/2026,2,NORDESTE,NE,21,MARANHAO,MA,210110,AXIXA,3.0,2025,DOU,12091.0,6.0,0.0,0.0,0.0,0.0,0.0,0.0,0.0,0.0,0.0,0.0,0.0,21000.0,173.68,axixa
04/2026,2,NORDESTE,NE,21,MARANHAO,MA,210120,BACABAL,1.0,2025,DOU,107755.0,53.0,0.0,0.0,0.0,0.0,1.0,120.0,0.0,0.0,1.0,696.0,816.0,186316.0,172.9,bacabal
04/2026,2,NORDESTE,NE,21,MARANHAO,MA,210125,BACABEIRA,3.0,2025,DOU,17459.0,9.0,0.0,0.0,0.0,0.0,0.0,0.0,0.0,0.0,0.0,0.0,0.0,31500.0,180.42,bacabeira
04/2026,2,NORDESTE,NE,21,MARANHAO,MA,210130,BACURI,5.0,2025,DOU,16591.0,8.0,0.0,0.0,0.0,0.0,0.0,0.0,0.0,0.0,0.0,0.0,0.0,28000.0,168.76,bacuri
04/2026,2,NORDESTE,NE,21,MARANHAO,MA,210135,BACURITUBA,3.0,2025,DOU,5375.0,3.0,0.0,0.0,0.0,0.0,0.0,0.0,0.0,0.0,0.0,0.0,0.0,10500.0,195.34,bacurituba
04/2026,2,NORDESTE,NE,21,MARANHAO,MA,210140,BALSAS,1.0,2025,DOU,105974.0,31.0,0.0,0.0,0.0,0.0,0.0,0.0,1.0,0.0,0.0,0.0,0.0,108500.0,102.38,balsas
04/2026,2,NORDESTE,NE,21,MARANHAO,MA,210150,BARAO DE GRAJAU,1.0,2025,DOU,19493.0,9.0,0.0,0.0,0.0,0.0,0.0,0.0,0.0,0.0,0.0,0.0,0.0,31500.0,161.59,barao_de_grajau
04/2026,2,NORDESTE,NE,21,MARANHAO,MA,210160,BARRA DO CORDA,1.0,2025,DOU,87757.0,27.0,0.0,0.0,0.0,0.0,1.0,124.0,0.0,0.0,0.0,0.0,124.0,94624.0,107.82,barra_do_corda
04/2026,2,NORDESTE,NE,21,MARANHAO,MA,210170,BARREIRINHAS,5.0,2025,DOU,68234.0,32.0,0.0,0.0,0.0,0.0,1.0,0.0,0.0,0.0,0.0,0.0,0.0,112000.0,164.14,barreirinhas
04/2026,2,NORDESTE,NE,21,MARANHAO,MA,210177,BELA VISTA DO MARANHAO,3.0,2025,DOU,12104.0,6.0,0.0,0.0,0.0,0.0,0.0,0.0,0.0,0.0,0.0,0.0,0.0,21000.0,173.49,bela_vista_do_maranhao
04/2026,2,NORDESTE,NE,21,MARANHAO,MA,210173,BELAGUA,3.0,2025,DOU,8751.0,3.0,0.0,0.0,0.0,0.0,0.0,0.0,0.0,0.0,0.0,0.0,0.0,10500.0,119.98,belagua
04/2026,2,NORDESTE,NE,21,MARANHAO,MA,210180,BENEDITO LEITE,4.0,2025,DOU,5599.0,3.0,0.0,0.0,0.0,0.0,0.0,0.0,0.0,0.0,0.0,0.0,0.0,10500.0,187.53,benedito_leite
04/2026,2,NORDESTE,NE,21,MARANHAO,MA,210190,BEQUIMAO,3.0,2025,DOU,19968.0,10.0,0.0,0.0,0.0,0.0,0.0,0.0,0.0,0.0,0.0,0.0,0.0,35000.0,175.28,bequimao
04/2026,2,NORDESTE,NE,21,MARANHAO,MA,210193,BERNARDO DO MEARIM,3.0,2025,DOU,5989.0,3.0,0.0,0.0,0.0,0.0,0.0,0.0,0.0,0.0,0.0,0.0,0.0,10500.0,175.32,bernardo_do_mearim
04/2026,2,NORDESTE,NE,21,MARANHAO,MA,210197,BOA VISTA DO GURUPI,3.0,2025,DOU,7781.0,4.0,0.0,0.0,0.0,0.0,0.0,0.0,0.0,0.0,0.0,0.0,0.0,14000.0,179.92,boa_vista_do_gurupi
04/2026,2,NORDESTE,NE,21,MARANHAO,MA,210200,BOM JARDIM,3.0,2025,DOU,33936.0,20.0,0.0,0.0,0.0,0.0,0.0,0.0,0.0,0.0,0.0,0.0,0.0,70000.0,206.27,bom_jardim
04/2026,2,NORDESTE,NE,21,MARANHAO,MA,210203,BOM JESUS DAS SELVAS,2.0,2025,DOU,29606.0,13.0,0.0,0.0,0.0,0.0,0.0,0.0,0.0,0.0,0.0,0.0,0.0,45500.0,153.68,bom_jesus_das_selvas
04/2026,2,NORDESTE,NE,21,MARANHAO,MA,210207,BOM LUGAR,3.0,2025,DOU,12371.0,7.0,0.0,0.0,0.0,0.0,0.0,0.0,0.0,0.0,0.0,0.0,0.0,24500.0,198.04,bom_lugar
04/2026,2,NORDESTE,NE,21,MARANHAO,MA,210210,BREJO,3.0,2025,DOU,35354.0,17.0,1.0,0.0,0.0,0.0,0.0,0.0,1.0,86.0,0.0,0.0,86.0,62211.0,175.96,brejo
04/2026,2,NORDESTE,NE,21,MARANHAO,MA,210215,BREJO DE AREIA,3.0,2025,DOU,9363.0,5.0,0.0,0.0,0.0,0.0,0.0,0.0,0.0,0.0,0.0,0.0,0.0,17500.0,186.9,brejo_de_areia
04/2026,2,NORDESTE,NE,21,MARANHAO,MA,210220,BURITI,3.0,2025,DOU,30866.0,13.0,1.0,0.0,0.0,0.0,0.0,0.0,0.0,0.0,0.0,0.0,0.0,48125.0,155.91,buriti
04/2026,2,NORDESTE,NE,21,MARANHAO,MA,210230,BURITI BRAVO,1.0,2025,DOU,22938.0,12.0,0.0,0.0,0.0,0.0,0.0,0.0,0.0,0.0,0.0,0.0,0.0,42000.0,183.1,buriti_bravo
04/2026,2,NORDESTE,NE,21,MARANHAO,MA,210232,BURITICUPU,1.0,2025,DOU,56733.0,28.0,0.0,0.0,0.0,0.0,0.0,0.0,0.0,0.0,0.0,0.0,0.0,98000.0,172.73,buriticupu
04/2026,2,NORDESTE,NE,21,MARANHAO,MA,210235,BURITIRANA,3.0,2025,DOU,13125.0,8.0,0.0,0.0,0.0,0.0,0.0,0.0,0.0,0.0,0.0,0.0,0.0,28000.0,213.33,buritirana
04/2026,2,NORDESTE,NE,21,MARANHAO,MA,210237,CACHOEIRA GRANDE,3.0,2025,DOU,10032.0,4.0,0.0,2.0,0.0,0.0,0.0,0.0,0.0,0.0,0.0,0.0,0.0,17500.0,174.44,cachoeira_grande
04/2026,2,NORDESTE,NE,21,MARANHAO,MA,210240,CAJAPIO,3.0,2025,DOU,10336.0,6.0,0.0,0.0,0.0,0.0,0.0,0.0,0.0,0.0,0.0,0.0,0.0,21000.0,203.17,cajapio
04/2026,2,NORDESTE,NE,21,MARANHAO,MA,210250,CAJARI,3.0,2025,DOU,16680.0,8.0,0.0,0.0,0.0,0.0,0.0,0.0,0.0,0.0,0.0,0.0,0.0,28000.0,167.86,cajari
04/2026,2,NORDESTE,NE,21,MARANHAO,MA,210255,CAMPESTRE DO MARANHAO,1.0,2025,DOU,12536.0,7.0,0.0,0.0,0.0,0.0,0.0,0.0,0.0,0.0,0.0,0.0,0.0,24500.0,195.43,campestre_do_maranhao
04/2026,2,NORDESTE,NE,21,MARANHAO,MA,210260,CANDIDO MENDES,3.0,2025,DOU,20440.0,9.0,2.0,0.0,0.0,0.0,0.0,0.0,0.0,0.0,0.0,0.0,0.0,36750.0,179.79,candido_mendes
04/2026,2,NORDESTE,NE,21,MARANHAO,MA,210270,CANTANHEDE,2.0,2025,DOU,25059.0,10.0,0.0,0.0,0.0,0.0,0.0,0.0,0.0,0.0,0.0,0.0,0.0,35000.0,139.67,cantanhede
04/2026,2,NORDESTE,NE,21,MARANHAO,MA,210275,CAPINZAL DO NORTE,3.0,2025,DOU,11681.0,5.0,0.0,0.0,0.0,0.0,0.0,0.0,0.0,0.0,0.0,0.0,0.0,17500.0,149.81,capinzal_do_norte
04/2026,2,NORDESTE,NE,21,MARANHAO,MA,210280,CAROLINA,2.0,2025,DOU,24619.0,11.0,0.0,0.0,0.0,0.0,0.0,0.0,0.0,0.0,0.0,0.0,0.0,38500.0,156.38,carolina
04/2026,2,NORDESTE,NE,21,MARANHAO,MA,210290,CARUTAPERA,1.0,2025,DOU,24906.0,10.0,0.0,0.0,0.0,0.0,0.0,0.0,0.0,0.0,0.0,0.0,0.0,35000.0,140.52,carutapera
04/2026,2,NORDESTE,NE,21,MARANHAO,MA,210300,CAXIAS,1.0,2025,DOU,163546.0,56.0,1.0,0.0,0.0,0.0,1.0,199.0,1.0,269.0,0.0,0.0,468.0,199093.0,121.73,caxias
04/2026,2,NORDESTE,NE,21,MARANHAO,MA,210310,CEDRAL,3.0,2025,DOU,10446.0,5.0,0.0,0.0,0.0,0.0,0.0,0.0,0.0,0.0,0.0,0.0,0.0,17500.0,167.52,cedral
04/2026,2,NORDESTE,NE,21,MARANHAO,MA,210312,CENTRAL DO MARANHAO,3.0,2025,DOU,7220.0,4.0,0.0,0.0,0.0,0.0,0.0,0.0,0.0,0.0,0.0,0.0,0.0,14000.0,193.9,central_do_maranhao
04/2026,2,NORDESTE,NE,21,MARANHAO,MA,210315,CENTRO DO GUILHERME,3.0,2025,DOU,12693.0,7.0,0.0,0.0,0.0,0.0,0.0,0.0,0.0,0.0,0.0,0.0,0.0,24500.0,193.01,centro_do_guilherme
04/2026,2,NORDESTE,NE,21,MARANHAO,MA,210317,CENTRO NOVO DO MARANHAO,3.0,2025,DOU,16477.0,11.0,0.0,0.0,0.0,0.0,0.0,0.0,0.0,0.0,0.0,0.0,0.0,38500.0,233.65,centro_novo_do_maranhao
04/2026,2,NORDESTE,NE,21,MARANHAO,MA,210320,CHAPADINHA,1.0,2025,DOU,84395.0,28.0,0.0,0.0,0.0,0.0,0.0,0.0,0.0,0.0,0.0,0.0,0.0,98000.0,116.12,chapadinha
04/2026,2,NORDESTE,NE,21,MARANHAO,MA,210325,CIDELANDIA,3.0,2025,DOU,13141.0,7.0,0.0,0.0,0.0,0.0,0.0,0.0,0.0,0.0,0.0,0.0,0.0,24500.0,186.43,cidelandia
04/2026,2,NORDESTE,NE,21,MARANHAO,MA,210330,CODO,1.0,2025,DOU,118283.0,40.0,0.0,0.0,0.0,0.0,1.0,57.0,1.0,559.0,0.0,0.0,616.0,140616.0,118.88,codo
04/2026,2,NORDESTE,NE,21,MARANHAO,MA,210340,COELHO NETO,1.0,2025,DOU,42841.0,18.0,0.0,0.0,0.0,0.0,0.0,0.0,0.0,0.0,0.0,0.0,0.0,63000.0,147.05,coelho_neto
04/2026,2,NORDESTE,NE,21,MARANHAO,MA,210350,COLINAS,2.0,2025,DOU,41788.0,21.0,0.0,0.0,0.0,0.0,0.0,0.0,0.0,0.0,1.0,160.0,160.0,73660.0,176.27,colinas
04/2026,2,NORDESTE,NE,21,MARANHAO,MA,210355,CONCEICAO DO LAGO-ACU,3.0,2025,DOU,15278.0,7.0,0.0,0.0,1.0,897.0,1.0,54.0,0.0,0.0,0.0,0.0,951.0,25451.0,166.58,conceicao_do_lago_acu
04/2026,2,NORDESTE,NE,21,MARANHAO,MA,210360,COROATA,1.0,2025,DOU,61337.0,17.0,0.0,0.0,0.0,0.0,0.0,0.0,1.0,450.0,0.0,0.0,450.0,59950.0,97.73,coroata
04/2026,2,NORDESTE,NE,21,MARANHAO,MA,210370,CURURUPU,2.0,2025,DOU,32602.0,15.0,1.0,0.0,1.0,618.0,0.0,0.0,0.0,0.0,0.0,0.0,618.0,55743.0,170.98,cururupu
04/2026,2,NORDESTE,NE,21,MARANHAO,MA,210375,DAVINOPOLIS,1.0,2025,DOU,14828.0,6.0,0.0,0.0,0.0,0.0,0.0,0.0,1.0,451.0,0.0,0.0,451.0,21451.0,144.66,davinopolis
04/2026,2,NORDESTE,NE,21,MARANHAO,MA,210380,DOM PEDRO,2.0,2025,DOU,23594.0,10.0,0.0,0.0,0.0,0.0,0.0,0.0,0.0,0.0,0.0,0.0,0.0,35000.0,148.34,dom_pedro
04/2026,2,NORDESTE,NE,21,MARANHAO,MA,210390,DUQUE BACELAR,3.0,2025,DOU,10443.0,6.0,0.0,0.0,0.0,0.0,0.0,0.0,0.0,0.0,0.0,0.0,0.0,21000.0,201.09,duque_bacelar
04/2026,2,NORDESTE,NE,21,MARANHAO,MA,210400,ESPERANTINOPOLIS,3.0,2025,DOU,18734.0,10.0,0.0,0.0,0.0,0.0,0.0,0.0,0.0,0.0,0.0,0.0,0.0,35000.0,186.82,esperantinopolis
04/2026,2,NORDESTE,NE,21,MARANHAO,MA,210405,ESTREITO,1.0,2025,DOU,34321.0,17.0,1.0,0.0,0.0,0.0,0.0,0.0,0.0,0.0,0.0,0.0,0.0,62125.0,181.01,estreito
04/2026,2,NORDESTE,NE,21,MARANHAO,MA,210407,FEIRA NOVA DO MARANHAO,5.0,2025,DOU,8237.0,4.0,0.0,0.0,0.0,0.0,0.0,0.0,0.0,0.0,0.0,0.0,0.0,14000.0,169.96,feira_nova_do_maranhao
04/2026,2,NORDESTE,NE,21,MARANHAO,MA,210408,FERNANDO FALCAO,5.0,2025,DOU,11219.0,6.0,0.0,0.0,0.0,0.0,0.0,0.0,0.0,0.0,0.0,0.0,0.0,21000.0,187.18,fernando_falcao
04/2026,2,NORDESTE,NE,21,MARANHAO,MA,210409,FORMOSA DA SERRA NEGRA,5.0,2025,DOU,18150.0,10.0,0.0,0.0,0.0,0.0,0.0,0.0,0.0,0.0,0.0,0.0,0.0,35000.0,192.83,formosa_da_serra_negra
04/2026,2,NORDESTE,NE,21,MARANHAO,MA,210410,FORTALEZA DOS NOGUEIRAS,3.0,2025,DOU,12963.0,6.0,0.0,0.0,0.0,0.0,0.0,0.0,0.0,0.0,0.0,0.0,0.0,21000.0,161.99,fortaleza_dos_nogueiras
04/2026,2,NORDESTE,NE,21,MARANHAO,MA,210420,FORTUNA,3.0,2025,DOU,17347.0,9.0,0.0,0.0,0.0,0.0,0.0,0.0,0.0,0.0,0.0,0.0,0.0,31500.0,181.58,fortuna
04/2026,2,NORDESTE,NE,21,MARANHAO,MA,210430,GODOFREDO VIANA,3.0,2025,DOU,10424.0,5.0,0.0,0.0,0.0,0.0,0.0,0.0,0.0,0.0,0.0,0.0,0.0,17500.0,167.88,godofredo_viana
04/2026,2,NORDESTE,NE,21,MARANHAO,MA,210440,GONCALVES DIAS,3.0,2025,DOU,17580.0,8.0,0.0,0.0,0.0,0.0,0.0,0.0,0.0,0.0,0.0,0.0,0.0,28000.0,159.27,goncalves_dias
04/2026,2,NORDESTE,NE,21,MARANHAO,MA,210450,GOVERNADOR ARCHER,3.0,2025,DOU,10476.0,5.0,0.0,0.0,0.0,0.0,0.0,0.0,0.0,0.0,0.0,0.0,0.0,17500.0,167.04,governador_archer
04/2026,2,NORDESTE,NE,21,MARANHAO,MA,210455,GOVERNADOR EDISON LOBAO,2.0,2025,DOU,18963.0,9.0,0.0,0.0,0.0,0.0,0.0,0.0,0.0,0.0,0.0,0.0,0.0,31500.0,166.11,governador_edison_lobao
04/2026,2,NORDESTE,NE,21,MARANHAO,MA,210460,GOVERNADOR EUGENIO BARROS,3.0,2025,DOU,14264.0,8.0,0.0,0.0,0.0,0.0,0.0,0.0,0.0,0.0,0.0,0.0,0.0,28000.0,196.29,governador_eugenio_barros
04/2026,2,NORDESTE,NE,21,MARANHAO,MA,210462,GOVERNADOR LUIZ ROCHA,3.0,2025,DOU,7216.0,4.0,0.0,0.0,0.0,0.0,0.0,0.0,0.0,0.0,0.0,0.0,0.0,14000.0,194.01,governador_luiz_rocha
04/2026,2,NORDESTE,NE,21,MARANHAO,MA,210465,GOVERNADOR NEWTON BELLO,3.0,2025,DOU,10993.0,6.0,0.0,0.0,0.0,0.0,0.0,0.0,0.0,0.0,0.0,0.0,0.0,21000.0,191.03,governador_newton_bello
04/2026,2,NORDESTE,NE,21,MARANHAO,MA,210467,GOVERNADOR NUNES FREIRE,2.0,2025,DOU,23526.0,12.0,0.0,0.0,0.0,0.0,0.0,0.0,0.0,0.0,1.0,622.0,622.0,42622.0,181.16,governador_nunes_freire
04/2026,2,NORDESTE,NE,21,MARANHAO,MA,210470,GRACA ARANHA,3.0,2025,DOU,6160.0,3.0,0.0,0.0,0.0,0.0,0.0,0.0,0.0,0.0,0.0,0.0,0.0,10500.0,170.45,graca_aranha
04/2026,2,NORDESTE,NE,21,MARANHAO,MA,210480,GRAJAU,1.0,2025,DOU,76837.0,19.0,0.0,0.0,0.0,0.0,0.0,0.0,0.0,0.0,0.0,0.0,0.0,66500.0,86.54,grajau
04/2026,2,NORDESTE,NE,21,MARANHAO,MA,210490,GUIMARAES,3.0,2025,DOU,10439.0,6.0,0.0,0.0,0.0,0.0,0.0,0.0,0.0,0.0,0.0,0.0,0.0,21000.0,201.16,guimaraes
04/2026,2,NORDESTE,NE,21,MARANHAO,MA,210500,HUMBERTO DE CAMPOS,5.0,2025,DOU,26550.0,15.0,0.0,0.0,0.0,0.0,0.0,0.0,0.0,0.0,0.0,0.0,0.0,52500.0,197.74,humberto_de_campos
04/2026,2,NORDESTE,NE,21,MARANHAO,MA,210510,ICATU,3.0,2025,DOU,25332.0,14.0,0.0,0.0,0.0,0.0,0.0,0.0,0.0,0.0,0.0,0.0,0.0,49000.0,193.43,icatu
04/2026,2,NORDESTE,NE,21,MARANHAO,MA,210515,IGARAPE DO MEIO,3.0,2025,DOU,14383.0,6.0,0.0,0.0,0.0,0.0,0.0,0.0,0.0,0.0,0.0,0.0,0.0,21000.0,146.0,igarape_do_meio
04/2026,2,NORDESTE,NE,21,MARANHAO,MA,210520,IGARAPE GRANDE,3.0,2025,DOU,10461.0,6.0,0.0,0.0,0.0,0.0,0.0,0.0,0.0,0.0,0.0,0.0,0.0,21000.0,200.74,igarape_grande
04/2026,2,NORDESTE,NE,21,MARANHAO,MA,210530,IMPERATRIZ,1.0,2025,DOU,285806.0,74.0,0.0,0.0,0.0,0.0,1.0,328.0,1.0,865.0,1.0,797.0,1990.0,260990.0,91.31,imperatriz
04/2026,2,NORDESTE,NE,21,MARANHAO,MA,210535,ITAIPAVA DO GRAJAU,5.0,2025,DOU,14142.0,7.0,2.0,0.0,0.0,0.0,0.0,0.0,0.0,0.0,0.0,0.0,0.0,29750.0,210.36,itaipava_do_grajau
04/2026,2,NORDESTE,NE,21,MARANHAO,MA,210540,ITAPECURU MIRIM,1.0,2025,DOU,62264.0,28.0,0.0,0.0,0.0,0.0,0.0,0.0,1.0,94.0,0.0,0.0,94.0,98094.0,157.54,itapecuru_mirim
04/2026,2,NORDESTE,NE,21,MARANHAO,MA,210542,ITINGA DO MARANHAO,2.0,2025,DOU,22896.0,12.0,0.0,0.0,0.0,0.0,0.0,0.0,0.0,0.0,0.0,0.0,0.0,42000.0,183.43,itinga_do_maranhao
04/2026,2,NORDESTE,NE,21,MARANHAO,MA,210545,JATOBA,3.0,2025,DOU,7593.0,5.0,0.0,0.0,0.0,0.0,0.0,0.0,0.0,0.0,0.0,0.0,0.0,17500.0,230.47,jatoba
04/2026,2,NORDESTE,NE,21,MARANHAO,MA,210547,JENIPAPO DOS VIEIRAS,5.0,2025,DOU,17529.0,8.0,1.0,0.0,0.0,0.0,0.0,0.0,0.0,0.0,0.0,0.0,0.0,30625.0,174.71,jenipapo_dos_vieiras
04/2026,2,NORDESTE,NE,21,MARANHAO,MA,210550,JOAO LISBOA,2.0,2025,DOU,25311.0,12.0,0.0,0.0,0.0,0.0,0.0,0.0,0.0,0.0,0.0,0.0,0.0,42000.0,165.93,joao_lisboa
04/2026,2,NORDESTE,NE,21,MARANHAO,MA,210560,JOSELANDIA,3.0,2025,DOU,15227.0,8.0,0.0,0.0,0.0,0.0,0.0,0.0,0.0,0.0,0.0,0.0,0.0,28000.0,183.88,joselandia
04/2026,2,NORDESTE,NE,21,MARANHAO,MA,210565,JUNCO DO MARANHAO,3.0,2025,DOU,5282.0,3.0,0.0,0.0,0.0,0.0,0.0,0.0,0.0,0.0,0.0,0.0,0.0,10500.0,198.78,junco_do_maranhao
04/2026,2,NORDESTE,NE,21,MARANHAO,MA,210570,LAGO DA PEDRA,1.0,2025,DOU,45865.0,25.0,0.0,0.0,0.0,0.0,0.0,0.0,0.0,0.0,0.0,0.0,0.0,87500.0,190.77,lago_da_pedra
04/2026,2,NORDESTE,NE,21,MARANHAO,MA,210580,LAGO DO JUNCO,3.0,2025,DOU,9687.0,5.0,0.0,0.0,0.0,0.0,0.0,0.0,0.0,0.0,0.0,0.0,0.0,17500.0,180.65,lago_do_junco
04/2026,2,NORDESTE,NE,21,MARANHAO,MA,210594,LAGO DOS RODRIGUES,3.0,2025,DOU,8962.0,4.0,0.0,0.0,0.0,0.0,0.0,0.0,0.0,0.0,0.0,0.0,0.0,14000.0,156.21,lago_dos_rodrigues
04/2026,2,NORDESTE,NE,21,MARANHAO,MA,210590,LAGO VERDE,3.0,2025,DOU,15069.0,8.0,0.0,0.0,0.0,0.0,0.0,0.0,0.0,0.0,0.0,0.0,0.0,28000.0,185.81,lago_verde
04/2026,2,NORDESTE,NE,21,MARANHAO,MA,210592,LAGOA DO MATO,3.0,2025,DOU,10806.0,6.0,0.0,0.0,0.0,0.0,0.0,0.0,0.0,0.0,0.0,0.0,0.0,21000.0,194.33,lagoa_do_mato
04/2026,2,NORDESTE,NE,21,MARANHAO,MA,210596,LAGOA GRANDE DO MARANHAO,5.0,2025,DOU,11731.0,6.0,0.0,0.0,0.0,0.0,0.0,0.0,0.0,0.0,0.0,0.0,0.0,21000.0,179.01,lagoa_grande_do_maranhao
04/2026,2,NORDESTE,NE,21,MARANHAO,MA,210598,LAJEADO NOVO,3.0,2025,DOU,7232.0,4.0,0.0,0.0,0.0,0.0,0.0,0.0,0.0,0.0,0.0,0.0,0.0,14000.0,193.58,lajeado_novo
04/2026,2,NORDESTE,NE,21,MARANHAO,MA,210600,LIMA CAMPOS,3.0,2025,DOU,11559.0,6.0,0.0,0.0,0.0,0.0,0.0,0.0,0.0,0.0,0.0,0.0,0.0,21000.0,181.67,lima_campos
04/2026,2,NORDESTE,NE,21,MARANHAO,MA,210610,LORETO,5.0,2025,DOU,11884.0,6.0,0.0,0.0,0.0,0.0,0.0,0.0,0.0,0.0,0.0,0.0,0.0,21000.0,176.7,loreto
04/2026,2,NORDESTE,NE,21,MARANHAO,MA,210620,LUIS DOMINGUES,2.0,2025,DOU,7366.0,3.0,0.0,0.0,1.0,2707.0,0.0,0.0,0.0,0.0,0.0,0.0,2707.0,13207.0,179.29,luis_domingues
04/2026,2,NORDESTE,NE,21,MARANHAO,MA,210630,MAGALHAES DE ALMEIDA,3.0,2025,DOU,13933.0,7.0,0.0,0.0,0.0,0.0,0.0,0.0,0.0,0.0,0.0,0.0,0.0,24500.0,175.84,magalhaes_de_almeida
04/2026,2,NORDESTE,NE,21,MARANHAO,MA,210632,MARACACUME,1.0,2025,DOU,21730.0,11.0,0.0,0.0,0.0,0.0,0.0,0.0,0.0,0.0,0.0,0.0,0.0,38500.0,177.17,maracacume
04/2026,2,NORDESTE,NE,21,MARANHAO,MA,210635,MARAJA DO SENA,3.0,2025,DOU,7153.0,4.0,0.0,0.0,0.0,0.0,0.0,0.0,0.0,0.0,0.0,0.0,0.0,14000.0,195.72,maraja_do_sena
04/2026,2,NORDESTE,NE,21,MARANHAO,MA,210637,MARANHAOZINHO,3.0,2025,DOU,14092.0,8.0,0.0,0.0,0.0,0.0,0.0,0.0,0.0,0.0,0.0,0.0,0.0,28000.0,198.69,maranhaozinho
04/2026,2,NORDESTE,NE,21,MARANHAO,MA,210640,MATA ROMA,3.0,2025,DOU,17581.0,9.0,0.0,0.0,0.0,0.0,0.0,0.0,0.0,0.0,0.0,0.0,0.0,31500.0,179.17,mata_roma
04/2026,2,NORDESTE,NE,21,MARANHAO,MA,210650,MATINHA,3.0,2025,DOU,22540.0,12.0,0.0,0.0,0.0,0.0,0.0,0.0,0.0,0.0,0.0,0.0,0.0,42000.0,186.33,matinha
04/2026,2,NORDESTE,NE,21,MARANHAO,MA,210660,MATOES,3.0,2025,DOU,33327.0,17.0,0.0,0.0,0.0,0.0,0.0,0.0,0.0,0.0,0.0,0.0,0.0,59500.0,178.53,matoes
04/2026,2,NORDESTE,NE,21,MARANHAO,MA,210663,MATOES DO NORTE,3.0,2025,DOU,18021.0,7.0,0.0,0.0,0.0,0.0,0.0,0.0,0.0,0.0,0.0,0.0,0.0,24500.0,135.95,matoes_do_norte
04/2026,2,NORDESTE,NE,21,MARANHAO,MA,210667,MILAGRES DO MARANHAO,3.0,2025,DOU,9065.0,4.0,0.0,0.0,0.0,0.0,0.0,0.0,0.0,0.0,0.0,0.0,0.0,14000.0,154.44,milagres_do_maranhao
04/2026,2,NORDESTE,NE,21,MARANHAO,MA,210670,MIRADOR,5.0,2025,DOU,21536.0,12.0,0.0,0.0,0.0,0.0,0.0,0.0,0.0,0.0,0.0,0.0,0.0,42000.0,195.02,mirador
04/2026,2,NORDESTE,NE,21,MARANHAO,MA,210675,MIRANDA DO NORTE,1.0,2025,DOU,24373.0,12.0,0.0,0.0,1.0,229.0,0.0,0.0,0.0,0.0,0.0,0.0,229.0,42229.0,173.26,miranda_do_norte
04/2026,2,NORDESTE,NE,21,MARANHAO,MA,210680,MIRINZAL,3.0,2025,DOU,14298.0,8.0,0.0,0.0,0.0,0.0,0.0,0.0,0.0,0.0,0.0,0.0,0.0,28000.0,195.83,mirinzal
04/2026,2,NORDESTE,NE,21,MARANHAO,MA,210690,MONCAO,3.0,2025,DOU,28563.0,13.0,0.0,1.0,0.0,0.0,0.0,0.0,0.0,0.0,0.0,0.0,0.0,47250.0,165.42,moncao
04/2026,2,NORDESTE,NE,21,MARANHAO,MA,210700,MONTES ALTOS,3.0,2025,DOU,9306.0,5.0,0.0,0.0,0.0,0.0,0.0,0.0,0.0,0.0,0.0,0.0,0.0,17500.0,188.05,montes_altos
04/2026,2,NORDESTE,NE,21,MARANHAO,MA,210710,MORROS,3.0,2025,DOU,19015.0,9.0,0.0,0.0,0.0,0.0,0.0,0.0,0.0,0.0,0.0,0.0,0.0,31500.0,165.65,morros
04/2026,2,NORDESTE,NE,21,MARANHAO,MA,210720,NINA RODRIGUES,3.0,2025,DOU,14589.0,7.0,0.0,0.0,0.0,0.0,0.0,0.0,0.0,0.0,0.0,0.0,0.0,24500.0,167.93,nina_rodrigues
04/2026,2,NORDESTE,NE,21,MARANHAO,MA,210725,NOVA COLINAS,3.0,2025,DOU,5148.0,3.0,0.0,0.0,0.0,0.0,0.0,0.0,0.0,0.0,0.0,0.0,0.0,10500.0,203.96,nova_colinas
04/2026,2,NORDESTE,NE,21,MARANHAO,MA,210730,NOVA IORQUE,5.0,2025,DOU,4409.0,2.0,0.0,0.0,0.0,0.0,0.0,0.0,0.0,0.0,0.0,0.0,0.0,7000.0,158.76,nova_iorque
04/2026,2,NORDESTE,NE,21,MARANHAO,MA,210735,NOVA OLINDA DO MARANHAO,2.0,2025,DOU,14379.0,11.0,0.0,0.0,0.0,0.0,0.0,0.0,0.0,0.0,0.0,0.0,0.0,38500.0,267.75,nova_olinda_do_maranhao
04/2026,2,NORDESTE,NE,21,MARANHAO,MA,210740,OLHO D'AGUA DAS CUNHAS,3.0,2025,DOU,18288.0,10.0,0.0,0.0,0.0,0.0,0.0,0.0,0.0,0.0,0.0,0.0,0.0,35000.0,191.38,olho_d_agua_das_cunhas
04/2026,2,NORDESTE,NE,21,MARANHAO,MA,210745,OLINDA NOVA DO MARANHAO,3.0,2025,DOU,13921.0,7.0,0.0,0.0,0.0,0.0,0.0,0.0,0.0,0.0,0.0,0.0,0.0,24500.0,175.99,olinda_nova_do_maranhao
04/2026,2,NORDESTE,NE,21,MARANHAO,MA,210750,PACO DO LUMIAR,1.0,2025,DOU,153158.0,24.0,0.0,0.0,0.0,0.0,1.0,55.0,0.0,0.0,1.0,163.0,218.0,84218.0,54.98,paco_do_lumiar
04/2026,2,NORDESTE,NE,21,MARANHAO,MA,210760,PALMEIRANDIA,3.0,2025,DOU,21657.0,10.0,0.0,0.0,0.0,0.0,0.0,0.0,0.0,0.0,0.0,0.0,0.0,35000.0,161.61,palmeirandia
04/2026,2,NORDESTE,NE,21,MARANHAO,MA,210770,PARAIBANO,1.0,2025,DOU,18589.0,8.0,0.0,1.0,0.0,0.0,0.0,0.0,0.0,0.0,0.0,0.0,0.0,29750.0,160.04,paraibano
04/2026,2,NORDESTE,NE,21,MARANHAO,MA,210780,PARNARAMA,3.0,2025,DOU,32232.0,14.0,0.0,0.0,0.0,0.0,0.0,0.0,0.0,0.0,0.0,0.0,0.0,49000.0,152.02,parnarama
04/2026,2,NORDESTE,NE,21,MARANHAO,MA,210790,PASSAGEM FRANCA,3.0,2025,DOU,17591.0,9.0,0.0,0.0,0.0,0.0,0.0,0.0,0.0,0.0,0.0,0.0,0.0,31500.0,179.06,passagem_franca
04/2026,2,NORDESTE,NE,21,MARANHAO,MA,210800,PASTOS BONS,4.0,2025,DOU,19266.0,10.0,0.0,0.0,0.0,0.0,0.0,0.0,0.0,0.0,0.0,0.0,0.0,35000.0,181.66,pastos_bons
04/2026,2,NORDESTE,NE,21,MARANHAO,MA,210805,PAULINO NEVES,5.0,2025,DOU,17578.0,8.0,0.0,0.0,0.0,0.0,0.0,0.0,0.0,0.0,0.0,0.0,0.0,28000.0,159.29,paulino_neves
04/2026,2,NORDESTE,NE,21,MARANHAO,MA,210810,PAULO RAMOS,3.0,2025,DOU,20798.0,11.0,0.0,0.0,0.0,0.0,0.0,0.0,0.0,0.0,0.0,0.0,0.0,38500.0,185.11,paulo_ramos
04/2026,2,NORDESTE,NE,21,MARANHAO,MA,210820,PEDREIRAS,1.0,2025,DOU,38252.0,20.0,0.0,0.0,0.0,0.0,0.0,0.0,1.0,656.0,1.0,72.0,728.0,70728.0,184.9,pedreiras
04/2026,2,NORDESTE,NE,21,MARANHAO,MA,210825,PEDRO DO ROSARIO,3.0,2025,DOU,24955.0,11.0,0.0,0.0,0.0,0.0,0.0,0.0,0.0,0.0,0.0,0.0,0.0,38500.0,154.27,pedro_do_rosario
04/2026,2,NORDESTE,NE,21,MARANHAO,MA,210830,PENALVA,4.0,2025,DOU,33496.0,18.0,2.0,0.0,0.0,0.0,0.0,0.0,0.0,0.0,0.0,0.0,0.0,68250.0,203.75,penalva
04/2026,2,NORDESTE,NE,21,MARANHAO,MA,210840,PERI MIRIM,3.0,2025,DOU,11229.0,7.0,0.0,0.0,0.0,0.0,0.0,0.0,0.0,0.0,0.0,0.0,0.0,24500.0,218.18,peri_mirim
04/2026,2,NORDESTE,NE,21,MARANHAO,MA,210845,PERITORO,3.0,2025,DOU,20903.0,11.0,0.0,0.0,0.0,0.0,0.0,0.0,0.0,0.0,0.0,0.0,0.0,38500.0,184.18,peritoro
04/2026,2,NORDESTE,NE,21,MARANHAO,MA,210850,PINDARE-MIRIM,2.0,2025,DOU,32542.0,17.0,0.0,0.0,0.0,0.0,0.0,0.0,0.0,0.0,0.0,0.0,0.0,59500.0,182.84,pindare_mirim
04/2026,2,NORDESTE,NE,21,MARANHAO,MA,210860,PINHEIRO,1.0,2025,DOU,88091.0,28.0,0.0,0.0,0.0,0.0,0.0,0.0,1.0,1060.0,0.0,0.0,1060.0,99060.0,112.45,pinheiro
04/2026,2,NORDESTE,NE,21,MARANHAO,MA,210870,PIO XII,2.0,2025,DOU,22374.0,9.0,0.0,2.0,0.0,0.0,0.0,0.0,0.0,0.0,0.0,0.0,0.0,35000.0,156.43,pio_xii
04/2026,2,NORDESTE,NE,21,MARANHAO,MA,210880,PIRAPEMAS,2.0,2025,DOU,18132.0,8.0,0.0,0.0,0.0,0.0,0.0,0.0,0.0,0.0,0.0,0.0,0.0,28000.0,154.42,pirapemas
04/2026,2,NORDESTE,NE,21,MARANHAO,MA,210890,POCAO DE PEDRAS,3.0,2025,DOU,17394.0,9.0,0.0,0.0,0.0,0.0,0.0,0.0,0.0,0.0,0.0,0.0,0.0,31500.0,181.09,pocao_de_pedras
04/2026,2,NORDESTE,NE,21,MARANHAO,MA,210900,PORTO FRANCO,1.0,2025,DOU,24571.0,10.0,0.0,0.0,0.0,0.0,0.0,0.0,0.0,0.0,0.0,0.0,0.0,35000.0,142.44,porto_franco
04/2026,2,NORDESTE,NE,21,MARANHAO,MA,210905,PORTO RICO DO MARANHAO,3.0,2025,DOU,6092.0,3.0,0.0,0.0,0.0,0.0,0.0,0.0,0.0,0.0,0.0,0.0,0.0,10500.0,172.35,porto_rico_do_maranhao
04/2026,2,NORDESTE,NE,21,MARANHAO,MA,210910,PRESIDENTE DUTRA,1.0,2025,DOU,46606.0,24.0,0.0,0.0,0.0,0.0,1.0,66.0,0.0,0.0,0.0,0.0,66.0,84066.0,180.37,presidente_dutra
04/2026,2,NORDESTE,NE,21,MARANHAO,MA,210920,PRESIDENTE JUSCELINO,3.0,2025,DOU,11616.0,6.0,0.0,0.0,0.0,0.0,0.0,0.0,0.0,0.0,0.0,0.0,0.0,21000.0,180.78,presidente_juscelino
04/2026,2,NORDESTE,NE,21,MARANHAO,MA,210923,PRESIDENTE MEDICI,3.0,2025,DOU,4717.0,4.0,0.0,0.0,0.0,0.0,0.0,0.0,0.0,0.0,0.0,0.0,0.0,14000.0,296.79,presidente_medici
04/2026,2,NORDESTE,NE,21,MARANHAO,MA,210927,PRESIDENTE SARNEY,3.0,2025,DOU,17925.0,10.0,0.0,0.0,0.0,0.0,0.0,0.0,0.0,0.0,0.0,0.0,0.0,35000.0,195.25,presidente_sarney
04/2026,2,NORDESTE,NE,21,MARANHAO,MA,210930,PRESIDENTE VARGAS,3.0,2025,DOU,10791.0,6.0,0.0,0.0,0.0,0.0,0.0,0.0,0.0,0.0,0.0,0.0,0.0,21000.0,194.6,presidente_vargas
04/2026,2,NORDESTE,NE,21,MARANHAO,MA,210940,PRIMEIRA CRUZ,5.0,2025,DOU,13920.0,7.0,0.0,0.0,0.0,0.0,0.0,0.0,0.0,0.0,0.0,0.0,0.0,24500.0,176.0,primeira_cruz
04/2026,2,NORDESTE,NE,21,MARANHAO,MA,210945,RAPOSA,1.0,2025,DOU,32156.0,11.0,0.0,0.0,0.0,0.0,1.0,26.0,0.0,0.0,0.0,0.0,26.0,38526.0,119.8,raposa
04/2026,2,NORDESTE,NE,21,MARANHAO,MA,210950,RIACHAO,3.0,2025,DOU,22740.0,11.0,0.0,0.0,0.0,0.0,0.0,0.0,0.0,0.0,0.0,0.0,0.0,38500.0,169.3,riachao
04/2026,2,NORDESTE,NE,21,MARANHAO,MA,210955,RIBAMAR FIQUENE,3.0,2025,DOU,7601.0,4.0,0.0,0.0,0.0,0.0,0.0,0.0,0.0,0.0,0.0,0.0,0.0,14000.0,184.18,ribamar_fiquene
04/2026,2,NORDESTE,NE,21,MARANHAO,MA,210960,ROSARIO,1.0,2025,DOU,39761.0,21.0,0.0,0.0,0.0,0.0,0.0,0.0,1.0,429.0,0.0,0.0,429.0,73929.0,185.93,rosario
04/2026,2,NORDESTE,NE,21,MARANHAO,MA,210970,SAMBAIBA,5.0,2025,DOU,6234.0,3.0,0.0,0.0,0.0,0.0,0.0,0.0,0.0,0.0,0.0,0.0,0.0,10500.0,168.43,sambaiba
04/2026,2,NORDESTE,NE,21,MARANHAO,MA,210975,SANTA FILOMENA DO MARANHAO,3.0,2025,DOU,6833.0,3.0,2.0,0.0,0.0,0.0,0.0,0.0,0.0,0.0,0.0,0.0,0.0,15750.0,230.49,santa_filomena_do_maranhao
04/2026,2,NORDESTE,NE,21,MARANHAO,MA,210980,SANTA HELENA,1.0,2025,DOU,43200.0,13.0,0.0,0.0,3.0,3946.0,0.0,0.0,0.0,0.0,0.0,0.0,3946.0,49446.0,114.45,santa_helena
04/2026,2,NORDESTE,NE,21,MARANHAO,MA,210990,SANTA INES,1.0,2025,DOU,88249.0,45.0,0.0,0.0,0.0,0.0,0.0,0.0,1.0,512.0,0.0,0.0,512.0,158012.0,179.05,santa_ines
04/2026,2,NORDESTE,NE,21,MARANHAO,MA,211000,SANTA LUZIA,2.0,2025,DOU,58839.0,34.0,0.0,0.0,0.0,0.0,0.0,0.0,0.0,0.0,0.0,0.0,0.0,119000.0,202.24,santa_luzia
04/2026,2,NORDESTE,NE,21,MARANHAO,MA,211003,SANTA LUZIA DO PARUA,2.0,2025,DOU,24890.0,11.0,0.0,0.0,0.0,0.0,0.0,0.0,0.0,0.0,0.0,0.0,0.0,38500.0,154.68,santa_luzia_do_parua
04/2026,2,NORDESTE,NE,21,MARANHAO,MA,211010,SANTA QUITERIA DO MARANHAO,3.0,2025,DOU,24495.0,13.0,0.0,0.0,0.0,0.0,0.0,0.0,0.0,0.0,0.0,0.0,0.0,45500.0,185.75,santa_quiteria_do_maranhao
04/2026,2,NORDESTE,NE,21,MARANHAO,MA,211020,SANTA RITA,3.0,2025,DOU,38542.0,19.0,0.0,0.0,0.0,0.0,0.0,0.0,0.0,0.0,0.0,0.0,0.0,66500.0,172.53,santa_rita
04/2026,2,NORDESTE,NE,21,MARANHAO,MA,211023,SANTANA DO MARANHAO,3.0,2025,DOU,10759.0,6.0,1.0,0.0,0.0,0.0,0.0,0.0,0.0,0.0,0.0,0.0,0.0,23625.0,219.58,santana_do_maranhao
04/2026,2,NORDESTE,NE,21,MARANHAO,MA,211027,SANTO AMARO DO MARANHAO,5.0,2025,DOU,14287.0,8.0,0.0,0.0,0.0,0.0,0.0,0.0,0.0,0.0,0.0,0.0,0.0,28000.0,195.98,santo_amaro_do_maranhao
04/2026,2,NORDESTE,NE,21,MARANHAO,MA,211030,SANTO ANTONIO DOS LOPES,3.0,2025,DOU,14628.0,7.0,0.0,0.0,0.0,0.0,0.0,0.0,0.0,0.0,0.0,0.0,0.0,24500.0,167.48,santo_antonio_dos_lopes
04/2026,2,NORDESTE,NE,21,MARANHAO,MA,211040,SAO BENEDITO DO RIO PRETO,3.0,2025,DOU,18810.0,9.0,0.0,0.0,0.0,0.0,0.0,0.0,0.0,0.0,0.0,0.0,0.0,31500.0,167.46,sao_benedito_do_rio_preto
04/2026,2,NORDESTE,NE,21,MARANHAO,MA,211050,SAO BENTO,2.0,2025,DOU,48166.0,19.0,0.0,0.0,0.0,0.0,0.0,0.0,0.0,0.0,0.0,0.0,0.0,66500.0,138.06,sao_bento
04/2026,2,NORDESTE,NE,21,MARANHAO,MA,211060,SAO BERNARDO,3.0,2025,DOU,27910.0,13.0,0.0,1.0,0.0,0.0,0.0,0.0,0.0,0.0,0.0,0.0,0.0,47250.0,169.29,sao_bernardo
04/2026,2,NORDESTE,NE,21,MARANHAO,MA,211065,SAO DOMINGOS DO AZEITAO,5.0,2025,DOU,8236.0,4.0,0.0,0.0,0.0,0.0,0.0,0.0,0.0,0.0,0.0,0.0,0.0,14000.0,169.98,sao_domingos_do_azeitao
04/2026,2,NORDESTE,NE,21,MARANHAO,MA,211070,SAO DOMINGOS DO MARANHAO,2.0,2025,DOU,35247.0,16.0,2.0,0.0,0.0,0.0,0.0,0.0,0.0,0.0,0.0,0.0,0.0,61250.0,173.77,sao_domingos_do_maranhao
04/2026,2,NORDESTE,NE,21,MARANHAO,MA,211080,SAO FELIX DE BALSAS,5.0,2025,DOU,4491.0,2.0,0.0,0.0,0.0,0.0,0.0,0.0,0.0,0.0,0.0,0.0,0.0,7000.0,155.86,sao_felix_de_balsas
04/2026,2,NORDESTE,NE,21,MARANHAO,MA,211085,SAO FRANCISCO DO BREJAO,3.0,2025,DOU,9202.0,3.0,0.0,0.0,0.0,0.0,0.0,0.0,0.0,0.0,0.0,0.0,0.0,10500.0,114.1,sao_francisco_do_brejao
04/2026,2,NORDESTE,NE,21,MARANHAO,MA,211090,SAO FRANCISCO DO MARANHAO,3.0,2025,DOU,12360.0,6.0,0.0,0.0,0.0,0.0,0.0,0.0,0.0,0.0,0.0,0.0,0.0,21000.0,169.9,sao_francisco_do_maranhao
04/2026,2,NORDESTE,NE,21,MARANHAO,MA,211100,SAO JOAO BATISTA,3.0,2025,DOU,18889.0,10.0,0.0,0.0,0.0,0.0,0.0,0.0,0.0,0.0,0.0,0.0,0.0,35000.0,185.29,sao_joao_batista
04/2026,2,NORDESTE,NE,21,MARANHAO,MA,211102,SAO JOAO DO CARU,5.0,2025,DOU,12360.0,8.0,0.0,0.0,0.0,0.0,0.0,0.0,0.0,0.0,0.0,0.0,0.0,28000.0,226.53,sao_joao_do_caru
04/2026,2,NORDESTE,NE,21,MARANHAO,MA,211105,SAO JOAO DO PARAISO,3.0,2025,DOU,10091.0,6.0,0.0,0.0,0.0,0.0,0.0,0.0,0.0,0.0,0.0,0.0,0.0,21000.0,208.1,sao_joao_do_paraiso
04/2026,2,NORDESTE,NE,21,MARANHAO,MA,211107,SAO JOAO DO SOTER,3.0,2025,DOU,17253.0,9.0,0.0,0.0,0.0,0.0,0.0,0.0,0.0,0.0,0.0,0.0,0.0,31500.0,182.57,sao_joao_do_soter
04/2026,2,NORDESTE,NE,21,MARANHAO,MA,211110,SAO JOAO DOS PATOS,1.0,2025,DOU,25910.0,10.0,0.0,0.0,0.0,0.0,0.0,0.0,1.0,394.0,0.0,0.0,394.0,35394.0,136.6,sao_joao_dos_patos
04/2026,2,NORDESTE,NE,21,MARANHAO,MA,211120,SAO JOSE DE RIBAMAR,1.0,2025,DOU,259164.0,58.0,1.0,0.0,0.0,0.0,0.0,0.0,0.0,0.0,0.0,0.0,0.0,205625.0,79.34,sao_jose_de_ribamar
04/2026,2,NORDESTE,NE,21,MARANHAO,MA,211125,SAO JOSE DOS BASILIOS,3.0,2025,DOU,7094.0,3.0,2.0,0.0,0.0,0.0,0.0,0.0,0.0,0.0,0.0,0.0,0.0,15750.0,222.01,sao_jose_dos_basilios
04/2026,2,NORDESTE,NE,21,MARANHAO,MA,211130,SAO LUIS,1.0,2025,DOU,1089215.0,186.0,0.0,0.0,1.0,2258.0,2.0,925.0,6.0,6617.0,0.0,0.0,9800.0,660800.0,60.66,sao_luis
04/2026,2,NORDESTE,NE,21,MARANHAO,MA,211140,SAO LUIS GONZAGA DO MARANHAO,3.0,2025,DOU,18123.0,9.0,0.0,0.0,0.0,0.0,0.0,0.0,0.0,0.0,0.0,0.0,0.0,31500.0,173.81,sao_luis_gonzaga_do_maranhao
04/2026,2,NORDESTE,NE,21,MARANHAO,MA,211150,SAO MATEUS DO MARANHAO,1.0,2025,DOU,40177.0,17.0,0.0,0.0,0.0,0.0,0.0,0.0,0.0,0.0,0.0,0.0,0.0,59500.0,148.09,sao_mateus_do_maranhao
04/2026,2,NORDESTE,NE,21,MARANHAO,MA,211153,SAO PEDRO DA AGUA BRANCA,2.0,2025,DOU,14786.0,5.0,0.0,0.0,0.0,0.0,0.0,0.0,0.0,0.0,0.0,0.0,0.0,17500.0,118.35,sao_pedro_da_agua_branca
04/2026,2,NORDESTE,NE,21,MARANHAO,MA,211157,SAO PEDRO DOS CRENTES,5.0,2025,DOU,5993.0,2.0,1.0,0.0,0.0,0.0,0.0,0.0,0.0,0.0,0.0,0.0,0.0,9625.0,160.6,sao_pedro_dos_crentes
04/2026,2,NORDESTE,NE,21,MARANHAO,MA,211160,SAO RAIMUNDO DAS MANGABEIRAS,2.0,2025,DOU,19158.0,10.0,0.0,0.0,0.0,0.0,0.0,0.0,0.0,0.0,0.0,0.0,0.0,35000.0,182.69,sao_raimundo_das_mangabeiras
04/2026,2,NORDESTE,NE,21,MARANHAO,MA,211163,SAO RAIMUNDO DO DOCA BEZERRA,3.0,2025,DOU,5761.0,3.0,0.0,0.0,0.0,0.0,0.0,0.0,0.0,0.0,0.0,0.0,0.0,10500.0,182.26,sao_raimundo_do_doca_bezerra
04/2026,2,NORDESTE,NE,21,MARANHAO,MA,211167,SAO ROBERTO,3.0,2025,DOU,4577.0,3.0,0.0,0.0,0.0,0.0,0.0,0.0,0.0,0.0,0.0,0.0,0.0,10500.0,229.4,sao_roberto
04/2026,2,NORDESTE,NE,21,MARANHAO,MA,211170,SAO VICENTE FERRER,3.0,2025,DOU,19865.0,11.0,0.0,0.0,0.0,0.0,0.0,0.0,0.0,0.0,0.0,0.0,0.0,38500.0,193.8,sao_vicente_ferrer
04/2026,2,NORDESTE,NE,21,MARANHAO,MA,211172,SATUBINHA,3.0,2025,DOU,8821.0,5.0,1.0,0.0,0.0,0.0,0.0,0.0,0.0,0.0,0.0,0.0,0.0,20125.0,228.14,satubinha
04/2026,2,NORDESTE,NE,21,MARANHAO,MA,211174,SENADOR ALEXANDRE COSTA,3.0,2025,DOU,10447.0,6.0,0.0,0.0,0.0,0.0,0.0,0.0,0.0,0.0,0.0,0.0,0.0,21000.0,201.01,senador_alexandre_costa
04/2026,2,NORDESTE,NE,21,MARANHAO,MA,211176,SENADOR LA ROCQUE,3.0,2025,DOU,15044.0,8.0,0.0,0.0,0.0,0.0,0.0,0.0,0.0,0.0,0.0,0.0,0.0,28000.0,186.12,senador_la_rocque
04/2026,2,NORDESTE,NE,21,MARANHAO,MA,211178,SERRANO DO MARANHAO,5.0,2025,DOU,10475.0,5.0,0.0,0.0,0.0,0.0,0.0,0.0,0.0,0.0,0.0,0.0,0.0,17500.0,167.06,serrano_do_maranhao
04/2026,2,NORDESTE,NE,21,MARANHAO,MA,211180,SITIO NOVO,3.0,2025,DOU,17464.0,9.0,0.0,0.0,0.0,0.0,0.0,0.0,0.0,0.0,0.0,0.0,0.0,31500.0,180.37,sitio_novo
04/2026,2,NORDESTE,NE,21,MARANHAO,MA,211190,SUCUPIRA DO NORTE,5.0,2025,DOU,10471.0,5.0,0.0,0.0,0.0,0.0,0.0,0.0,0.0,0.0,0.0,0.0,0.0,17500.0,167.12,sucupira_do_norte
04/2026,2,NORDESTE,NE,21,MARANHAO,MA,211195,SUCUPIRA DO RIACHAO,3.0,2025,DOU,5081.0,2.0,0.0,0.0,0.0,0.0,0.0,0.0,0.0,0.0,0.0,0.0,0.0,7000.0,137.76,sucupira_do_riachao
04/2026,2,NORDESTE,NE,21,MARANHAO,MA,211200,TASSO FRAGOSO,5.0,2025,DOU,9130.0,4.0,0.0,0.0,0.0,0.0,0.0,0.0,0.0,0.0,0.0,0.0,0.0,14000.0,153.34,tasso_fragoso
04/2026,2,NORDESTE,NE,21,MARANHAO,MA,211210,TIMBIRAS,2.0,2025,DOU,27328.0,12.0,0.0,0.0,0.0,0.0,0.0,0.0,0.0,0.0,0.0,0.0,0.0,42000.0,153.68,timbiras
04/2026,2,NORDESTE,NE,21,MARANHAO,MA,211220,TIMON,1.0,2025,DOU,182711.0,57.0,0.0,0.0,0.0,0.0,1.0,265.0,4.0,1192.0,0.0,0.0,1457.0,200957.0,109.98,timon
04/2026,2,NORDESTE,NE,21,MARANHAO,MA,211223,TRIZIDELA DO VALE,1.0,2025,DOU,23097.0,11.0,0.0,0.0,0.0,0.0,0.0,0.0,0.0,0.0,0.0,0.0,0.0,38500.0,166.68,trizidela_do_vale
04/2026,2,NORDESTE,NE,21,MARANHAO,MA,211227,TUFILANDIA,3.0,2025,DOU,5633.0,3.0,0.0,0.0,0.0,0.0,0.0,0.0,0.0,0.0,0.0,0.0,0.0,10500.0,186.4,tufilandia
04/2026,2,NORDESTE,NE,21,MARANHAO,MA,211230,TUNTUM,3.0,2025,DOU,37364.0,18.0,6.0,0.0,0.0,0.0,0.0,0.0,0.0,0.0,0.0,0.0,0.0,78750.0,210.76,tuntum
04/2026,2,NORDESTE,NE,21,MARANHAO,MA,211240,TURIACU,3.0,2025,DOU,38993.0,9.0,0.0,0.0,0.0,0.0,0.0,0.0,0.0,0.0,0.0,0.0,0.0,31500.0,80.78,turiacu
04/2026,2,NORDESTE,NE,21,MARANHAO,MA,211245,TURILANDIA,1.0,2025,DOU,33219.0,13.0,0.0,0.0,0.0,0.0,0.0,0.0,0.0,0.0,0.0,0.0,0.0,45500.0,136.96,turilandia
04/2026,2,NORDESTE,NE,21,MARANHAO,MA,211250,TUTOIA,3.0,2025,DOU,55076.0,28.0,1.0,0.0,0.0,0.0,0.0,0.0,0.0,0.0,0.0,0.0,0.0,100625.0,182.7,tutoia
04/2026,2,NORDESTE,NE,21,MARANHAO,MA,211260,URBANO SANTOS,2.0,2025,DOU,34143.0,13.0,0.0,0.0,0.0,0.0,0.0,0.0,0.0,0.0,0.0,0.0,0.0,45500.0,133.26,urbano_santos
04/2026,2,NORDESTE,NE,21,MARANHAO,MA,211270,VARGEM GRANDE,2.0,2025,DOU,44444.0,17.0,0.0,0.0,0.0,0.0,0.0,0.0,1.0,19.0,0.0,0.0,19.0,59519.0,133.91,vargem_grande
04/2026,2,NORDESTE,NE,21,MARANHAO,MA,211280,VIANA,2.0,2025,DOU,53176.0,21.0,0.0,0.0,0.0,0.0,0.0,0.0,0.0,0.0,0.0,0.0,0.0,73500.0,138.22,viana
04/2026,2,NORDESTE,NE,21,MARANHAO,MA,211285,VILA NOVA DOS MARTIRIOS,3.0,2025,DOU,10561.0,4.0,1.0,0.0,0.0,0.0,0.0,0.0,0.0,0.0,0.0,0.0,0.0,16625.0,157.41,vila_nova_dos_martirios
04/2026,2,NORDESTE,NE,21,MARANHAO,MA,211290,VITORIA DO MEARIM,2.0,2025,DOU,31859.0,15.0,0.0,0.0,1.0,1386.0,0.0,0.0,0.0,0.0,0.0,0.0,1386.0,53886.0,169.13,vitoria_do_mearim
04/2026,2,NORDESTE,NE,21,MARANHAO,MA,211300,VITORINO FREIRE,3.0,2025,DOU,31920.0,16.0,0.0,0.0,0.0,0.0,0.0,0.0,0.0,0.0,0.0,0.0,0.0,56000.0,175.43,vitorino_freire
04/2026,2,NORDESTE,NE,21,MARANHAO,MA,211400,ZE DOCA,1.0,2025,DOU,41815.0,25.0,0.0,0.0,0.0,0.0,0.0,0.0,1.0,365.0,0.0,0.0,365.0,87865.0,210.12,ze_doca
04/2026,3,SUDESTE,SE,31,MINAS GERAIS,MG,310010,ABADIA DOS DOURADOS,3.0,2025,DOU,6345.0,2.0,0.0,0.0,0.0,0.0,0.0,0.0,0.0,0.0,0.0,0.0,0.0,7000.0,110.32,abadia_dos_dourados
04/2026,3,SUDESTE,SE,31,MINAS GERAIS,MG,310020,ABAETE,1.0,2025,DOU,23173.0,6.0,0.0,0.0,0.0,0.0,0.0,0.0,0.0,0.0,0.0,0.0,0.0,21000.0,90.62,abaete
04/2026,3,SUDESTE,SE,31,MINAS GERAIS,MG,310030,ABRE CAMPO,3.0,2025,DOU,14354.0,6.0,0.0,0.0,0.0,0.0,0.0,0.0,1.0,419.0,0.0,0.0,419.0,21419.0,149.21,abre_campo
04/2026,3,SUDESTE,SE,31,MINAS GERAIS,MG,310040,ACAIACA,3.0,2025,DOU,3998.0,2.0,0.0,0.0,0.0,0.0,0.0,0.0,0.0,0.0,0.0,0.0,0.0,7000.0,175.08,acaiaca
04/2026,3,SUDESTE,SE,31,MINAS GERAIS,MG,310050,ACUCENA,3.0,2025,DOU,8926.0,5.0,0.0,0.0,0.0,0.0,0.0,0.0,0.0,0.0,0.0,0.0,0.0,17500.0,196.05,acucena
04/2026,3,SUDESTE,SE,31,MINAS GERAIS,MG,310060,AGUA BOA,3.0,2025,DOU,12391.0,7.0,0.0,0.0,0.0,0.0,0.0,0.0,0.0,0.0,0.0,0.0,0.0,24500.0,197.72,agua_boa
04/2026,3,SUDESTE,SE,31,MINAS GERAIS,MG,310070,AGUA COMPRIDA,3.0,2025,DOU,2171.0,1.0,0.0,0.0,0.0,0.0,0.0,0.0,0.0,0.0,0.0,0.0,0.0,3500.0,161.21,agua_comprida
04/2026,3,SUDESTE,SE,31,MINAS GERAIS,MG,310080,AGUANIL,3.0,2025,DOU,4509.0,2.0,0.0,0.0,0.0,0.0,0.0,0.0,0.0,0.0,0.0,0.0,0.0,7000.0,155.24,aguanil
04/2026,3,SUDESTE,SE,31,MINAS GERAIS,MG,310090,AGUAS FORMOSAS,2.0,2025,DOU,18850.0,8.0,0.0,0.0,0.0,0.0,1.0,0.0,1.0,207.0,0.0,0.0,207.0,28207.0,149.63,aguas_formosas
04/2026,3,SUDESTE,SE,31,MINAS GERAIS,MG,310100,AGUAS VERMELHAS,3.0,2025,DOU,14567.0,7.0,0.0,0.0,0.0,0.0,0.0,0.0,0.0,0.0,0.0,0.0,0.0,24500.0,168.18,aguas_vermelhas
04/2026,3,SUDESTE,SE,31,MINAS GERAIS,MG,310110,AIMORES,2.0,2025,DOU,26212.0,9.0,0.0,0.0,0.0,0.0,0.0,0.0,1.0,250.0,0.0,0.0,250.0,31750.0,121.12,aimores
04/2026,3,SUDESTE,SE,31,MINAS GERAIS,MG,310120,AIURUOCA,3.0,2025,DOU,6389.0,3.0,0.0,0.0,0.0,0.0,0.0,0.0,0.0,0.0,0.0,0.0,0.0,10500.0,164.34,aiuruoca
04/2026,3,SUDESTE,SE,31,MINAS GERAIS,MG,310130,ALAGOA,3.0,2025,DOU,2820.0,1.0,0.0,0.0,0.0,0.0,0.0,0.0,0.0,0.0,0.0,0.0,0.0,3500.0,124.11,alagoa
04/2026,3,SUDESTE,SE,31,MINAS GERAIS,MG,310140,ALBERTINA,3.0,2025,DOU,3027.0,2.0,0.0,0.0,0.0,0.0,0.0,0.0,0.0,0.0,0.0,0.0,0.0,7000.0,231.25,albertina
04/2026,3,SUDESTE,SE,31,MINAS GERAIS,MG,310150,ALEM PARAIBA,1.0,2025,DOU,31159.0,12.0,0.0,0.0,0.0,0.0,0.0,0.0,0.0,0.0,0.0,0.0,0.0,42000.0,134.79,alem_paraiba
04/2026,3,SUDESTE,SE,31,MINAS GERAIS,MG,310160,ALFENAS,1.0,2025,DOU,82303.0,21.0,2.0,0.0,0.0,0.0,0.0,0.0,1.0,326.0,0.0,0.0,326.0,79076.0,96.07,alfenas
04/2026,3,SUDESTE,SE,31,MINAS GERAIS,MG,310163,ALFREDO VASCONCELOS,1.0,2025,DOU,7236.0,4.0,0.0,0.0,0.0,0.0,0.0,0.0,0.0,0.0,0.0,0.0,0.0,14000.0,193.47,alfredo_vasconcelos
04/2026,3,SUDESTE,SE,31,MINAS GERAIS,MG,310170,ALMENARA,1.0,2025,DOU,42019.0,15.0,0.0,0.0,0.0,0.0,0.0,0.0,1.0,192.0,0.0,0.0,192.0,52692.0,125.4,almenara
04/2026,3,SUDESTE,SE,31,MINAS GERAIS,MG,310180,ALPERCATA,3.0,2025,DOU,7019.0,3.0,0.0,0.0,0.0,0.0,0.0,0.0,0.0,0.0,0.0,0.0,0.0,10500.0,149.59,alpercata
04/2026,3,SUDESTE,SE,31,MINAS GERAIS,MG,310190,ALPINOPOLIS,1.0,2025,DOU,18673.0,6.0,0.0,0.0,0.0,0.0,0.0,0.0,0.0,0.0,0.0,0.0,0.0,21000.0,112.46,alpinopolis
04/2026,3,SUDESTE,SE,31,MINAS GERAIS,MG,310200,ALTEROSA,3.0,2025,DOU,14272.0,5.0,0.0,4.0,0.0,0.0,0.0,0.0,0.0,0.0,0.0,0.0,0.0,24500.0,171.66,alterosa
04/2026,3,SUDESTE,SE,31,MINAS GERAIS,MG,310205,ALTO CAPARAO,3.0,2025,DOU,6014.0,2.0,0.0,0.0,0.0,0.0,0.0,0.0,0.0,0.0,0.0,0.0,0.0,7000.0,116.39,alto_caparao
04/2026,3,SUDESTE,SE,31,MINAS GERAIS,MG,315350,ALTO JEQUITIBA,3.0,2025,DOU,8606.0,4.0,0.0,0.0,0.0,0.0,0.0,0.0,0.0,0.0,0.0,0.0,0.0,14000.0,162.67,alto_jequitiba
04/2026,3,SUDESTE,SE,31,MINAS GERAIS,MG,310210,ALTO RIO DOCE,3.0,2025,DOU,10931.0,5.0,0.0,0.0,0.0,0.0,0.0,0.0,0.0,0.0,0.0,0.0,0.0,17500.0,160.09,alto_rio_doce
04/2026,3,SUDESTE,SE,31,MINAS GERAIS,MG,310220,ALVARENGA,3.0,2025,DOU,3983.0,2.0,0.0,0.0,0.0,0.0,0.0,0.0,0.0,0.0,0.0,0.0,0.0,7000.0,175.74,alvarenga
04/2026,3,SUDESTE,SE,31,MINAS GERAIS,MG,310230,ALVINOPOLIS,3.0,2025,DOU,15358.0,7.0,0.0,0.0,0.0,0.0,0.0,0.0,0.0,0.0,0.0,0.0,0.0,24500.0,159.52,alvinopolis
04/2026,3,SUDESTE,SE,31,MINAS GERAIS,MG,310240,ALVORADA DE MINAS,3.0,2025,DOU,4359.0,2.0,0.0,0.0,0.0,0.0,0.0,0.0,0.0,0.0,0.0,0.0,0.0,7000.0,160.58,alvorada_de_minas
04/2026,3,SUDESTE,SE,31,MINAS GERAIS,MG,310250,AMPARO DO SERRA,3.0,2025,DOU,4574.0,2.0,0.0,0.0,0.0,0.0,0.0,0.0,0.0,0.0,0.0,0.0,0.0,7000.0,153.03,amparo_do_serra
04/2026,3,SUDESTE,SE,31,MINAS GERAIS,MG,310260,ANDRADAS,1.0,2025,DOU,42501.0,7.0,1.0,1.0,0.0,0.0,0.0,0.0,0.0,0.0,0.0,0.0,0.0,28875.0,67.93,andradas
04/2026,3,SUDESTE,SE,31,MINAS GERAIS,MG,310280,ANDRELANDIA,2.0,2025,DOU,12163.0,4.0,0.0,0.0,0.0,0.0,0.0,0.0,0.0,0.0,0.0,0.0,0.0,14000.0,115.1,andrelandia
04/2026,3,SUDESTE,SE,31,MINAS GERAIS,MG,310285,ANGELANDIA,3.0,2025,DOU,7849.0,4.0,0.0,0.0,0.0,0.0,0.0,0.0,0.0,0.0,0.0,0.0,0.0,14000.0,178.36,angelandia
04/2026,3,SUDESTE,SE,31,MINAS GERAIS,MG,310290,ANTONIO CARLOS,1.0,2025,DOU,11350.0,5.0,2.0,0.0,0.0,0.0,0.0,0.0,0.0,0.0,0.0,0.0,0.0,22750.0,200.44,antonio_carlos
04/2026,3,SUDESTE,SE,31,MINAS GERAIS,MG,310300,ANTONIO DIAS,3.0,2025,DOU,9375.0,5.0,0.0,0.0,0.0,0.0,0.0,0.0,0.0,0.0,0.0,0.0,0.0,17500.0,186.66,antonio_dias
04/2026,3,SUDESTE,SE,31,MINAS GERAIS,MG,310310,ANTONIO PRADO DE MINAS,3.0,2025,DOU,1552.0,1.0,0.0,0.0,0.0,0.0,0.0,0.0,0.0,0.0,0.0,0.0,0.0,3500.0,225.51,antonio_prado_de_minas
04/2026,3,SUDESTE,SE,31,MINAS GERAIS,MG,310320,ARACAI,3.0,2025,DOU,2222.0,1.0,0.0,0.0,0.0,0.0,0.0,0.0,0.0,0.0,0.0,0.0,0.0,3500.0,157.51,aracai
04/2026,3,SUDESTE,SE,31,MINAS GERAIS,MG,310330,ARACITABA,3.0,2025,DOU,2095.0,1.0,0.0,0.0,0.0,0.0,0.0,0.0,0.0,0.0,0.0,0.0,0.0,3500.0,167.06,aracitaba
04/2026,3,SUDESTE,SE,31,MINAS GERAIS,MG,310340,ARACUAI,2.0,2025,DOU,35185.0,14.0,2.0,0.0,0.0,0.0,0.0,0.0,1.0,347.0,0.0,0.0,347.0,54597.0,155.17,aracuai
04/2026,3,SUDESTE,SE,31,MINAS GERAIS,MG,310350,ARAGUARI,1.0,2025,DOU,123432.0,29.0,1.0,4.0,0.0,0.0,0.0,0.0,1.0,290.0,0.0,0.0,290.0,111415.0,90.26,araguari
04/2026,3,SUDESTE,SE,31,MINAS GERAIS,MG,310360,ARANTINA,3.0,2025,DOU,2998.0,1.0,0.0,0.0,0.0,0.0,0.0,0.0,0.0,0.0,0.0,0.0,0.0,3500.0,116.74,arantina
04/2026,3,SUDESTE,SE,31,MINAS GERAIS,MG,310370,ARAPONGA,3.0,2025,DOU,8218.0,4.0,0.0,0.0,0.0,0.0,0.0,0.0,0.0,0.0,0.0,0.0,0.0,14000.0,170.35,araponga
04/2026,3,SUDESTE,SE,31,MINAS GERAIS,MG,310375,ARAPORA,1.0,2025,DOU,9069.0,3.0,0.0,0.0,0.0,0.0,0.0,0.0,0.0,0.0,0.0,0.0,0.0,10500.0,115.77,arapora
04/2026,3,SUDESTE,SE,31,MINAS GERAIS,MG,310380,ARAPUA,3.0,2025,DOU,2668.0,1.0,0.0,0.0,0.0,0.0,0.0,0.0,0.0,0.0,0.0,0.0,0.0,3500.0,131.18,arapua
04/2026,3,SUDESTE,SE,31,MINAS GERAIS,MG,310390,ARAUJOS,2.0,2025,DOU,9634.0,3.0,1.0,0.0,0.0,0.0,0.0,0.0,0.0,0.0,0.0,0.0,0.0,13125.0,136.23,araujos
04/2026,3,SUDESTE,SE,31,MINAS GERAIS,MG,310400,ARAXA,1.0,2025,DOU,118786.0,24.0,1.0,0.0,0.0,0.0,0.0,0.0,0.0,0.0,0.0,0.0,0.0,86625.0,72.92,araxa
04/2026,3,SUDESTE,SE,31,MINAS GERAIS,MG,310410,ARCEBURGO,2.0,2025,DOU,9335.0,4.0,0.0,0.0,0.0,0.0,0.0,0.0,0.0,0.0,0.0,0.0,0.0,14000.0,149.97,arceburgo
04/2026,3,SUDESTE,SE,31,MINAS GERAIS,MG,310420,ARCOS,1.0,2025,DOU,43653.0,12.0,0.0,0.0,0.0,0.0,0.0,0.0,1.0,0.0,0.0,0.0,0.0,42000.0,96.21,arcos
04/2026,3,SUDESTE,SE,31,MINAS GERAIS,MG,310430,AREADO,1.0,2025,DOU,14229.0,4.0,0.0,2.0,0.0,0.0,0.0,0.0,0.0,0.0,0.0,0.0,0.0,17500.0,122.98,areado
04/2026,3,SUDESTE,SE,31,MINAS GERAIS,MG,310440,ARGIRITA,3.0,2025,DOU,2715.0,1.0,0.0,0.0,0.0,0.0,0.0,0.0,0.0,0.0,0.0,0.0,0.0,3500.0,128.91,argirita
04/2026,3,SUDESTE,SE,31,MINAS GERAIS,MG,310445,ARICANDUVA,3.0,2025,DOU,4820.0,3.0,0.0,0.0,0.0,0.0,0.0,0.0,0.0,0.0,0.0,0.0,0.0,10500.0,217.84,aricanduva
04/2026,3,SUDESTE,SE,31,MINAS GERAIS,MG,310450,ARINOS,3.0,2025,DOU,17586.0,9.0,0.0,0.0,0.0,0.0,0.0,0.0,0.0,0.0,0.0,0.0,0.0,31500.0,179.11,arinos
04/2026,3,SUDESTE,SE,31,MINAS GERAIS,MG,310460,ASTOLFO DUTRA,3.0,2025,DOU,14633.0,7.0,0.0,0.0,0.0,0.0,0.0,0.0,0.0,0.0,0.0,0.0,0.0,24500.0,167.42,astolfo_dutra
04/2026,3,SUDESTE,SE,31,MINAS GERAIS,MG,310470,ATALEIA,3.0,2025,DOU,13936.0,6.0,1.0,0.0,0.0,0.0,0.0,0.0,0.0,0.0,0.0,0.0,0.0,23625.0,169.52,ataleia
04/2026,3,SUDESTE,SE,31,MINAS GERAIS,MG,310480,AUGUSTO DE LIMA,3.0,2025,DOU,4572.0,2.0,0.0,0.0,0.0,0.0,0.0,0.0,0.0,0.0,0.0,0.0,0.0,7000.0,153.1,augusto_de_lima
04/2026,3,SUDESTE,SE,31,MINAS GERAIS,MG,310490,BAEPENDI,1.0,2025,DOU,18782.0,8.0,0.0,0.0,0.0,0.0,0.0,0.0,0.0,0.0,0.0,0.0,0.0,28000.0,149.07,baependi
04/2026,3,SUDESTE,SE,31,MINAS GERAIS,MG,310500,BALDIM,3.0,2025,DOU,7595.0,4.0,0.0,0.0,0.0,0.0,0.0,0.0,0.0,0.0,0.0,0.0,0.0,14000.0,184.33,baldim
04/2026,3,SUDESTE,SE,31,MINAS GERAIS,MG,310510,BAMBUI,1.0,2025,DOU,24203.0,7.0,0.0,0.0,0.0,0.0,0.0,0.0,0.0,0.0,0.0,0.0,0.0,24500.0,101.22,bambui
04/2026,3,SUDESTE,SE,31,MINAS GERAIS,MG,310520,BANDEIRA,3.0,2025,DOU,4811.0,2.0,0.0,0.0,0.0,0.0,0.0,0.0,0.0,0.0,0.0,0.0,0.0,7000.0,145.49,bandeira
04/2026,3,SUDESTE,SE,31,MINAS GERAIS,MG,310530,BANDEIRA DO SUL,2.0,2025,DOU,6183.0,2.0,0.0,0.0,0.0,0.0,0.0,0.0,0.0,0.0,0.0,0.0,0.0,7000.0,113.21,bandeira_do_sul
04/2026,3,SUDESTE,SE,31,MINAS GERAIS,MG,310540,BARAO DE COCAIS,1.0,2025,DOU,32264.0,10.0,0.0,0.0,0.0,0.0,0.0,0.0,0.0,0.0,0.0,0.0,0.0,35000.0,108.48,barao_de_cocais
04/2026,3,SUDESTE,SE,31,MINAS GERAIS,MG,310550,BARAO DE MONTE ALTO,3.0,2025,DOU,4952.0,3.0,0.0,0.0,0.0,0.0,0.0,0.0,0.0,0.0,0.0,0.0,0.0,10500.0,212.03,barao_de_monte_alto
04/2026,3,SUDESTE,SE,31,MINAS GERAIS,MG,310560,BARBACENA,1.0,2025,DOU,129695.0,26.0,0.0,0.0,0.0,0.0,1.0,199.0,2.0,0.0,0.0,0.0,199.0,91199.0,70.31,barbacena
04/2026,3,SUDESTE,SE,31,MINAS GERAIS,MG,310570,BARRA LONGA,3.0,2025,DOU,5717.0,3.0,0.0,0.0,0.0,0.0,0.0,0.0,0.0,0.0,0.0,0.0,0.0,10500.0,183.66,barra_longa
04/2026,3,SUDESTE,SE,31,MINAS GERAIS,MG,310590,BARROSO,1.0,2025,DOU,20604.0,8.0,0.0,0.0,0.0,0.0,0.0,0.0,0.0,0.0,0.0,0.0,0.0,28000.0,135.89,barroso
04/2026,3,SUDESTE,SE,31,MINAS GERAIS,MG,310600,BELA VISTA DE MINAS,1.0,2025,DOU,10427.0,5.0,0.0,0.0,0.0,0.0,0.0,0.0,0.0,0.0,0.0,0.0,0.0,17500.0,167.83,bela_vista_de_minas
04/2026,3,SUDESTE,SE,31,MINAS GERAIS,MG,310610,BELMIRO BRAGA,3.0,2025,DOU,3292.0,2.0,1.0,0.0,0.0,0.0,0.0,0.0,0.0,0.0,0.0,0.0,0.0,9625.0,292.37,belmiro_braga
04/2026,3,SUDESTE,SE,31,MINAS GERAIS,MG,310620,BELO HORIZONTE,1.0,2025,DOU,2415872.0,635.0,0.0,0.0,0.0,0.0,10.0,1457.0,3.0,246.0,1.0,562.0,2265.0,2224765.0,92.08,belo_horizonte
04/2026,3,SUDESTE,SE,31,MINAS GERAIS,MG,310630,BELO ORIENTE,1.0,2025,DOU,24546.0,12.0,0.0,0.0,0.0,0.0,0.0,0.0,0.0,0.0,0.0,0.0,0.0,42000.0,171.1,belo_oriente
04/2026,3,SUDESTE,SE,31,MINAS GERAIS,MG,310640,BELO VALE,3.0,2025,DOU,9012.0,4.0,0.0,0.0,0.0,0.0,0.0,0.0,0.0,0.0,0.0,0.0,0.0,14000.0,155.34,belo_vale
04/2026,3,SUDESTE,SE,31,MINAS GERAIS,MG,310650,BERILO,5.0,2025,DOU,9638.0,5.0,1.0,0.0,0.0,0.0,0.0,0.0,0.0,0.0,0.0,0.0,0.0,20125.0,208.8,berilo
04/2026,3,SUDESTE,SE,31,MINAS GERAIS,MG,310665,BERIZAL,3.0,2025,DOU,4270.0,2.0,0.0,0.0,0.0,0.0,0.0,0.0,0.0,0.0,0.0,0.0,0.0,7000.0,163.93,berizal
04/2026,3,SUDESTE,SE,31,MINAS GERAIS,MG,310660,BERTOPOLIS,3.0,2025,DOU,4546.0,2.0,0.0,0.0,0.0,0.0,0.0,0.0,0.0,0.0,0.0,0.0,0.0,7000.0,153.98,bertopolis
04/2026,3,SUDESTE,SE,31,MINAS GERAIS,MG,310670,BETIM,1.0,2025,DOU,431433.0,114.0,0.0,0.0,0.0,0.0,1.0,210.0,1.0,367.0,1.0,220.0,797.0,399797.0,92.66,betim
04/2026,3,SUDESTE,SE,31,MINAS GERAIS,MG,310680,BIAS FORTES,3.0,2025,DOU,3367.0,2.0,0.0,0.0,0.0,0.0,0.0,0.0,0.0,0.0,0.0,0.0,0.0,7000.0,207.9,bias_fortes
04/2026,3,SUDESTE,SE,31,MINAS GERAIS,MG,310690,BICAS,1.0,2025,DOU,14358.0,5.0,0.0,0.0,0.0,0.0,0.0,0.0,0.0,0.0,0.0,0.0,0.0,17500.0,121.88,bicas
04/2026,3,SUDESTE,SE,31,MINAS GERAIS,MG,310700,BIQUINHAS,3.0,2025,DOU,2397.0,1.0,0.0,0.0,0.0,0.0,0.0,0.0,0.0,0.0,0.0,0.0,0.0,3500.0,146.01,biquinhas
04/2026,3,SUDESTE,SE,31,MINAS GERAIS,MG,310710,BOA ESPERANCA,1.0,2025,DOU,41443.0,13.0,4.0,0.0,0.0,0.0,2.0,75.0,1.0,19.0,0.0,0.0,94.0,56094.0,135.35,boa_esperanca
04/2026,3,SUDESTE,SE,31,MINAS GERAIS,MG,310720,BOCAINA DE MINAS,3.0,2025,DOU,5530.0,2.0,0.0,0.0,0.0,0.0,0.0,0.0,0.0,0.0,0.0,0.0,0.0,7000.0,126.58,bocaina_de_minas
04/2026,3,SUDESTE,SE,31,MINAS GERAIS,MG,310730,BOCAIUVA,1.0,2025,DOU,49797.0,18.0,0.0,0.0,0.0,0.0,0.0,0.0,1.0,0.0,0.0,0.0,0.0,63000.0,126.51,bocaiuva
04/2026,3,SUDESTE,SE,31,MINAS GERAIS,MG,310740,BOM DESPACHO,1.0,2025,DOU,54377.0,17.0,0.0,0.0,0.0,0.0,0.0,0.0,0.0,0.0,0.0,0.0,0.0,59500.0,109.42,bom_despacho
04/2026,3,SUDESTE,SE,31,MINAS GERAIS,MG,310750,BOM JARDIM DE MINAS,2.0,2025,DOU,6988.0,3.0,0.0,0.0,0.0,0.0,0.0,0.0,0.0,0.0,0.0,0.0,0.0,10500.0,150.25,bom_jardim_de_minas
04/2026,3,SUDESTE,SE,31,MINAS GERAIS,MG,310760,BOM JESUS DA PENHA,3.0,2025,DOU,4677.0,2.0,0.0,0.0,0.0,0.0,0.0,0.0,0.0,0.0,0.0,0.0,0.0,7000.0,149.66,bom_jesus_da_penha
04/2026,3,SUDESTE,SE,31,MINAS GERAIS,MG,310770,BOM JESUS DO AMPARO,3.0,2025,DOU,5786.0,2.0,0.0,0.0,0.0,0.0,0.0,0.0,0.0,0.0,0.0,0.0,0.0,7000.0,120.98,bom_jesus_do_amparo
04/2026,3,SUDESTE,SE,31,MINAS GERAIS,MG,310780,BOM JESUS DO GALHO,3.0,2025,DOU,14719.0,7.0,0.0,0.0,0.0,0.0,0.0,0.0,0.0,0.0,0.0,0.0,0.0,24500.0,166.45,bom_jesus_do_galho
04/2026,3,SUDESTE,SE,31,MINAS GERAIS,MG,310790,BOM REPOUSO,3.0,2025,DOU,13312.0,5.0,0.0,0.0,0.0,0.0,0.0,0.0,0.0,0.0,0.0,0.0,0.0,17500.0,131.46,bom_repouso
04/2026,3,SUDESTE,SE,31,MINAS GERAIS,MG,310800,BOM SUCESSO,1.0,2025,DOU,17515.0,7.0,0.0,0.0,0.0,0.0,0.0,0.0,0.0,0.0,0.0,0.0,0.0,24500.0,139.88,bom_sucesso
04/2026,3,SUDESTE,SE,31,MINAS GERAIS,MG,310810,BONFIM,3.0,2025,DOU,7710.0,3.0,0.0,0.0,0.0,0.0,0.0,0.0,0.0,0.0,0.0,0.0,0.0,10500.0,136.18,bonfim
04/2026,3,SUDESTE,SE,31,MINAS GERAIS,MG,310820,BONFINOPOLIS DE MINAS,3.0,2025,DOU,5600.0,3.0,0.0,0.0,0.0,0.0,0.0,0.0,0.0,0.0,0.0,0.0,0.0,10500.0,187.5,bonfinopolis_de_minas
04/2026,3,SUDESTE,SE,31,MINAS GERAIS,MG,310825,BONITO DE MINAS,5.0,2025,DOU,10525.0,5.0,0.0,0.0,0.0,0.0,0.0,0.0,0.0,0.0,0.0,0.0,0.0,17500.0,166.27,bonito_de_minas
04/2026,3,SUDESTE,SE,31,MINAS GERAIS,MG,310830,BORDA DA MATA,2.0,2025,DOU,17837.0,7.0,0.0,0.0,0.0,0.0,0.0,0.0,0.0,0.0,0.0,0.0,0.0,24500.0,137.35,borda_da_mata
04/2026,3,SUDESTE,SE,31,MINAS GERAIS,MG,310840,BOTELHOS,3.0,2025,DOU,15141.0,6.0,0.0,0.0,0.0,0.0,0.0,0.0,0.0,0.0,0.0,0.0,0.0,21000.0,138.69,botelhos
04/2026,3,SUDESTE,SE,31,MINAS GERAIS,MG,310850,BOTUMIRIM,3.0,2025,DOU,5806.0,3.0,0.0,0.0,0.0,0.0,0.0,0.0,0.0,0.0,0.0,0.0,0.0,10500.0,180.84,botumirim
04/2026,3,SUDESTE,SE,31,MINAS GERAIS,MG,310870,BRAS PIRES,3.0,2025,DOU,4296.0,2.0,0.0,0.0,0.0,0.0,0.0,0.0,0.0,0.0,0.0,0.0,0.0,7000.0,162.94,bras_pires
04/2026,3,SUDESTE,SE,31,MINAS GERAIS,MG,310855,BRASILANDIA DE MINAS,1.0,2025,DOU,15485.0,7.0,0.0,0.0,0.0,0.0,0.0,0.0,0.0,0.0,0.0,0.0,0.0,24500.0,158.21,brasilandia_de_minas
04/2026,3,SUDESTE,SE,31,MINAS GERAIS,MG,310860,BRASILIA DE MINAS,2.0,2025,DOU,33262.0,16.0,0.0,0.0,0.0,0.0,0.0,0.0,0.0,0.0,0.0,0.0,0.0,56000.0,168.36,brasilia_de_minas
04/2026,3,SUDESTE,SE,31,MINAS GERAIS,MG,310880,BRAUNAS,3.0,2025,DOU,4445.0,2.0,0.0,0.0,0.0,0.0,0.0,0.0,0.0,0.0,0.0,0.0,0.0,7000.0,157.48,braunas
04/2026,3,SUDESTE,SE,31,MINAS GERAIS,MG,310890,BRAZOPOLIS,3.0,2025,DOU,14491.0,6.0,0.0,0.0,0.0,0.0,0.0,0.0,0.0,0.0,0.0,0.0,0.0,21000.0,144.91,brazopolis
04/2026,3,SUDESTE,SE,31,MINAS GERAIS,MG,310900,BRUMADINHO,1.0,2025,DOU,41090.0,16.0,6.0,0.0,0.0,0.0,0.0,0.0,0.0,0.0,0.0,0.0,0.0,71750.0,174.61,brumadinho
04/2026,3,SUDESTE,SE,31,MINAS GERAIS,MG,310910,BUENO BRANDAO,3.0,2025,DOU,11168.0,4.0,0.0,0.0,0.0,0.0,0.0,0.0,0.0,0.0,0.0,0.0,0.0,14000.0,125.35,bueno_brandao
04/2026,3,SUDESTE,SE,31,MINAS GERAIS,MG,310920,BUENOPOLIS,3.0,2025,DOU,9171.0,4.0,0.0,0.0,0.0,0.0,0.0,0.0,0.0,0.0,0.0,0.0,0.0,14000.0,152.65,buenopolis
04/2026,3,SUDESTE,SE,31,MINAS GERAIS,MG,310925,BUGRE,1.0,2025,DOU,4159.0,2.0,0.0,0.0,0.0,0.0,0.0,0.0,0.0,0.0,0.0,0.0,0.0,7000.0,168.3,bugre
04/2026,3,SUDESTE,SE,31,MINAS GERAIS,MG,310930,BURITIS,2.0,2025,DOU,24779.0,10.0,0.0,0.0,0.0,0.0,0.0,0.0,0.0,0.0,0.0,0.0,0.0,35000.0,141.24,buritis
04/2026,3,SUDESTE,SE,31,MINAS GERAIS,MG,310940,BURITIZEIRO,1.0,2025,DOU,23908.0,10.0,1.0,0.0,0.0,0.0,0.0,0.0,0.0,0.0,0.0,0.0,0.0,37625.0,157.37,buritizeiro
04/2026,3,SUDESTE,SE,31,MINAS GERAIS,MG,310945,CABECEIRA GRANDE,3.0,2025,DOU,6811.0,3.0,0.0,0.0,0.0,0.0,0.0,0.0,0.0,0.0,0.0,0.0,0.0,10500.0,154.16,cabeceira_grande
04/2026,3,SUDESTE,SE,31,MINAS GERAIS,MG,310950,CABO VERDE,3.0,2025,DOU,11269.0,3.0,0.0,2.0,0.0,0.0,0.0,0.0,0.0,0.0,0.0,0.0,0.0,14000.0,124.23,cabo_verde
04/2026,3,SUDESTE,SE,31,MINAS GERAIS,MG,310960,CACHOEIRA DA PRATA,3.0,2025,DOU,3785.0,1.0,0.0,0.0,0.0,0.0,0.0,0.0,0.0,0.0,0.0,0.0,0.0,3500.0,92.47,cachoeira_da_prata
04/2026,3,SUDESTE,SE,31,MINAS GERAIS,MG,310970,CACHOEIRA DE MINAS,3.0,2025,DOU,12302.0,6.0,0.0,0.0,0.0,0.0,0.0,0.0,0.0,0.0,0.0,0.0,0.0,21000.0,170.7,cachoeira_de_minas
04/2026,3,SUDESTE,SE,31,MINAS GERAIS,MG,310270,CACHOEIRA DE PAJEU,3.0,2025,DOU,9347.0,5.0,1.0,0.0,0.0,0.0,0.0,0.0,0.0,0.0,0.0,0.0,0.0,20125.0,215.3,cachoeira_de_pajeu
04/2026,3,SUDESTE,SE,31,MINAS GERAIS,MG,310980,CACHOEIRA DOURADA,3.0,2025,DOU,2337.0,1.0,0.0,0.0,0.0,0.0,0.0,0.0,0.0,0.0,0.0,0.0,0.0,3500.0,149.76,cachoeira_dourada
04/2026,3,SUDESTE,SE,31,MINAS GERAIS,MG,310990,CAETANOPOLIS,1.0,2025,DOU,11906.0,3.0,0.0,1.0,0.0,0.0,0.0,0.0,0.0,0.0,0.0,0.0,0.0,12250.0,102.88,caetanopolis
04/2026,3,SUDESTE,SE,31,MINAS GERAIS,MG,311000,CAETE,1.0,2025,DOU,39775.0,10.0,1.0,0.0,0.0,0.0,0.0,0.0,1.0,79.0,0.0,0.0,79.0,37704.0,94.79,caete
04/2026,3,SUDESTE,SE,31,MINAS GERAIS,MG,311010,CAIANA,3.0,2025,DOU,5484.0,3.0,0.0,0.0,0.0,0.0,0.0,0.0,0.0,0.0,0.0,0.0,0.0,10500.0,191.46,caiana
04/2026,3,SUDESTE,SE,31,MINAS GERAIS,MG,311020,CAJURI,3.0,2025,DOU,4191.0,2.0,0.0,0.0,0.0,0.0,0.0,0.0,0.0,0.0,0.0,0.0,0.0,7000.0,167.02,cajuri
04/2026,3,SUDESTE,SE,31,MINAS GERAIS,MG,311030,CALDAS,3.0,2025,DOU,14628.0,6.0,0.0,2.0,0.0,0.0,0.0,0.0,0.0,0.0,0.0,0.0,0.0,24500.0,167.48,caldas
04/2026,3,SUDESTE,SE,31,MINAS GERAIS,MG,311040,CAMACHO,3.0,2025,DOU,2851.0,2.0,0.0,0.0,0.0,0.0,0.0,0.0,0.0,0.0,0.0,0.0,0.0,7000.0,245.52,camacho
04/2026,3,SUDESTE,SE,31,MINAS GERAIS,MG,311050,CAMANDUCAIA,2.0,2025,DOU,27860.0,7.0,0.0,0.0,0.0,0.0,0.0,0.0,0.0,0.0,0.0,0.0,0.0,24500.0,87.93,camanducaia
04/2026,3,SUDESTE,SE,31,MINAS GERAIS,MG,311060,CAMBUI,2.0,2025,DOU,31066.0,11.0,0.0,2.0,0.0,0.0,0.0,0.0,0.0,0.0,0.0,0.0,0.0,42000.0,135.19,cambui
04/2026,3,SUDESTE,SE,31,MINAS GERAIS,MG,311070,CAMBUQUIRA,3.0,2025,DOU,12551.0,5.0,1.0,0.0,0.0,0.0,0.0,0.0,0.0,0.0,0.0,0.0,0.0,20125.0,160.34,cambuquira
04/2026,3,SUDESTE,SE,31,MINAS GERAIS,MG,311080,CAMPANARIO,3.0,2025,DOU,2884.0,2.0,0.0,0.0,0.0,0.0,0.0,0.0,0.0,0.0,0.0,0.0,0.0,7000.0,242.71,campanario
04/2026,3,SUDESTE,SE,31,MINAS GERAIS,MG,311090,CAMPANHA,2.0,2025,DOU,16372.0,6.0,1.0,0.0,0.0,0.0,0.0,0.0,0.0,0.0,0.0,0.0,0.0,23625.0,144.3,campanha
04/2026,3,SUDESTE,SE,31,MINAS GERAIS,MG,311100,CAMPESTRE,2.0,2025,DOU,21155.0,8.0,2.0,0.0,0.0,0.0,0.0,0.0,0.0,0.0,0.0,0.0,0.0,33250.0,157.17,campestre
04/2026,3,SUDESTE,SE,31,MINAS GERAIS,MG,311110,CAMPINA VERDE,2.0,2025,DOU,18188.0,6.0,0.0,0.0,0.0,0.0,0.0,0.0,0.0,0.0,0.0,0.0,0.0,21000.0,115.46,campina_verde
04/2026,3,SUDESTE,SE,31,MINAS GERAIS,MG,311115,CAMPO AZUL,3.0,2025,DOU,3806.0,2.0,0.0,0.0,0.0,0.0,0.0,0.0,0.0,0.0,0.0,0.0,0.0,7000.0,183.92,campo_azul
04/2026,3,SUDESTE,SE,31,MINAS GERAIS,MG,311120,CAMPO BELO,1.0,2025,DOU,54027.0,16.0,0.0,0.0,0.0,0.0,0.0,0.0,0.0,0.0,1.0,228.0,228.0,56228.0,104.07,campo_belo
04/2026,3,SUDESTE,SE,31,MINAS GERAIS,MG,311130,CAMPO DO MEIO,2.0,2025,DOU,11625.0,5.0,0.0,0.0,0.0,0.0,0.0,0.0,0.0,0.0,0.0,0.0,0.0,17500.0,150.53,campo_do_meio
04/2026,3,SUDESTE,SE,31,MINAS GERAIS,MG,311140,CAMPO FLORIDO,3.0,2025,DOU,8931.0,3.0,0.0,0.0,0.0,0.0,0.0,0.0,0.0,0.0,0.0,0.0,0.0,10500.0,117.56,campo_florido
04/2026,3,SUDESTE,SE,31,MINAS GERAIS,MG,311150,CAMPOS ALTOS,1.0,2025,DOU,13076.0,4.0,0.0,0.0,0.0,0.0,0.0,0.0,0.0,0.0,0.0,0.0,0.0,14000.0,107.06,campos_altos
04/2026,3,SUDESTE,SE,31,MINAS GERAIS,MG,311160,CAMPOS GERAIS,2.0,2025,DOU,26749.0,9.0,3.0,0.0,0.0,0.0,0.0,0.0,0.0,0.0,0.0,0.0,0.0,39375.0,147.2,campos_gerais
04/2026,3,SUDESTE,SE,31,MINAS GERAIS,MG,311190,CANA VERDE,3.0,2025,DOU,5342.0,3.0,0.0,0.0,0.0,0.0,0.0,0.0,0.0,0.0,0.0,0.0,0.0,10500.0,196.55,cana_verde
04/2026,3,SUDESTE,SE,31,MINAS GERAIS,MG,311170,CANAA,3.0,2025,DOU,4839.0,2.0,0.0,0.0,0.0,0.0,0.0,0.0,0.0,0.0,0.0,0.0,0.0,7000.0,144.65,canaa
04/2026,3,SUDESTE,SE,31,MINAS GERAIS,MG,311180,CANAPOLIS,1.0,2025,DOU,10716.0,4.0,0.0,0.0,0.0,0.0,0.0,0.0,0.0,0.0,0.0,0.0,0.0,14000.0,130.64,canapolis
04/2026,3,SUDESTE,SE,31,MINAS GERAIS,MG,311200,CANDEIAS,3.0,2025,DOU,14211.0,6.0,0.0,0.0,0.0,0.0,0.0,0.0,0.0,0.0,0.0,0.0,0.0,21000.0,147.77,candeias
04/2026,3,SUDESTE,SE,31,MINAS GERAIS,MG,311205,CANTAGALO,3.0,2025,DOU,4029.0,2.0,0.0,0.0,0.0,0.0,0.0,0.0,0.0,0.0,0.0,0.0,0.0,7000.0,173.74,cantagalo
04/2026,3,SUDESTE,SE,31,MINAS GERAIS,MG,311210,CAPARAO,3.0,2025,DOU,5138.0,2.0,0.0,0.0,0.0,0.0,0.0,0.0,0.0,0.0,0.0,0.0,0.0,7000.0,136.23,caparao
04/2026,3,SUDESTE,SE,31,MINAS GERAIS,MG,311220,CAPELA NOVA,3.0,2025,DOU,4397.0,2.0,0.0,0.0,0.0,0.0,0.0,0.0,0.0,0.0,0.0,0.0,0.0,7000.0,159.19,capela_nova
04/2026,3,SUDESTE,SE,31,MINAS GERAIS,MG,311230,CAPELINHA,2.0,2025,DOU,41858.0,19.0,1.0,0.0,0.0,0.0,0.0,0.0,1.0,52.0,0.0,0.0,52.0,69177.0,165.26,capelinha
04/2026,3,SUDESTE,SE,31,MINAS GERAIS,MG,311240,CAPETINGA,3.0,2025,DOU,6627.0,3.0,0.0,0.0,0.0,0.0,0.0,0.0,0.0,0.0,0.0,0.0,0.0,10500.0,158.44,capetinga
04/2026,3,SUDESTE,SE,31,MINAS GERAIS,MG,311250,CAPIM BRANCO,1.0,2025,DOU,11210.0,4.0,0.0,0.0,0.0,0.0,0.0,0.0,0.0,0.0,0.0,0.0,0.0,14000.0,124.88,capim_branco
04/2026,3,SUDESTE,SE,31,MINAS GERAIS,MG,311260,CAPINOPOLIS,1.0,2025,DOU,14872.0,5.0,0.0,0.0,0.0,0.0,0.0,0.0,0.0,0.0,0.0,0.0,0.0,17500.0,117.67,capinopolis
04/2026,3,SUDESTE,SE,31,MINAS GERAIS,MG,311265,CAPITAO ANDRADE,3.0,2025,DOU,4634.0,3.0,0.0,0.0,0.0,0.0,0.0,0.0,0.0,0.0,0.0,0.0,0.0,10500.0,226.58,capitao_andrade
04/2026,3,SUDESTE,SE,31,MINAS GERAIS,MG,311270,CAPITAO ENEAS,3.0,2025,DOU,14403.0,7.0,0.0,0.0,0.0,0.0,0.0,0.0,0.0,0.0,0.0,0.0,0.0,24500.0,170.1,capitao_eneas
04/2026,3,SUDESTE,SE,31,MINAS GERAIS,MG,311280,CAPITOLIO,3.0,2025,DOU,10991.0,3.0,0.0,0.0,0.0,0.0,0.0,0.0,0.0,0.0,0.0,0.0,0.0,10500.0,95.53,capitolio
04/2026,3,SUDESTE,SE,31,MINAS GERAIS,MG,311290,CAPUTIRA,3.0,2025,DOU,9128.0,5.0,0.0,0.0,0.0,0.0,0.0,0.0,0.0,0.0,0.0,0.0,0.0,17500.0,191.71,caputira
04/2026,3,SUDESTE,SE,31,MINAS GERAIS,MG,311300,CARAI,3.0,2025,DOU,19511.0,8.0,0.0,0.0,0.0,0.0,0.0,0.0,0.0,0.0,0.0,0.0,0.0,28000.0,143.5,carai
04/2026,3,SUDESTE,SE,31,MINAS GERAIS,MG,311310,CARANAIBA,3.0,2025,DOU,2942.0,2.0,0.0,0.0,0.0,0.0,0.0,0.0,0.0,0.0,0.0,0.0,0.0,7000.0,237.93,caranaiba
04/2026,3,SUDESTE,SE,31,MINAS GERAIS,MG,311320,CARANDAI,2.0,2025,DOU,24403.0,11.0,0.0,0.0,0.0,0.0,0.0,0.0,0.0,0.0,0.0,0.0,0.0,38500.0,157.76,carandai
04/2026,3,SUDESTE,SE,31,MINAS GERAIS,MG,311330,CARANGOLA,2.0,2025,DOU,32134.0,10.0,0.0,0.0,0.0,0.0,0.0,0.0,1.0,263.0,0.0,0.0,263.0,35263.0,109.73,carangola
04/2026,3,SUDESTE,SE,31,MINAS GERAIS,MG,311340,CARATINGA,1.0,2025,DOU,90890.0,25.0,0.0,0.0,0.0,0.0,0.0,0.0,1.0,490.0,0.0,0.0,490.0,87990.0,96.8,caratinga
04/2026,3,SUDESTE,SE,31,MINAS GERAIS,MG,311350,CARBONITA,3.0,2025,DOU,8603.0,4.0,0.0,0.0,0.0,0.0,0.0,0.0,0.0,0.0,0.0,0.0,0.0,14000.0,162.73,carbonita
04/2026,3,SUDESTE,SE,31,MINAS GERAIS,MG,311360,CAREACU,3.0,2025,DOU,7062.0,3.0,0.0,0.0,0.0,0.0,0.0,0.0,0.0,0.0,0.0,0.0,0.0,10500.0,148.68,careacu
04/2026,3,SUDESTE,SE,31,MINAS GERAIS,MG,311370,CARLOS CHAGAS,2.0,2025,DOU,18783.0,7.0,0.0,0.0,0.0,0.0,0.0,0.0,0.0,0.0,0.0,0.0,0.0,24500.0,130.43,carlos_chagas
04/2026,3,SUDESTE,SE,31,MINAS GERAIS,MG,311380,CARMESIA,3.0,2025,DOU,2693.0,1.0,0.0,0.0,0.0,0.0,0.0,0.0,0.0,0.0,0.0,0.0,0.0,3500.0,129.96,carmesia
04/2026,3,SUDESTE,SE,31,MINAS GERAIS,MG,311390,CARMO DA CACHOEIRA,3.0,2025,DOU,11767.0,4.0,0.0,0.0,0.0,0.0,0.0,0.0,0.0,0.0,0.0,0.0,0.0,14000.0,118.97,carmo_da_cachoeira
04/2026,3,SUDESTE,SE,31,MINAS GERAIS,MG,311400,CARMO DA MATA,3.0,2025,DOU,11291.0,5.0,0.0,0.0,0.0,0.0,0.0,0.0,0.0,0.0,0.0,0.0,0.0,17500.0,154.99,carmo_da_mata
04/2026,3,SUDESTE,SE,31,MINAS GERAIS,MG,311410,CARMO DE MINAS,3.0,2025,DOU,14125.0,5.0,0.0,0.0,0.0,0.0,0.0,0.0,0.0,0.0,0.0,0.0,0.0,17500.0,123.89,carmo_de_minas
04/2026,3,SUDESTE,SE,31,MINAS GERAIS,MG,311420,CARMO DO CAJURU,2.0,2025,DOU,24581.0,10.0,0.0,0.0,0.0,0.0,0.0,0.0,0.0,0.0,0.0,0.0,0.0,35000.0,142.38,carmo_do_cajuru
04/2026,3,SUDESTE,SE,31,MINAS GERAIS,MG,311430,CARMO DO PARANAIBA,1.0,2025,DOU,29885.0,12.0,0.0,0.0,0.0,0.0,0.0,0.0,1.0,0.0,0.0,0.0,0.0,42000.0,140.53,carmo_do_paranaiba
04/2026,3,SUDESTE,SE,31,MINAS GERAIS,MG,311440,CARMO DO RIO CLARO,2.0,2025,DOU,21506.0,10.0,1.0,0.0,0.0,0.0,0.0,0.0,0.0,0.0,0.0,0.0,0.0,37625.0,174.95,carmo_do_rio_claro
04/2026,3,SUDESTE,SE,31,MINAS GERAIS,MG,311450,CARMOPOLIS DE MINAS,2.0,2025,DOU,18561.0,7.0,0.0,0.0,0.0,0.0,0.0,0.0,0.0,0.0,0.0,0.0,0.0,24500.0,131.99,carmopolis_de_minas
04/2026,3,SUDESTE,SE,31,MINAS GERAIS,MG,311455,CARNEIRINHO,5.0,2025,DOU,9633.0,4.0,0.0,0.0,0.0,0.0,0.0,0.0,0.0,0.0,0.0,0.0,0.0,14000.0,145.33,carneirinho
04/2026,3,SUDESTE,SE,31,MINAS GERAIS,MG,311460,CARRANCAS,3.0,2025,DOU,4161.0,2.0,0.0,0.0,0.0,0.0,0.0,0.0,0.0,0.0,0.0,0.0,0.0,7000.0,168.22,carrancas
04/2026,3,SUDESTE,SE,31,MINAS GERAIS,MG,311470,CARVALHOPOLIS,3.0,2025,DOU,3419.0,1.0,0.0,0.0,0.0,0.0,0.0,0.0,0.0,0.0,0.0,0.0,0.0,3500.0,102.36,carvalhopolis
04/2026,3,SUDESTE,SE,31,MINAS GERAIS,MG,311480,CARVALHOS,3.0,2025,DOU,4503.0,2.0,0.0,0.0,0.0,0.0,0.0,0.0,0.0,0.0,0.0,0.0,0.0,7000.0,155.45,carvalhos
04/2026,3,SUDESTE,SE,31,MINAS GERAIS,MG,311490,CASA GRANDE,3.0,2025,DOU,2260.0,1.0,0.0,0.0,0.0,0.0,0.0,0.0,0.0,0.0,0.0,0.0,0.0,3500.0,154.86,casa_grande
04/2026,3,SUDESTE,SE,31,MINAS GERAIS,MG,311500,CASCALHO RICO,3.0,2025,DOU,2751.0,1.0,0.0,0.0,0.0,0.0,0.0,0.0,0.0,0.0,0.0,0.0,0.0,3500.0,127.22,cascalho_rico
04/2026,3,SUDESTE,SE,31,MINAS GERAIS,MG,311510,CASSIA,1.0,2025,DOU,17491.0,5.0,1.0,0.0,0.0,0.0,0.0,0.0,0.0,0.0,0.0,0.0,0.0,20125.0,115.05,cassia
04/2026,3,SUDESTE,SE,31,MINAS GERAIS,MG,311530,CATAGUASES,1.0,2025,DOU,67732.0,19.0,0.0,0.0,0.0,0.0,0.0,0.0,1.0,0.0,0.0,0.0,0.0,66500.0,98.18,cataguases
04/2026,3,SUDESTE,SE,31,MINAS GERAIS,MG,311535,CATAS ALTAS,3.0,2025,DOU,5706.0,2.0,0.0,0.0,0.0,0.0,0.0,0.0,0.0,0.0,0.0,0.0,0.0,7000.0,122.67,catas_altas
04/2026,3,SUDESTE,SE,31,MINAS GERAIS,MG,311540,CATAS ALTAS DA NORUEGA,3.0,2025,DOU,3124.0,2.0,0.0,0.0,0.0,0.0,0.0,0.0,0.0,0.0,0.0,0.0,0.0,7000.0,224.07,catas_altas_da_noruega
04/2026,3,SUDESTE,SE,31,MINAS GERAIS,MG,311545,CATUJI,3.0,2025,DOU,7248.0,3.0,0.0,0.0,0.0,0.0,0.0,0.0,0.0,0.0,0.0,0.0,0.0,10500.0,144.86,catuji
04/2026,3,SUDESTE,SE,31,MINAS GERAIS,MG,311547,CATUTI,3.0,2025,DOU,4788.0,3.0,0.0,0.0,0.0,0.0,0.0,0.0,0.0,0.0,0.0,0.0,0.0,10500.0,219.29,catuti
04/2026,3,SUDESTE,SE,31,MINAS GERAIS,MG,311550,CAXAMBU,1.0,2025,DOU,21412.0,6.0,0.0,0.0,0.0,0.0,0.0,0.0,0.0,0.0,0.0,0.0,0.0,21000.0,98.07,caxambu
04/2026,3,SUDESTE,SE,31,MINAS GERAIS,MG,311560,CEDRO DO ABAETE,3.0,2025,DOU,1084.0,1.0,0.0,0.0,0.0,0.0,0.0,0.0,0.0,0.0,0.0,0.0,0.0,3500.0,322.87,cedro_do_abaete
04/2026,3,SUDESTE,SE,31,MINAS GERAIS,MG,311570,CENTRAL DE MINAS,3.0,2025,DOU,6213.0,3.0,0.0,0.0,0.0,0.0,0.0,0.0,0.0,0.0,0.0,0.0,0.0,10500.0,169.0,central_de_minas
04/2026,3,SUDESTE,SE,31,MINAS GERAIS,MG,311580,CENTRALINA,2.0,2025,DOU,10447.0,4.0,0.0,0.0,0.0,0.0,0.0,0.0,0.0,0.0,0.0,0.0,0.0,14000.0,134.0,centralina
04/2026,3,SUDESTE,SE,31,MINAS GERAIS,MG,311590,CHACARA,1.0,2025,DOU,3194.0,2.0,0.0,0.0,0.0,0.0,0.0,0.0,0.0,0.0,0.0,0.0,0.0,7000.0,219.16,chacara
04/2026,3,SUDESTE,SE,31,MINAS GERAIS,MG,311600,CHALE,3.0,2025,DOU,6289.0,3.0,0.0,0.0,0.0,0.0,0.0,0.0,0.0,0.0,0.0,0.0,0.0,10500.0,166.95,chale
04/2026,3,SUDESTE,SE,31,MINAS GERAIS,MG,311610,CHAPADA DO NORTE,3.0,2025,DOU,9763.0,8.0,0.0,0.0,0.0,0.0,0.0,0.0,0.0,0.0,0.0,0.0,0.0,28000.0,286.79,chapada_do_norte
04/2026,3,SUDESTE,SE,31,MINAS GERAIS,MG,311615,CHAPADA GAUCHA,3.0,2025,DOU,12904.0,5.0,1.0,0.0,0.0,0.0,0.0,0.0,0.0,0.0,0.0,0.0,0.0,20125.0,155.95,chapada_gaucha
04/2026,3,SUDESTE,SE,31,MINAS GERAIS,MG,311620,CHIADOR,1.0,2025,DOU,2868.0,1.0,0.0,0.0,0.0,0.0,0.0,0.0,0.0,0.0,0.0,0.0,0.0,3500.0,122.03,chiador
04/2026,3,SUDESTE,SE,31,MINAS GERAIS,MG,311630,CIPOTANEA,3.0,2025,DOU,5549.0,3.0,0.0,0.0,0.0,0.0,0.0,0.0,0.0,0.0,0.0,0.0,0.0,10500.0,189.22,cipotanea
04/2026,3,SUDESTE,SE,31,MINAS GERAIS,MG,311640,CLARAVAL,1.0,2025,DOU,4786.0,2.0,0.0,0.0,0.0,0.0,0.0,0.0,0.0,0.0,0.0,0.0,0.0,7000.0,146.25,claraval
04/2026,3,SUDESTE,SE,31,MINAS GERAIS,MG,311650,CLARO DOS POCOES,3.0,2025,DOU,7230.0,4.0,0.0,0.0,0.0,0.0,0.0,0.0,0.0,0.0,0.0,0.0,0.0,14000.0,193.63,claro_dos_pocoes
04/2026,3,SUDESTE,SE,31,MINAS GERAIS,MG,311660,CLAUDIO,1.0,2025,DOU,31936.0,9.0,0.0,0.0,0.0,0.0,0.0,0.0,0.0,0.0,0.0,0.0,0.0,31500.0,98.63,claudio
04/2026,3,SUDESTE,SE,31,MINAS GERAIS,MG,311670,COIMBRA,3.0,2025,DOU,7293.0,3.0,0.0,0.0,0.0,0.0,0.0,0.0,0.0,0.0,0.0,0.0,0.0,10500.0,143.97,coimbra
04/2026,3,SUDESTE,SE,31,MINAS GERAIS,MG,311680,COLUNA,3.0,2025,DOU,8206.0,4.0,0.0,0.0,0.0,0.0,0.0,0.0,0.0,0.0,0.0,0.0,0.0,14000.0,170.6,coluna
04/2026,3,SUDESTE,SE,31,MINAS GERAIS,MG,311690,COMENDADOR GOMES,3.0,2025,DOU,2804.0,1.0,0.0,0.0,0.0,0.0,0.0,0.0,0.0,0.0,0.0,0.0,0.0,3500.0,124.82,comendador_gomes
04/2026,3,SUDESTE,SE,31,MINAS GERAIS,MG,311700,COMERCINHO,5.0,2025,DOU,6540.0,4.0,0.0,0.0,0.0,0.0,0.0,0.0,0.0,0.0,0.0,0.0,0.0,14000.0,214.06,comercinho
04/2026,3,SUDESTE,SE,31,MINAS GERAIS,MG,311710,CONCEICAO DA APARECIDA,3.0,2025,DOU,10705.0,4.0,0.0,0.0,0.0,0.0,0.0,0.0,0.0,0.0,0.0,0.0,0.0,14000.0,130.78,conceicao_da_aparecida
04/2026,3,SUDESTE,SE,31,MINAS GERAIS,MG,311520,CONCEICAO DA BARRA DE MINAS,3.0,2025,DOU,3576.0,2.0,0.0,0.0,0.0,0.0,0.0,0.0,0.0,0.0,0.0,0.0,0.0,7000.0,195.74,conceicao_da_barra_de_minas
04/2026,3,SUDESTE,SE,31,MINAS GERAIS,MG,311730,CONCEICAO DAS ALAGOAS,1.0,2025,DOU,30278.0,10.0,0.0,0.0,0.0,0.0,0.0,0.0,0.0,0.0,0.0,0.0,0.0,35000.0,115.59,conceicao_das_alagoas
04/2026,3,SUDESTE,SE,31,MINAS GERAIS,MG,311720,CONCEICAO DAS PEDRAS,3.0,2025,DOU,2840.0,1.0,0.0,0.0,0.0,0.0,0.0,0.0,0.0,0.0,0.0,0.0,0.0,3500.0,123.23,conceicao_das_pedras
04/2026,3,SUDESTE,SE,31,MINAS GERAIS,MG,311740,CONCEICAO DE IPANEMA,3.0,2025,DOU,4503.0,2.0,0.0,0.0,0.0,0.0,0.0,0.0,0.0,0.0,0.0,0.0,0.0,7000.0,155.45,conceicao_de_ipanema
04/2026,3,SUDESTE,SE,31,MINAS GERAIS,MG,311750,CONCEICAO DO MATO DENTRO,3.0,2025,DOU,24559.0,12.0,0.0,0.0,0.0,0.0,0.0,0.0,0.0,0.0,0.0,0.0,0.0,42000.0,171.01,conceicao_do_mato_dentro
04/2026,3,SUDESTE,SE,31,MINAS GERAIS,MG,311760,CONCEICAO DO PARA,3.0,2025,DOU,5584.0,2.0,0.0,0.0,0.0,0.0,0.0,0.0,0.0,0.0,0.0,0.0,0.0,7000.0,125.35,conceicao_do_para
04/2026,3,SUDESTE,SE,31,MINAS GERAIS,MG,311770,CONCEICAO DO RIO VERDE,1.0,2025,DOU,12765.0,5.0,0.0,0.0,0.0,0.0,0.0,0.0,0.0,0.0,0.0,0.0,0.0,17500.0,137.09,conceicao_do_rio_verde
04/2026,3,SUDESTE,SE,31,MINAS GERAIS,MG,311780,CONCEICAO DOS OUROS,2.0,2025,DOU,11218.0,6.0,0.0,0.0,0.0,0.0,0.0,0.0,0.0,0.0,0.0,0.0,0.0,21000.0,187.19,conceicao_dos_ouros
04/2026,3,SUDESTE,SE,31,MINAS GERAIS,MG,311783,CONEGO MARINHO,5.0,2025,DOU,7433.0,4.0,0.0,0.0,0.0,0.0,0.0,0.0,0.0,0.0,0.0,0.0,0.0,14000.0,188.34,conego_marinho
04/2026,3,SUDESTE,SE,31,MINAS GERAIS,MG,311787,CONFINS,1.0,2025,DOU,7758.0,3.0,0.0,0.0,0.0,0.0,0.0,0.0,0.0,0.0,0.0,0.0,0.0,10500.0,135.34,confins
04/2026,3,SUDESTE,SE,31,MINAS GERAIS,MG,311790,CONGONHAL,2.0,2025,DOU,11444.0,5.0,0.0,0.0,0.0,0.0,0.0,0.0,0.0,0.0,0.0,0.0,0.0,17500.0,152.91,congonhal
04/2026,3,SUDESTE,SE,31,MINAS GERAIS,MG,311800,CONGONHAS,1.0,2025,DOU,55272.0,20.0,0.0,0.0,0.0,0.0,0.0,0.0,1.0,86.0,0.0,0.0,86.0,70086.0,126.8,congonhas
04/2026,3,SUDESTE,SE,31,MINAS GERAIS,MG,311810,CONGONHAS DO NORTE,3.0,2025,DOU,4924.0,3.0,0.0,0.0,0.0,0.0,0.0,0.0,0.0,0.0,0.0,0.0,0.0,10500.0,213.24,congonhas_do_norte
04/2026,3,SUDESTE,SE,31,MINAS GERAIS,MG,311820,CONQUISTA,3.0,2025,DOU,6878.0,3.0,0.0,0.0,0.0,0.0,0.0,0.0,0.0,0.0,0.0,0.0,0.0,10500.0,152.66,conquista
04/2026,3,SUDESTE,SE,31,MINAS GERAIS,MG,311830,CONSELHEIRO LAFAIETE,1.0,2025,DOU,138946.0,33.0,1.0,3.0,0.0,0.0,0.0,0.0,0.0,0.0,0.0,0.0,0.0,123375.0,88.79,conselheiro_lafaiete
04/2026,3,SUDESTE,SE,31,MINAS GERAIS,MG,311840,CONSELHEIRO PENA,2.0,2025,DOU,21052.0,11.0,0.0,0.0,0.0,0.0,0.0,0.0,0.0,0.0,1.0,84.0,84.0,38584.0,183.27,conselheiro_pena
04/2026,3,SUDESTE,SE,31,MINAS GERAIS,MG,311850,CONSOLACAO,3.0,2025,DOU,1569.0,1.0,0.0,0.0,0.0,0.0,0.0,0.0,0.0,0.0,0.0,0.0,0.0,3500.0,223.07,consolacao
04/2026,3,SUDESTE,SE,31,MINAS GERAIS,MG,311860,CONTAGEM,1.0,2025,DOU,651718.0,146.0,1.0,1.0,0.0,0.0,1.0,505.0,2.0,15.0,2.0,204.0,724.0,516099.0,79.19,contagem
04/2026,3,SUDESTE,SE,31,MINAS GERAIS,MG,311870,COQUEIRAL,3.0,2025,DOU,9188.0,4.0,1.0,0.0,0.0,0.0,0.0,0.0,0.0,0.0,0.0,0.0,0.0,16625.0,180.94,coqueiral
04/2026,3,SUDESTE,SE,31,MINAS GERAIS,MG,311880,CORACAO DE JESUS,3.0,2025,DOU,26138.0,13.0,0.0,0.0,0.0,0.0,0.0,0.0,0.0,0.0,0.0,0.0,0.0,45500.0,174.07,coracao_de_jesus
04/2026,3,SUDESTE,SE,31,MINAS GERAIS,MG,311890,CORDISBURGO,3.0,2025,DOU,7535.0,3.0,0.0,0.0,0.0,0.0,0.0,0.0,0.0,0.0,0.0,0.0,0.0,10500.0,139.34,cordisburgo
04/2026,3,SUDESTE,SE,31,MINAS GERAIS,MG,311900,CORDISLANDIA,3.0,2025,DOU,3236.0,2.0,0.0,0.0,0.0,0.0,0.0,0.0,0.0,0.0,0.0,0.0,0.0,7000.0,216.31,cordislandia
04/2026,3,SUDESTE,SE,31,MINAS GERAIS,MG,311910,CORINTO,1.0,2025,DOU,23988.0,8.0,0.0,0.0,0.0,0.0,0.0,0.0,1.0,94.0,0.0,0.0,94.0,28094.0,117.11,corinto
04/2026,3,SUDESTE,SE,31,MINAS GERAIS,MG,311920,COROACI,3.0,2025,DOU,11240.0,5.0,0.0,0.0,0.0,0.0,0.0,0.0,0.0,0.0,0.0,0.0,0.0,17500.0,155.69,coroaci
04/2026,3,SUDESTE,SE,31,MINAS GERAIS,MG,311930,COROMANDEL,2.0,2025,DOU,30114.0,9.0,0.0,0.0,0.0,0.0,0.0,0.0,0.0,0.0,0.0,0.0,0.0,31500.0,104.6,coromandel
04/2026,3,SUDESTE,SE,31,MINAS GERAIS,MG,311940,CORONEL FABRICIANO,1.0,2025,DOU,108708.0,26.0,3.0,0.0,0.0,0.0,0.0,0.0,0.0,0.0,0.0,0.0,0.0,98875.0,90.95,coronel_fabriciano
04/2026,3,SUDESTE,SE,31,MINAS GERAIS,MG,311950,CORONEL MURTA,5.0,2025,DOU,8237.0,4.0,0.0,0.0,0.0,0.0,0.0,0.0,0.0,0.0,0.0,0.0,0.0,14000.0,169.96,coronel_murta
04/2026,3,SUDESTE,SE,31,MINAS GERAIS,MG,311960,CORONEL PACHECO,3.0,2025,DOU,2789.0,1.0,0.0,0.0,0.0,0.0,0.0,0.0,0.0,0.0,0.0,0.0,0.0,3500.0,125.49,coronel_pacheco
04/2026,3,SUDESTE,SE,31,MINAS GERAIS,MG,311970,CORONEL XAVIER CHAVES,1.0,2025,DOU,3599.0,1.0,0.0,2.0,0.0,0.0,0.0,0.0,0.0,0.0,0.0,0.0,0.0,7000.0,194.49,coronel_xavier_chaves
04/2026,3,SUDESTE,SE,31,MINAS GERAIS,MG,311980,CORREGO DANTA,3.0,2025,DOU,2956.0,2.0,1.0,0.0,0.0,0.0,0.0,0.0,0.0,0.0,0.0,0.0,0.0,9625.0,325.6,corrego_danta
04/2026,3,SUDESTE,SE,31,MINAS GERAIS,MG,311990,CORREGO DO BOM JESUS,2.0,2025,DOU,4462.0,2.0,0.0,0.0,0.0,0.0,0.0,0.0,0.0,0.0,0.0,0.0,0.0,7000.0,156.88,corrego_do_bom_jesus
04/2026,3,SUDESTE,SE,31,MINAS GERAIS,MG,311995,CORREGO FUNDO,3.0,2025,DOU,6333.0,2.0,0.0,0.0,0.0,0.0,0.0,0.0,0.0,0.0,0.0,0.0,0.0,7000.0,110.53,corrego_fundo
04/2026,3,SUDESTE,SE,31,MINAS GERAIS,MG,312000,CORREGO NOVO,3.0,2025,DOU,2900.0,2.0,0.0,0.0,0.0,0.0,0.0,0.0,0.0,0.0,0.0,0.0,0.0,7000.0,241.37,corrego_novo
04/2026,3,SUDESTE,SE,31,MINAS GERAIS,MG,312010,COUTO DE MAGALHAES DE MINAS,3.0,2025,DOU,4351.0,2.0,0.0,0.0,0.0,0.0,0.0,0.0,0.0,0.0,0.0,0.0,0.0,7000.0,160.88,couto_de_magalhaes_de_minas
04/2026,3,SUDESTE,SE,31,MINAS GERAIS,MG,312015,CRISOLITA,3.0,2025,DOU,5256.0,3.0,0.0,0.0,0.0,0.0,0.0,0.0,0.0,0.0,0.0,0.0,0.0,10500.0,199.77,crisolita
04/2026,3,SUDESTE,SE,31,MINAS GERAIS,MG,312020,CRISTAIS,2.0,2025,DOU,12634.0,6.0,0.0,0.0,0.0,0.0,0.0,0.0,0.0,0.0,0.0,0.0,0.0,21000.0,166.21,cristais
04/2026,3,SUDESTE,SE,31,MINAS GERAIS,MG,312030,CRISTALIA,3.0,2025,DOU,5133.0,3.0,0.0,0.0,0.0,0.0,0.0,0.0,0.0,0.0,0.0,0.0,0.0,10500.0,204.55,cristalia
04/2026,3,SUDESTE,SE,31,MINAS GERAIS,MG,312040,CRISTIANO OTONI,3.0,2025,DOU,4719.0,2.0,0.0,0.0,0.0,0.0,0.0,0.0,0.0,0.0,0.0,0.0,0.0,7000.0,148.33,cristiano_otoni
04/2026,3,SUDESTE,SE,31,MINAS GERAIS,MG,312050,CRISTINA,3.0,2025,DOU,10643.0,4.0,0.0,0.0,0.0,0.0,0.0,0.0,0.0,0.0,0.0,0.0,0.0,14000.0,131.54,cristina
04/2026,3,SUDESTE,SE,31,MINAS GERAIS,MG,312060,CRUCILANDIA,3.0,2025,DOU,5674.0,2.0,2.0,0.0,0.0,0.0,0.0,0.0,0.0,0.0,0.0,0.0,0.0,12250.0,215.89,crucilandia
04/2026,3,SUDESTE,SE,31,MINAS GERAIS,MG,312070,CRUZEIRO DA FORTALEZA,3.0,2025,DOU,3616.0,2.0,0.0,0.0,0.0,0.0,0.0,0.0,0.0,0.0,0.0,0.0,0.0,7000.0,193.58,cruzeiro_da_fortaleza
04/2026,3,SUDESTE,SE,31,MINAS GERAIS,MG,312080,CRUZILIA,1.0,2025,DOU,15831.0,7.0,0.0,0.0,0.0,0.0,0.0,0.0,0.0,0.0,0.0,0.0,0.0,24500.0,154.75,cruzilia
04/2026,3,SUDESTE,SE,31,MINAS GERAIS,MG,312083,CUPARAQUE,3.0,2025,DOU,3958.0,3.0,0.0,0.0,0.0,0.0,0.0,0.0,0.0,0.0,0.0,0.0,0.0,10500.0,265.28,cuparaque
04/2026,3,SUDESTE,SE,31,MINAS GERAIS,MG,312087,CURRAL DE DENTRO,3.0,2025,DOU,7662.0,4.0,0.0,0.0,0.0,0.0,0.0,0.0,0.0,0.0,0.0,0.0,0.0,14000.0,182.71,curral_de_dentro
04/2026,3,SUDESTE,SE,31,MINAS GERAIS,MG,312090,CURVELO,1.0,2025,DOU,84297.0,24.0,1.0,0.0,0.0,0.0,0.0,0.0,1.0,333.0,0.0,0.0,333.0,86958.0,103.15,curvelo
04/2026,3,SUDESTE,SE,31,MINAS GERAIS,MG,312100,DATAS,3.0,2025,DOU,5635.0,4.0,0.0,0.0,0.0,0.0,0.0,0.0,0.0,0.0,0.0,0.0,0.0,14000.0,248.44,datas
04/2026,3,SUDESTE,SE,31,MINAS GERAIS,MG,312110,DELFIM MOREIRA,3.0,2025,DOU,8133.0,4.0,0.0,0.0,0.0,0.0,0.0,0.0,0.0,0.0,0.0,0.0,0.0,14000.0,172.13,delfim_moreira
04/2026,3,SUDESTE,SE,31,MINAS GERAIS,MG,312120,DELFINOPOLIS,3.0,2025,DOU,8851.0,4.0,0.0,0.0,0.0,0.0,0.0,0.0,0.0,0.0,0.0,0.0,0.0,14000.0,158.17,delfinopolis
04/2026,3,SUDESTE,SE,31,MINAS GERAIS,MG,312125,DELTA,2.0,2025,DOU,11143.0,3.0,0.0,0.0,0.0,0.0,0.0,0.0,0.0,0.0,0.0,0.0,0.0,10500.0,94.22,delta
04/2026,3,SUDESTE,SE,31,MINAS GERAIS,MG,312130,DESCOBERTO,2.0,2025,DOU,5070.0,2.0,0.0,0.0,0.0,0.0,0.0,0.0,0.0,0.0,0.0,0.0,0.0,7000.0,138.06,descoberto
04/2026,3,SUDESTE,SE,31,MINAS GERAIS,MG,312140,DESTERRO DE ENTRE RIOS,3.0,2025,DOU,7941.0,4.0,0.0,0.0,0.0,0.0,0.0,0.0,0.0,0.0,0.0,0.0,0.0,14000.0,176.3,desterro_de_entre_rios
04/2026,3,SUDESTE,SE,31,MINAS GERAIS,MG,312150,DESTERRO DO MELO,3.0,2025,DOU,3060.0,1.0,0.0,0.0,0.0,0.0,0.0,0.0,0.0,0.0,0.0,0.0,0.0,3500.0,114.37,desterro_do_melo
04/2026,3,SUDESTE,SE,31,MINAS GERAIS,MG,312160,DIAMANTINA,1.0,2025,DOU,49493.0,16.0,0.0,0.0,0.0,0.0,0.0,0.0,1.0,273.0,0.0,0.0,273.0,56273.0,113.69,diamantina
04/2026,3,SUDESTE,SE,31,MINAS GERAIS,MG,312170,DIOGO DE VASCONCELOS,3.0,2025,DOU,3581.0,2.0,0.0,0.0,0.0,0.0,0.0,0.0,0.0,0.0,0.0,0.0,0.0,7000.0,195.47,diogo_de_vasconcelos
04/2026,3,SUDESTE,SE,31,MINAS GERAIS,MG,312180,DIONISIO,3.0,2025,DOU,6689.0,4.0,0.0,0.0,0.0,0.0,0.0,0.0,0.0,0.0,0.0,0.0,0.0,14000.0,209.29,dionisio
04/2026,3,SUDESTE,SE,31,MINAS GERAIS,MG,312190,DIVINESIA,3.0,2025,DOU,4481.0,2.0,0.0,0.0,0.0,0.0,0.0,0.0,0.0,0.0,0.0,0.0,0.0,7000.0,156.21,divinesia
04/2026,3,SUDESTE,SE,31,MINAS GERAIS,MG,312200,DIVINO,3.0,2025,DOU,21428.0,7.0,0.0,4.0,0.0,0.0,0.0,0.0,0.0,0.0,0.0,0.0,0.0,31500.0,147.0,divino
04/2026,3,SUDESTE,SE,31,MINAS GERAIS,MG,312210,DIVINO DAS LARANJEIRAS,3.0,2025,DOU,4147.0,2.0,0.0,0.0,0.0,0.0,0.0,0.0,0.0,0.0,0.0,0.0,0.0,7000.0,168.79,divino_das_laranjeiras
04/2026,3,SUDESTE,SE,31,MINAS GERAIS,MG,312220,DIVINOLANDIA DE MINAS,3.0,2025,DOU,6583.0,4.0,0.0,0.0,0.0,0.0,0.0,0.0,0.0,0.0,0.0,0.0,0.0,14000.0,212.66,divinolandia_de_minas
04/2026,3,SUDESTE,SE,31,MINAS GERAIS,MG,312230,DIVINOPOLIS,1.0,2025,DOU,243583.0,66.0,1.0,4.0,0.0,0.0,1.0,162.0,2.0,741.0,0.0,0.0,903.0,241528.0,99.15,divinopolis
04/2026,3,SUDESTE,SE,31,MINAS GERAIS,MG,312235,DIVISA ALEGRE,2.0,2025,DOU,6541.0,3.0,0.0,0.0,0.0,0.0,0.0,0.0,0.0,0.0,0.0,0.0,0.0,10500.0,160.52,divisa_alegre
04/2026,3,SUDESTE,SE,31,MINAS GERAIS,MG,312240,DIVISA NOVA,2.0,2025,DOU,6002.0,2.0,0.0,0.0,0.0,0.0,0.0,0.0,0.0,0.0,0.0,0.0,0.0,7000.0,116.62,divisa_nova
04/2026,3,SUDESTE,SE,31,MINAS GERAIS,MG,312245,DIVISOPOLIS,3.0,2025,DOU,10659.0,4.0,1.0,0.0,0.0,0.0,0.0,0.0,0.0,0.0,0.0,0.0,0.0,16625.0,155.97,divisopolis
04/2026,3,SUDESTE,SE,31,MINAS GERAIS,MG,312247,DOM BOSCO,3.0,2025,DOU,3763.0,2.0,0.0,0.0,0.0,0.0,0.0,0.0,0.0,0.0,0.0,0.0,0.0,7000.0,186.02,dom_bosco
04/2026,3,SUDESTE,SE,31,MINAS GERAIS,MG,312250,DOM CAVATI,2.0,2025,DOU,4967.0,3.0,0.0,0.0,0.0,0.0,0.0,0.0,0.0,0.0,0.0,0.0,0.0,10500.0,211.39,dom_cavati
04/2026,3,SUDESTE,SE,31,MINAS GERAIS,MG,312260,DOM JOAQUIM,3.0,2025,DOU,5074.0,2.0,0.0,0.0,0.0,0.0,0.0,0.0,0.0,0.0,0.0,0.0,0.0,7000.0,137.95,dom_joaquim
04/2026,3,SUDESTE,SE,31,MINAS GERAIS,MG,312270,DOM SILVERIO,3.0,2025,DOU,5355.0,2.0,0.0,0.0,0.0,0.0,0.0,0.0,0.0,0.0,0.0,0.0,0.0,7000.0,130.71,dom_silverio
04/2026,3,SUDESTE,SE,31,MINAS GERAIS,MG,312280,DOM VICOSO,3.0,2025,DOU,3184.0,1.0,0.0,0.0,0.0,0.0,0.0,0.0,0.0,0.0,0.0,0.0,0.0,3500.0,109.92,dom_vicoso
04/2026,3,SUDESTE,SE,31,MINAS GERAIS,MG,312290,DONA EUSEBIA,2.0,2025,DOU,6250.0,3.0,0.0,0.0,0.0,0.0,0.0,0.0,0.0,0.0,0.0,0.0,0.0,10500.0,168.0,dona_eusebia
04/2026,3,SUDESTE,SE,31,MINAS GERAIS,MG,312300,DORES DE CAMPOS,2.0,2025,DOU,10359.0,2.0,0.0,0.0,0.0,0.0,0.0,0.0,0.0,0.0,0.0,0.0,0.0,7000.0,67.57,dores_de_campos
04/2026,3,SUDESTE,SE,31,MINAS GERAIS,MG,312310,DORES DE GUANHAES,3.0,2025,DOU,5114.0,3.0,0.0,0.0,0.0,0.0,0.0,0.0,0.0,0.0,0.0,0.0,0.0,10500.0,205.31,dores_de_guanhaes
04/2026,3,SUDESTE,SE,31,MINAS GERAIS,MG,312320,DORES DO INDAIA,1.0,2025,DOU,12730.0,4.0,0.0,0.0,0.0,0.0,0.0,0.0,0.0,0.0,0.0,0.0,0.0,14000.0,109.97,dores_do_indaia
04/2026,3,SUDESTE,SE,31,MINAS GERAIS,MG,312330,DORES DO TURVO,3.0,2025,DOU,5192.0,2.0,0.0,0.0,0.0,0.0,0.0,0.0,0.0,0.0,0.0,0.0,0.0,7000.0,134.82,dores_do_turvo
04/2026,3,SUDESTE,SE,31,MINAS GERAIS,MG,312340,DORESOPOLIS,3.0,2025,DOU,1498.0,1.0,0.0,0.0,0.0,0.0,0.0,0.0,0.0,0.0,0.0,0.0,0.0,3500.0,233.64,doresopolis
04/2026,3,SUDESTE,SE,31,MINAS GERAIS,MG,312350,DOURADOQUARA,3.0,2025,DOU,1869.0,1.0,0.0,0.0,0.0,0.0,0.0,0.0,0.0,0.0,0.0,0.0,0.0,3500.0,187.26,douradoquara
04/2026,3,SUDESTE,SE,31,MINAS GERAIS,MG,312352,DURANDE,3.0,2025,DOU,8065.0,3.0,0.0,0.0,0.0,0.0,0.0,0.0,0.0,0.0,0.0,0.0,0.0,10500.0,130.19,durande
04/2026,3,SUDESTE,SE,31,MINAS GERAIS,MG,312360,ELOI MENDES,1.0,2025,DOU,27429.0,8.0,0.0,0.0,0.0,0.0,0.0,0.0,0.0,0.0,0.0,0.0,0.0,28000.0,102.08,eloi_mendes
04/2026,3,SUDESTE,SE,31,MINAS GERAIS,MG,312370,ENGENHEIRO CALDAS,3.0,2025,DOU,14501.0,4.0,1.0,0.0,0.0,0.0,0.0,0.0,0.0,0.0,0.0,0.0,0.0,16625.0,114.64,engenheiro_caldas
04/2026,3,SUDESTE,SE,31,MINAS GERAIS,MG,312380,ENGENHEIRO NAVARRO,3.0,2025,DOU,6373.0,4.0,0.0,0.0,0.0,0.0,0.0,0.0,0.0,0.0,0.0,0.0,0.0,14000.0,219.67,engenheiro_navarro
04/2026,3,SUDESTE,SE,31,MINAS GERAIS,MG,312385,ENTRE FOLHAS,3.0,2025,DOU,5295.0,3.0,0.0,0.0,0.0,0.0,0.0,0.0,0.0,0.0,0.0,0.0,0.0,10500.0,198.3,entre_folhas
04/2026,3,SUDESTE,SE,31,MINAS GERAIS,MG,312390,ENTRE RIOS DE MINAS,3.0,2025,DOU,15157.0,6.0,0.0,0.0,0.0,0.0,0.0,0.0,0.0,0.0,0.0,0.0,0.0,21000.0,138.54,entre_rios_de_minas
04/2026,3,SUDESTE,SE,31,MINAS GERAIS,MG,312400,ERVALIA,3.0,2025,DOU,21091.0,10.0,0.0,0.0,0.0,0.0,0.0,0.0,1.0,266.0,0.0,0.0,266.0,35266.0,167.2,ervalia
04/2026,3,SUDESTE,SE,31,MINAS GERAIS,MG,312410,ESMERALDAS,1.0,2025,DOU,93103.0,20.0,0.0,0.0,0.0,0.0,0.0,0.0,0.0,0.0,0.0,0.0,0.0,70000.0,75.18,esmeraldas
04/2026,3,SUDESTE,SE,31,MINAS GERAIS,MG,312420,ESPERA FELIZ,2.0,2025,DOU,24844.0,8.0,0.0,0.0,0.0,0.0,0.0,0.0,0.0,0.0,0.0,0.0,0.0,28000.0,112.7,espera_feliz
04/2026,3,SUDESTE,SE,31,MINAS GERAIS,MG,312430,ESPINOSA,2.0,2025,DOU,31375.0,12.0,0.0,0.0,0.0,0.0,0.0,0.0,0.0,0.0,0.0,0.0,0.0,42000.0,133.86,espinosa
04/2026,3,SUDESTE,SE,31,MINAS GERAIS,MG,312440,ESPIRITO SANTO DO DOURADO,3.0,2025,DOU,7132.0,2.0,0.0,0.0,0.0,0.0,0.0,0.0,0.0,0.0,0.0,0.0,0.0,7000.0,98.14,espirito_santo_do_dourado
04/2026,3,SUDESTE,SE,31,MINAS GERAIS,MG,312450,ESTIVA,3.0,2025,DOU,11880.0,6.0,0.0,0.0,0.0,0.0,0.0,0.0,0.0,0.0,0.0,0.0,0.0,21000.0,176.76,estiva
04/2026,3,SUDESTE,SE,31,MINAS GERAIS,MG,312460,ESTRELA DALVA,3.0,2025,DOU,2189.0,1.0,0.0,0.0,0.0,0.0,0.0,0.0,0.0,0.0,0.0,0.0,0.0,3500.0,159.89,estrela_dalva
04/2026,3,SUDESTE,SE,31,MINAS GERAIS,MG,312470,ESTRELA DO INDAIA,3.0,2025,DOU,2711.0,1.0,0.0,0.0,0.0,0.0,0.0,0.0,0.0,0.0,0.0,0.0,0.0,3500.0,129.1,estrela_do_indaia
04/2026,3,SUDESTE,SE,31,MINAS GERAIS,MG,312480,ESTRELA DO SUL,3.0,2025,DOU,6897.0,4.0,0.0,0.0,0.0,0.0,0.0,0.0,0.0,0.0,0.0,0.0,0.0,14000.0,202.98,estrela_do_sul
04/2026,3,SUDESTE,SE,31,MINAS GERAIS,MG,312490,EUGENOPOLIS,3.0,2025,DOU,11096.0,6.0,0.0,0.0,0.0,0.0,0.0,0.0,1.0,261.0,0.0,0.0,261.0,21261.0,191.6,eugenopolis
04/2026,3,SUDESTE,SE,31,MINAS GERAIS,MG,312500,EWBANK DA CAMARA,1.0,2025,DOU,3986.0,2.0,0.0,0.0,0.0,0.0,0.0,0.0,0.0,0.0,0.0,0.0,0.0,7000.0,175.61,ewbank_da_camara
04/2026,3,SUDESTE,SE,31,MINAS GERAIS,MG,312510,EXTREMA,2.0,2025,DOU,59336.0,25.0,0.0,0.0,0.0,0.0,0.0,0.0,1.0,299.0,0.0,0.0,299.0,87799.0,147.96,extrema
04/2026,3,SUDESTE,SE,31,MINAS GERAIS,MG,312520,FAMA,3.0,2025,DOU,2676.0,1.0,0.0,0.0,0.0,0.0,0.0,0.0,0.0,0.0,0.0,0.0,0.0,3500.0,130.79,fama
04/2026,3,SUDESTE,SE,31,MINAS GERAIS,MG,312530,FARIA LEMOS,3.0,2025,DOU,3230.0,2.0,0.0,0.0,0.0,0.0,0.0,0.0,0.0,0.0,0.0,0.0,0.0,7000.0,216.71,faria_lemos
04/2026,3,SUDESTE,SE,31,MINAS GERAIS,MG,312540,FELICIO DOS SANTOS,3.0,2025,DOU,5251.0,3.0,0.0,0.0,0.0,0.0,0.0,0.0,0.0,0.0,0.0,0.0,0.0,10500.0,199.96,felicio_dos_santos
04/2026,3,SUDESTE,SE,31,MINAS GERAIS,MG,312560,FELISBURGO,4.0,2025,DOU,6575.0,3.0,0.0,0.0,0.0,0.0,0.0,0.0,0.0,0.0,0.0,0.0,0.0,10500.0,159.69,felisburgo
04/2026,3,SUDESTE,SE,31,MINAS GERAIS,MG,312570,FELIXLANDIA,3.0,2025,DOU,14280.0,7.0,2.0,0.0,0.0,0.0,0.0,0.0,0.0,0.0,0.0,0.0,0.0,29750.0,208.33,felixlandia
04/2026,3,SUDESTE,SE,31,MINAS GERAIS,MG,312580,FERNANDES TOURINHO,3.0,2025,DOU,2814.0,2.0,0.0,0.0,0.0,0.0,0.0,0.0,0.0,0.0,0.0,0.0,0.0,7000.0,248.75,fernandes_tourinho
04/2026,3,SUDESTE,SE,31,MINAS GERAIS,MG,312590,FERROS,3.0,2025,DOU,9603.0,4.0,0.0,0.0,0.0,0.0,0.0,0.0,0.0,0.0,0.0,0.0,0.0,14000.0,145.78,ferros
04/2026,3,SUDESTE,SE,31,MINAS GERAIS,MG,312595,FERVEDOURO,3.0,2025,DOU,10705.0,4.0,0.0,0.0,0.0,0.0,0.0,0.0,0.0,0.0,0.0,0.0,0.0,14000.0,130.78,fervedouro
04/2026,3,SUDESTE,SE,31,MINAS GERAIS,MG,312600,FLORESTAL,3.0,2025,DOU,8469.0,2.0,0.0,0.0,0.0,0.0,0.0,0.0,0.0,0.0,0.0,0.0,0.0,7000.0,82.65,florestal
04/2026,3,SUDESTE,SE,31,MINAS GERAIS,MG,312610,FORMIGA,1.0,2025,DOU,70897.0,19.0,1.0,0.0,0.0,0.0,0.0,0.0,1.0,1058.0,0.0,0.0,1058.0,70183.0,98.99,formiga
04/2026,3,SUDESTE,SE,31,MINAS GERAIS,MG,312620,FORMOSO,3.0,2025,DOU,8095.0,5.0,0.0,0.0,0.0,0.0,0.0,0.0,0.0,0.0,0.0,0.0,0.0,17500.0,216.18,formoso
04/2026,3,SUDESTE,SE,31,MINAS GERAIS,MG,312630,FORTALEZA DE MINAS,1.0,2025,DOU,3453.0,1.0,0.0,0.0,0.0,0.0,0.0,0.0,0.0,0.0,0.0,0.0,0.0,3500.0,101.36,fortaleza_de_minas
04/2026,3,SUDESTE,SE,31,MINAS GERAIS,MG,312640,FORTUNA DE MINAS,3.0,2025,DOU,3230.0,1.0,0.0,0.0,0.0,0.0,0.0,0.0,0.0,0.0,0.0,0.0,0.0,3500.0,108.35,fortuna_de_minas
04/2026,3,SUDESTE,SE,31,MINAS GERAIS,MG,312650,FRANCISCO BADARO,5.0,2025,DOU,7053.0,5.0,0.0,0.0,0.0,0.0,0.0,0.0,0.0,0.0,0.0,0.0,0.0,17500.0,248.12,francisco_badaro
04/2026,3,SUDESTE,SE,31,MINAS GERAIS,MG,312660,FRANCISCO DUMONT,3.0,2025,DOU,4547.0,3.0,0.0,0.0,0.0,0.0,0.0,0.0,0.0,0.0,0.0,0.0,0.0,10500.0,230.92,francisco_dumont
04/2026,3,SUDESTE,SE,31,MINAS GERAIS,MG,312670,FRANCISCO SA,2.0,2025,DOU,23753.0,10.0,0.0,0.0,0.0,0.0,0.0,0.0,2.0,346.0,0.0,0.0,346.0,35346.0,148.8,francisco_sa
04/2026,3,SUDESTE,SE,31,MINAS GERAIS,MG,312675,FRANCISCOPOLIS,3.0,2025,DOU,5023.0,2.0,0.0,0.0,0.0,0.0,0.0,0.0,0.0,0.0,0.0,0.0,0.0,7000.0,139.35,franciscopolis
04/2026,3,SUDESTE,SE,31,MINAS GERAIS,MG,312680,FREI GASPAR,3.0,2025,DOU,5731.0,3.0,0.0,0.0,0.0,0.0,0.0,0.0,0.0,0.0,0.0,0.0,0.0,10500.0,183.21,frei_gaspar
04/2026,3,SUDESTE,SE,31,MINAS GERAIS,MG,312690,FREI INOCENCIO,2.0,2025,DOU,8301.0,5.0,0.0,0.0,0.0,0.0,0.0,0.0,0.0,0.0,0.0,0.0,0.0,17500.0,210.81,frei_inocencio
04/2026,3,SUDESTE,SE,31,MINAS GERAIS,MG,312695,FREI LAGONEGRO,3.0,2025,DOU,3481.0,2.0,0.0,0.0,0.0,0.0,0.0,0.0,0.0,0.0,0.0,0.0,0.0,7000.0,201.09,frei_lagonegro
04/2026,3,SUDESTE,SE,31,MINAS GERAIS,MG,312700,FRONTEIRA,1.0,2025,DOU,14946.0,5.0,0.0,0.0,0.0,0.0,0.0,0.0,0.0,0.0,0.0,0.0,0.0,17500.0,117.08,fronteira
04/2026,3,SUDESTE,SE,31,MINAS GERAIS,MG,312705,FRONTEIRA DOS VALES,3.0,2025,DOU,4389.0,2.0,0.0,0.0,0.0,0.0,0.0,0.0,0.0,0.0,0.0,0.0,0.0,7000.0,159.48,fronteira_dos_vales
04/2026,3,SUDESTE,SE,31,MINAS GERAIS,MG,312707,FRUTA DE LEITE,3.0,2025,DOU,4538.0,3.0,0.0,0.0,0.0,0.0,0.0,0.0,0.0,0.0,0.0,0.0,0.0,10500.0,231.37,fruta_de_leite
04/2026,3,SUDESTE,SE,31,MINAS GERAIS,MG,312710,FRUTAL,1.0,2025,DOU,61275.0,10.0,0.0,0.0,0.0,0.0,0.0,0.0,3.0,938.0,0.0,0.0,938.0,35938.0,58.65,frutal
04/2026,3,SUDESTE,SE,31,MINAS GERAIS,MG,312720,FUNILANDIA,3.0,2025,DOU,4934.0,2.0,0.0,0.0,0.0,0.0,0.0,0.0,0.0,0.0,0.0,0.0,0.0,7000.0,141.87,funilandia
04/2026,3,SUDESTE,SE,31,MINAS GERAIS,MG,312730,GALILEIA,3.0,2025,DOU,6244.0,3.0,0.0,0.0,0.0,0.0,0.0,0.0,0.0,0.0,0.0,0.0,0.0,10500.0,168.16,galileia
04/2026,3,SUDESTE,SE,31,MINAS GERAIS,MG,312733,GAMELEIRAS,5.0,2025,DOU,4847.0,3.0,0.0,0.0,0.0,0.0,0.0,0.0,0.0,0.0,0.0,0.0,0.0,10500.0,216.62,gameleiras
04/2026,3,SUDESTE,SE,31,MINAS GERAIS,MG,312735,GLAUCILANDIA,3.0,2025,DOU,2991.0,2.0,0.0,0.0,0.0,0.0,0.0,0.0,0.0,0.0,0.0,0.0,0.0,7000.0,234.03,glaucilandia
04/2026,3,SUDESTE,SE,31,MINAS GERAIS,MG,312737,GOIABEIRA,3.0,2025,DOU,2859.0,2.0,0.0,0.0,0.0,0.0,0.0,0.0,0.0,0.0,0.0,0.0,0.0,7000.0,244.84,goiabeira
04/2026,3,SUDESTE,SE,31,MINAS GERAIS,MG,312738,GOIANA,3.0,2025,DOU,4214.0,2.0,0.0,0.0,0.0,0.0,0.0,0.0,0.0,0.0,0.0,0.0,0.0,7000.0,166.11,goiana
04/2026,3,SUDESTE,SE,31,MINAS GERAIS,MG,312740,GONCALVES,3.0,2025,DOU,4922.0,2.0,0.0,0.0,0.0,0.0,0.0,0.0,0.0,0.0,0.0,0.0,0.0,7000.0,142.21,goncalves
04/2026,3,SUDESTE,SE,31,MINAS GERAIS,MG,312750,GONZAGA,3.0,2025,DOU,5235.0,3.0,0.0,0.0,0.0,0.0,0.0,0.0,0.0,0.0,0.0,0.0,0.0,10500.0,200.57,gonzaga
04/2026,3,SUDESTE,SE,31,MINAS GERAIS,MG,312760,GOUVEIA,3.0,2025,DOU,11536.0,6.0,0.0,0.0,0.0,0.0,0.0,0.0,0.0,0.0,0.0,0.0,0.0,21000.0,182.03,gouveia
04/2026,3,SUDESTE,SE,31,MINAS GERAIS,MG,312770,GOVERNADOR VALADARES,1.0,2025,DOU,266561.0,61.0,9.0,1.0,0.0,0.0,1.0,779.0,0.0,0.0,0.0,0.0,779.0,239654.0,89.9,governador_valadares
04/2026,3,SUDESTE,SE,31,MINAS GERAIS,MG,312780,GRAO MOGOL,3.0,2025,DOU,14037.0,6.0,0.0,0.0,0.0,0.0,0.0,0.0,0.0,0.0,0.0,0.0,0.0,21000.0,149.6,grao_mogol
04/2026,3,SUDESTE,SE,31,MINAS GERAIS,MG,312790,GRUPIARA,3.0,2025,DOU,1428.0,1.0,0.0,0.0,0.0,0.0,0.0,0.0,0.0,0.0,0.0,0.0,0.0,3500.0,245.09,grupiara
04/2026,3,SUDESTE,SE,31,MINAS GERAIS,MG,312800,GUANHAES,2.0,2025,DOU,33517.0,14.0,0.0,0.0,0.0,0.0,0.0,0.0,1.0,310.0,0.0,0.0,310.0,49310.0,147.11,guanhaes
04/2026,3,SUDESTE,SE,31,MINAS GERAIS,MG,312810,GUAPE,3.0,2025,DOU,14076.0,5.0,0.0,0.0,0.0,0.0,0.0,0.0,0.0,0.0,0.0,0.0,0.0,17500.0,124.32,guape
04/2026,3,SUDESTE,SE,31,MINAS GERAIS,MG,312820,GUARACIABA,3.0,2025,DOU,9901.0,4.0,0.0,0.0,0.0,0.0,0.0,0.0,0.0,0.0,0.0,0.0,0.0,14000.0,141.39,guaraciaba
04/2026,3,SUDESTE,SE,31,MINAS GERAIS,MG,312825,GUARACIAMA,3.0,2025,DOU,5224.0,3.0,0.0,0.0,0.0,0.0,0.0,0.0,0.0,0.0,0.0,0.0,0.0,10500.0,200.99,guaraciama
04/2026,3,SUDESTE,SE,31,MINAS GERAIS,MG,312830,GUARANESIA,1.0,2025,DOU,19646.0,7.0,0.0,0.0,0.0,0.0,0.0,0.0,0.0,0.0,0.0,0.0,0.0,24500.0,124.7,guaranesia
04/2026,3,SUDESTE,SE,31,MINAS GERAIS,MG,312840,GUARANI,3.0,2025,DOU,7731.0,3.0,2.0,0.0,0.0,0.0,0.0,0.0,0.0,0.0,0.0,0.0,0.0,15750.0,203.72,guarani
04/2026,3,SUDESTE,SE,31,MINAS GERAIS,MG,312850,GUARARA,1.0,2025,DOU,3091.0,2.0,0.0,0.0,0.0,0.0,0.0,0.0,0.0,0.0,0.0,0.0,0.0,7000.0,226.46,guarara
04/2026,3,SUDESTE,SE,31,MINAS GERAIS,MG,312860,GUARDA-MOR,3.0,2025,DOU,6687.0,3.0,0.0,0.0,0.0,0.0,0.0,0.0,0.0,0.0,0.0,0.0,0.0,10500.0,157.02,guarda_mor
04/2026,3,SUDESTE,SE,31,MINAS GERAIS,MG,312870,GUAXUPE,1.0,2025,DOU,52744.0,13.0,2.0,0.0,0.0,0.0,0.0,0.0,0.0,0.0,0.0,0.0,0.0,50750.0,96.21,guaxupe
04/2026,3,SUDESTE,SE,31,MINAS GERAIS,MG,312880,GUIDOVAL,3.0,2025,DOU,7285.0,3.0,0.0,0.0,0.0,0.0,0.0,0.0,0.0,0.0,0.0,0.0,0.0,10500.0,144.13,guidoval
04/2026,3,SUDESTE,SE,31,MINAS GERAIS,MG,312890,GUIMARANIA,2.0,2025,DOU,8880.0,3.0,0.0,0.0,0.0,0.0,0.0,0.0,0.0,0.0,0.0,0.0,0.0,10500.0,118.24,guimarania
04/2026,3,SUDESTE,SE,31,MINAS GERAIS,MG,312900,GUIRICEMA,3.0,2025,DOU,7803.0,3.0,0.0,0.0,0.0,0.0,0.0,0.0,0.0,0.0,0.0,0.0,0.0,10500.0,134.56,guiricema
04/2026,3,SUDESTE,SE,31,MINAS GERAIS,MG,312910,GURINHATA,3.0,2025,DOU,5154.0,3.0,0.0,0.0,0.0,0.0,0.0,0.0,0.0,0.0,0.0,0.0,0.0,10500.0,203.72,gurinhata
04/2026,3,SUDESTE,SE,31,MINAS GERAIS,MG,312920,HELIODORA,3.0,2025,DOU,6278.0,3.0,0.0,0.0,0.0,0.0,0.0,0.0,0.0,0.0,0.0,0.0,0.0,10500.0,167.25,heliodora
04/2026,3,SUDESTE,SE,31,MINAS GERAIS,MG,312930,IAPU,3.0,2025,DOU,12583.0,6.0,0.0,0.0,0.0,0.0,0.0,0.0,0.0,0.0,0.0,0.0,0.0,21000.0,166.89,iapu
04/2026,3,SUDESTE,SE,31,MINAS GERAIS,MG,312940,IBERTIOGA,3.0,2025,DOU,5346.0,3.0,0.0,0.0,0.0,0.0,0.0,0.0,0.0,0.0,0.0,0.0,0.0,10500.0,196.4,ibertioga
04/2026,3,SUDESTE,SE,31,MINAS GERAIS,MG,312950,IBIA,1.0,2025,DOU,22554.0,7.0,1.0,0.0,0.0,0.0,0.0,0.0,0.0,0.0,0.0,0.0,0.0,27125.0,120.26,ibia
04/2026,3,SUDESTE,SE,31,MINAS GERAIS,MG,312960,IBIAI,3.0,2025,DOU,6172.0,4.0,0.0,0.0,0.0,0.0,0.0,0.0,0.0,0.0,0.0,0.0,0.0,14000.0,226.83,ibiai
04/2026,3,SUDESTE,SE,31,MINAS GERAIS,MG,312965,IBIRACATU,3.0,2025,DOU,5113.0,3.0,0.0,0.0,0.0,0.0,0.0,0.0,0.0,0.0,0.0,0.0,0.0,10500.0,205.35,ibiracatu
04/2026,3,SUDESTE,SE,31,MINAS GERAIS,MG,312970,IBIRACI,3.0,2025,DOU,10996.0,5.0,0.0,0.0,0.0,0.0,0.0,0.0,0.0,0.0,0.0,0.0,0.0,17500.0,159.14,ibiraci
04/2026,3,SUDESTE,SE,31,MINAS GERAIS,MG,312980,IBIRITE,1.0,2025,DOU,179582.0,50.0,0.0,0.0,0.0,0.0,1.0,92.0,0.0,0.0,0.0,0.0,92.0,175092.0,97.49,ibirite
04/2026,3,SUDESTE,SE,31,MINAS GERAIS,MG,312990,IBITIURA DE MINAS,3.0,2025,DOU,3440.0,1.0,0.0,0.0,0.0,0.0,0.0,0.0,0.0,0.0,0.0,0.0,0.0,3500.0,101.74,ibitiura_de_minas
04/2026,3,SUDESTE,SE,31,MINAS GERAIS,MG,313000,IBITURUNA,3.0,2025,DOU,2733.0,1.0,0.0,0.0,0.0,0.0,0.0,0.0,0.0,0.0,0.0,0.0,0.0,3500.0,128.06,ibituruna
04/2026,3,SUDESTE,SE,31,MINAS GERAIS,MG,313005,ICARAI DE MINAS,3.0,2025,DOU,10914.0,6.0,0.0,0.0,0.0,0.0,0.0,0.0,0.0,0.0,0.0,0.0,0.0,21000.0,192.41,icarai_de_minas
04/2026,3,SUDESTE,SE,31,MINAS GERAIS,MG,313010,IGARAPE,1.0,2025,DOU,49120.0,14.0,1.0,0.0,0.0,0.0,0.0,0.0,0.0,0.0,0.0,0.0,0.0,51625.0,105.09,igarape
04/2026,3,SUDESTE,SE,31,MINAS GERAIS,MG,313020,IGARATINGA,3.0,2025,DOU,11345.0,6.0,0.0,0.0,0.0,0.0,0.0,0.0,0.0,0.0,0.0,0.0,0.0,21000.0,185.1,igaratinga
04/2026,3,SUDESTE,SE,31,MINAS GERAIS,MG,313030,IGUATAMA,3.0,2025,DOU,6782.0,4.0,0.0,0.0,0.0,0.0,0.0,0.0,0.0,0.0,0.0,0.0,0.0,14000.0,206.42,iguatama
04/2026,3,SUDESTE,SE,31,MINAS GERAIS,MG,313040,IJACI,1.0,2025,DOU,7358.0,3.0,0.0,0.0,0.0,0.0,0.0,0.0,0.0,0.0,0.0,0.0,0.0,10500.0,142.7,ijaci
04/2026,3,SUDESTE,SE,31,MINAS GERAIS,MG,313050,ILICINEA,2.0,2025,DOU,13248.0,5.0,1.0,0.0,0.0,0.0,0.0,0.0,0.0,0.0,0.0,0.0,0.0,20125.0,151.9,ilicinea
04/2026,3,SUDESTE,SE,31,MINAS GERAIS,MG,313055,IMBE DE MINAS,3.0,2025,DOU,7244.0,3.0,0.0,0.0,0.0,0.0,0.0,0.0,0.0,0.0,0.0,0.0,0.0,10500.0,144.94,imbe_de_minas
04/2026,3,SUDESTE,SE,31,MINAS GERAIS,MG,313060,INCONFIDENTES,3.0,2025,DOU,7537.0,3.0,0.0,0.0,0.0,0.0,0.0,0.0,0.0,0.0,0.0,0.0,0.0,10500.0,139.31,inconfidentes
04/2026,3,SUDESTE,SE,31,MINAS GERAIS,MG,313065,INDAIABIRA,5.0,2025,DOU,6328.0,4.0,0.0,0.0,0.0,0.0,0.0,0.0,0.0,0.0,0.0,0.0,0.0,14000.0,221.23,indaiabira
04/2026,3,SUDESTE,SE,31,MINAS GERAIS,MG,313070,INDIANOPOLIS,3.0,2025,DOU,6311.0,3.0,0.0,0.0,0.0,0.0,0.0,0.0,0.0,0.0,0.0,0.0,0.0,10500.0,166.37,indianopolis
04/2026,3,SUDESTE,SE,31,MINAS GERAIS,MG,313080,INGAI,3.0,2025,DOU,2632.0,1.0,0.0,0.0,0.0,0.0,0.0,0.0,0.0,0.0,0.0,0.0,0.0,3500.0,132.97,ingai
04/2026,3,SUDESTE,SE,31,MINAS GERAIS,MG,313090,INHAPIM,3.0,2025,DOU,22925.0,10.0,0.0,0.0,0.0,0.0,0.0,0.0,1.0,118.0,0.0,0.0,118.0,35118.0,153.18,inhapim
04/2026,3,SUDESTE,SE,31,MINAS GERAIS,MG,313100,INHAUMA,1.0,2025,DOU,6465.0,3.0,0.0,0.0,0.0,0.0,0.0,0.0,0.0,0.0,0.0,0.0,0.0,10500.0,162.41,inhauma
04/2026,3,SUDESTE,SE,31,MINAS GERAIS,MG,313110,INIMUTABA,1.0,2025,DOU,7615.0,4.0,0.0,0.0,0.0,0.0,0.0,0.0,0.0,0.0,0.0,0.0,0.0,14000.0,183.84,inimutaba
04/2026,3,SUDESTE,SE,31,MINAS GERAIS,MG,313115,IPABA,1.0,2025,DOU,17587.0,8.0,0.0,0.0,0.0,0.0,0.0,0.0,0.0,0.0,1.0,511.0,511.0,28511.0,162.11,ipaba
04/2026,3,SUDESTE,SE,31,MINAS GERAIS,MG,313120,IPANEMA,1.0,2025,DOU,20181.0,6.0,1.0,0.0,0.0,0.0,0.0,0.0,0.0,0.0,0.0,0.0,0.0,23625.0,117.06,ipanema
04/2026,3,SUDESTE,SE,31,MINAS GERAIS,MG,313130,IPATINGA,1.0,2025,DOU,235311.0,60.0,2.0,0.0,0.0,0.0,1.0,329.0,0.0,0.0,1.0,474.0,803.0,216053.0,91.81,ipatinga
04/2026,3,SUDESTE,SE,31,MINAS GERAIS,MG,313140,IPIACU,2.0,2025,DOU,3807.0,2.0,0.0,0.0,0.0,0.0,0.0,0.0,0.0,0.0,0.0,0.0,0.0,7000.0,183.87,ipiacu
04/2026,3,SUDESTE,SE,31,MINAS GERAIS,MG,313150,IPUIUNA,3.0,2025,DOU,9283.0,4.0,0.0,0.0,0.0,0.0,0.0,0.0,0.0,0.0,0.0,0.0,0.0,14000.0,150.81,ipuiuna
04/2026,3,SUDESTE,SE,31,MINAS GERAIS,MG,313160,IRAI DE MINAS,2.0,2025,DOU,7467.0,2.0,0.0,0.0,0.0,0.0,0.0,0.0,0.0,0.0,0.0,0.0,0.0,7000.0,93.74,irai_de_minas
04/2026,3,SUDESTE,SE,31,MINAS GERAIS,MG,313170,ITABIRA,1.0,2025,DOU,118053.0,34.0,0.0,0.0,0.0,0.0,0.0,0.0,0.0,0.0,0.0,0.0,0.0,119000.0,100.8,itabira
04/2026,3,SUDESTE,SE,31,MINAS GERAIS,MG,313180,ITABIRINHA,3.0,2025,DOU,10548.0,5.0,0.0,0.0,0.0,0.0,0.0,0.0,0.0,0.0,0.0,0.0,0.0,17500.0,165.9,itabirinha
04/2026,3,SUDESTE,SE,31,MINAS GERAIS,MG,313190,ITABIRITO,1.0,2025,DOU,56369.0,17.0,0.0,0.0,0.0,0.0,0.0,0.0,0.0,0.0,0.0,0.0,0.0,59500.0,105.55,itabirito
04/2026,3,SUDESTE,SE,31,MINAS GERAIS,MG,313200,ITACAMBIRA,3.0,2025,DOU,4227.0,3.0,0.0,0.0,0.0,0.0,0.0,0.0,0.0,0.0,0.0,0.0,0.0,10500.0,248.4,itacambira
04/2026,3,SUDESTE,SE,31,MINAS GERAIS,MG,313210,ITACARAMBI,1.0,2025,DOU,17502.0,7.0,0.0,0.0,0.0,0.0,0.0,0.0,0.0,0.0,0.0,0.0,0.0,24500.0,139.98,itacarambi
04/2026,3,SUDESTE,SE,31,MINAS GERAIS,MG,313220,ITAGUARA,3.0,2025,DOU,14415.0,5.0,0.0,0.0,0.0,0.0,0.0,0.0,0.0,0.0,0.0,0.0,0.0,17500.0,121.4,itaguara
04/2026,3,SUDESTE,SE,31,MINAS GERAIS,MG,313230,ITAIPE,3.0,2025,DOU,10482.0,6.0,0.0,0.0,0.0,0.0,0.0,0.0,0.0,0.0,0.0,0.0,0.0,21000.0,200.34,itaipe
04/2026,3,SUDESTE,SE,31,MINAS GERAIS,MG,313240,ITAJUBA,1.0,2025,DOU,96855.0,25.0,2.0,4.0,0.0,0.0,0.0,0.0,0.0,0.0,1.0,1171.0,1171.0,100921.0,104.19,itajuba
04/2026,3,SUDESTE,SE,31,MINAS GERAIS,MG,313250,ITAMARANDIBA,2.0,2025,DOU,34210.0,13.0,0.0,0.0,0.0,0.0,0.0,0.0,0.0,0.0,0.0,0.0,0.0,45500.0,133.0,itamarandiba
04/2026,3,SUDESTE,SE,31,MINAS GERAIS,MG,313260,ITAMARATI DE MINAS,3.0,2025,DOU,3710.0,2.0,0.0,0.0,0.0,0.0,0.0,0.0,0.0,0.0,0.0,0.0,0.0,7000.0,188.67,itamarati_de_minas
04/2026,3,SUDESTE,SE,31,MINAS GERAIS,MG,313270,ITAMBACURI,2.0,2025,DOU,21210.0,11.0,1.0,1.0,0.0,0.0,0.0,0.0,1.0,189.0,0.0,0.0,189.0,43064.0,203.03,itambacuri
04/2026,3,SUDESTE,SE,31,MINAS GERAIS,MG,313280,ITAMBE DO MATO DENTRO,3.0,2025,DOU,2168.0,1.0,0.0,0.0,0.0,0.0,0.0,0.0,0.0,0.0,0.0,0.0,0.0,3500.0,161.43,itambe_do_mato_dentro
04/2026,3,SUDESTE,SE,31,MINAS GERAIS,MG,313290,ITAMOGI,3.0,2025,DOU,11092.0,4.0,0.0,0.0,0.0,0.0,0.0,0.0,0.0,0.0,0.0,0.0,0.0,14000.0,126.21,itamogi
04/2026,3,SUDESTE,SE,31,MINAS GERAIS,MG,313300,ITAMONTE,3.0,2025,DOU,15245.0,6.0,0.0,0.0,0.0,0.0,0.0,0.0,0.0,0.0,0.0,0.0,0.0,21000.0,137.75,itamonte
04/2026,3,SUDESTE,SE,31,MINAS GERAIS,MG,313310,ITANHANDU,1.0,2025,DOU,15751.0,5.0,0.0,0.0,0.0,0.0,0.0,0.0,0.0,0.0,0.0,0.0,0.0,17500.0,111.1,itanhandu
04/2026,3,SUDESTE,SE,31,MINAS GERAIS,MG,313320,ITANHOMI,3.0,2025,DOU,11264.0,5.0,0.0,0.0,0.0,0.0,0.0,0.0,0.0,0.0,0.0,0.0,0.0,17500.0,155.36,itanhomi
04/2026,3,SUDESTE,SE,31,MINAS GERAIS,MG,313330,ITAOBIM,2.0,2025,DOU,19263.0,9.0,0.0,1.0,0.0,0.0,0.0,0.0,1.0,121.0,0.0,0.0,121.0,33371.0,173.23,itaobim
04/2026,3,SUDESTE,SE,31,MINAS GERAIS,MG,313340,ITAPAGIPE,3.0,2025,DOU,14014.0,5.0,0.0,0.0,0.0,0.0,0.0,0.0,0.0,0.0,0.0,0.0,0.0,17500.0,124.87,itapagipe
04/2026,3,SUDESTE,SE,31,MINAS GERAIS,MG,313350,ITAPECERICA,2.0,2025,DOU,21456.0,8.0,0.0,0.0,0.0,0.0,0.0,0.0,0.0,0.0,0.0,0.0,0.0,28000.0,130.49,itapecerica
04/2026,3,SUDESTE,SE,31,MINAS GERAIS,MG,313360,ITAPEVA,3.0,2025,DOU,13561.0,4.0,2.0,0.0,0.0,0.0,0.0,0.0,0.0,0.0,0.0,0.0,0.0,19250.0,141.95,itapeva
04/2026,3,SUDESTE,SE,31,MINAS GERAIS,MG,313370,ITATIAIUCU,3.0,2025,DOU,13779.0,5.0,0.0,0.0,0.0,0.0,0.0,0.0,0.0,0.0,0.0,0.0,0.0,17500.0,127.0,itatiaiucu
04/2026,3,SUDESTE,SE,31,MINAS GERAIS,MG,313375,ITAU DE MINAS,1.0,2025,DOU,14634.0,5.0,0.0,0.0,0.0,0.0,0.0,0.0,0.0,0.0,0.0,0.0,0.0,17500.0,119.58,itau_de_minas
04/2026,3,SUDESTE,SE,31,MINAS GERAIS,MG,313380,ITAUNA,1.0,2025,DOU,103272.0,23.0,1.0,0.0,0.0,0.0,0.0,0.0,0.0,0.0,0.0,0.0,0.0,83125.0,80.49,itauna
04/2026,3,SUDESTE,SE,31,MINAS GERAIS,MG,313390,ITAVERAVA,3.0,2025,DOU,5747.0,3.0,0.0,0.0,0.0,0.0,0.0,0.0,0.0,0.0,0.0,0.0,0.0,10500.0,182.7,itaverava
04/2026,3,SUDESTE,SE,31,MINAS GERAIS,MG,313400,ITINGA,3.0,2025,DOU,13954.0,5.0,1.0,0.0,0.0,0.0,0.0,0.0,0.0,0.0,0.0,0.0,0.0,20125.0,144.22,itinga
04/2026,3,SUDESTE,SE,31,MINAS GERAIS,MG,313410,ITUETA,3.0,2025,DOU,6234.0,3.0,0.0,0.0,0.0,0.0,0.0,0.0,0.0,0.0,0.0,0.0,0.0,10500.0,168.43,itueta
04/2026,3,SUDESTE,SE,31,MINAS GERAIS,MG,313420,ITUIUTABA,1.0,2025,DOU,106775.0,15.0,3.0,0.0,0.0,0.0,0.0,0.0,0.0,0.0,0.0,0.0,0.0,60375.0,56.54,ituiutaba
04/2026,3,SUDESTE,SE,31,MINAS GERAIS,MG,313430,ITUMIRIM,1.0,2025,DOU,6876.0,2.0,1.0,0.0,0.0,0.0,0.0,0.0,0.0,0.0,0.0,0.0,0.0,9625.0,139.97,itumirim
04/2026,3,SUDESTE,SE,31,MINAS GERAIS,MG,313440,ITURAMA,1.0,2025,DOU,40259.0,9.0,1.0,0.0,0.0,0.0,0.0,0.0,1.0,0.0,0.0,0.0,0.0,34125.0,84.76,iturama
04/2026,3,SUDESTE,SE,31,MINAS GERAIS,MG,313450,ITUTINGA,3.0,2025,DOU,4366.0,2.0,0.0,0.0,0.0,0.0,0.0,0.0,0.0,0.0,0.0,0.0,0.0,7000.0,160.32,itutinga
04/2026,3,SUDESTE,SE,31,MINAS GERAIS,MG,313460,JABOTICATUBAS,3.0,2025,DOU,21407.0,6.0,0.0,0.0,0.0,0.0,0.0,0.0,0.0,0.0,0.0,0.0,0.0,21000.0,98.09,jaboticatubas
04/2026,3,SUDESTE,SE,31,MINAS GERAIS,MG,313470,JACINTO,3.0,2025,DOU,11115.0,6.0,0.0,0.0,0.0,0.0,0.0,0.0,0.0,0.0,0.0,0.0,0.0,21000.0,188.93,jacinto
04/2026,3,SUDESTE,SE,31,MINAS GERAIS,MG,313480,JACUI,3.0,2025,DOU,7668.0,2.0,1.0,0.0,0.0,0.0,0.0,0.0,0.0,0.0,0.0,0.0,0.0,9625.0,125.52,jacui
04/2026,3,SUDESTE,SE,31,MINAS GERAIS,MG,313490,JACUTINGA,2.0,2025,DOU,26888.0,6.0,0.0,0.0,0.0,0.0,0.0,0.0,0.0,0.0,0.0,0.0,0.0,21000.0,78.1,jacutinga
04/2026,3,SUDESTE,SE,31,MINAS GERAIS,MG,313500,JAGUARACU,1.0,2025,DOU,3181.0,2.0,0.0,0.0,0.0,0.0,0.0,0.0,0.0,0.0,0.0,0.0,0.0,7000.0,220.05,jaguaracu
04/2026,3,SUDESTE,SE,31,MINAS GERAIS,MG,313505,JAIBA,3.0,2025,DOU,39639.0,18.0,0.0,0.0,0.0,0.0,0.0,0.0,0.0,0.0,0.0,0.0,0.0,63000.0,158.93,jaiba
04/2026,3,SUDESTE,SE,31,MINAS GERAIS,MG,313507,JAMPRUCA,3.0,2025,DOU,4266.0,2.0,0.0,0.0,0.0,0.0,0.0,0.0,0.0,0.0,0.0,0.0,0.0,7000.0,164.08,jampruca
04/2026,3,SUDESTE,SE,31,MINAS GERAIS,MG,313510,JANAUBA,1.0,2025,DOU,73555.0,27.0,0.0,0.0,0.0,0.0,1.0,57.0,1.0,282.0,0.0,0.0,339.0,94839.0,128.93,janauba
04/2026,3,SUDESTE,SE,31,MINAS GERAIS,MG,313520,JANUARIA,1.0,2025,DOU,67123.0,24.0,1.0,0.0,0.0,0.0,0.0,0.0,0.0,0.0,1.0,293.0,293.0,86918.0,129.49,januaria
04/2026,3,SUDESTE,SE,31,MINAS GERAIS,MG,313530,JAPARAIBA,3.0,2025,DOU,4706.0,2.0,0.0,0.0,0.0,0.0,0.0,0.0,0.0,0.0,0.0,0.0,0.0,7000.0,148.74,japaraiba
04/2026,3,SUDESTE,SE,31,MINAS GERAIS,MG,313535,JAPONVAR,3.0,2025,DOU,8385.0,4.0,0.0,0.0,0.0,0.0,0.0,0.0,0.0,0.0,0.0,0.0,0.0,14000.0,166.96,japonvar
04/2026,3,SUDESTE,SE,31,MINAS GERAIS,MG,313540,JECEABA,1.0,2025,DOU,6476.0,2.0,0.0,0.0,0.0,0.0,0.0,0.0,0.0,0.0,0.0,0.0,0.0,7000.0,108.09,jeceaba
04/2026,3,SUDESTE,SE,31,MINAS GERAIS,MG,313545,JENIPAPO DE MINAS,3.0,2025,DOU,6072.0,4.0,1.0,0.0,0.0,0.0,0.0,0.0,0.0,0.0,0.0,0.0,0.0,16625.0,273.79,jenipapo_de_minas
04/2026,3,SUDESTE,SE,31,MINAS GERAIS,MG,313550,JEQUERI,3.0,2025,DOU,12636.0,5.0,0.0,0.0,0.0,0.0,0.0,0.0,0.0,0.0,0.0,0.0,0.0,17500.0,138.49,jequeri
04/2026,3,SUDESTE,SE,31,MINAS GERAIS,MG,313560,JEQUITAI,3.0,2025,DOU,6379.0,3.0,0.0,0.0,0.0,0.0,0.0,0.0,0.0,0.0,0.0,0.0,0.0,10500.0,164.6,jequitai
04/2026,3,SUDESTE,SE,31,MINAS GERAIS,MG,313570,JEQUITIBA,3.0,2025,DOU,6142.0,3.0,0.0,0.0,0.0,0.0,0.0,0.0,0.0,0.0,0.0,0.0,0.0,10500.0,170.95,jequitiba
04/2026,3,SUDESTE,SE,31,MINAS GERAIS,MG,313580,JEQUITINHONHA,4.0,2025,DOU,24516.0,10.0,0.0,2.0,0.0,0.0,0.0,0.0,1.0,228.0,0.0,0.0,228.0,38728.0,157.97,jequitinhonha
04/2026,3,SUDESTE,SE,31,MINAS GERAIS,MG,313590,JESUANIA,3.0,2025,DOU,5320.0,2.0,0.0,0.0,0.0,0.0,0.0,0.0,0.0,0.0,0.0,0.0,0.0,7000.0,131.57,jesuania
04/2026,3,SUDESTE,SE,31,MINAS GERAIS,MG,313600,JOAIMA,3.0,2025,DOU,14035.0,7.0,0.0,1.0,0.0,0.0,0.0,0.0,0.0,0.0,0.0,0.0,0.0,26250.0,187.03,joaima
04/2026,3,SUDESTE,SE,31,MINAS GERAIS,MG,313610,JOANESIA,3.0,2025,DOU,4246.0,3.0,0.0,0.0,0.0,0.0,0.0,0.0,0.0,0.0,0.0,0.0,0.0,10500.0,247.29,joanesia
04/2026,3,SUDESTE,SE,31,MINAS GERAIS,MG,313620,JOAO MONLEVADE,1.0,2025,DOU,83791.0,17.0,2.0,0.0,0.0,0.0,0.0,0.0,0.0,0.0,0.0,0.0,0.0,64750.0,77.27,joao_monlevade
04/2026,3,SUDESTE,SE,31,MINAS GERAIS,MG,313630,JOAO PINHEIRO,1.0,2025,DOU,48725.0,14.0,0.0,0.0,0.0,0.0,0.0,0.0,1.0,428.0,0.0,0.0,428.0,49428.0,101.44,joao_pinheiro
04/2026,3,SUDESTE,SE,31,MINAS GERAIS,MG,313640,JOAQUIM FELICIO,3.0,2025,DOU,3868.0,2.0,0.0,0.0,0.0,0.0,0.0,0.0,0.0,0.0,0.0,0.0,0.0,7000.0,180.97,joaquim_felicio
04/2026,3,SUDESTE,SE,31,MINAS GERAIS,MG,313650,JORDANIA,3.0,2025,DOU,10541.0,5.0,0.0,0.0,0.0,0.0,0.0,0.0,0.0,0.0,0.0,0.0,0.0,17500.0,166.01,jordania
04/2026,3,SUDESTE,SE,31,MINAS GERAIS,MG,313652,JOSE GONCALVES DE MINAS,5.0,2025,DOU,3963.0,2.0,0.0,0.0,0.0,0.0,0.0,0.0,0.0,0.0,0.0,0.0,0.0,7000.0,176.63,jose_goncalves_de_minas
04/2026,3,SUDESTE,SE,31,MINAS GERAIS,MG,313655,JOSE RAYDAN,3.0,2025,DOU,4349.0,3.0,0.0,0.0,0.0,0.0,0.0,0.0,0.0,0.0,0.0,0.0,0.0,10500.0,241.43,jose_raydan
04/2026,3,SUDESTE,SE,31,MINAS GERAIS,MG,313657,JOSENOPOLIS,5.0,2025,DOU,3557.0,2.0,0.0,0.0,0.0,0.0,0.0,0.0,0.0,0.0,0.0,0.0,0.0,7000.0,196.79,josenopolis
04/2026,3,SUDESTE,SE,31,MINAS GERAIS,MG,313665,JUATUBA,1.0,2025,DOU,33249.0,13.0,0.0,0.0,0.0,0.0,0.0,0.0,1.0,0.0,0.0,0.0,0.0,45500.0,136.84,juatuba
04/2026,3,SUDESTE,SE,31,MINAS GERAIS,MG,313670,JUIZ DE FORA,1.0,2025,DOU,567730.0,236.0,0.0,4.0,0.0,0.0,1.0,943.0,2.0,0.0,0.0,0.0,943.0,833943.0,146.89,juiz_de_fora
04/2026,3,SUDESTE,SE,31,MINAS GERAIS,MG,313680,JURAMENTO,3.0,2025,DOU,3798.0,2.0,0.0,0.0,0.0,0.0,0.0,0.0,0.0,0.0,0.0,0.0,0.0,7000.0,184.3,juramento
04/2026,3,SUDESTE,SE,31,MINAS GERAIS,MG,313690,JURUAIA,3.0,2025,DOU,11652.0,5.0,0.0,1.0,0.0,0.0,0.0,0.0,0.0,0.0,0.0,0.0,0.0,19250.0,165.2,juruaia
04/2026,3,SUDESTE,SE,31,MINAS GERAIS,MG,313695,JUVENILIA,5.0,2025,DOU,5937.0,3.0,0.0,0.0,0.0,0.0,0.0,0.0,0.0,0.0,0.0,0.0,0.0,10500.0,176.85,juvenilia
04/2026,3,SUDESTE,SE,31,MINAS GERAIS,MG,313700,LADAINHA,3.0,2025,DOU,14263.0,7.0,0.0,0.0,0.0,0.0,0.0,0.0,0.0,0.0,0.0,0.0,0.0,24500.0,171.77,ladainha
04/2026,3,SUDESTE,SE,31,MINAS GERAIS,MG,313710,LAGAMAR,3.0,2025,DOU,6622.0,4.0,0.0,0.0,0.0,0.0,0.0,0.0,0.0,0.0,0.0,0.0,0.0,14000.0,211.41,lagamar
04/2026,3,SUDESTE,SE,31,MINAS GERAIS,MG,313720,LAGOA DA PRATA,1.0,2025,DOU,53927.0,10.0,1.0,0.0,0.0,0.0,0.0,0.0,1.0,188.0,0.0,0.0,188.0,37813.0,70.11,lagoa_da_prata
04/2026,3,SUDESTE,SE,31,MINAS GERAIS,MG,313730,LAGOA DOS PATOS,3.0,2025,DOU,3237.0,2.0,0.0,0.0,0.0,0.0,0.0,0.0,0.0,0.0,0.0,0.0,0.0,7000.0,216.24,lagoa_dos_patos
04/2026,3,SUDESTE,SE,31,MINAS GERAIS,MG,313740,LAGOA DOURADA,3.0,2025,DOU,13152.0,5.0,0.0,0.0,0.0,0.0,0.0,0.0,0.0,0.0,0.0,0.0,0.0,17500.0,133.05,lagoa_dourada
04/2026,3,SUDESTE,SE,31,MINAS GERAIS,MG,313750,LAGOA FORMOSA,2.0,2025,DOU,19614.0,9.0,0.0,0.0,0.0,0.0,0.0,0.0,0.0,0.0,0.0,0.0,0.0,31500.0,160.59,lagoa_formosa
04/2026,3,SUDESTE,SE,31,MINAS GERAIS,MG,313753,LAGOA GRANDE,2.0,2025,DOU,9235.0,5.0,0.0,0.0,0.0,0.0,0.0,0.0,0.0,0.0,0.0,0.0,0.0,17500.0,189.49,lagoa_grande
04/2026,3,SUDESTE,SE,31,MINAS GERAIS,MG,313760,LAGOA SANTA,1.0,2025,DOU,81299.0,25.0,0.0,0.0,0.0,0.0,0.0,0.0,1.0,403.0,0.0,0.0,403.0,87903.0,108.12,lagoa_santa
04/2026,3,SUDESTE,SE,31,MINAS GERAIS,MG,313770,LAJINHA,3.0,2025,DOU,21502.0,8.0,0.0,1.0,0.0,0.0,0.0,0.0,0.0,0.0,0.0,0.0,0.0,29750.0,138.35,lajinha
04/2026,3,SUDESTE,SE,31,MINAS GERAIS,MG,313780,LAMBARI,2.0,2025,DOU,21010.0,7.0,0.0,0.0,0.0,0.0,0.0,0.0,0.0,0.0,0.0,0.0,0.0,24500.0,116.61,lambari
04/2026,3,SUDESTE,SE,31,MINAS GERAIS,MG,313790,LAMIM,3.0,2025,DOU,3213.0,2.0,0.0,0.0,0.0,0.0,0.0,0.0,0.0,0.0,0.0,0.0,0.0,7000.0,217.86,lamim
04/2026,3,SUDESTE,SE,31,MINAS GERAIS,MG,313800,LARANJAL,3.0,2025,DOU,6018.0,3.0,0.0,0.0,0.0,0.0,0.0,0.0,0.0,0.0,0.0,0.0,0.0,10500.0,174.47,laranjal
04/2026,3,SUDESTE,SE,31,MINAS GERAIS,MG,313810,LASSANCE,3.0,2025,DOU,7398.0,4.0,0.0,0.0,0.0,0.0,0.0,0.0,0.0,0.0,0.0,0.0,0.0,14000.0,189.24,lassance
04/2026,3,SUDESTE,SE,31,MINAS GERAIS,MG,313820,LAVRAS,1.0,2025,DOU,110682.0,19.0,2.0,1.0,0.0,0.0,0.0,0.0,0.0,0.0,0.0,0.0,0.0,73500.0,66.4,lavras
04/2026,3,SUDESTE,SE,31,MINAS GERAIS,MG,313830,LEANDRO FERREIRA,3.0,2025,DOU,3272.0,1.0,0.0,1.0,0.0,0.0,0.0,0.0,0.0,0.0,0.0,0.0,0.0,5250.0,160.45,leandro_ferreira
04/2026,3,SUDESTE,SE,31,MINAS GERAIS,MG,313835,LEME DO PRADO,3.0,2025,DOU,4364.0,2.0,0.0,0.0,0.0,0.0,0.0,0.0,0.0,0.0,0.0,0.0,0.0,7000.0,160.4,leme_do_prado
04/2026,3,SUDESTE,SE,31,MINAS GERAIS,MG,313840,LEOPOLDINA,1.0,2025,DOU,52739.0,16.0,0.0,0.0,0.0,0.0,0.0,0.0,1.0,142.0,0.0,0.0,142.0,56142.0,106.45,leopoldina
04/2026,3,SUDESTE,SE,31,MINAS GERAIS,MG,313850,LIBERDADE,3.0,2025,DOU,4744.0,2.0,0.0,0.0,0.0,0.0,0.0,0.0,0.0,0.0,0.0,0.0,0.0,7000.0,147.55,liberdade
04/2026,3,SUDESTE,SE,31,MINAS GERAIS,MG,313860,LIMA DUARTE,3.0,2025,DOU,17782.0,7.0,0.0,0.0,0.0,0.0,0.0,0.0,0.0,0.0,0.0,0.0,0.0,24500.0,137.77,lima_duarte
04/2026,3,SUDESTE,SE,31,MINAS GERAIS,MG,313862,LIMEIRA DO OESTE,5.0,2025,DOU,9191.0,3.0,1.0,0.0,0.0,0.0,0.0,0.0,0.0,0.0,0.0,0.0,0.0,13125.0,142.8,limeira_do_oeste
04/2026,3,SUDESTE,SE,31,MINAS GERAIS,MG,313865,LONTRA,3.0,2025,DOU,8963.0,4.0,0.0,0.0,0.0,0.0,0.0,0.0,0.0,0.0,0.0,0.0,0.0,14000.0,156.19,lontra
04/2026,3,SUDESTE,SE,31,MINAS GERAIS,MG,313867,LUISBURGO,3.0,2025,DOU,7239.0,3.0,0.0,0.0,0.0,0.0,0.0,0.0,0.0,0.0,0.0,0.0,0.0,10500.0,145.04,luisburgo
04/2026,3,SUDESTE,SE,31,MINAS GERAIS,MG,313868,LUISLANDIA,3.0,2025,DOU,6323.0,3.0,0.0,0.0,0.0,0.0,0.0,0.0,0.0,0.0,0.0,0.0,0.0,10500.0,166.06,luislandia
04/2026,3,SUDESTE,SE,31,MINAS GERAIS,MG,313870,LUMINARIAS,3.0,2025,DOU,5744.0,3.0,0.0,0.0,0.0,0.0,0.0,0.0,0.0,0.0,0.0,0.0,0.0,10500.0,182.79,luminarias
04/2026,3,SUDESTE,SE,31,MINAS GERAIS,MG,313880,LUZ,1.0,2025,DOU,18336.0,5.0,5.0,0.0,0.0,0.0,0.0,0.0,0.0,0.0,0.0,0.0,0.0,30625.0,167.02,luz
04/2026,3,SUDESTE,SE,31,MINAS GERAIS,MG,313890,MACHACALIS,2.0,2025,DOU,6556.0,4.0,0.0,0.0,0.0,0.0,0.0,0.0,0.0,0.0,0.0,0.0,0.0,14000.0,213.54,machacalis
04/2026,3,SUDESTE,SE,31,MINAS GERAIS,MG,313900,MACHADO,1.0,2025,DOU,38809.0,10.0,0.0,2.0,0.0,0.0,0.0,0.0,0.0,0.0,0.0,0.0,0.0,38500.0,99.2,machado
04/2026,3,SUDESTE,SE,31,MINAS GERAIS,MG,313910,MADRE DE DEUS DE MINAS,3.0,2025,DOU,5360.0,2.0,0.0,0.0,0.0,0.0,0.0,0.0,0.0,0.0,0.0,0.0,0.0,7000.0,130.59,madre_de_deus_de_minas
04/2026,3,SUDESTE,SE,31,MINAS GERAIS,MG,313920,MALACACHETA,2.0,2025,DOU,17691.0,7.0,0.0,0.0,0.0,0.0,0.0,0.0,0.0,0.0,0.0,0.0,0.0,24500.0,138.48,malacacheta
04/2026,3,SUDESTE,SE,31,MINAS GERAIS,MG,313925,MAMONAS,3.0,2025,DOU,6082.0,3.0,0.0,0.0,0.0,0.0,0.0,0.0,0.0,0.0,0.0,0.0,0.0,10500.0,172.64,mamonas
04/2026,3,SUDESTE,SE,31,MINAS GERAIS,MG,313930,MANGA,4.0,2025,DOU,19148.0,8.0,0.0,0.0,0.0,0.0,0.0,0.0,0.0,0.0,0.0,0.0,0.0,28000.0,146.22,manga
04/2026,3,SUDESTE,SE,31,MINAS GERAIS,MG,313940,MANHUACU,1.0,2025,DOU,97328.0,23.0,1.0,0.0,0.0,0.0,0.0,0.0,1.0,513.0,0.0,0.0,513.0,83638.0,85.93,manhuacu
04/2026,3,SUDESTE,SE,31,MINAS GERAIS,MG,313950,MANHUMIRIM,1.0,2025,DOU,20939.0,7.0,0.0,0.0,0.0,0.0,0.0,0.0,1.0,410.0,0.0,0.0,410.0,24910.0,118.96,manhumirim
04/2026,3,SUDESTE,SE,31,MINAS GERAIS,MG,313960,MANTENA,2.0,2025,DOU,27350.0,12.0,0.0,0.0,0.0,0.0,0.0,0.0,0.0,0.0,0.0,0.0,0.0,42000.0,153.56,mantena
04/2026,3,SUDESTE,SE,31,MINAS GERAIS,MG,313980,MAR DE ESPANHA,1.0,2025,DOU,13180.0,6.0,0.0,0.0,0.0,0.0,0.0,0.0,0.0,0.0,0.0,0.0,0.0,21000.0,159.33,mar_de_espanha
04/2026,3,SUDESTE,SE,31,MINAS GERAIS,MG,313970,MARAVILHAS,3.0,2025,DOU,7532.0,3.0,0.0,0.0,0.0,0.0,0.0,0.0,0.0,0.0,0.0,0.0,0.0,10500.0,139.4,maravilhas
04/2026,3,SUDESTE,SE,31,MINAS GERAIS,MG,313990,MARIA DA FE,3.0,2025,DOU,14567.0,7.0,0.0,0.0,0.0,0.0,0.0,0.0,0.0,0.0,0.0,0.0,0.0,24500.0,168.18,maria_da_fe
04/2026,3,SUDESTE,SE,31,MINAS GERAIS,MG,314000,MARIANA,1.0,2025,DOU,64506.0,16.0,0.0,0.0,0.0,0.0,0.0,0.0,1.0,0.0,0.0,0.0,0.0,56000.0,86.81,mariana
04/2026,3,SUDESTE,SE,31,MINAS GERAIS,MG,314010,MARILAC,3.0,2025,DOU,4323.0,2.0,0.0,0.0,0.0,0.0,0.0,0.0,0.0,0.0,0.0,0.0,0.0,7000.0,161.92,marilac
04/2026,3,SUDESTE,SE,31,MINAS GERAIS,MG,314015,MARIO CAMPOS,1.0,2025,DOU,16705.0,5.0,0.0,0.0,0.0,0.0,0.0,0.0,0.0,0.0,0.0,0.0,0.0,17500.0,104.75,mario_campos
04/2026,3,SUDESTE,SE,31,MINAS GERAIS,MG,314020,MARIPA DE MINAS,3.0,2025,DOU,3567.0,1.0,0.0,0.0,0.0,0.0,0.0,0.0,0.0,0.0,0.0,0.0,0.0,3500.0,98.12,maripa_de_minas
04/2026,3,SUDESTE,SE,31,MINAS GERAIS,MG,314030,MARLIERIA,1.0,2025,DOU,4796.0,2.0,0.0,0.0,0.0,0.0,0.0,0.0,0.0,0.0,0.0,0.0,0.0,7000.0,145.95,marlieria
04/2026,3,SUDESTE,SE,31,MINAS GERAIS,MG,314040,MARMELOPOLIS,3.0,2025,DOU,3314.0,1.0,0.0,0.0,0.0,0.0,0.0,0.0,0.0,0.0,0.0,0.0,0.0,3500.0,105.61,marmelopolis
04/2026,3,SUDESTE,SE,31,MINAS GERAIS,MG,314050,MARTINHO CAMPOS,3.0,2025,DOU,14546.0,5.0,0.0,0.0,0.0,0.0,0.0,0.0,0.0,0.0,0.0,0.0,0.0,17500.0,120.3,martinho_campos
04/2026,3,SUDESTE,SE,31,MINAS GERAIS,MG,314053,MARTINS SOARES,3.0,2025,DOU,8797.0,4.0,0.0,0.0,0.0,0.0,0.0,0.0,0.0,0.0,0.0,0.0,0.0,14000.0,159.14,martins_soares
04/2026,3,SUDESTE,SE,31,MINAS GERAIS,MG,314055,MATA VERDE,2.0,2025,DOU,9532.0,3.0,0.0,0.0,0.0,0.0,0.0,0.0,0.0,0.0,0.0,0.0,0.0,10500.0,110.15,mata_verde
04/2026,3,SUDESTE,SE,31,MINAS GERAIS,MG,314060,MATERLANDIA,3.0,2025,DOU,3949.0,2.0,0.0,0.0,0.0,0.0,0.0,0.0,0.0,0.0,0.0,0.0,0.0,7000.0,177.26,materlandia
04/2026,3,SUDESTE,SE,31,MINAS GERAIS,MG,314070,MATEUS LEME,2.0,2025,DOU,40814.0,13.0,2.0,0.0,0.0,0.0,0.0,0.0,0.0,0.0,0.0,0.0,0.0,50750.0,124.34,mateus_leme
04/2026,3,SUDESTE,SE,31,MINAS GERAIS,MG,317150,MATHIAS LOBATO,3.0,2025,DOU,3053.0,2.0,0.0,0.0,0.0,0.0,0.0,0.0,0.0,0.0,0.0,0.0,0.0,7000.0,229.28,mathias_lobato
04/2026,3,SUDESTE,SE,31,MINAS GERAIS,MG,314080,MATIAS BARBOSA,1.0,2025,DOU,14547.0,5.0,0.0,0.0,0.0,0.0,0.0,0.0,0.0,0.0,0.0,0.0,0.0,17500.0,120.29,matias_barbosa
04/2026,3,SUDESTE,SE,31,MINAS GERAIS,MG,314085,MATIAS CARDOSO,3.0,2025,DOU,8922.0,5.0,0.0,0.0,0.0,0.0,0.0,0.0,0.0,0.0,0.0,0.0,0.0,17500.0,196.14,matias_cardoso
04/2026,3,SUDESTE,SE,31,MINAS GERAIS,MG,314090,MATIPO,2.0,2025,DOU,19115.0,8.0,0.0,0.0,0.0,0.0,0.0,0.0,0.0,0.0,0.0,0.0,0.0,28000.0,146.48,matipo
04/2026,3,SUDESTE,SE,31,MINAS GERAIS,MG,314100,MATO VERDE,3.0,2025,DOU,12210.0,6.0,0.0,0.0,0.0,0.0,0.0,0.0,0.0,0.0,0.0,0.0,0.0,21000.0,171.99,mato_verde
04/2026,3,SUDESTE,SE,31,MINAS GERAIS,MG,314110,MATOZINHOS,1.0,2025,DOU,39529.0,10.0,1.0,0.0,0.0,0.0,0.0,0.0,0.0,0.0,0.0,0.0,0.0,37625.0,95.18,matozinhos
04/2026,3,SUDESTE,SE,31,MINAS GERAIS,MG,314120,MATUTINA,3.0,2025,DOU,3912.0,2.0,0.0,0.0,0.0,0.0,0.0,0.0,0.0,0.0,0.0,0.0,0.0,7000.0,178.93,matutina
04/2026,3,SUDESTE,SE,31,MINAS GERAIS,MG,314130,MEDEIROS,3.0,2025,DOU,4068.0,2.0,0.0,0.0,0.0,0.0,0.0,0.0,0.0,0.0,0.0,0.0,0.0,7000.0,172.07,medeiros
04/2026,3,SUDESTE,SE,31,MINAS GERAIS,MG,314140,MEDINA,2.0,2025,DOU,20455.0,7.0,1.0,0.0,0.0,0.0,0.0,0.0,0.0,0.0,0.0,0.0,0.0,27125.0,132.6,medina
04/2026,3,SUDESTE,SE,31,MINAS GERAIS,MG,314150,MENDES PIMENTEL,3.0,2025,DOU,5614.0,3.0,0.0,0.0,0.0,0.0,0.0,0.0,0.0,0.0,0.0,0.0,0.0,10500.0,187.03,mendes_pimentel
04/2026,3,SUDESTE,SE,31,MINAS GERAIS,MG,314160,MERCES,3.0,2025,DOU,10615.0,4.0,0.0,0.0,0.0,0.0,0.0,0.0,0.0,0.0,0.0,0.0,0.0,14000.0,131.88,merces
04/2026,3,SUDESTE,SE,31,MINAS GERAIS,MG,314170,MESQUITA,3.0,2025,DOU,4984.0,3.0,0.0,0.0,0.0,0.0,0.0,0.0,0.0,0.0,0.0,0.0,0.0,10500.0,210.67,mesquita
04/2026,3,SUDESTE,SE,31,MINAS GERAIS,MG,314180,MINAS NOVAS,3.0,2025,DOU,23843.0,11.0,0.0,0.0,0.0,0.0,0.0,0.0,0.0,0.0,0.0,0.0,0.0,38500.0,161.47,minas_novas
04/2026,3,SUDESTE,SE,31,MINAS GERAIS,MG,314190,MINDURI,3.0,2025,DOU,3811.0,1.0,0.0,0.0,0.0,0.0,0.0,0.0,0.0,0.0,0.0,0.0,0.0,3500.0,91.83,minduri
04/2026,3,SUDESTE,SE,31,MINAS GERAIS,MG,314200,MIRABELA,3.0,2025,DOU,14071.0,7.0,0.0,0.0,0.0,0.0,0.0,0.0,0.0,0.0,0.0,0.0,0.0,24500.0,174.11,mirabela
04/2026,3,SUDESTE,SE,31,MINAS GERAIS,MG,314210,MIRADOURO,3.0,2025,DOU,8961.0,5.0,0.0,0.0,0.0,0.0,0.0,0.0,0.0,0.0,0.0,0.0,0.0,17500.0,195.29,miradouro
04/2026,3,SUDESTE,SE,31,MINAS GERAIS,MG,314220,MIRAI,3.0,2025,DOU,13921.0,5.0,0.0,0.0,0.0,0.0,0.0,0.0,0.0,0.0,0.0,0.0,0.0,17500.0,125.7,mirai
04/2026,3,SUDESTE,SE,31,MINAS GERAIS,MG,314225,MIRAVANIA,5.0,2025,DOU,3982.0,2.0,0.0,0.0,0.0,0.0,0.0,0.0,0.0,0.0,0.0,0.0,0.0,7000.0,175.79,miravania
04/2026,3,SUDESTE,SE,31,MINAS GERAIS,MG,314230,MOEDA,3.0,2025,DOU,5314.0,2.0,0.0,0.0,0.0,0.0,0.0,0.0,0.0,0.0,0.0,0.0,0.0,7000.0,131.72,moeda
04/2026,3,SUDESTE,SE,31,MINAS GERAIS,MG,314240,MOEMA,2.0,2025,DOU,7812.0,4.0,0.0,0.0,0.0,0.0,0.0,0.0,0.0,0.0,0.0,0.0,0.0,14000.0,179.21,moema
04/2026,3,SUDESTE,SE,31,MINAS GERAIS,MG,314250,MONJOLOS,3.0,2025,DOU,2187.0,1.0,0.0,0.0,0.0,0.0,0.0,0.0,0.0,0.0,0.0,0.0,0.0,3500.0,160.03,monjolos
04/2026,3,SUDESTE,SE,31,MINAS GERAIS,MG,314260,MONSENHOR PAULO,3.0,2025,DOU,8565.0,3.0,0.0,0.0,0.0,0.0,0.0,0.0,0.0,0.0,0.0,0.0,0.0,10500.0,122.59,monsenhor_paulo
04/2026,3,SUDESTE,SE,31,MINAS GERAIS,MG,314270,MONTALVANIA,5.0,2025,DOU,14068.0,8.0,0.0,0.0,0.0,0.0,0.0,0.0,0.0,0.0,0.0,0.0,0.0,28000.0,199.03,montalvania
04/2026,3,SUDESTE,SE,31,MINAS GERAIS,MG,314280,MONTE ALEGRE DE MINAS,2.0,2025,DOU,20708.0,6.0,0.0,0.0,0.0,0.0,0.0,0.0,0.0,0.0,0.0,0.0,0.0,21000.0,101.41,monte_alegre_de_minas
04/2026,3,SUDESTE,SE,31,MINAS GERAIS,MG,314290,MONTE AZUL,2.0,2025,DOU,20497.0,11.0,0.0,0.0,0.0,0.0,0.0,0.0,1.0,75.0,0.0,0.0,75.0,38575.0,188.19,monte_azul
04/2026,3,SUDESTE,SE,31,MINAS GERAIS,MG,314300,MONTE BELO,3.0,2025,DOU,13347.0,4.0,1.0,1.0,0.0,0.0,0.0,0.0,0.0,0.0,0.0,0.0,0.0,18375.0,137.67,monte_belo
04/2026,3,SUDESTE,SE,31,MINAS GERAIS,MG,314310,MONTE CARMELO,1.0,2025,DOU,49500.0,15.0,0.0,0.0,0.0,0.0,0.0,0.0,1.0,538.0,0.0,0.0,538.0,53038.0,107.14,monte_carmelo
04/2026,3,SUDESTE,SE,31,MINAS GERAIS,MG,314315,MONTE FORMOSO,3.0,2025,DOU,4437.0,2.0,0.0,0.0,0.0,0.0,0.0,0.0,0.0,0.0,0.0,0.0,0.0,7000.0,157.76,monte_formoso
04/2026,3,SUDESTE,SE,31,MINAS GERAIS,MG,314320,MONTE SANTO DE MINAS,2.0,2025,DOU,21294.0,8.0,0.0,0.0,0.0,0.0,0.0,0.0,1.0,118.0,0.0,0.0,118.0,28118.0,132.04,monte_santo_de_minas
04/2026,3,SUDESTE,SE,31,MINAS GERAIS,MG,314340,MONTE SIAO,2.0,2025,DOU,25107.0,9.0,0.0,0.0,0.0,0.0,0.0,0.0,0.0,0.0,0.0,0.0,0.0,31500.0,125.46,monte_siao
04/2026,3,SUDESTE,SE,31,MINAS GERAIS,MG,314330,MONTES CLAROS,1.0,2025,DOU,437601.0,170.0,0.0,0.0,0.0,0.0,2.0,802.0,4.0,530.0,1.0,1015.0,2347.0,597347.0,136.5,montes_claros
04/2026,3,SUDESTE,SE,31,MINAS GERAIS,MG,314345,MONTEZUMA,3.0,2025,DOU,6951.0,4.0,0.0,0.0,0.0,0.0,0.0,0.0,0.0,0.0,0.0,0.0,0.0,14000.0,201.4,montezuma
04/2026,3,SUDESTE,SE,31,MINAS GERAIS,MG,314350,MORADA NOVA DE MINAS,3.0,2025,DOU,9414.0,4.0,0.0,0.0,0.0,0.0,0.0,0.0,0.0,0.0,0.0,0.0,0.0,14000.0,148.71,morada_nova_de_minas
04/2026,3,SUDESTE,SE,31,MINAS GERAIS,MG,314360,MORRO DA GARCA,3.0,2025,DOU,2426.0,1.0,0.0,0.0,0.0,0.0,0.0,0.0,0.0,0.0,0.0,0.0,0.0,3500.0,144.27,morro_da_garca
04/2026,3,SUDESTE,SE,31,MINAS GERAIS,MG,314370,MORRO DO PILAR,3.0,2025,DOU,3161.0,2.0,0.0,0.0,0.0,0.0,0.0,0.0,0.0,0.0,0.0,0.0,0.0,7000.0,221.44,morro_do_pilar
04/2026,3,SUDESTE,SE,31,MINAS GERAIS,MG,314380,MUNHOZ,3.0,2025,DOU,7930.0,3.0,0.0,0.0,0.0,0.0,0.0,0.0,0.0,0.0,0.0,0.0,0.0,10500.0,132.4,munhoz
04/2026,3,SUDESTE,SE,31,MINAS GERAIS,MG,314390,MURIAE,1.0,2025,DOU,108447.0,35.0,0.0,0.0,0.0,0.0,1.0,148.0,1.0,477.0,1.0,1121.0,1746.0,124246.0,114.56,muriae
04/2026,3,SUDESTE,SE,31,MINAS GERAIS,MG,314400,MUTUM,3.0,2025,DOU,28749.0,10.0,0.0,0.0,0.0,0.0,0.0,0.0,0.0,0.0,0.0,0.0,0.0,35000.0,121.74,mutum
04/2026,3,SUDESTE,SE,31,MINAS GERAIS,MG,314410,MUZAMBINHO,1.0,2025,DOU,22620.0,8.0,0.0,0.0,0.0,0.0,0.0,0.0,0.0,0.0,0.0,0.0,0.0,28000.0,123.78,muzambinho
04/2026,3,SUDESTE,SE,31,MINAS GERAIS,MG,314420,NACIP RAYDAN,3.0,2025,DOU,2400.0,2.0,0.0,0.0,0.0,0.0,0.0,0.0,0.0,0.0,0.0,0.0,0.0,7000.0,291.66,nacip_raydan
04/2026,3,SUDESTE,SE,31,MINAS GERAIS,MG,314430,NANUQUE,1.0,2025,DOU,35263.0,11.0,0.0,2.0,0.0,0.0,0.0,0.0,1.0,209.0,0.0,0.0,209.0,42209.0,119.69,nanuque
04/2026,3,SUDESTE,SE,31,MINAS GERAIS,MG,314435,NAQUE,1.0,2025,DOU,6443.0,3.0,0.0,0.0,0.0,0.0,0.0,0.0,0.0,0.0,0.0,0.0,0.0,10500.0,162.96,naque
04/2026,3,SUDESTE,SE,31,MINAS GERAIS,MG,314437,NATALANDIA,3.0,2025,DOU,3642.0,2.0,0.0,0.0,0.0,0.0,0.0,0.0,0.0,0.0,0.0,0.0,0.0,7000.0,192.2,natalandia
04/2026,3,SUDESTE,SE,31,MINAS GERAIS,MG,314440,NATERCIA,3.0,2025,DOU,4805.0,2.0,0.0,0.0,0.0,0.0,0.0,0.0,0.0,0.0,0.0,0.0,0.0,7000.0,145.68,natercia
04/2026,3,SUDESTE,SE,31,MINAS GERAIS,MG,314450,NAZARENO,2.0,2025,DOU,8407.0,4.0,0.0,0.0,0.0,0.0,0.0,0.0,0.0,0.0,0.0,0.0,0.0,14000.0,166.52,nazareno
04/2026,3,SUDESTE,SE,31,MINAS GERAIS,MG,314460,NEPOMUCENO,2.0,2025,DOU,25757.0,7.0,1.0,0.0,0.0,0.0,0.0,0.0,0.0,0.0,0.0,0.0,0.0,27125.0,105.31,nepomuceno
04/2026,3,SUDESTE,SE,31,MINAS GERAIS,MG,314465,NINHEIRA,3.0,2025,DOU,10965.0,5.0,0.0,0.0,0.0,0.0,0.0,0.0,0.0,0.0,0.0,0.0,0.0,17500.0,159.59,ninheira
04/2026,3,SUDESTE,SE,31,MINAS GERAIS,MG,314467,NOVA BELEM,3.0,2025,DOU,3126.0,2.0,0.0,0.0,0.0,0.0,0.0,0.0,0.0,0.0,0.0,0.0,0.0,7000.0,223.92,nova_belem
04/2026,3,SUDESTE,SE,31,MINAS GERAIS,MG,314470,NOVA ERA,2.0,2025,DOU,17813.0,6.0,1.0,0.0,0.0,0.0,0.0,0.0,0.0,0.0,0.0,0.0,0.0,23625.0,132.62,nova_era
04/2026,3,SUDESTE,SE,31,MINAS GERAIS,MG,314480,NOVA LIMA,1.0,2025,DOU,120959.0,30.0,1.0,1.0,0.0,0.0,0.0,0.0,1.0,517.0,0.0,0.0,517.0,109892.0,90.85,nova_lima
04/2026,3,SUDESTE,SE,31,MINAS GERAIS,MG,314490,NOVA MODICA,3.0,2025,DOU,3726.0,2.0,0.0,0.0,0.0,0.0,0.0,0.0,0.0,0.0,0.0,0.0,0.0,7000.0,187.86,nova_modica
04/2026,3,SUDESTE,SE,31,MINAS GERAIS,MG,314500,NOVA PONTE,3.0,2025,DOU,15220.0,4.0,1.0,0.0,0.0,0.0,0.0,0.0,0.0,0.0,0.0,0.0,0.0,16625.0,109.23,nova_ponte
04/2026,3,SUDESTE,SE,31,MINAS GERAIS,MG,314505,NOVA PORTEIRINHA,1.0,2025,DOU,6746.0,4.0,0.0,0.0,0.0,0.0,0.0,0.0,0.0,0.0,0.0,0.0,0.0,14000.0,207.53,nova_porteirinha
04/2026,3,SUDESTE,SE,31,MINAS GERAIS,MG,314510,NOVA RESENDE,3.0,2025,DOU,16919.0,6.0,0.0,0.0,0.0,0.0,0.0,0.0,0.0,0.0,0.0,0.0,0.0,21000.0,124.12,nova_resende
04/2026,3,SUDESTE,SE,31,MINAS GERAIS,MG,314520,NOVA SERRANA,1.0,2025,DOU,114791.0,28.0,0.0,3.0,0.0,0.0,0.0,0.0,1.0,378.0,0.0,0.0,378.0,103628.0,90.27,nova_serrana
04/2026,3,SUDESTE,SE,31,MINAS GERAIS,MG,313660,NOVA UNIAO,3.0,2025,DOU,6107.0,3.0,0.0,0.0,0.0,0.0,0.0,0.0,0.0,0.0,0.0,0.0,0.0,10500.0,171.93,nova_uniao
04/2026,3,SUDESTE,SE,31,MINAS GERAIS,MG,314530,NOVO CRUZEIRO,3.0,2025,DOU,27268.0,10.0,0.0,0.0,0.0,0.0,0.0,0.0,1.0,326.0,0.0,0.0,326.0,35326.0,129.55,novo_cruzeiro
04/2026,3,SUDESTE,SE,31,MINAS GERAIS,MG,314535,NOVO ORIENTE DE MINAS,3.0,2025,DOU,10503.0,4.0,0.0,0.0,0.0,0.0,0.0,0.0,0.0,0.0,0.0,0.0,0.0,14000.0,133.29,novo_oriente_de_minas
04/2026,3,SUDESTE,SE,31,MINAS GERAIS,MG,314537,NOVORIZONTE,5.0,2025,DOU,4612.0,3.0,0.0,0.0,0.0,0.0,0.0,0.0,0.0,0.0,0.0,0.0,0.0,10500.0,227.66,novorizonte
04/2026,3,SUDESTE,SE,31,MINAS GERAIS,MG,314540,OLARIA,3.0,2025,DOU,1986.0,1.0,0.0,0.0,0.0,0.0,0.0,0.0,0.0,0.0,0.0,0.0,0.0,3500.0,176.23,olaria
04/2026,3,SUDESTE,SE,31,MINAS GERAIS,MG,314545,OLHOS-D'AGUA,3.0,2025,DOU,5530.0,3.0,0.0,0.0,0.0,0.0,0.0,0.0,0.0,0.0,0.0,0.0,0.0,10500.0,189.87,olhos_d_agua
04/2026,3,SUDESTE,SE,31,MINAS GERAIS,MG,314550,OLIMPIO NORONHA,3.0,2025,DOU,2618.0,1.0,0.0,0.0,0.0,0.0,0.0,0.0,0.0,0.0,0.0,0.0,0.0,3500.0,133.68,olimpio_noronha
04/2026,3,SUDESTE,SE,31,MINAS GERAIS,MG,314560,OLIVEIRA,1.0,2025,DOU,40576.0,12.0,0.0,0.0,0.0,0.0,0.0,0.0,1.0,354.0,0.0,0.0,354.0,42354.0,104.38,oliveira
04/2026,3,SUDESTE,SE,31,MINAS GERAIS,MG,314570,OLIVEIRA FORTES,3.0,2025,DOU,2058.0,1.0,0.0,0.0,0.0,0.0,0.0,0.0,0.0,0.0,0.0,0.0,0.0,3500.0,170.06,oliveira_fortes
04/2026,3,SUDESTE,SE,31,MINAS GERAIS,MG,314580,ONCA DE PITANGUI,3.0,2025,DOU,3024.0,1.0,0.0,0.0,0.0,0.0,0.0,0.0,0.0,0.0,0.0,0.0,0.0,3500.0,115.74,onca_de_pitangui
04/2026,3,SUDESTE,SE,31,MINAS GERAIS,MG,314585,ORATORIOS,3.0,2025,DOU,5102.0,2.0,0.0,0.0,0.0,0.0,0.0,0.0,0.0,0.0,0.0,0.0,0.0,7000.0,137.2,oratorios
04/2026,3,SUDESTE,SE,31,MINAS GERAIS,MG,314587,ORIZANIA,3.0,2025,DOU,8828.0,3.0,0.0,0.0,0.0,0.0,0.0,0.0,0.0,0.0,0.0,0.0,0.0,10500.0,118.93,orizania
04/2026,3,SUDESTE,SE,31,MINAS GERAIS,MG,314590,OURO BRANCO,1.0,2025,DOU,40638.0,16.0,0.0,0.0,0.0,0.0,0.0,0.0,0.0,0.0,0.0,0.0,0.0,56000.0,137.8,ouro_branco
04/2026,3,SUDESTE,SE,31,MINAS GERAIS,MG,314600,OURO FINO,2.0,2025,DOU,33285.0,7.0,0.0,0.0,0.0,0.0,0.0,0.0,0.0,0.0,0.0,0.0,0.0,24500.0,73.6,ouro_fino
04/2026,3,SUDESTE,SE,31,MINAS GERAIS,MG,314610,OURO PRETO,1.0,2025,DOU,77914.0,29.0,0.0,0.0,0.0,0.0,0.0,0.0,0.0,0.0,0.0,0.0,0.0,101500.0,130.27,ouro_preto
04/2026,3,SUDESTE,SE,31,MINAS GERAIS,MG,314620,OURO VERDE DE MINAS,3.0,2025,DOU,5847.0,3.0,0.0,0.0,0.0,0.0,0.0,0.0,0.0,0.0,0.0,0.0,0.0,10500.0,179.57,ouro_verde_de_minas
04/2026,3,SUDESTE,SE,31,MINAS GERAIS,MG,314625,PADRE CARVALHO,3.0,2025,DOU,5045.0,3.0,0.0,0.0,0.0,0.0,0.0,0.0,0.0,0.0,0.0,0.0,0.0,10500.0,208.12,padre_carvalho
04/2026,3,SUDESTE,SE,31,MINAS GERAIS,MG,314630,PADRE PARAISO,2.0,2025,DOU,17463.0,7.0,0.0,0.0,0.0,0.0,0.0,0.0,0.0,0.0,0.0,0.0,0.0,24500.0,140.29,padre_paraiso
04/2026,3,SUDESTE,SE,31,MINAS GERAIS,MG,314655,PAI PEDRO,3.0,2025,DOU,5616.0,3.0,0.0,0.0,0.0,0.0,0.0,0.0,0.0,0.0,0.0,0.0,0.0,10500.0,186.96,pai_pedro
04/2026,3,SUDESTE,SE,31,MINAS GERAIS,MG,314640,PAINEIRAS,3.0,2025,DOU,4253.0,2.0,0.0,0.0,0.0,0.0,0.0,0.0,0.0,0.0,0.0,0.0,0.0,7000.0,164.58,paineiras
04/2026,3,SUDESTE,SE,31,MINAS GERAIS,MG,314650,PAINS,3.0,2025,DOU,8353.0,3.0,0.0,0.0,0.0,0.0,0.0,0.0,0.0,0.0,0.0,0.0,0.0,10500.0,125.7,pains
04/2026,3,SUDESTE,SE,31,MINAS GERAIS,MG,314660,PAIVA,3.0,2025,DOU,1495.0,1.0,0.0,0.0,0.0,0.0,0.0,0.0,0.0,0.0,0.0,0.0,0.0,3500.0,234.11,paiva
04/2026,3,SUDESTE,SE,31,MINAS GERAIS,MG,314670,PALMA,3.0,2025,DOU,5699.0,3.0,0.0,0.0,0.0,0.0,0.0,0.0,0.0,0.0,0.0,0.0,0.0,10500.0,184.24,palma
04/2026,3,SUDESTE,SE,31,MINAS GERAIS,MG,314675,PALMOPOLIS,5.0,2025,DOU,6342.0,3.0,0.0,0.0,0.0,0.0,0.0,0.0,0.0,0.0,0.0,0.0,0.0,10500.0,165.56,palmopolis
04/2026,3,SUDESTE,SE,31,MINAS GERAIS,MG,314690,PAPAGAIOS,1.0,2025,DOU,14202.0,5.0,0.0,0.0,0.0,0.0,0.0,0.0,0.0,0.0,0.0,0.0,0.0,17500.0,123.22,papagaios
04/2026,3,SUDESTE,SE,31,MINAS GERAIS,MG,314710,PARA DE MINAS,1.0,2025,DOU,102844.0,30.0,5.0,2.0,0.0,0.0,0.0,0.0,1.0,1365.0,0.0,0.0,1365.0,122990.0,119.58,para_de_minas
04/2026,3,SUDESTE,SE,31,MINAS GERAIS,MG,314700,PARACATU,1.0,2025,DOU,99005.0,25.0,2.0,0.0,0.0,0.0,0.0,0.0,2.0,582.0,0.0,0.0,582.0,93332.0,94.26,paracatu
04/2026,3,SUDESTE,SE,31,MINAS GERAIS,MG,314720,PARAGUACU,1.0,2025,DOU,22452.0,8.0,0.0,0.0,0.0,0.0,0.0,0.0,0.0,0.0,0.0,0.0,0.0,28000.0,124.71,paraguacu
04/2026,3,SUDESTE,SE,31,MINAS GERAIS,MG,314730,PARAISOPOLIS,1.0,2025,DOU,21076.0,7.0,0.0,0.0,0.0,0.0,0.0,0.0,0.0,0.0,0.0,0.0,0.0,24500.0,116.24,paraisopolis
04/2026,3,SUDESTE,SE,31,MINAS GERAIS,MG,314740,PARAOPEBA,1.0,2025,DOU,24899.0,5.0,0.0,2.0,0.0,0.0,0.0,0.0,0.0,0.0,0.0,0.0,0.0,21000.0,84.34,paraopeba
04/2026,3,SUDESTE,SE,31,MINAS GERAIS,MG,314760,PASSA QUATRO,3.0,2025,DOU,15847.0,7.0,0.0,0.0,0.0,0.0,0.0,0.0,0.0,0.0,0.0,0.0,0.0,24500.0,154.6,passa_quatro
04/2026,3,SUDESTE,SE,31,MINAS GERAIS,MG,314770,PASSA TEMPO,3.0,2025,DOU,8716.0,4.0,0.0,0.0,0.0,0.0,0.0,0.0,0.0,0.0,0.0,0.0,0.0,14000.0,160.62,passa_tempo
04/2026,3,SUDESTE,SE,31,MINAS GERAIS,MG,314780,PASSA VINTE,3.0,2025,DOU,2311.0,1.0,0.0,0.0,0.0,0.0,0.0,0.0,0.0,0.0,0.0,0.0,0.0,3500.0,151.44,passa_vinte
04/2026,3,SUDESTE,SE,31,MINAS GERAIS,MG,314750,PASSABEM,3.0,2025,DOU,1609.0,1.0,0.0,0.0,0.0,0.0,0.0,0.0,0.0,0.0,0.0,0.0,0.0,3500.0,217.52,passabem
04/2026,3,SUDESTE,SE,31,MINAS GERAIS,MG,314790,PASSOS,1.0,2025,DOU,116951.0,24.0,0.0,0.0,0.0,0.0,1.0,193.0,1.0,612.0,0.0,0.0,805.0,84805.0,72.51,passos
04/2026,3,SUDESTE,SE,31,MINAS GERAIS,MG,314795,PATIS,3.0,2025,DOU,4825.0,3.0,0.0,0.0,0.0,0.0,0.0,0.0,0.0,0.0,0.0,0.0,0.0,10500.0,217.61,patis
04/2026,3,SUDESTE,SE,31,MINAS GERAIS,MG,314800,PATOS DE MINAS,1.0,2025,DOU,169173.0,43.0,0.0,0.0,0.0,0.0,1.0,297.0,1.0,73.0,0.0,0.0,370.0,150870.0,89.18,patos_de_minas
04/2026,3,SUDESTE,SE,31,MINAS GERAIS,MG,314810,PATROCINIO,1.0,2025,DOU,94357.0,24.0,0.0,0.0,0.0,0.0,0.0,0.0,0.0,0.0,1.0,188.0,188.0,84188.0,89.22,patrocinio
04/2026,3,SUDESTE,SE,31,MINAS GERAIS,MG,314820,PATROCINIO DO MURIAE,3.0,2025,DOU,5754.0,3.0,0.0,0.0,0.0,0.0,0.0,0.0,0.0,0.0,0.0,0.0,0.0,10500.0,182.48,patrocinio_do_muriae
04/2026,3,SUDESTE,SE,31,MINAS GERAIS,MG,314830,PAULA CANDIDO,3.0,2025,DOU,8757.0,5.0,0.0,0.0,0.0,0.0,0.0,0.0,0.0,0.0,0.0,0.0,0.0,17500.0,199.84,paula_candido
04/2026,3,SUDESTE,SE,31,MINAS GERAIS,MG,314840,PAULISTAS,3.0,2025,DOU,4402.0,2.0,0.0,0.0,0.0,0.0,0.0,0.0,0.0,0.0,0.0,0.0,0.0,7000.0,159.01,paulistas
04/2026,3,SUDESTE,SE,31,MINAS GERAIS,MG,314850,PAVAO,3.0,2025,DOU,8143.0,4.0,0.0,0.0,0.0,0.0,0.0,0.0,0.0,0.0,0.0,0.0,0.0,14000.0,171.92,pavao
04/2026,3,SUDESTE,SE,31,MINAS GERAIS,MG,314860,PECANHA,3.0,2025,DOU,17863.0,6.0,0.0,1.0,0.0,0.0,0.0,0.0,0.0,0.0,0.0,0.0,0.0,22750.0,127.35,pecanha
04/2026,3,SUDESTE,SE,31,MINAS GERAIS,MG,314870,PEDRA AZUL,1.0,2025,DOU,25045.0,9.0,0.0,0.0,0.0,0.0,0.0,0.0,2.0,73.0,0.0,0.0,73.0,31573.0,126.06,pedra_azul
04/2026,3,SUDESTE,SE,31,MINAS GERAIS,MG,314875,PEDRA BONITA,3.0,2025,DOU,7599.0,4.0,0.0,0.0,0.0,0.0,0.0,0.0,0.0,0.0,0.0,0.0,0.0,14000.0,184.23,pedra_bonita
04/2026,3,SUDESTE,SE,31,MINAS GERAIS,MG,314880,PEDRA DO ANTA,3.0,2025,DOU,3366.0,2.0,0.0,0.0,0.0,0.0,0.0,0.0,0.0,0.0,0.0,0.0,0.0,7000.0,207.96,pedra_do_anta
04/2026,3,SUDESTE,SE,31,MINAS GERAIS,MG,314890,PEDRA DO INDAIA,3.0,2025,DOU,4247.0,2.0,0.0,0.0,0.0,0.0,0.0,0.0,0.0,0.0,0.0,0.0,0.0,7000.0,164.82,pedra_do_indaia
04/2026,3,SUDESTE,SE,31,MINAS GERAIS,MG,314900,PEDRA DOURADA,3.0,2025,DOU,2916.0,1.0,0.0,0.0,0.0,0.0,0.0,0.0,0.0,0.0,0.0,0.0,0.0,3500.0,120.02,pedra_dourada
04/2026,3,SUDESTE,SE,31,MINAS GERAIS,MG,314910,PEDRALVA,3.0,2025,DOU,10891.0,6.0,0.0,0.0,0.0,0.0,0.0,0.0,0.0,0.0,0.0,0.0,0.0,21000.0,192.81,pedralva
04/2026,3,SUDESTE,SE,31,MINAS GERAIS,MG,314915,PEDRAS DE MARIA DA CRUZ,3.0,2025,DOU,10601.0,5.0,0.0,0.0,0.0,0.0,0.0,0.0,0.0,0.0,0.0,0.0,0.0,17500.0,165.07,pedras_de_maria_da_cruz
04/2026,3,SUDESTE,SE,31,MINAS GERAIS,MG,314920,PEDRINOPOLIS,3.0,2025,DOU,3398.0,1.0,0.0,0.0,0.0,0.0,0.0,0.0,0.0,0.0,0.0,0.0,0.0,3500.0,103.0,pedrinopolis
04/2026,3,SUDESTE,SE,31,MINAS GERAIS,MG,314930,PEDRO LEOPOLDO,1.0,2025,DOU,65174.0,16.0,0.0,3.0,0.0,0.0,0.0,0.0,0.0,0.0,0.0,0.0,0.0,61250.0,93.97,pedro_leopoldo
04/2026,3,SUDESTE,SE,31,MINAS GERAIS,MG,314940,PEDRO TEIXEIRA,3.0,2025,DOU,1857.0,1.0,0.0,0.0,0.0,0.0,0.0,0.0,0.0,0.0,0.0,0.0,0.0,3500.0,188.47,pedro_teixeira
04/2026,3,SUDESTE,SE,31,MINAS GERAIS,MG,314950,PEQUERI,3.0,2025,DOU,3461.0,1.0,2.0,0.0,0.0,0.0,0.0,0.0,0.0,0.0,0.0,0.0,0.0,8750.0,252.81,pequeri
04/2026,3,SUDESTE,SE,31,MINAS GERAIS,MG,314960,PEQUI,3.0,2025,DOU,4265.0,2.0,0.0,0.0,0.0,0.0,0.0,0.0,0.0,0.0,0.0,0.0,0.0,7000.0,164.12,pequi
04/2026,3,SUDESTE,SE,31,MINAS GERAIS,MG,314970,PERDIGAO,3.0,2025,DOU,13118.0,6.0,0.0,0.0,0.0,0.0,0.0,0.0,0.0,0.0,0.0,0.0,0.0,21000.0,160.08,perdigao
04/2026,3,SUDESTE,SE,31,MINAS GERAIS,MG,314980,PERDIZES,3.0,2025,DOU,17992.0,6.0,0.0,0.0,0.0,0.0,0.0,0.0,1.0,90.0,0.0,0.0,90.0,21090.0,117.21,perdizes
04/2026,3,SUDESTE,SE,31,MINAS GERAIS,MG,314990,PERDOES,1.0,2025,DOU,22075.0,9.0,0.0,0.0,0.0,0.0,0.0,0.0,0.0,0.0,0.0,0.0,0.0,31500.0,142.69,perdoes
04/2026,3,SUDESTE,SE,31,MINAS GERAIS,MG,314995,PERIQUITO,3.0,2025,DOU,6624.0,3.0,0.0,0.0,0.0,0.0,0.0,0.0,0.0,0.0,0.0,0.0,0.0,10500.0,158.51,periquito
04/2026,3,SUDESTE,SE,31,MINAS GERAIS,MG,315000,PESCADOR,2.0,2025,DOU,3559.0,2.0,0.0,0.0,0.0,0.0,0.0,0.0,0.0,0.0,0.0,0.0,0.0,7000.0,196.68,pescador
04/2026,3,SUDESTE,SE,31,MINAS GERAIS,MG,315010,PIAU,3.0,2025,DOU,2854.0,1.0,0.0,0.0,0.0,0.0,0.0,0.0,0.0,0.0,0.0,0.0,0.0,3500.0,122.63,piau
04/2026,3,SUDESTE,SE,31,MINAS GERAIS,MG,315015,PIEDADE DE CARATINGA,3.0,2025,DOU,8966.0,4.0,0.0,0.0,0.0,0.0,0.0,0.0,0.0,0.0,0.0,0.0,0.0,14000.0,156.14,piedade_de_caratinga
04/2026,3,SUDESTE,SE,31,MINAS GERAIS,MG,315020,PIEDADE DE PONTE NOVA,2.0,2025,DOU,4054.0,2.0,0.0,0.0,0.0,0.0,0.0,0.0,0.0,0.0,0.0,0.0,0.0,7000.0,172.66,piedade_de_ponte_nova
04/2026,3,SUDESTE,SE,31,MINAS GERAIS,MG,315030,PIEDADE DO RIO GRANDE,3.0,2025,DOU,4694.0,2.0,0.0,0.0,0.0,0.0,0.0,0.0,0.0,0.0,0.0,0.0,0.0,7000.0,149.12,piedade_do_rio_grande
04/2026,3,SUDESTE,SE,31,MINAS GERAIS,MG,315040,PIEDADE DOS GERAIS,3.0,2025,DOU,5199.0,3.0,0.0,0.0,0.0,0.0,0.0,0.0,0.0,0.0,0.0,0.0,0.0,10500.0,201.96,piedade_dos_gerais
04/2026,3,SUDESTE,SE,31,MINAS GERAIS,MG,315050,PIMENTA,3.0,2025,DOU,8817.0,3.0,0.0,0.0,0.0,0.0,0.0,0.0,0.0,0.0,0.0,0.0,0.0,10500.0,119.08,pimenta
04/2026,3,SUDESTE,SE,31,MINAS GERAIS,MG,315053,PINGO-D'AGUA,2.0,2025,DOU,4864.0,3.0,0.0,0.0,0.0,0.0,0.0,0.0,0.0,0.0,0.0,0.0,0.0,10500.0,215.87,pingo_d_agua
04/2026,3,SUDESTE,SE,31,MINAS GERAIS,MG,315057,PINTOPOLIS,3.0,2025,DOU,7228.0,4.0,0.0,0.0,0.0,0.0,0.0,0.0,0.0,0.0,0.0,0.0,0.0,14000.0,193.69,pintopolis
04/2026,3,SUDESTE,SE,31,MINAS GERAIS,MG,315060,PIRACEMA,3.0,2025,DOU,6905.0,3.0,0.0,0.0,0.0,0.0,0.0,0.0,0.0,0.0,0.0,0.0,0.0,10500.0,152.06,piracema
04/2026,3,SUDESTE,SE,31,MINAS GERAIS,MG,315070,PIRAJUBA,2.0,2025,DOU,5814.0,2.0,1.0,0.0,0.0,0.0,0.0,0.0,0.0,0.0,0.0,0.0,0.0,9625.0,165.54,pirajuba
04/2026,3,SUDESTE,SE,31,MINAS GERAIS,MG,315080,PIRANGA,3.0,2025,DOU,17358.0,8.0,0.0,0.0,0.0,0.0,0.0,0.0,0.0,0.0,0.0,0.0,0.0,28000.0,161.3,piranga
04/2026,3,SUDESTE,SE,31,MINAS GERAIS,MG,315090,PIRANGUCU,1.0,2025,DOU,6320.0,2.0,0.0,0.0,0.0,0.0,0.0,0.0,0.0,0.0,0.0,0.0,0.0,7000.0,110.75,pirangucu
04/2026,3,SUDESTE,SE,31,MINAS GERAIS,MG,315100,PIRANGUINHO,1.0,2025,DOU,9518.0,4.0,0.0,0.0,0.0,0.0,0.0,0.0,0.0,0.0,0.0,0.0,0.0,14000.0,147.08,piranguinho
04/2026,3,SUDESTE,SE,31,MINAS GERAIS,MG,315110,PIRAPETINGA,2.0,2025,DOU,11454.0,4.0,0.0,0.0,0.0,0.0,0.0,0.0,0.0,0.0,0.0,0.0,0.0,14000.0,122.22,pirapetinga
04/2026,3,SUDESTE,SE,31,MINAS GERAIS,MG,315120,PIRAPORA,1.0,2025,DOU,57713.0,19.0,0.0,0.0,0.0,0.0,0.0,0.0,2.0,214.0,0.0,0.0,214.0,66714.0,115.59,pirapora
04/2026,3,SUDESTE,SE,31,MINAS GERAIS,MG,315130,PIRAUBA,2.0,2025,DOU,12006.0,5.0,0.0,0.0,0.0,0.0,0.0,0.0,0.0,0.0,0.0,0.0,0.0,17500.0,145.76,pirauba
04/2026,3,SUDESTE,SE,31,MINAS GERAIS,MG,315140,PITANGUI,1.0,2025,DOU,27834.0,8.0,0.0,2.0,0.0,0.0,0.0,0.0,0.0,0.0,0.0,0.0,0.0,31500.0,113.17,pitangui
04/2026,3,SUDESTE,SE,31,MINAS GERAIS,MG,315150,PIUMHI,1.0,2025,DOU,38007.0,14.0,0.0,1.0,0.0,0.0,0.0,0.0,1.0,156.0,0.0,0.0,156.0,50906.0,133.93,piumhi
04/2026,3,SUDESTE,SE,31,MINAS GERAIS,MG,315160,PLANURA,1.0,2025,DOU,11533.0,3.0,0.0,0.0,0.0,0.0,0.0,0.0,0.0,0.0,0.0,0.0,0.0,10500.0,91.04,planura
04/2026,3,SUDESTE,SE,31,MINAS GERAIS,MG,315170,POCO FUNDO,3.0,2025,DOU,16824.0,6.0,0.0,1.0,0.0,0.0,0.0,0.0,0.0,0.0,0.0,0.0,0.0,22750.0,135.22,poco_fundo
04/2026,3,SUDESTE,SE,31,MINAS GERAIS,MG,315180,POCOS DE CALDAS,1.0,2025,DOU,172339.0,37.0,4.0,0.0,0.0,0.0,1.0,221.0,1.0,490.0,0.0,0.0,711.0,140711.0,81.64,pocos_de_caldas
04/2026,3,SUDESTE,SE,31,MINAS GERAIS,MG,315190,POCRANE,3.0,2025,DOU,8438.0,4.0,0.0,0.0,0.0,0.0,0.0,0.0,0.0,0.0,0.0,0.0,0.0,14000.0,165.91,pocrane
04/2026,3,SUDESTE,SE,31,MINAS GERAIS,MG,315200,POMPEU,1.0,2025,DOU,32441.0,9.0,0.0,0.0,0.0,0.0,0.0,0.0,0.0,0.0,0.0,0.0,0.0,31500.0,97.09,pompeu
04/2026,3,SUDESTE,SE,31,MINAS GERAIS,MG,315210,PONTE NOVA,1.0,2025,DOU,59638.0,20.0,1.0,0.0,0.0,0.0,0.0,0.0,0.0,0.0,0.0,0.0,0.0,72625.0,121.77,ponte_nova
04/2026,3,SUDESTE,SE,31,MINAS GERAIS,MG,315213,PONTO CHIQUE,3.0,2025,DOU,3797.0,2.0,0.0,0.0,0.0,0.0,0.0,0.0,0.0,0.0,0.0,0.0,0.0,7000.0,184.35,ponto_chique
04/2026,3,SUDESTE,SE,31,MINAS GERAIS,MG,315217,PONTO DOS VOLANTES,3.0,2025,DOU,11059.0,6.0,0.0,0.0,0.0,0.0,0.0,0.0,0.0,0.0,0.0,0.0,0.0,21000.0,189.89,ponto_dos_volantes
04/2026,3,SUDESTE,SE,31,MINAS GERAIS,MG,315220,PORTEIRINHA,3.0,2025,DOU,38692.0,18.0,0.0,0.0,0.0,0.0,0.0,0.0,1.0,182.0,0.0,0.0,182.0,63182.0,163.29,porteirinha
04/2026,3,SUDESTE,SE,31,MINAS GERAIS,MG,315230,PORTO FIRME,3.0,2025,DOU,10840.0,6.0,0.0,0.0,0.0,0.0,0.0,0.0,0.0,0.0,0.0,0.0,0.0,21000.0,193.72,porto_firme
04/2026,3,SUDESTE,SE,31,MINAS GERAIS,MG,315240,POTE,3.0,2025,DOU,13649.0,6.0,0.0,0.0,0.0,0.0,0.0,0.0,0.0,0.0,0.0,0.0,0.0,21000.0,153.85,pote
04/2026,3,SUDESTE,SE,31,MINAS GERAIS,MG,315250,POUSO ALEGRE,1.0,2025,DOU,162133.0,32.0,0.0,7.0,0.0,0.0,1.0,279.0,0.0,0.0,0.0,0.0,279.0,124529.0,76.8,pouso_alegre
04/2026,3,SUDESTE,SE,31,MINAS GERAIS,MG,315260,POUSO ALTO,3.0,2025,DOU,6779.0,2.0,0.0,0.0,0.0,0.0,0.0,0.0,0.0,0.0,0.0,0.0,0.0,7000.0,103.26,pouso_alto
04/2026,3,SUDESTE,SE,31,MINAS GERAIS,MG,315270,PRADOS,3.0,2025,DOU,9369.0,5.0,0.0,0.0,0.0,0.0,0.0,0.0,0.0,0.0,0.0,0.0,0.0,17500.0,186.78,prados
04/2026,3,SUDESTE,SE,31,MINAS GERAIS,MG,315280,PRATA,2.0,2025,DOU,29745.0,9.0,0.0,0.0,0.0,0.0,0.0,0.0,0.0,0.0,0.0,0.0,0.0,31500.0,105.9,prata
04/2026,3,SUDESTE,SE,31,MINAS GERAIS,MG,315290,PRATAPOLIS,2.0,2025,DOU,8534.0,4.0,0.0,0.0,0.0,0.0,0.0,0.0,0.0,0.0,0.0,0.0,0.0,14000.0,164.04,pratapolis
04/2026,3,SUDESTE,SE,31,MINAS GERAIS,MG,315300,PRATINHA,3.0,2025,DOU,3691.0,1.0,1.0,0.0,0.0,0.0,0.0,0.0,0.0,0.0,0.0,0.0,0.0,6125.0,165.94,pratinha
04/2026,3,SUDESTE,SE,31,MINAS GERAIS,MG,315310,PRESIDENTE BERNARDES,3.0,2025,DOU,4847.0,3.0,0.0,0.0,0.0,0.0,0.0,0.0,0.0,0.0,0.0,0.0,0.0,10500.0,216.62,presidente_bernardes
04/2026,3,SUDESTE,SE,31,MINAS GERAIS,MG,315320,PRESIDENTE JUSCELINO,3.0,2025,DOU,3471.0,2.0,0.0,0.0,0.0,0.0,0.0,0.0,0.0,0.0,0.0,0.0,0.0,7000.0,201.67,presidente_juscelino
04/2026,3,SUDESTE,SE,31,MINAS GERAIS,MG,315330,PRESIDENTE KUBITSCHEK,3.0,2025,DOU,3162.0,2.0,0.0,0.0,0.0,0.0,0.0,0.0,0.0,0.0,0.0,0.0,0.0,7000.0,221.37,presidente_kubitschek
04/2026,3,SUDESTE,SE,31,MINAS GERAIS,MG,315340,PRESIDENTE OLEGARIO,2.0,2025,DOU,19192.0,7.0,0.0,0.0,0.0,0.0,0.0,0.0,0.0,0.0,0.0,0.0,0.0,24500.0,127.65,presidente_olegario
04/2026,3,SUDESTE,SE,31,MINAS GERAIS,MG,315360,PRUDENTE DE MORAIS,1.0,2025,DOU,12052.0,4.0,0.0,0.0,0.0,0.0,0.0,0.0,0.0,0.0,0.0,0.0,0.0,14000.0,116.16,prudente_de_morais
04/2026,3,SUDESTE,SE,31,MINAS GERAIS,MG,315370,QUARTEL GERAL,3.0,2025,DOU,3232.0,1.0,0.0,0.0,0.0,0.0,0.0,0.0,0.0,0.0,0.0,0.0,0.0,3500.0,108.29,quartel_geral
04/2026,3,SUDESTE,SE,31,MINAS GERAIS,MG,315380,QUELUZITO,1.0,2025,DOU,1796.0,1.0,0.0,0.0,0.0,0.0,0.0,0.0,0.0,0.0,0.0,0.0,0.0,3500.0,194.87,queluzito
04/2026,3,SUDESTE,SE,31,MINAS GERAIS,MG,315390,RAPOSOS,1.0,2025,DOU,16796.0,4.0,0.0,0.0,0.0,0.0,0.0,0.0,0.0,0.0,0.0,0.0,0.0,14000.0,83.35,raposos
04/2026,3,SUDESTE,SE,31,MINAS GERAIS,MG,315400,RAUL SOARES,3.0,2025,DOU,23874.0,9.0,0.0,0.0,0.0,0.0,0.0,0.0,0.0,0.0,0.0,0.0,0.0,31500.0,131.94,raul_soares
04/2026,3,SUDESTE,SE,31,MINAS GERAIS,MG,315410,RECREIO,3.0,2025,DOU,11383.0,4.0,0.0,0.0,0.0,0.0,0.0,0.0,0.0,0.0,0.0,0.0,0.0,14000.0,122.99,recreio
04/2026,3,SUDESTE,SE,31,MINAS GERAIS,MG,315415,REDUTO,3.0,2025,DOU,8246.0,4.0,0.0,0.0,0.0,0.0,0.0,0.0,0.0,0.0,0.0,0.0,0.0,14000.0,169.77,reduto
04/2026,3,SUDESTE,SE,31,MINAS GERAIS,MG,315420,RESENDE COSTA,2.0,2025,DOU,11544.0,4.0,0.0,0.0,0.0,0.0,0.0,0.0,0.0,0.0,0.0,0.0,0.0,14000.0,121.27,resende_costa
04/2026,3,SUDESTE,SE,31,MINAS GERAIS,MG,315430,RESPLENDOR,2.0,2025,DOU,17629.0,5.0,0.0,0.0,0.0,0.0,0.0,0.0,0.0,0.0,0.0,0.0,0.0,17500.0,99.26,resplendor
04/2026,3,SUDESTE,SE,31,MINAS GERAIS,MG,315440,RESSAQUINHA,3.0,2025,DOU,4640.0,2.0,0.0,0.0,0.0,0.0,0.0,0.0,0.0,0.0,0.0,0.0,0.0,7000.0,150.86,ressaquinha
04/2026,3,SUDESTE,SE,31,MINAS GERAIS,MG,315445,RIACHINHO,3.0,2025,DOU,6830.0,4.0,0.0,0.0,0.0,0.0,0.0,0.0,0.0,0.0,0.0,0.0,0.0,14000.0,204.97,riachinho
04/2026,3,SUDESTE,SE,31,MINAS GERAIS,MG,315450,RIACHO DOS MACHADOS,3.0,2025,DOU,8858.0,5.0,0.0,0.0,0.0,0.0,0.0,0.0,0.0,0.0,0.0,0.0,0.0,17500.0,197.56,riacho_dos_machados
04/2026,3,SUDESTE,SE,31,MINAS GERAIS,MG,315460,RIBEIRAO DAS NEVES,1.0,2025,DOU,346971.0,56.0,0.0,0.0,0.0,0.0,0.0,0.0,4.0,0.0,6.0,1512.0,1512.0,197512.0,56.92,ribeirao_das_neves
04/2026,3,SUDESTE,SE,31,MINAS GERAIS,MG,315470,RIBEIRAO VERMELHO,1.0,2025,DOU,4217.0,2.0,0.0,0.0,0.0,0.0,0.0,0.0,0.0,0.0,0.0,0.0,0.0,7000.0,165.99,ribeirao_vermelho
04/2026,3,SUDESTE,SE,31,MINAS GERAIS,MG,315480,RIO ACIMA,1.0,2025,DOU,10698.0,3.0,0.0,0.0,0.0,0.0,0.0,0.0,0.0,0.0,0.0,0.0,0.0,10500.0,98.14,rio_acima
04/2026,3,SUDESTE,SE,31,MINAS GERAIS,MG,315490,RIO CASCA,3.0,2025,DOU,12851.0,7.0,0.0,0.0,0.0,0.0,0.0,0.0,0.0,0.0,0.0,0.0,0.0,24500.0,190.64,rio_casca
04/2026,3,SUDESTE,SE,31,MINAS GERAIS,MG,315510,RIO DO PRADO,5.0,2025,DOU,4649.0,3.0,0.0,0.0,0.0,0.0,0.0,0.0,0.0,0.0,0.0,0.0,0.0,10500.0,225.85,rio_do_prado
04/2026,3,SUDESTE,SE,31,MINAS GERAIS,MG,315500,RIO DOCE,3.0,2025,DOU,2545.0,1.0,0.0,0.0,0.0,0.0,0.0,0.0,0.0,0.0,0.0,0.0,0.0,3500.0,137.52,rio_doce
04/2026,3,SUDESTE,SE,31,MINAS GERAIS,MG,315520,RIO ESPERA,3.0,2025,DOU,5447.0,3.0,0.0,0.0,0.0,0.0,0.0,0.0,0.0,0.0,0.0,0.0,0.0,10500.0,192.76,rio_espera
04/2026,3,SUDESTE,SE,31,MINAS GERAIS,MG,315530,RIO MANSO,3.0,2025,DOU,5746.0,3.0,0.0,0.0,0.0,0.0,0.0,0.0,0.0,0.0,0.0,0.0,0.0,10500.0,182.73,rio_manso
04/2026,3,SUDESTE,SE,31,MINAS GERAIS,MG,315540,RIO NOVO,2.0,2025,DOU,8683.0,3.0,0.0,0.0,0.0,0.0,0.0,0.0,0.0,0.0,0.0,0.0,0.0,10500.0,120.92,rio_novo
04/2026,3,SUDESTE,SE,31,MINAS GERAIS,MG,315550,RIO PARANAIBA,3.0,2025,DOU,15297.0,5.0,0.0,0.0,0.0,0.0,0.0,0.0,0.0,0.0,0.0,0.0,0.0,17500.0,114.4,rio_paranaiba
04/2026,3,SUDESTE,SE,31,MINAS GERAIS,MG,315560,RIO PARDO DE MINAS,5.0,2025,DOU,29103.0,13.0,0.0,0.0,0.0,0.0,0.0,0.0,0.0,0.0,0.0,0.0,0.0,45500.0,156.34,rio_pardo_de_minas
04/2026,3,SUDESTE,SE,31,MINAS GERAIS,MG,315570,RIO PIRACICABA,3.0,2025,DOU,15036.0,6.0,0.0,0.0,0.0,0.0,0.0,0.0,0.0,0.0,0.0,0.0,0.0,21000.0,139.66,rio_piracicaba
04/2026,3,SUDESTE,SE,31,MINAS GERAIS,MG,315580,RIO POMBA,1.0,2025,DOU,17885.0,6.0,0.0,0.0,0.0,0.0,0.0,0.0,0.0,0.0,0.0,0.0,0.0,21000.0,117.41,rio_pomba
04/2026,3,SUDESTE,SE,31,MINAS GERAIS,MG,315590,RIO PRETO,3.0,2025,DOU,5235.0,3.0,0.0,0.0,0.0,0.0,0.0,0.0,0.0,0.0,0.0,0.0,0.0,10500.0,200.57,rio_preto
04/2026,3,SUDESTE,SE,31,MINAS GERAIS,MG,315600,RIO VERMELHO,3.0,2025,DOU,12770.0,6.0,0.0,0.0,0.0,0.0,0.0,0.0,0.0,0.0,0.0,0.0,0.0,21000.0,164.44,rio_vermelho
04/2026,3,SUDESTE,SE,31,MINAS GERAIS,MG,315610,RITAPOLIS,3.0,2025,DOU,5122.0,2.0,0.0,0.0,0.0,0.0,0.0,0.0,0.0,0.0,0.0,0.0,0.0,7000.0,136.66,ritapolis
04/2026,3,SUDESTE,SE,31,MINAS GERAIS,MG,315620,ROCHEDO DE MINAS,3.0,2025,DOU,2374.0,1.0,0.0,0.0,0.0,0.0,0.0,0.0,0.0,0.0,0.0,0.0,0.0,3500.0,147.43,rochedo_de_minas
04/2026,3,SUDESTE,SE,31,MINAS GERAIS,MG,315630,RODEIRO,1.0,2025,DOU,9168.0,3.0,0.0,0.0,0.0,0.0,0.0,0.0,0.0,0.0,0.0,0.0,0.0,10500.0,114.52,rodeiro
04/2026,3,SUDESTE,SE,31,MINAS GERAIS,MG,315640,ROMARIA,3.0,2025,DOU,3430.0,1.0,0.0,0.0,0.0,0.0,0.0,0.0,0.0,0.0,0.0,0.0,0.0,3500.0,102.04,romaria
04/2026,3,SUDESTE,SE,31,MINAS GERAIS,MG,315645,ROSARIO DA LIMEIRA,3.0,2025,DOU,4926.0,2.0,0.0,0.0,0.0,0.0,0.0,0.0,0.0,0.0,0.0,0.0,0.0,7000.0,142.1,rosario_da_limeira
04/2026,3,SUDESTE,SE,31,MINAS GERAIS,MG,315650,RUBELITA,5.0,2025,DOU,5460.0,4.0,0.0,0.0,0.0,0.0,0.0,0.0,0.0,0.0,0.0,0.0,0.0,14000.0,256.41,rubelita
04/2026,3,SUDESTE,SE,31,MINAS GERAIS,MG,315660,RUBIM,5.0,2025,DOU,10602.0,4.0,0.0,0.0,0.0,0.0,0.0,0.0,0.0,0.0,0.0,0.0,0.0,14000.0,132.05,rubim
04/2026,3,SUDESTE,SE,31,MINAS GERAIS,MG,315670,SABARA,1.0,2025,DOU,134576.0,34.0,1.0,2.0,0.0,0.0,0.0,0.0,0.0,0.0,0.0,0.0,0.0,125125.0,92.97,sabara
04/2026,3,SUDESTE,SE,31,MINAS GERAIS,MG,315680,SABINOPOLIS,3.0,2025,DOU,14309.0,6.0,0.0,0.0,0.0,0.0,0.0,0.0,0.0,0.0,0.0,0.0,0.0,21000.0,146.76,sabinopolis
04/2026,3,SUDESTE,SE,31,MINAS GERAIS,MG,315690,SACRAMENTO,1.0,2025,DOU,28076.0,10.0,2.0,0.0,0.0,0.0,0.0,0.0,1.0,360.0,0.0,0.0,360.0,40610.0,144.64,sacramento
04/2026,3,SUDESTE,SE,31,MINAS GERAIS,MG,315700,SALINAS,1.0,2025,DOU,41736.0,17.0,0.0,0.0,0.0,0.0,0.0,0.0,1.0,217.0,0.0,0.0,217.0,59717.0,143.08,salinas
04/2026,3,SUDESTE,SE,31,MINAS GERAIS,MG,315710,SALTO DA DIVISA,2.0,2025,DOU,6126.0,3.0,0.0,0.0,0.0,0.0,0.0,0.0,0.0,0.0,0.0,0.0,0.0,10500.0,171.4,salto_da_divisa
04/2026,3,SUDESTE,SE,31,MINAS GERAIS,MG,315720,SANTA BARBARA,1.0,2025,DOU,31916.0,11.0,0.0,0.0,0.0,0.0,0.0,0.0,0.0,0.0,0.0,0.0,0.0,38500.0,120.62,santa_barbara
04/2026,3,SUDESTE,SE,31,MINAS GERAIS,MG,315725,SANTA BARBARA DO LESTE,3.0,2025,DOU,8785.0,4.0,0.0,0.0,0.0,0.0,0.0,0.0,0.0,0.0,0.0,0.0,0.0,14000.0,159.36,santa_barbara_do_leste
04/2026,3,SUDESTE,SE,31,MINAS GERAIS,MG,315727,SANTA BARBARA DO MONTE VERDE,3.0,2025,DOU,3218.0,1.0,0.0,0.0,0.0,0.0,0.0,0.0,0.0,0.0,0.0,0.0,0.0,3500.0,108.76,santa_barbara_do_monte_verde
04/2026,3,SUDESTE,SE,31,MINAS GERAIS,MG,315730,SANTA BARBARA DO TUGURIO,3.0,2025,DOU,4245.0,2.0,0.0,0.0,0.0,0.0,0.0,0.0,0.0,0.0,0.0,0.0,0.0,7000.0,164.89,santa_barbara_do_tugurio
04/2026,3,SUDESTE,SE,31,MINAS GERAIS,MG,315733,SANTA CRUZ DE MINAS,1.0,2025,DOU,8339.0,3.0,0.0,0.0,0.0,0.0,0.0,0.0,0.0,0.0,0.0,0.0,0.0,10500.0,125.91,santa_cruz_de_minas
04/2026,3,SUDESTE,SE,31,MINAS GERAIS,MG,315737,SANTA CRUZ DE SALINAS,3.0,2025,DOU,3919.0,2.0,0.0,0.0,0.0,0.0,0.0,0.0,0.0,0.0,0.0,0.0,0.0,7000.0,178.61,santa_cruz_de_salinas
04/2026,3,SUDESTE,SE,31,MINAS GERAIS,MG,315740,SANTA CRUZ DO ESCALVADO,3.0,2025,DOU,4728.0,2.0,0.0,0.0,0.0,0.0,0.0,0.0,0.0,0.0,0.0,0.0,0.0,7000.0,148.05,santa_cruz_do_escalvado
04/2026,3,SUDESTE,SE,31,MINAS GERAIS,MG,315750,SANTA EFIGENIA DE MINAS,3.0,2025,DOU,4038.0,2.0,0.0,0.0,0.0,0.0,0.0,0.0,0.0,0.0,0.0,0.0,0.0,7000.0,173.35,santa_efigenia_de_minas
04/2026,3,SUDESTE,SE,31,MINAS GERAIS,MG,315760,SANTA FE DE MINAS,3.0,2025,DOU,3528.0,2.0,0.0,0.0,0.0,0.0,0.0,0.0,0.0,0.0,0.0,0.0,0.0,7000.0,198.41,santa_fe_de_minas
04/2026,3,SUDESTE,SE,31,MINAS GERAIS,MG,315765,SANTA HELENA DE MINAS,3.0,2025,DOU,6056.0,3.0,0.0,0.0,0.0,0.0,0.0,0.0,0.0,0.0,0.0,0.0,0.0,10500.0,173.38,santa_helena_de_minas
04/2026,3,SUDESTE,SE,31,MINAS GERAIS,MG,315770,SANTA JULIANA,2.0,2025,DOU,16820.0,3.0,0.0,0.0,0.0,0.0,0.0,0.0,0.0,0.0,0.0,0.0,0.0,10500.0,62.42,santa_juliana
04/2026,3,SUDESTE,SE,31,MINAS GERAIS,MG,315780,SANTA LUZIA,1.0,2025,DOU,230382.0,57.0,0.0,0.0,0.0,0.0,0.0,0.0,1.0,33.0,0.0,0.0,33.0,199533.0,86.6,santa_luzia
04/2026,3,SUDESTE,SE,31,MINAS GERAIS,MG,315790,SANTA MARGARIDA,3.0,2025,DOU,16989.0,6.0,0.0,0.0,0.0,0.0,0.0,0.0,0.0,0.0,0.0,0.0,0.0,21000.0,123.6,santa_margarida
04/2026,3,SUDESTE,SE,31,MINAS GERAIS,MG,315800,SANTA MARIA DE ITABIRA,3.0,2025,DOU,10718.0,4.0,0.0,0.0,0.0,0.0,0.0,0.0,0.0,0.0,0.0,0.0,0.0,14000.0,130.62,santa_maria_de_itabira
04/2026,3,SUDESTE,SE,31,MINAS GERAIS,MG,315810,SANTA MARIA DO SALTO,3.0,2025,DOU,4777.0,2.0,0.0,0.0,0.0,0.0,0.0,0.0,0.0,0.0,0.0,0.0,0.0,7000.0,146.53,santa_maria_do_salto
04/2026,3,SUDESTE,SE,31,MINAS GERAIS,MG,315820,SANTA MARIA DO SUACUI,3.0,2025,DOU,12817.0,7.0,0.0,0.0,0.0,0.0,0.0,0.0,1.0,127.0,0.0,0.0,127.0,24627.0,192.14,santa_maria_do_suacui
04/2026,3,SUDESTE,SE,31,MINAS GERAIS,MG,315920,SANTA RITA DE CALDAS,3.0,2025,DOU,8561.0,4.0,0.0,0.0,0.0,0.0,0.0,0.0,0.0,0.0,0.0,0.0,0.0,14000.0,163.53,santa_rita_de_caldas
04/2026,3,SUDESTE,SE,31,MINAS GERAIS,MG,315940,SANTA RITA DE IBITIPOCA,3.0,2025,DOU,3331.0,2.0,0.0,0.0,0.0,0.0,0.0,0.0,0.0,0.0,0.0,0.0,0.0,7000.0,210.14,santa_rita_de_ibitipoca
04/2026,3,SUDESTE,SE,31,MINAS GERAIS,MG,315930,SANTA RITA DE JACUTINGA,3.0,2025,DOU,4826.0,2.0,0.0,0.0,0.0,0.0,0.0,0.0,0.0,0.0,0.0,0.0,0.0,7000.0,145.04,santa_rita_de_jacutinga
04/2026,3,SUDESTE,SE,31,MINAS GERAIS,MG,315935,SANTA RITA DE MINAS,2.0,2025,DOU,6969.0,3.0,0.0,0.0,0.0,0.0,0.0,0.0,0.0,0.0,0.0,0.0,0.0,10500.0,150.66,santa_rita_de_minas
04/2026,3,SUDESTE,SE,31,MINAS GERAIS,MG,315950,SANTA RITA DO ITUETO,3.0,2025,DOU,5984.0,3.0,0.0,0.0,0.0,0.0,0.0,0.0,0.0,0.0,0.0,0.0,0.0,10500.0,175.46,santa_rita_do_itueto
04/2026,3,SUDESTE,SE,31,MINAS GERAIS,MG,315960,SANTA RITA DO SAPUCAI,1.0,2025,DOU,42517.0,12.0,0.0,1.0,0.0,0.0,0.0,0.0,0.0,0.0,0.0,0.0,0.0,43750.0,102.9,santa_rita_do_sapucai
04/2026,3,SUDESTE,SE,31,MINAS GERAIS,MG,315970,SANTA ROSA DA SERRA,3.0,2025,DOU,3487.0,1.0,0.0,0.0,0.0,0.0,0.0,0.0,0.0,0.0,0.0,0.0,0.0,3500.0,100.37,santa_rosa_da_serra
04/2026,3,SUDESTE,SE,31,MINAS GERAIS,MG,315980,SANTA VITORIA,2.0,2025,DOU,21914.0,7.0,0.0,0.0,0.0,0.0,0.0,0.0,0.0,0.0,0.0,0.0,0.0,24500.0,111.8,santa_vitoria
04/2026,3,SUDESTE,SE,31,MINAS GERAIS,MG,315830,SANTANA DA VARGEM,3.0,2025,DOU,6756.0,3.0,0.0,0.0,0.0,0.0,0.0,0.0,0.0,0.0,0.0,0.0,0.0,10500.0,155.41,santana_da_vargem
04/2026,3,SUDESTE,SE,31,MINAS GERAIS,MG,315840,SANTANA DE CATAGUASES,3.0,2025,DOU,3548.0,2.0,0.0,0.0,0.0,0.0,0.0,0.0,0.0,0.0,0.0,0.0,0.0,7000.0,197.29,santana_de_cataguases
04/2026,3,SUDESTE,SE,31,MINAS GERAIS,MG,315850,SANTANA DE PIRAPAMA,3.0,2025,DOU,7030.0,4.0,0.0,0.0,0.0,0.0,0.0,0.0,0.0,0.0,0.0,0.0,0.0,14000.0,199.14,santana_de_pirapama
04/2026,3,SUDESTE,SE,31,MINAS GERAIS,MG,315860,SANTANA DO DESERTO,1.0,2025,DOU,3815.0,2.0,0.0,0.0,0.0,0.0,0.0,0.0,0.0,0.0,0.0,0.0,0.0,7000.0,183.48,santana_do_deserto
04/2026,3,SUDESTE,SE,31,MINAS GERAIS,MG,315870,SANTANA DO GARAMBEU,3.0,2025,DOU,2171.0,1.0,0.0,0.0,0.0,0.0,0.0,0.0,0.0,0.0,0.0,0.0,0.0,3500.0,161.21,santana_do_garambeu
04/2026,3,SUDESTE,SE,31,MINAS GERAIS,MG,315880,SANTANA DO JACARE,2.0,2025,DOU,4246.0,2.0,0.0,0.0,0.0,0.0,0.0,0.0,0.0,0.0,0.0,0.0,0.0,7000.0,164.86,santana_do_jacare
04/2026,3,SUDESTE,SE,31,MINAS GERAIS,MG,315890,SANTANA DO MANHUACU,3.0,2025,DOU,9264.0,3.0,0.0,0.0,0.0,0.0,0.0,0.0,0.0,0.0,0.0,0.0,0.0,10500.0,113.34,santana_do_manhuacu
04/2026,3,SUDESTE,SE,31,MINAS GERAIS,MG,315895,SANTANA DO PARAISO,1.0,2025,DOU,49025.0,11.0,0.0,0.0,0.0,0.0,0.0,0.0,0.0,0.0,0.0,0.0,0.0,38500.0,78.53,santana_do_paraiso
04/2026,3,SUDESTE,SE,31,MINAS GERAIS,MG,315900,SANTANA DO RIACHO,3.0,2025,DOU,5654.0,2.0,0.0,0.0,0.0,0.0,0.0,0.0,0.0,0.0,0.0,0.0,0.0,7000.0,123.8,santana_do_riacho
04/2026,3,SUDESTE,SE,31,MINAS GERAIS,MG,315910,SANTANA DOS MONTES,3.0,2025,DOU,3490.0,2.0,0.0,0.0,0.0,0.0,0.0,0.0,0.0,0.0,0.0,0.0,0.0,7000.0,200.57,santana_dos_montes
04/2026,3,SUDESTE,SE,31,MINAS GERAIS,MG,315990,SANTO ANTONIO DO AMPARO,1.0,2025,DOU,17657.0,6.0,0.0,0.0,0.0,0.0,0.0,0.0,0.0,0.0,0.0,0.0,0.0,21000.0,118.93,santo_antonio_do_amparo
04/2026,3,SUDESTE,SE,31,MINAS GERAIS,MG,316000,SANTO ANTONIO DO AVENTUREIRO,3.0,2025,DOU,3896.0,2.0,0.0,0.0,0.0,0.0,0.0,0.0,0.0,0.0,0.0,0.0,0.0,7000.0,179.67,santo_antonio_do_aventureiro
04/2026,3,SUDESTE,SE,31,MINAS GERAIS,MG,316010,SANTO ANTONIO DO GRAMA,2.0,2025,DOU,4352.0,2.0,0.0,0.0,0.0,0.0,0.0,0.0,0.0,0.0,0.0,0.0,0.0,7000.0,160.84,santo_antonio_do_grama
04/2026,3,SUDESTE,SE,31,MINAS GERAIS,MG,316020,SANTO ANTONIO DO ITAMBE,3.0,2025,DOU,3969.0,2.0,0.0,0.0,0.0,0.0,0.0,0.0,0.0,0.0,0.0,0.0,0.0,7000.0,176.36,santo_antonio_do_itambe
04/2026,3,SUDESTE,SE,31,MINAS GERAIS,MG,316030,SANTO ANTONIO DO JACINTO,3.0,2025,DOU,10324.0,5.0,1.0,1.0,0.0,0.0,0.0,0.0,0.0,0.0,0.0,0.0,0.0,21875.0,211.88,santo_antonio_do_jacinto
04/2026,3,SUDESTE,SE,31,MINAS GERAIS,MG,316040,SANTO ANTONIO DO MONTE,1.0,2025,DOU,28456.0,12.0,0.0,0.0,0.0,0.0,0.0,0.0,0.0,0.0,0.0,0.0,0.0,42000.0,147.59,santo_antonio_do_monte
04/2026,3,SUDESTE,SE,31,MINAS GERAIS,MG,316045,SANTO ANTONIO DO RETIRO,3.0,2025,DOU,6729.0,4.0,0.0,0.0,0.0,0.0,0.0,0.0,0.0,0.0,0.0,0.0,0.0,14000.0,208.05,santo_antonio_do_retiro
04/2026,3,SUDESTE,SE,31,MINAS GERAIS,MG,316050,SANTO ANTONIO DO RIO ABAIXO,3.0,2025,DOU,1856.0,1.0,0.0,0.0,0.0,0.0,0.0,0.0,0.0,0.0,0.0,0.0,0.0,3500.0,188.57,santo_antonio_do_rio_abaixo
04/2026,3,SUDESTE,SE,31,MINAS GERAIS,MG,316060,SANTO HIPOLITO,3.0,2025,DOU,2692.0,2.0,0.0,0.0,0.0,0.0,0.0,0.0,0.0,0.0,0.0,0.0,0.0,7000.0,260.02,santo_hipolito
04/2026,3,SUDESTE,SE,31,MINAS GERAIS,MG,316070,SANTOS DUMONT,1.0,2025,DOU,43218.0,13.0,1.0,0.0,0.0,0.0,0.0,0.0,0.0,0.0,0.0,0.0,0.0,48125.0,111.35,santos_dumont
04/2026,3,SUDESTE,SE,31,MINAS GERAIS,MG,316080,SAO BENTO ABADE,2.0,2025,DOU,4846.0,3.0,0.0,0.0,0.0,0.0,0.0,0.0,0.0,0.0,0.0,0.0,0.0,10500.0,216.67,sao_bento_abade
04/2026,3,SUDESTE,SE,31,MINAS GERAIS,MG,316090,SAO BRAS DO SUACUI,1.0,2025,DOU,4161.0,2.0,0.0,0.0,0.0,0.0,0.0,0.0,0.0,0.0,0.0,0.0,0.0,7000.0,168.22,sao_bras_do_suacui
04/2026,3,SUDESTE,SE,31,MINAS GERAIS,MG,316095,SAO DOMINGOS DAS DORES,3.0,2025,DOU,5793.0,2.0,1.0,0.0,0.0,0.0,0.0,0.0,0.0,0.0,0.0,0.0,0.0,9625.0,166.14,sao_domingos_das_dores
04/2026,3,SUDESTE,SE,31,MINAS GERAIS,MG,316100,SAO DOMINGOS DO PRATA,3.0,2025,DOU,17783.0,7.0,0.0,0.0,0.0,0.0,0.0,0.0,0.0,0.0,0.0,0.0,0.0,24500.0,137.77,sao_domingos_do_prata
04/2026,3,SUDESTE,SE,31,MINAS GERAIS,MG,316105,SAO FELIX DE MINAS,3.0,2025,DOU,3244.0,2.0,0.0,0.0,0.0,0.0,0.0,0.0,0.0,0.0,0.0,0.0,0.0,7000.0,215.78,sao_felix_de_minas
04/2026,3,SUDESTE,SE,31,MINAS GERAIS,MG,316110,SAO FRANCISCO,1.0,2025,DOU,54223.0,20.0,1.0,0.0,0.0,0.0,0.0,0.0,0.0,0.0,1.0,72.0,72.0,72697.0,134.07,sao_francisco
04/2026,3,SUDESTE,SE,31,MINAS GERAIS,MG,316120,SAO FRANCISCO DE PAULA,3.0,2025,DOU,6281.0,3.0,0.0,0.0,0.0,0.0,0.0,0.0,0.0,0.0,0.0,0.0,0.0,10500.0,167.17,sao_francisco_de_paula
04/2026,3,SUDESTE,SE,31,MINAS GERAIS,MG,316130,SAO FRANCISCO DE SALES,2.0,2025,DOU,5858.0,1.0,1.0,1.0,0.0,0.0,0.0,0.0,0.0,0.0,0.0,0.0,0.0,7875.0,134.43,sao_francisco_de_sales
04/2026,3,SUDESTE,SE,31,MINAS GERAIS,MG,316140,SAO FRANCISCO DO GLORIA,3.0,2025,DOU,4848.0,3.0,0.0,0.0,0.0,0.0,0.0,0.0,0.0,0.0,0.0,0.0,0.0,10500.0,216.58,sao_francisco_do_gloria
04/2026,3,SUDESTE,SE,31,MINAS GERAIS,MG,316150,SAO GERALDO,3.0,2025,DOU,10524.0,4.0,0.0,2.0,0.0,0.0,0.0,0.0,0.0,0.0,0.0,0.0,0.0,17500.0,166.28,sao_geraldo
04/2026,3,SUDESTE,SE,31,MINAS GERAIS,MG,316160,SAO GERALDO DA PIEDADE,3.0,2025,DOU,3200.0,2.0,0.0,0.0,0.0,0.0,0.0,0.0,0.0,0.0,0.0,0.0,0.0,7000.0,218.75,sao_geraldo_da_piedade
04/2026,3,SUDESTE,SE,31,MINAS GERAIS,MG,316165,SAO GERALDO DO BAIXIO,3.0,2025,DOU,3158.0,2.0,0.0,0.0,0.0,0.0,0.0,0.0,0.0,0.0,0.0,0.0,0.0,7000.0,221.65,sao_geraldo_do_baixio
04/2026,3,SUDESTE,SE,31,MINAS GERAIS,MG,316170,SAO GONCALO DO ABAETE,3.0,2025,DOU,7515.0,3.0,0.0,0.0,0.0,0.0,0.0,0.0,0.0,0.0,0.0,0.0,0.0,10500.0,139.72,sao_goncalo_do_abaete
04/2026,3,SUDESTE,SE,31,MINAS GERAIS,MG,316180,SAO GONCALO DO PARA,2.0,2025,DOU,12275.0,5.0,0.0,0.0,0.0,0.0,0.0,0.0,0.0,0.0,0.0,0.0,0.0,17500.0,142.56,sao_goncalo_do_para
04/2026,3,SUDESTE,SE,31,MINAS GERAIS,MG,316190,SAO GONCALO DO RIO ABAIXO,3.0,2025,DOU,12475.0,5.0,0.0,0.0,0.0,0.0,0.0,0.0,0.0,0.0,0.0,0.0,0.0,17500.0,140.28,sao_goncalo_do_rio_abaixo
04/2026,3,SUDESTE,SE,31,MINAS GERAIS,MG,312550,SAO GONCALO DO RIO PRETO,3.0,2025,DOU,3099.0,2.0,0.0,0.0,0.0,0.0,0.0,0.0,0.0,0.0,0.0,0.0,0.0,7000.0,225.87,sao_goncalo_do_rio_preto
04/2026,3,SUDESTE,SE,31,MINAS GERAIS,MG,316200,SAO GONCALO DO SAPUCAI,1.0,2025,DOU,24497.0,10.0,0.0,0.0,0.0,0.0,0.0,0.0,0.0,0.0,0.0,0.0,0.0,35000.0,142.87,sao_goncalo_do_sapucai
04/2026,3,SUDESTE,SE,31,MINAS GERAIS,MG,316210,SAO GOTARDO,1.0,2025,DOU,43851.0,14.0,0.0,0.0,0.0,0.0,0.0,0.0,0.0,0.0,0.0,0.0,0.0,49000.0,111.74,sao_gotardo
04/2026,3,SUDESTE,SE,31,MINAS GERAIS,MG,316220,SAO JOAO BATISTA DO GLORIA,2.0,2025,DOU,7959.0,3.0,0.0,0.0,0.0,0.0,0.0,0.0,0.0,0.0,0.0,0.0,0.0,10500.0,131.92,sao_joao_batista_do_gloria
04/2026,3,SUDESTE,SE,31,MINAS GERAIS,MG,316225,SAO JOAO DA LAGOA,3.0,2025,DOU,4962.0,2.0,0.0,0.0,0.0,0.0,0.0,0.0,0.0,0.0,0.0,0.0,0.0,7000.0,141.07,sao_joao_da_lagoa
04/2026,3,SUDESTE,SE,31,MINAS GERAIS,MG,316230,SAO JOAO DA MATA,3.0,2025,DOU,3012.0,1.0,0.0,0.0,0.0,0.0,0.0,0.0,0.0,0.0,0.0,0.0,0.0,3500.0,116.2,sao_joao_da_mata
04/2026,3,SUDESTE,SE,31,MINAS GERAIS,MG,316240,SAO JOAO DA PONTE,3.0,2025,DOU,24197.0,13.0,0.0,0.0,0.0,0.0,0.0,0.0,0.0,0.0,0.0,0.0,0.0,45500.0,188.03,sao_joao_da_ponte
04/2026,3,SUDESTE,SE,31,MINAS GERAIS,MG,316245,SAO JOAO DAS MISSOES,5.0,2025,DOU,13547.0,7.0,0.0,0.0,0.0,0.0,0.0,0.0,0.0,0.0,0.0,0.0,0.0,24500.0,180.85,sao_joao_das_missoes
04/2026,3,SUDESTE,SE,31,MINAS GERAIS,MG,316250,SAO JOAO DEL REI,1.0,2025,DOU,94468.0,32.0,0.0,0.0,0.0,0.0,0.0,0.0,0.0,0.0,0.0,0.0,0.0,112000.0,118.55,sao_joao_del_rei
04/2026,3,SUDESTE,SE,31,MINAS GERAIS,MG,316255,SAO JOAO DO MANHUACU,3.0,2025,DOU,11676.0,5.0,0.0,0.0,0.0,0.0,0.0,0.0,0.0,0.0,0.0,0.0,0.0,17500.0,149.88,sao_joao_do_manhuacu
04/2026,3,SUDESTE,SE,31,MINAS GERAIS,MG,316257,SAO JOAO DO MANTENINHA,3.0,2025,DOU,5479.0,3.0,0.0,0.0,0.0,0.0,0.0,0.0,0.0,0.0,0.0,0.0,0.0,10500.0,191.64,sao_joao_do_manteninha
04/2026,3,SUDESTE,SE,31,MINAS GERAIS,MG,316260,SAO JOAO DO ORIENTE,3.0,2025,DOU,7099.0,4.0,0.0,0.0,0.0,0.0,0.0,0.0,0.0,0.0,0.0,0.0,0.0,14000.0,197.21,sao_joao_do_oriente
04/2026,3,SUDESTE,SE,31,MINAS GERAIS,MG,316265,SAO JOAO DO PACUI,3.0,2025,DOU,4050.0,2.0,0.0,0.0,0.0,0.0,0.0,0.0,0.0,0.0,0.0,0.0,0.0,7000.0,172.83,sao_joao_do_pacui
04/2026,3,SUDESTE,SE,31,MINAS GERAIS,MG,316270,SAO JOAO DO PARAISO,3.0,2025,DOU,24706.0,10.0,0.0,0.0,0.0,0.0,0.0,0.0,0.0,0.0,0.0,0.0,0.0,35000.0,141.66,sao_joao_do_paraiso
04/2026,3,SUDESTE,SE,31,MINAS GERAIS,MG,316280,SAO JOAO EVANGELISTA,3.0,2025,DOU,15613.0,6.0,0.0,0.0,0.0,0.0,0.0,0.0,1.0,241.0,0.0,0.0,241.0,21241.0,136.04,sao_joao_evangelista
04/2026,3,SUDESTE,SE,31,MINAS GERAIS,MG,316290,SAO JOAO NEPOMUCENO,1.0,2025,DOU,26529.0,6.0,2.0,0.0,0.0,0.0,0.0,0.0,0.0,0.0,0.0,0.0,0.0,26250.0,98.94,sao_joao_nepomuceno
04/2026,3,SUDESTE,SE,31,MINAS GERAIS,MG,316292,SAO JOAQUIM DE BICAS,1.0,2025,DOU,37017.0,11.0,0.0,0.0,0.0,0.0,0.0,0.0,0.0,0.0,3.0,1127.0,1127.0,39627.0,107.05,sao_joaquim_de_bicas
04/2026,3,SUDESTE,SE,31,MINAS GERAIS,MG,316294,SAO JOSE DA BARRA,3.0,2025,DOU,8145.0,3.0,0.0,0.0,0.0,0.0,0.0,0.0,0.0,0.0,0.0,0.0,0.0,10500.0,128.91,sao_jose_da_barra
04/2026,3,SUDESTE,SE,31,MINAS GERAIS,MG,316295,SAO JOSE DA LAPA,1.0,2025,DOU,28087.0,9.0,0.0,0.0,0.0,0.0,0.0,0.0,0.0,0.0,0.0,0.0,0.0,31500.0,112.15,sao_jose_da_lapa
04/2026,3,SUDESTE,SE,31,MINAS GERAIS,MG,316300,SAO JOSE DA SAFIRA,3.0,2025,DOU,3849.0,2.0,0.0,0.0,0.0,0.0,0.0,0.0,0.0,0.0,0.0,0.0,0.0,7000.0,181.86,sao_jose_da_safira
04/2026,3,SUDESTE,SE,31,MINAS GERAIS,MG,316310,SAO JOSE DA VARGINHA,3.0,2025,DOU,4698.0,2.0,0.0,0.0,0.0,0.0,0.0,0.0,0.0,0.0,0.0,0.0,0.0,7000.0,148.99,sao_jose_da_varginha
04/2026,3,SUDESTE,SE,31,MINAS GERAIS,MG,316320,SAO JOSE DO ALEGRE,1.0,2025,DOU,4252.0,2.0,0.0,0.0,0.0,0.0,0.0,0.0,0.0,0.0,0.0,0.0,0.0,7000.0,164.62,sao_jose_do_alegre
04/2026,3,SUDESTE,SE,31,MINAS GERAIS,MG,316330,SAO JOSE DO DIVINO,3.0,2025,DOU,3482.0,2.0,0.0,0.0,0.0,0.0,0.0,0.0,0.0,0.0,0.0,0.0,0.0,7000.0,201.03,sao_jose_do_divino
04/2026,3,SUDESTE,SE,31,MINAS GERAIS,MG,316340,SAO JOSE DO GOIABAL,3.0,2025,DOU,5482.0,2.0,0.0,0.0,0.0,0.0,0.0,0.0,0.0,0.0,0.0,0.0,0.0,7000.0,127.69,sao_jose_do_goiabal
04/2026,3,SUDESTE,SE,31,MINAS GERAIS,MG,316350,SAO JOSE DO JACURI,3.0,2025,DOU,6282.0,3.0,0.0,0.0,0.0,0.0,0.0,0.0,0.0,0.0,0.0,0.0,0.0,10500.0,167.14,sao_jose_do_jacuri
04/2026,3,SUDESTE,SE,31,MINAS GERAIS,MG,316360,SAO JOSE DO MANTIMENTO,3.0,2025,DOU,2844.0,1.0,0.0,0.0,0.0,0.0,0.0,0.0,0.0,0.0,0.0,0.0,0.0,3500.0,123.06,sao_jose_do_mantimento
04/2026,3,SUDESTE,SE,31,MINAS GERAIS,MG,316370,SAO LOURENCO,1.0,2025,DOU,46868.0,11.0,0.0,0.0,0.0,0.0,1.0,45.0,1.0,554.0,0.0,0.0,599.0,39099.0,83.42,sao_lourenco
04/2026,3,SUDESTE,SE,31,MINAS GERAIS,MG,316380,SAO MIGUEL DO ANTA,3.0,2025,DOU,6410.0,3.0,0.0,0.0,0.0,0.0,0.0,0.0,0.0,0.0,0.0,0.0,0.0,10500.0,163.8,sao_miguel_do_anta
04/2026,3,SUDESTE,SE,31,MINAS GERAIS,MG,316390,SAO PEDRO DA UNIAO,3.0,2025,DOU,4973.0,2.0,0.0,0.0,0.0,0.0,0.0,0.0,0.0,0.0,0.0,0.0,0.0,7000.0,140.76,sao_pedro_da_uniao
04/2026,3,SUDESTE,SE,31,MINAS GERAIS,MG,316410,SAO PEDRO DO SUACUI,3.0,2025,DOU,5143.0,3.0,0.0,0.0,0.0,0.0,0.0,0.0,0.0,0.0,0.0,0.0,0.0,10500.0,204.16,sao_pedro_do_suacui
04/2026,3,SUDESTE,SE,31,MINAS GERAIS,MG,316400,SAO PEDRO DOS FERROS,3.0,2025,DOU,7132.0,3.0,0.0,0.0,0.0,0.0,0.0,0.0,0.0,0.0,0.0,0.0,0.0,10500.0,147.22,sao_pedro_dos_ferros
04/2026,3,SUDESTE,SE,31,MINAS GERAIS,MG,316420,SAO ROMAO,3.0,2025,DOU,10562.0,5.0,0.0,0.0,0.0,0.0,0.0,0.0,0.0,0.0,0.0,0.0,0.0,17500.0,165.68,sao_romao
04/2026,3,SUDESTE,SE,31,MINAS GERAIS,MG,316430,SAO ROQUE DE MINAS,3.0,2025,DOU,7370.0,3.0,0.0,0.0,0.0,0.0,0.0,0.0,0.0,0.0,0.0,0.0,0.0,10500.0,142.46,sao_roque_de_minas
04/2026,3,SUDESTE,SE,31,MINAS GERAIS,MG,316440,SAO SEBASTIAO DA BELA VISTA,3.0,2025,DOU,6778.0,3.0,0.0,0.0,0.0,0.0,0.0,0.0,0.0,0.0,0.0,0.0,0.0,10500.0,154.91,sao_sebastiao_da_bela_vista
04/2026,3,SUDESTE,SE,31,MINAS GERAIS,MG,316443,SAO SEBASTIAO DA VARGEM ALEGRE,3.0,2025,DOU,3239.0,2.0,0.0,0.0,0.0,0.0,0.0,0.0,0.0,0.0,0.0,0.0,0.0,7000.0,216.11,sao_sebastiao_da_vargem_alegre
04/2026,3,SUDESTE,SE,31,MINAS GERAIS,MG,316447,SAO SEBASTIAO DO ANTA,3.0,2025,DOU,6415.0,3.0,0.0,0.0,0.0,0.0,0.0,0.0,0.0,0.0,0.0,0.0,0.0,10500.0,163.67,sao_sebastiao_do_anta
04/2026,3,SUDESTE,SE,31,MINAS GERAIS,MG,316450,SAO SEBASTIAO DO MARANHAO,3.0,2025,DOU,10218.0,5.0,0.0,0.0,0.0,0.0,0.0,0.0,0.0,0.0,0.0,0.0,0.0,17500.0,171.26,sao_sebastiao_do_maranhao
04/2026,3,SUDESTE,SE,31,MINAS GERAIS,MG,316460,SAO SEBASTIAO DO OESTE,3.0,2025,DOU,9527.0,3.0,0.0,0.0,0.0,0.0,0.0,0.0,0.0,0.0,0.0,0.0,0.0,10500.0,110.21,sao_sebastiao_do_oeste
04/2026,3,SUDESTE,SE,31,MINAS GERAIS,MG,316470,SAO SEBASTIAO DO PARAISO,1.0,2025,DOU,75179.0,21.0,3.0,0.0,0.0,0.0,0.0,0.0,0.0,0.0,1.0,312.0,312.0,81687.0,108.65,sao_sebastiao_do_paraiso
04/2026,3,SUDESTE,SE,31,MINAS GERAIS,MG,316480,SAO SEBASTIAO DO RIO PRETO,3.0,2025,DOU,1229.0,1.0,0.0,0.0,0.0,0.0,0.0,0.0,0.0,0.0,0.0,0.0,0.0,3500.0,284.78,sao_sebastiao_do_rio_preto
04/2026,3,SUDESTE,SE,31,MINAS GERAIS,MG,316490,SAO SEBASTIAO DO RIO VERDE,3.0,2025,DOU,2385.0,1.0,0.0,0.0,0.0,0.0,0.0,0.0,0.0,0.0,0.0,0.0,0.0,3500.0,146.75,sao_sebastiao_do_rio_verde
04/2026,3,SUDESTE,SE,31,MINAS GERAIS,MG,316520,SAO THOME DAS LETRAS,3.0,2025,DOU,7107.0,3.0,0.0,0.0,0.0,0.0,0.0,0.0,0.0,0.0,0.0,0.0,0.0,10500.0,147.74,sao_thome_das_letras
04/2026,3,SUDESTE,SE,31,MINAS GERAIS,MG,316500,SAO TIAGO,3.0,2025,DOU,11559.0,4.0,0.0,0.0,0.0,0.0,0.0,0.0,0.0,0.0,0.0,0.0,0.0,14000.0,121.11,sao_tiago
04/2026,3,SUDESTE,SE,31,MINAS GERAIS,MG,316510,SAO TOMAS DE AQUINO,3.0,2025,DOU,6837.0,3.0,0.0,0.0,0.0,0.0,0.0,0.0,0.0,0.0,0.0,0.0,0.0,10500.0,153.57,sao_tomas_de_aquino
04/2026,3,SUDESTE,SE,31,MINAS GERAIS,MG,316530,SAO VICENTE DE MINAS,2.0,2025,DOU,6928.0,4.0,0.0,0.0,0.0,0.0,0.0,0.0,0.0,0.0,0.0,0.0,0.0,14000.0,202.07,sao_vicente_de_minas
04/2026,3,SUDESTE,SE,31,MINAS GERAIS,MG,316540,SAPUCAI-MIRIM,3.0,2025,DOU,6469.0,2.0,0.0,0.0,0.0,0.0,0.0,0.0,0.0,0.0,0.0,0.0,0.0,7000.0,108.2,sapucai_mirim
04/2026,3,SUDESTE,SE,31,MINAS GERAIS,MG,316550,SARDOA,3.0,2025,DOU,5140.0,2.0,0.0,0.0,0.0,0.0,0.0,0.0,0.0,0.0,0.0,0.0,0.0,7000.0,136.18,sardoa
04/2026,3,SUDESTE,SE,31,MINAS GERAIS,MG,316553,SARZEDO,1.0,2025,DOU,39974.0,11.0,0.0,0.0,0.0,0.0,0.0,0.0,0.0,0.0,0.0,0.0,0.0,38500.0,96.31,sarzedo
04/2026,3,SUDESTE,SE,31,MINAS GERAIS,MG,316556,SEM-PEIXE,3.0,2025,DOU,2420.0,1.0,0.0,0.0,0.0,0.0,0.0,0.0,0.0,0.0,0.0,0.0,0.0,3500.0,144.62,sem_peixe
04/2026,3,SUDESTE,SE,31,MINAS GERAIS,MG,316557,SENADOR AMARAL,3.0,2025,DOU,6517.0,3.0,0.0,0.0,0.0,0.0,0.0,0.0,0.0,0.0,0.0,0.0,0.0,10500.0,161.11,senador_amaral
04/2026,3,SUDESTE,SE,31,MINAS GERAIS,MG,316560,SENADOR CORTES,3.0,2025,DOU,2335.0,1.0,0.0,0.0,0.0,0.0,0.0,0.0,0.0,0.0,0.0,0.0,0.0,3500.0,149.89,senador_cortes
04/2026,3,SUDESTE,SE,31,MINAS GERAIS,MG,316570,SENADOR FIRMINO,3.0,2025,DOU,7977.0,4.0,0.0,0.0,0.0,0.0,0.0,0.0,0.0,0.0,0.0,0.0,0.0,14000.0,175.5,senador_firmino
04/2026,3,SUDESTE,SE,31,MINAS GERAIS,MG,316580,SENADOR JOSE BENTO,3.0,2025,DOU,2149.0,1.0,0.0,0.0,0.0,0.0,0.0,0.0,0.0,0.0,0.0,0.0,0.0,3500.0,162.86,senador_jose_bento
04/2026,3,SUDESTE,SE,31,MINAS GERAIS,MG,316590,SENADOR MODESTINO GONCALVES,3.0,2025,DOU,4006.0,2.0,0.0,0.0,0.0,0.0,0.0,0.0,0.0,0.0,0.0,0.0,0.0,7000.0,174.73,senador_modestino_goncalves
04/2026,3,SUDESTE,SE,31,MINAS GERAIS,MG,316600,SENHORA DE OLIVEIRA,3.0,2025,DOU,5577.0,3.0,0.0,0.0,0.0,0.0,0.0,0.0,0.0,0.0,0.0,0.0,0.0,10500.0,188.27,senhora_de_oliveira
04/2026,3,SUDESTE,SE,31,MINAS GERAIS,MG,316610,SENHORA DO PORTO,3.0,2025,DOU,3066.0,2.0,0.0,0.0,0.0,0.0,0.0,0.0,0.0,0.0,0.0,0.0,0.0,7000.0,228.31,senhora_do_porto
04/2026,3,SUDESTE,SE,31,MINAS GERAIS,MG,316620,SENHORA DOS REMEDIOS,3.0,2025,DOU,10657.0,4.0,0.0,0.0,0.0,0.0,0.0,0.0,0.0,0.0,0.0,0.0,0.0,14000.0,131.36,senhora_dos_remedios
04/2026,3,SUDESTE,SE,31,MINAS GERAIS,MG,316630,SERICITA,3.0,2025,DOU,7552.0,4.0,0.0,0.0,0.0,0.0,0.0,0.0,0.0,0.0,0.0,0.0,0.0,14000.0,185.38,sericita
04/2026,3,SUDESTE,SE,31,MINAS GERAIS,MG,316640,SERITINGA,3.0,2025,DOU,1866.0,1.0,1.0,0.0,0.0,0.0,0.0,0.0,0.0,0.0,0.0,0.0,0.0,6125.0,328.24,seritinga
04/2026,3,SUDESTE,SE,31,MINAS GERAIS,MG,316650,SERRA AZUL DE MINAS,3.0,2025,DOU,3808.0,2.0,0.0,0.0,0.0,0.0,0.0,0.0,0.0,0.0,0.0,0.0,0.0,7000.0,183.82,serra_azul_de_minas
04/2026,3,SUDESTE,SE,31,MINAS GERAIS,MG,316660,SERRA DA SAUDADE,3.0,2025,DOU,856.0,1.0,0.0,0.0,0.0,0.0,0.0,0.0,0.0,0.0,0.0,0.0,0.0,3500.0,408.87,serra_da_saudade
04/2026,3,SUDESTE,SE,31,MINAS GERAIS,MG,316680,SERRA DO SALITRE,3.0,2025,DOU,12286.0,5.0,0.0,0.0,0.0,0.0,0.0,0.0,0.0,0.0,0.0,0.0,0.0,17500.0,142.43,serra_do_salitre
04/2026,3,SUDESTE,SE,31,MINAS GERAIS,MG,316670,SERRA DOS AIMORES,2.0,2025,DOU,6859.0,4.0,0.0,0.0,0.0,0.0,0.0,0.0,0.0,0.0,0.0,0.0,0.0,14000.0,204.11,serra_dos_aimores
04/2026,3,SUDESTE,SE,31,MINAS GERAIS,MG,316690,SERRANIA,2.0,2025,DOU,7811.0,3.0,0.0,0.0,0.0,0.0,0.0,0.0,0.0,0.0,0.0,0.0,0.0,10500.0,134.42,serrania
04/2026,3,SUDESTE,SE,31,MINAS GERAIS,MG,316695,SERRANOPOLIS DE MINAS,3.0,2025,DOU,4497.0,2.0,0.0,0.0,0.0,0.0,0.0,0.0,0.0,0.0,0.0,0.0,0.0,7000.0,155.65,serranopolis_de_minas
04/2026,3,SUDESTE,SE,31,MINAS GERAIS,MG,316700,SERRANOS,3.0,2025,DOU,2036.0,1.0,0.0,0.0,0.0,0.0,0.0,0.0,0.0,0.0,0.0,0.0,0.0,3500.0,171.9,serranos
04/2026,3,SUDESTE,SE,31,MINAS GERAIS,MG,316710,SERRO,3.0,2025,DOU,22624.0,9.0,0.0,0.0,0.0,0.0,0.0,0.0,1.0,388.0,0.0,0.0,388.0,31888.0,140.94,serro
04/2026,3,SUDESTE,SE,31,MINAS GERAIS,MG,316720,SETE LAGOAS,1.0,2025,DOU,238909.0,61.0,5.0,0.0,0.0,0.0,1.0,110.0,2.0,1317.0,0.0,0.0,1427.0,228052.0,95.45,sete_lagoas
04/2026,3,SUDESTE,SE,31,MINAS GERAIS,MG,316555,SETUBINHA,3.0,2025,DOU,9985.0,5.0,0.0,0.0,0.0,0.0,0.0,0.0,0.0,0.0,0.0,0.0,0.0,17500.0,175.26,setubinha
04/2026,3,SUDESTE,SE,31,MINAS GERAIS,MG,316730,SILVEIRANIA,3.0,2025,DOU,2399.0,1.0,0.0,0.0,0.0,0.0,0.0,0.0,0.0,0.0,0.0,0.0,0.0,3500.0,145.89,silveirania
04/2026,3,SUDESTE,SE,31,MINAS GERAIS,MG,316740,SILVIANOPOLIS,3.0,2025,DOU,6348.0,3.0,0.0,0.0,0.0,0.0,0.0,0.0,0.0,0.0,0.0,0.0,0.0,10500.0,165.4,silvianopolis
04/2026,3,SUDESTE,SE,31,MINAS GERAIS,MG,316750,SIMAO PEREIRA,1.0,2025,DOU,3084.0,1.0,0.0,0.0,0.0,0.0,0.0,0.0,0.0,0.0,0.0,0.0,0.0,3500.0,113.48,simao_pereira
04/2026,3,SUDESTE,SE,31,MINAS GERAIS,MG,316760,SIMONESIA,3.0,2025,DOU,20431.0,10.0,0.0,0.0,0.0,0.0,0.0,0.0,0.0,0.0,0.0,0.0,0.0,35000.0,171.3,simonesia
04/2026,3,SUDESTE,SE,31,MINAS GERAIS,MG,316770,SOBRALIA,3.0,2025,DOU,5140.0,3.0,0.0,0.0,0.0,0.0,0.0,0.0,0.0,0.0,0.0,0.0,0.0,10500.0,204.28,sobralia
04/2026,3,SUDESTE,SE,31,MINAS GERAIS,MG,316780,SOLEDADE DE MINAS,3.0,2025,DOU,5733.0,2.0,0.0,0.0,0.0,0.0,0.0,0.0,0.0,0.0,0.0,0.0,0.0,7000.0,122.1,soledade_de_minas
04/2026,3,SUDESTE,SE,31,MINAS GERAIS,MG,316790,TABULEIRO,3.0,2025,DOU,4097.0,2.0,0.0,0.0,0.0,0.0,0.0,0.0,0.0,0.0,0.0,0.0,0.0,7000.0,170.85,tabuleiro
04/2026,3,SUDESTE,SE,31,MINAS GERAIS,MG,316800,TAIOBEIRAS,1.0,2025,DOU,34537.0,15.0,1.0,3.0,0.0,0.0,0.0,0.0,2.0,301.0,0.0,0.0,301.0,60676.0,175.68,taiobeiras
04/2026,3,SUDESTE,SE,31,MINAS GERAIS,MG,316805,TAPARUBA,3.0,2025,DOU,3508.0,2.0,0.0,0.0,0.0,0.0,0.0,0.0,0.0,0.0,0.0,0.0,0.0,7000.0,199.54,taparuba
04/2026,3,SUDESTE,SE,31,MINAS GERAIS,MG,316810,TAPIRA,3.0,2025,DOU,4215.0,2.0,0.0,0.0,0.0,0.0,0.0,0.0,0.0,0.0,0.0,0.0,0.0,7000.0,166.07,tapira
04/2026,3,SUDESTE,SE,31,MINAS GERAIS,MG,316820,TAPIRAI,3.0,2025,DOU,1698.0,1.0,0.0,0.0,0.0,0.0,0.0,0.0,0.0,0.0,0.0,0.0,0.0,3500.0,206.12,tapirai
04/2026,3,SUDESTE,SE,31,MINAS GERAIS,MG,316830,TAQUARACU DE MINAS,3.0,2025,DOU,4394.0,2.0,0.0,0.0,0.0,0.0,0.0,0.0,0.0,0.0,0.0,0.0,0.0,7000.0,159.3,taquaracu_de_minas
04/2026,3,SUDESTE,SE,31,MINAS GERAIS,MG,316840,TARUMIRIM,3.0,2025,DOU,15104.0,7.0,0.0,0.0,0.0,0.0,0.0,0.0,1.0,0.0,0.0,0.0,0.0,24500.0,162.2,tarumirim
04/2026,3,SUDESTE,SE,31,MINAS GERAIS,MG,316850,TEIXEIRAS,3.0,2025,DOU,12691.0,5.0,0.0,0.0,0.0,0.0,0.0,0.0,0.0,0.0,0.0,0.0,0.0,17500.0,137.89,teixeiras
04/2026,3,SUDESTE,SE,31,MINAS GERAIS,MG,316860,TEOFILO OTONI,1.0,2025,DOU,142851.0,41.0,14.0,4.0,0.0,0.0,2.0,806.0,2.0,368.0,1.0,465.0,1639.0,188889.0,132.22,teofilo_otoni
04/2026,3,SUDESTE,SE,31,MINAS GERAIS,MG,316870,TIMOTEO,1.0,2025,DOU,84172.0,20.0,2.0,0.0,0.0,0.0,0.0,0.0,2.0,36.0,0.0,0.0,36.0,75286.0,89.44,timoteo
04/2026,3,SUDESTE,SE,31,MINAS GERAIS,MG,316880,TIRADENTES,1.0,2025,DOU,8056.0,3.0,0.0,0.0,0.0,0.0,0.0,0.0,0.0,0.0,0.0,0.0,0.0,10500.0,130.33,tiradentes
04/2026,3,SUDESTE,SE,31,MINAS GERAIS,MG,316890,TIROS,3.0,2025,DOU,8231.0,3.0,0.0,0.0,0.0,0.0,0.0,0.0,0.0,0.0,0.0,0.0,0.0,10500.0,127.56,tiros
04/2026,3,SUDESTE,SE,31,MINAS GERAIS,MG,316900,TOCANTINS,1.0,2025,DOU,16603.0,6.0,0.0,0.0,0.0,0.0,0.0,0.0,0.0,0.0,0.0,0.0,0.0,21000.0,126.48,tocantins
04/2026,3,SUDESTE,SE,31,MINAS GERAIS,MG,316905,TOCOS DO MOJI,3.0,2025,DOU,3894.0,3.0,0.0,0.0,0.0,0.0,0.0,0.0,0.0,0.0,0.0,0.0,0.0,10500.0,269.64,tocos_do_moji
04/2026,3,SUDESTE,SE,31,MINAS GERAIS,MG,316910,TOLEDO,3.0,2025,DOU,7625.0,3.0,0.0,0.0,0.0,0.0,0.0,0.0,0.0,0.0,0.0,0.0,0.0,10500.0,137.7,toledo
04/2026,3,SUDESTE,SE,31,MINAS GERAIS,MG,316920,TOMBOS,3.0,2025,DOU,8653.0,4.0,0.0,0.0,0.0,0.0,0.0,0.0,0.0,0.0,0.0,0.0,0.0,14000.0,161.79,tombos
04/2026,3,SUDESTE,SE,31,MINAS GERAIS,MG,316930,TRES CORACOES,1.0,2025,DOU,78291.0,18.0,1.0,0.0,0.0,0.0,0.0,0.0,0.0,0.0,0.0,0.0,0.0,65625.0,83.82,tres_coracoes
04/2026,3,SUDESTE,SE,31,MINAS GERAIS,MG,316935,TRES MARIAS,1.0,2025,DOU,29985.0,11.0,0.0,0.0,0.0,0.0,0.0,0.0,1.0,76.0,0.0,0.0,76.0,38576.0,128.65,tres_marias
04/2026,3,SUDESTE,SE,31,MINAS GERAIS,MG,316940,TRES PONTAS,1.0,2025,DOU,57209.0,8.0,5.0,0.0,0.0,0.0,0.0,0.0,0.0,0.0,0.0,0.0,0.0,41125.0,71.88,tres_pontas
04/2026,3,SUDESTE,SE,31,MINAS GERAIS,MG,316950,TUMIRITINGA,3.0,2025,DOU,5955.0,3.0,0.0,0.0,0.0,0.0,0.0,0.0,0.0,0.0,0.0,0.0,0.0,10500.0,176.32,tumiritinga
04/2026,3,SUDESTE,SE,31,MINAS GERAIS,MG,316960,TUPACIGUARA,1.0,2025,DOU,26583.0,8.0,0.0,0.0,0.0,0.0,0.0,0.0,0.0,0.0,0.0,0.0,0.0,28000.0,105.33,tupaciguara
04/2026,3,SUDESTE,SE,31,MINAS GERAIS,MG,316970,TURMALINA,2.0,2025,DOU,20769.0,9.0,0.0,0.0,0.0,0.0,0.0,0.0,0.0,0.0,0.0,0.0,0.0,31500.0,151.66,turmalina
04/2026,3,SUDESTE,SE,31,MINAS GERAIS,MG,316980,TURVOLANDIA,3.0,2025,DOU,5097.0,3.0,0.0,0.0,0.0,0.0,0.0,0.0,0.0,0.0,0.0,0.0,0.0,10500.0,206.0,turvolandia
04/2026,3,SUDESTE,SE,31,MINAS GERAIS,MG,316990,UBA,1.0,2025,DOU,107423.0,29.0,1.0,0.0,0.0,0.0,1.0,144.0,1.0,622.0,0.0,0.0,766.0,104891.0,97.64,uba
04/2026,3,SUDESTE,SE,31,MINAS GERAIS,MG,317000,UBAI,3.0,2025,DOU,11985.0,6.0,0.0,0.0,0.0,0.0,0.0,0.0,0.0,0.0,0.0,0.0,0.0,21000.0,175.21,ubai
04/2026,3,SUDESTE,SE,31,MINAS GERAIS,MG,317005,UBAPORANGA,3.0,2025,DOU,13485.0,5.0,0.0,1.0,0.0,0.0,0.0,0.0,0.0,0.0,0.0,0.0,0.0,19250.0,142.75,ubaporanga
04/2026,3,SUDESTE,SE,31,MINAS GERAIS,MG,317010,UBERABA,1.0,2025,DOU,356781.0,56.0,0.0,2.0,0.0,0.0,1.0,426.0,0.0,0.0,1.0,1227.0,1653.0,201153.0,56.37,uberaba
04/2026,3,SUDESTE,SE,31,MINAS GERAIS,MG,317020,UBERLANDIA,1.0,2025,DOU,761835.0,90.0,13.0,58.0,0.0,0.0,1.0,1043.0,2.0,0.0,0.0,0.0,1043.0,451668.0,59.28,uberlandia
04/2026,3,SUDESTE,SE,31,MINAS GERAIS,MG,317030,UMBURATIBA,3.0,2025,DOU,2742.0,1.0,0.0,0.0,0.0,0.0,0.0,0.0,0.0,0.0,0.0,0.0,0.0,3500.0,127.64,umburatiba
04/2026,3,SUDESTE,SE,31,MINAS GERAIS,MG,317040,UNAI,1.0,2025,DOU,91320.0,22.0,0.0,0.0,0.0,0.0,0.0,0.0,1.0,629.0,0.0,0.0,629.0,77629.0,85.0,unai
04/2026,3,SUDESTE,SE,31,MINAS GERAIS,MG,317043,UNIAO DE MINAS,3.0,2025,DOU,3818.0,1.0,1.0,0.0,0.0,0.0,0.0,0.0,0.0,0.0,0.0,0.0,0.0,6125.0,160.42,uniao_de_minas
04/2026,3,SUDESTE,SE,31,MINAS GERAIS,MG,317047,URUANA DE MINAS,3.0,2025,DOU,3365.0,2.0,0.0,0.0,0.0,0.0,0.0,0.0,0.0,0.0,0.0,0.0,0.0,7000.0,208.02,uruana_de_minas
04/2026,3,SUDESTE,SE,31,MINAS GERAIS,MG,317050,URUCANIA,3.0,2025,DOU,10899.0,4.0,0.0,0.0,0.0,0.0,0.0,0.0,0.0,0.0,0.0,0.0,0.0,14000.0,128.45,urucania
04/2026,3,SUDESTE,SE,31,MINAS GERAIS,MG,317052,URUCUIA,3.0,2025,DOU,18515.0,5.0,0.0,0.0,0.0,0.0,0.0,0.0,0.0,0.0,0.0,0.0,0.0,17500.0,94.51,urucuia
04/2026,3,SUDESTE,SE,31,MINAS GERAIS,MG,317057,VARGEM ALEGRE,2.0,2025,DOU,5800.0,3.0,0.0,0.0,0.0,0.0,0.0,0.0,0.0,0.0,0.0,0.0,0.0,10500.0,181.03,vargem_alegre
04/2026,3,SUDESTE,SE,31,MINAS GERAIS,MG,317060,VARGEM BONITA,3.0,2025,DOU,2207.0,1.0,0.0,0.0,0.0,0.0,0.0,0.0,0.0,0.0,0.0,0.0,0.0,3500.0,158.58,vargem_bonita
04/2026,3,SUDESTE,SE,31,MINAS GERAIS,MG,317065,VARGEM GRANDE DO RIO PARDO,5.0,2025,DOU,4724.0,3.0,0.0,0.0,0.0,0.0,0.0,0.0,0.0,0.0,0.0,0.0,0.0,10500.0,222.26,vargem_grande_do_rio_pardo
04/2026,3,SUDESTE,SE,31,MINAS GERAIS,MG,317070,VARGINHA,1.0,2025,DOU,143676.0,28.0,1.0,4.0,0.0,0.0,0.0,0.0,0.0,0.0,0.0,0.0,0.0,107625.0,74.9,varginha
04/2026,3,SUDESTE,SE,31,MINAS GERAIS,MG,317075,VARJAO DE MINAS,2.0,2025,DOU,7305.0,3.0,0.0,0.0,0.0,0.0,0.0,0.0,0.0,0.0,0.0,0.0,0.0,10500.0,143.73,varjao_de_minas
04/2026,3,SUDESTE,SE,31,MINAS GERAIS,MG,317080,VARZEA DA PALMA,1.0,2025,DOU,34555.0,12.0,0.0,0.0,0.0,0.0,0.0,0.0,0.0,0.0,1.0,30.0,30.0,42030.0,121.63,varzea_da_palma
04/2026,3,SUDESTE,SE,31,MINAS GERAIS,MG,317090,VARZELANDIA,3.0,2025,DOU,19210.0,10.0,0.0,0.0,0.0,0.0,0.0,0.0,0.0,0.0,0.0,0.0,0.0,35000.0,182.19,varzelandia
04/2026,3,SUDESTE,SE,31,MINAS GERAIS,MG,317100,VAZANTE,1.0,2025,DOU,20459.0,8.0,0.0,0.0,0.0,0.0,0.0,0.0,0.0,0.0,0.0,0.0,0.0,28000.0,136.85,vazante
04/2026,3,SUDESTE,SE,31,MINAS GERAIS,MG,317103,VERDELANDIA,3.0,2025,DOU,7737.0,5.0,0.0,0.0,0.0,0.0,0.0,0.0,0.0,0.0,0.0,0.0,0.0,17500.0,226.18,verdelandia
04/2026,3,SUDESTE,SE,31,MINAS GERAIS,MG,317107,VEREDINHA,3.0,2025,DOU,5240.0,3.0,0.0,0.0,0.0,0.0,0.0,0.0,0.0,0.0,0.0,0.0,0.0,10500.0,200.38,veredinha
04/2026,3,SUDESTE,SE,31,MINAS GERAIS,MG,317110,VERISSIMO,3.0,2025,DOU,3478.0,1.0,0.0,0.0,0.0,0.0,0.0,0.0,0.0,0.0,0.0,0.0,0.0,3500.0,100.63,verissimo
04/2026,3,SUDESTE,SE,31,MINAS GERAIS,MG,317115,VERMELHO NOVO,3.0,2025,DOU,5048.0,2.0,0.0,0.0,0.0,0.0,0.0,0.0,0.0,0.0,0.0,0.0,0.0,7000.0,138.66,vermelho_novo
04/2026,3,SUDESTE,SE,31,MINAS GERAIS,MG,317120,VESPASIANO,1.0,2025,DOU,138583.0,30.0,2.0,1.0,0.0,0.0,0.0,0.0,0.0,0.0,0.0,0.0,0.0,112000.0,80.81,vespasiano
04/2026,3,SUDESTE,SE,31,MINAS GERAIS,MG,317130,VICOSA,1.0,2025,DOU,79517.0,21.0,0.0,0.0,0.0,0.0,1.0,0.0,1.0,234.0,0.0,0.0,234.0,73734.0,92.72,vicosa
04/2026,3,SUDESTE,SE,31,MINAS GERAIS,MG,317140,VIEIRAS,3.0,2025,DOU,3781.0,2.0,0.0,0.0,0.0,0.0,0.0,0.0,0.0,0.0,0.0,0.0,0.0,7000.0,185.13,vieiras
04/2026,3,SUDESTE,SE,31,MINAS GERAIS,MG,317160,VIRGEM DA LAPA,5.0,2025,DOU,11774.0,6.0,0.0,0.0,0.0,0.0,0.0,0.0,0.0,0.0,0.0,0.0,0.0,21000.0,178.35,virgem_da_lapa
04/2026,3,SUDESTE,SE,31,MINAS GERAIS,MG,317170,VIRGINIA,3.0,2025,DOU,9164.0,3.0,0.0,0.0,0.0,0.0,0.0,0.0,0.0,0.0,0.0,0.0,0.0,10500.0,114.57,virginia
04/2026,3,SUDESTE,SE,31,MINAS GERAIS,MG,317180,VIRGINOPOLIS,3.0,2025,DOU,10511.0,5.0,0.0,0.0,0.0,0.0,0.0,0.0,0.0,0.0,0.0,0.0,0.0,17500.0,166.49,virginopolis
04/2026,3,SUDESTE,SE,31,MINAS GERAIS,MG,317190,VIRGOLANDIA,3.0,2025,DOU,4471.0,3.0,0.0,0.0,0.0,0.0,0.0,0.0,0.0,0.0,0.0,0.0,0.0,10500.0,234.84,virgolandia
04/2026,3,SUDESTE,SE,31,MINAS GERAIS,MG,317200,VISCONDE DO RIO BRANCO,1.0,2025,DOU,40711.0,12.0,0.0,0.0,0.0,0.0,0.0,0.0,1.0,77.0,0.0,0.0,77.0,42077.0,103.35,visconde_do_rio_branco
04/2026,3,SUDESTE,SE,31,MINAS GERAIS,MG,317210,VOLTA GRANDE,3.0,2025,DOU,4441.0,3.0,0.0,0.0,0.0,0.0,0.0,0.0,0.0,0.0,0.0,0.0,0.0,10500.0,236.43,volta_grande
04/2026,3,SUDESTE,SE,31,MINAS GERAIS,MG,317220,WENCESLAU BRAZ,1.0,2025,DOU,2377.0,1.0,0.0,0.0,0.0,0.0,0.0,0.0,0.0,0.0,0.0,0.0,0.0,3500.0,147.24,wenceslau_braz
04/2026,5,CENTRO-OESTE,CO,50,MATO GROSSO DO SUL,MS,500020,AGUA CLARA,3.0,2025,DOU,17901.0,4.0,0.0,0.0,0.0,0.0,0.0,0.0,1.0,64.0,0.0,0.0,64.0,14064.0,78.56,agua_clara
04/2026,5,CENTRO-OESTE,CO,50,MATO GROSSO DO SUL,MS,500025,ALCINOPOLIS,5.0,2025,DOU,4649.0,1.0,2.0,0.0,0.0,0.0,0.0,0.0,0.0,0.0,0.0,0.0,0.0,8750.0,188.21,alcinopolis
04/2026,5,CENTRO-OESTE,CO,50,MATO GROSSO DO SUL,MS,500060,AMAMBAI,2.0,2025,DOU,41751.0,9.0,1.0,0.0,0.0,0.0,0.0,0.0,1.0,460.0,0.0,0.0,460.0,34585.0,82.83,amambai
04/2026,5,CENTRO-OESTE,CO,50,MATO GROSSO DO SUL,MS,500070,ANASTACIO,1.0,2025,DOU,24781.0,9.0,0.0,0.0,0.0,0.0,0.0,0.0,0.0,0.0,0.0,0.0,0.0,31500.0,127.11,anastacio
04/2026,5,CENTRO-OESTE,CO,50,MATO GROSSO DO SUL,MS,500080,ANAURILANDIA,3.0,2025,DOU,7688.0,3.0,0.0,0.0,0.0,0.0,0.0,0.0,0.0,0.0,0.0,0.0,0.0,10500.0,136.57,anaurilandia
04/2026,5,CENTRO-OESTE,CO,50,MATO GROSSO DO SUL,MS,500085,ANGELICA,3.0,2025,DOU,11308.0,4.0,0.0,0.0,0.0,0.0,0.0,0.0,0.0,0.0,0.0,0.0,0.0,14000.0,123.8,angelica
04/2026,5,CENTRO-OESTE,CO,50,MATO GROSSO DO SUL,MS,500090,ANTONIO JOAO,3.0,2025,DOU,9717.0,3.0,0.0,0.0,0.0,0.0,0.0,0.0,0.0,0.0,0.0,0.0,0.0,10500.0,108.05,antonio_joao
04/2026,5,CENTRO-OESTE,CO,50,MATO GROSSO DO SUL,MS,500100,APARECIDA DO TABOADO,1.0,2025,DOU,29826.0,7.0,0.0,0.0,0.0,0.0,0.0,0.0,0.0,0.0,0.0,0.0,0.0,24500.0,82.14,aparecida_do_taboado
04/2026,5,CENTRO-OESTE,CO,50,MATO GROSSO DO SUL,MS,500110,AQUIDAUANA,1.0,2025,DOU,48689.0,17.0,0.0,0.0,0.0,0.0,0.0,0.0,1.0,533.0,0.0,0.0,533.0,60033.0,123.29,aquidauana
04/2026,5,CENTRO-OESTE,CO,50,MATO GROSSO DO SUL,MS,500124,ARAL MOREIRA,3.0,2025,DOU,11125.0,4.0,0.0,0.0,0.0,0.0,0.0,0.0,0.0,0.0,0.0,0.0,0.0,14000.0,125.84,aral_moreira
04/2026,5,CENTRO-OESTE,CO,50,MATO GROSSO DO SUL,MS,500150,BANDEIRANTES,3.0,2025,DOU,8342.0,2.0,1.0,0.0,0.0,0.0,0.0,0.0,0.0,0.0,0.0,0.0,0.0,9625.0,115.38,bandeirantes
04/2026,5,CENTRO-OESTE,CO,50,MATO GROSSO DO SUL,MS,500190,BATAGUASSU,1.0,2025,DOU,24222.0,7.0,0.0,0.0,0.0,0.0,0.0,0.0,0.0,0.0,1.0,415.0,415.0,24915.0,102.86,bataguassu
04/2026,5,CENTRO-OESTE,CO,50,MATO GROSSO DO SUL,MS,500200,BATAYPORA,2.0,2025,DOU,10947.0,5.0,0.0,0.0,0.0,0.0,0.0,0.0,0.0,0.0,0.0,0.0,0.0,17500.0,159.86,bataypora
04/2026,5,CENTRO-OESTE,CO,50,MATO GROSSO DO SUL,MS,500210,BELA VISTA,4.0,2025,DOU,21881.0,7.0,1.0,1.0,0.0,0.0,0.0,0.0,1.0,5.0,0.0,0.0,5.0,28880.0,131.98,bela_vista
04/2026,5,CENTRO-OESTE,CO,50,MATO GROSSO DO SUL,MS,500215,BODOQUENA,5.0,2025,DOU,8887.0,3.0,0.0,0.0,0.0,0.0,0.0,0.0,0.0,0.0,0.0,0.0,0.0,10500.0,118.15,bodoquena
04/2026,5,CENTRO-OESTE,CO,50,MATO GROSSO DO SUL,MS,500220,BONITO,1.0,2025,DOU,25034.0,5.0,0.0,0.0,0.0,0.0,0.0,0.0,1.0,42.0,0.0,0.0,42.0,17542.0,70.07,bonito
04/2026,5,CENTRO-OESTE,CO,50,MATO GROSSO DO SUL,MS,500230,BRASILANDIA,3.0,2025,DOU,11833.0,4.0,0.0,0.0,0.0,0.0,0.0,0.0,0.0,0.0,0.0,0.0,0.0,14000.0,118.31,brasilandia
04/2026,5,CENTRO-OESTE,CO,50,MATO GROSSO DO SUL,MS,500240,CAARAPO,2.0,2025,DOU,32748.0,8.0,0.0,2.0,0.0,0.0,0.0,0.0,0.0,0.0,0.0,0.0,0.0,31500.0,96.18,caarapo
04/2026,5,CENTRO-OESTE,CO,50,MATO GROSSO DO SUL,MS,500260,CAMAPUA,3.0,2025,DOU,13928.0,6.0,0.0,0.0,0.0,0.0,0.0,0.0,0.0,0.0,0.0,0.0,0.0,21000.0,150.77,camapua
04/2026,5,CENTRO-OESTE,CO,50,MATO GROSSO DO SUL,MS,500270,CAMPO GRANDE,1.0,2025,DOU,962883.0,226.0,0.0,2.0,0.0,0.0,2.0,797.0,6.0,3537.0,2.0,3882.0,8216.0,802716.0,83.36,campo_grande
04/2026,5,CENTRO-OESTE,CO,50,MATO GROSSO DO SUL,MS,500280,CARACOL,5.0,2025,DOU,5096.0,3.0,0.0,0.0,0.0,0.0,0.0,0.0,0.0,0.0,0.0,0.0,0.0,10500.0,206.04,caracol
04/2026,5,CENTRO-OESTE,CO,50,MATO GROSSO DO SUL,MS,500290,CASSILANDIA,1.0,2025,DOU,21565.0,7.0,1.0,0.0,0.0,0.0,0.0,0.0,0.0,0.0,1.0,220.0,220.0,27345.0,126.8,cassilandia
04/2026,5,CENTRO-OESTE,CO,50,MATO GROSSO DO SUL,MS,500295,CHAPADAO DO SUL,1.0,2025,DOU,34606.0,9.0,1.0,0.0,0.0,0.0,0.0,0.0,0.0,0.0,0.0,0.0,0.0,34125.0,98.61,chapadao_do_sul
04/2026,5,CENTRO-OESTE,CO,50,MATO GROSSO DO SUL,MS,500310,CORGUINHO,3.0,2025,DOU,4892.0,3.0,0.0,0.0,0.0,0.0,0.0,0.0,0.0,0.0,0.0,0.0,0.0,10500.0,214.63,corguinho
04/2026,5,CENTRO-OESTE,CO,50,MATO GROSSO DO SUL,MS,500315,CORONEL SAPUCAIA,3.0,2025,DOU,14685.0,4.0,0.0,0.0,0.0,0.0,0.0,0.0,0.0,0.0,0.0,0.0,0.0,14000.0,95.33,coronel_sapucaia
04/2026,5,CENTRO-OESTE,CO,50,MATO GROSSO DO SUL,MS,500320,CORUMBA,1.0,2025,DOU,98751.0,27.0,0.0,0.0,1.0,252.0,1.0,182.0,1.0,0.0,0.0,0.0,434.0,94934.0,96.13,corumba
04/2026,5,CENTRO-OESTE,CO,50,MATO GROSSO DO SUL,MS,500325,COSTA RICA,1.0,2025,DOU,28740.0,7.0,0.0,0.0,0.0,0.0,0.0,0.0,0.0,0.0,0.0,0.0,0.0,24500.0,85.24,costa_rica
04/2026,5,CENTRO-OESTE,CO,50,MATO GROSSO DO SUL,MS,500330,COXIM,1.0,2025,DOU,33440.0,9.0,0.0,0.0,0.0,0.0,0.0,0.0,1.0,546.0,0.0,0.0,546.0,32046.0,95.83,coxim
04/2026,5,CENTRO-OESTE,CO,50,MATO GROSSO DO SUL,MS,500345,DEODAPOLIS,3.0,2025,DOU,14317.0,7.0,0.0,0.0,0.0,0.0,0.0,0.0,0.0,0.0,0.0,0.0,0.0,24500.0,171.12,deodapolis
04/2026,5,CENTRO-OESTE,CO,50,MATO GROSSO DO SUL,MS,500348,DOIS IRMAOS DO BURITI,3.0,2025,DOU,11521.0,4.0,0.0,0.0,0.0,0.0,0.0,0.0,1.0,1225.0,0.0,0.0,1225.0,15225.0,132.14,dois_irmaos_do_buriti
04/2026,5,CENTRO-OESTE,CO,50,MATO GROSSO DO SUL,MS,500350,DOURADINA,3.0,2025,DOU,5768.0,2.0,0.0,0.0,0.0,0.0,0.0,0.0,0.0,0.0,0.0,0.0,0.0,7000.0,121.35,douradina
04/2026,5,CENTRO-OESTE,CO,50,MATO GROSSO DO SUL,MS,500370,DOURADOS,1.0,2025,DOU,264017.0,57.0,3.0,0.0,0.0,0.0,0.0,0.0,1.0,952.0,2.0,3805.0,4757.0,212132.0,80.34,dourados
04/2026,5,CENTRO-OESTE,CO,50,MATO GROSSO DO SUL,MS,500375,ELDORADO,3.0,2025,DOU,11622.0,4.0,0.0,0.0,0.0,0.0,0.0,0.0,1.0,3.0,0.0,0.0,3.0,14003.0,120.48,eldorado
04/2026,5,CENTRO-OESTE,CO,50,MATO GROSSO DO SUL,MS,500380,FATIMA DO SUL,1.0,2025,DOU,21504.0,7.0,0.0,0.0,0.0,0.0,0.0,0.0,0.0,0.0,0.0,0.0,0.0,24500.0,113.93,fatima_do_sul
04/2026,5,CENTRO-OESTE,CO,50,MATO GROSSO DO SUL,MS,500390,FIGUEIRAO,5.0,2025,DOU,3751.0,1.0,0.0,0.0,0.0,0.0,0.0,0.0,0.0,0.0,0.0,0.0,0.0,3500.0,93.3,figueirao
04/2026,5,CENTRO-OESTE,CO,50,MATO GROSSO DO SUL,MS,500400,GLORIA DE DOURADOS,3.0,2025,DOU,10817.0,4.0,1.0,0.0,0.0,0.0,0.0,0.0,1.0,9.0,0.0,0.0,9.0,16634.0,153.77,gloria_de_dourados
04/2026,5,CENTRO-OESTE,CO,50,MATO GROSSO DO SUL,MS,500410,GUIA LOPES DA LAGUNA,1.0,2025,DOU,10116.0,3.0,0.0,0.0,0.0,0.0,0.0,0.0,0.0,0.0,0.0,0.0,0.0,10500.0,103.79,guia_lopes_da_laguna
04/2026,5,CENTRO-OESTE,CO,50,MATO GROSSO DO SUL,MS,500430,IGUATEMI,5.0,2025,DOU,13960.0,4.0,0.0,1.0,0.0,0.0,0.0,0.0,0.0,0.0,0.0,0.0,0.0,15750.0,112.82,iguatemi
04/2026,5,CENTRO-OESTE,CO,50,MATO GROSSO DO SUL,MS,500440,INOCENCIA,5.0,2025,DOU,8764.0,4.0,0.0,0.0,0.0,0.0,0.0,0.0,1.0,46.0,0.0,0.0,46.0,14046.0,160.26,inocencia
04/2026,5,CENTRO-OESTE,CO,50,MATO GROSSO DO SUL,MS,500450,ITAPORA,2.0,2025,DOU,25263.0,7.0,0.0,0.0,0.0,0.0,0.0,0.0,0.0,0.0,0.0,0.0,0.0,24500.0,96.97,itapora
04/2026,5,CENTRO-OESTE,CO,50,MATO GROSSO DO SUL,MS,500460,ITAQUIRAI,3.0,2025,DOU,20060.0,8.0,0.0,0.0,0.0,0.0,0.0,0.0,1.0,46.0,0.0,0.0,46.0,28046.0,139.81,itaquirai
04/2026,5,CENTRO-OESTE,CO,50,MATO GROSSO DO SUL,MS,500470,IVINHEMA,2.0,2025,DOU,30001.0,9.0,1.0,0.0,0.0,0.0,0.0,0.0,0.0,0.0,1.0,133.0,133.0,34258.0,114.18,ivinhema
04/2026,5,CENTRO-OESTE,CO,50,MATO GROSSO DO SUL,MS,500480,JAPORA,3.0,2025,DOU,8441.0,3.0,1.0,0.0,0.0,0.0,0.0,0.0,0.0,0.0,0.0,0.0,0.0,13125.0,155.49,japora
04/2026,5,CENTRO-OESTE,CO,50,MATO GROSSO DO SUL,MS,500490,JARAGUARI,3.0,2025,DOU,7480.0,3.0,0.0,0.0,0.0,0.0,0.0,0.0,0.0,0.0,0.0,0.0,0.0,10500.0,140.37,jaraguari
04/2026,5,CENTRO-OESTE,CO,50,MATO GROSSO DO SUL,MS,500500,JARDIM,1.0,2025,DOU,24504.0,8.0,0.0,0.0,0.0,0.0,0.0,0.0,2.0,851.0,0.0,0.0,851.0,28851.0,117.73,jardim
04/2026,5,CENTRO-OESTE,CO,50,MATO GROSSO DO SUL,MS,500510,JATEI,3.0,2025,DOU,3596.0,2.0,0.0,0.0,0.0,0.0,0.0,0.0,1.0,21.0,0.0,0.0,21.0,7021.0,195.24,jatei
04/2026,5,CENTRO-OESTE,CO,50,MATO GROSSO DO SUL,MS,500515,JUTI,3.0,2025,DOU,7067.0,2.0,0.0,0.0,0.0,0.0,0.0,0.0,0.0,0.0,0.0,0.0,0.0,7000.0,99.05,juti
04/2026,5,CENTRO-OESTE,CO,50,MATO GROSSO DO SUL,MS,500520,LADARIO,1.0,2025,DOU,22425.0,7.0,0.0,0.0,0.0,0.0,0.0,0.0,0.0,0.0,0.0,0.0,0.0,24500.0,109.25,ladario
04/2026,5,CENTRO-OESTE,CO,50,MATO GROSSO DO SUL,MS,500525,LAGUNA CARAPA,3.0,2025,DOU,7037.0,3.0,0.0,0.0,0.0,0.0,0.0,0.0,0.0,0.0,0.0,0.0,0.0,10500.0,149.21,laguna_carapa
04/2026,5,CENTRO-OESTE,CO,50,MATO GROSSO DO SUL,MS,500540,MARACAJU,1.0,2025,DOU,48073.0,11.0,0.0,0.0,0.0,0.0,0.0,0.0,0.0,0.0,0.0,0.0,0.0,38500.0,80.08,maracaju
04/2026,5,CENTRO-OESTE,CO,50,MATO GROSSO DO SUL,MS,500560,MIRANDA,4.0,2025,DOU,26512.0,7.0,0.0,2.0,0.0,0.0,0.0,0.0,0.0,0.0,0.0,0.0,0.0,28000.0,105.61,miranda
04/2026,5,CENTRO-OESTE,CO,50,MATO GROSSO DO SUL,MS,500568,MUNDO NOVO,1.0,2025,DOU,20087.0,6.0,0.0,0.0,0.0,0.0,0.0,0.0,0.0,0.0,0.0,0.0,0.0,21000.0,104.54,mundo_novo
04/2026,5,CENTRO-OESTE,CO,50,MATO GROSSO DO SUL,MS,500570,NAVIRAI,1.0,2025,DOU,53014.0,11.0,2.0,2.0,0.0,0.0,0.0,0.0,1.0,1548.0,0.0,0.0,1548.0,48798.0,92.04,navirai
04/2026,5,CENTRO-OESTE,CO,50,MATO GROSSO DO SUL,MS,500580,NIOAQUE,3.0,2025,DOU,13354.0,5.0,0.0,0.0,0.0,0.0,0.0,0.0,0.0,0.0,0.0,0.0,0.0,17500.0,131.04,nioaque
04/2026,5,CENTRO-OESTE,CO,50,MATO GROSSO DO SUL,MS,500600,NOVA ALVORADA DO SUL,2.0,2025,DOU,23409.0,7.0,1.0,0.0,0.0,0.0,0.0,0.0,1.0,0.0,0.0,0.0,0.0,27125.0,115.87,nova_alvorada_do_sul
04/2026,5,CENTRO-OESTE,CO,50,MATO GROSSO DO SUL,MS,500620,NOVA ANDRADINA,1.0,2025,DOU,50848.0,14.0,2.0,0.0,0.0,0.0,0.0,0.0,1.0,370.0,0.0,0.0,370.0,54620.0,107.41,nova_andradina
04/2026,5,CENTRO-OESTE,CO,50,MATO GROSSO DO SUL,MS,500625,NOVO HORIZONTE DO SUL,3.0,2025,DOU,4801.0,2.0,0.0,0.0,0.0,0.0,0.0,0.0,0.0,0.0,0.0,0.0,0.0,7000.0,145.8,novo_horizonte_do_sul
04/2026,5,CENTRO-OESTE,CO,50,MATO GROSSO DO SUL,MS,500627,PARAISO DAS AGUAS,3.0,2025,DOU,5842.0,1.0,2.0,0.0,0.0,0.0,0.0,0.0,0.0,0.0,0.0,0.0,0.0,8750.0,149.77,paraiso_das_aguas
04/2026,5,CENTRO-OESTE,CO,50,MATO GROSSO DO SUL,MS,500630,PARANAIBA,1.0,2025,DOU,42638.0,12.0,0.0,0.0,0.0,0.0,0.0,0.0,1.0,478.0,0.0,0.0,478.0,42478.0,99.62,paranaiba
04/2026,5,CENTRO-OESTE,CO,50,MATO GROSSO DO SUL,MS,500635,PARANHOS,5.0,2025,DOU,13368.0,3.0,0.0,0.0,0.0,0.0,0.0,0.0,0.0,0.0,0.0,0.0,0.0,10500.0,78.54,paranhos
04/2026,5,CENTRO-OESTE,CO,50,MATO GROSSO DO SUL,MS,500640,PEDRO GOMES,5.0,2025,DOU,6910.0,2.0,0.0,0.0,0.0,0.0,0.0,0.0,0.0,0.0,0.0,0.0,0.0,7000.0,101.3,pedro_gomes
04/2026,5,CENTRO-OESTE,CO,50,MATO GROSSO DO SUL,MS,500660,PONTA PORA,1.0,2025,DOU,98598.0,21.0,1.0,0.0,0.0,0.0,1.0,153.0,2.0,1145.0,0.0,0.0,1298.0,77423.0,78.52,ponta_pora
04/2026,5,CENTRO-OESTE,CO,50,MATO GROSSO DO SUL,MS,500690,PORTO MURTINHO,5.0,2025,DOU,12721.0,6.0,0.0,0.0,0.0,0.0,0.0,0.0,0.0,0.0,0.0,0.0,0.0,21000.0,165.08,porto_murtinho
04/2026,5,CENTRO-OESTE,CO,50,MATO GROSSO DO SUL,MS,500710,RIBAS DO RIO PARDO,2.0,2025,DOU,24152.0,6.0,1.0,0.0,0.0,0.0,0.0,0.0,0.0,0.0,0.0,0.0,0.0,23625.0,97.81,ribas_do_rio_pardo
04/2026,5,CENTRO-OESTE,CO,50,MATO GROSSO DO SUL,MS,500720,RIO BRILHANTE,2.0,2025,DOU,40419.0,10.0,2.0,0.0,0.0,0.0,0.0,0.0,2.0,882.0,0.0,0.0,882.0,41132.0,101.76,rio_brilhante
04/2026,5,CENTRO-OESTE,CO,50,MATO GROSSO DO SUL,MS,500730,RIO NEGRO,3.0,2025,DOU,4921.0,2.0,0.0,0.0,0.0,0.0,0.0,0.0,1.0,142.0,0.0,0.0,142.0,7142.0,145.13,rio_negro
04/2026,5,CENTRO-OESTE,CO,50,MATO GROSSO DO SUL,MS,500740,RIO VERDE DE MATO GROSSO,1.0,2025,DOU,20454.0,8.0,0.0,0.0,0.0,0.0,0.0,0.0,1.0,0.0,0.0,0.0,0.0,28000.0,136.89,rio_verde_de_mato_grosso
04/2026,5,CENTRO-OESTE,CO,50,MATO GROSSO DO SUL,MS,500750,ROCHEDO,3.0,2025,DOU,5451.0,2.0,0.0,0.0,0.0,0.0,0.0,0.0,0.0,0.0,0.0,0.0,0.0,7000.0,128.41,rochedo
04/2026,5,CENTRO-OESTE,CO,50,MATO GROSSO DO SUL,MS,500755,SANTA RITA DO PARDO,3.0,2025,DOU,7165.0,2.0,0.0,1.0,0.0,0.0,0.0,0.0,0.0,0.0,0.0,0.0,0.0,8750.0,122.12,santa_rita_do_pardo
04/2026,5,CENTRO-OESTE,CO,50,MATO GROSSO DO SUL,MS,500769,SAO GABRIEL DO OESTE,1.0,2025,DOU,32207.0,10.0,0.0,0.0,0.0,0.0,0.0,0.0,0.0,0.0,0.0,0.0,0.0,35000.0,108.67,sao_gabriel_do_oeste
04/2026,5,CENTRO-OESTE,CO,50,MATO GROSSO DO SUL,MS,500780,SELVIRIA,3.0,2025,DOU,8716.0,3.0,0.0,0.0,0.0,0.0,0.0,0.0,0.0,0.0,0.0,0.0,0.0,10500.0,120.46,selviria
04/2026,5,CENTRO-OESTE,CO,50,MATO GROSSO DO SUL,MS,500770,SETE QUEDAS,5.0,2025,DOU,11322.0,3.0,0.0,0.0,0.0,0.0,0.0,0.0,1.0,0.0,0.0,0.0,0.0,10500.0,92.73,sete_quedas
04/2026,5,CENTRO-OESTE,CO,50,MATO GROSSO DO SUL,MS,500790,SIDROLANDIA,1.0,2025,DOU,49735.0,13.0,0.0,0.0,0.0,0.0,0.0,0.0,0.0,0.0,0.0,0.0,0.0,45500.0,91.48,sidrolandia
04/2026,5,CENTRO-OESTE,CO,50,MATO GROSSO DO SUL,MS,500793,SONORA,1.0,2025,DOU,14813.0,5.0,0.0,1.0,0.0,0.0,0.0,0.0,0.0,0.0,0.0,0.0,0.0,19250.0,129.95,sonora
04/2026,5,CENTRO-OESTE,CO,50,MATO GROSSO DO SUL,MS,500795,TACURU,5.0,2025,DOU,11205.0,3.0,0.0,0.0,0.0,0.0,0.0,0.0,0.0,0.0,0.0,0.0,0.0,10500.0,93.7,tacuru
04/2026,5,CENTRO-OESTE,CO,50,MATO GROSSO DO SUL,MS,500797,TAQUARUSSU,3.0,2025,DOU,3740.0,2.0,0.0,0.0,0.0,0.0,0.0,0.0,0.0,0.0,0.0,0.0,0.0,7000.0,187.16,taquarussu
04/2026,5,CENTRO-OESTE,CO,50,MATO GROSSO DO SUL,MS,500800,TERENOS,3.0,2025,DOU,18182.0,7.0,0.0,0.0,0.0,0.0,0.0,0.0,0.0,0.0,0.0,0.0,0.0,24500.0,134.74,terenos
04/2026,5,CENTRO-OESTE,CO,50,MATO GROSSO DO SUL,MS,500830,TRES LAGOAS,1.0,2025,DOU,143523.0,40.0,0.0,3.0,0.0,0.0,1.0,352.0,2.0,575.0,0.0,0.0,927.0,146177.0,101.84,tres_lagoas
04/2026,5,CENTRO-OESTE,CO,50,MATO GROSSO DO SUL,MS,500840,VICENTINA,3.0,2025,DOU,6505.0,2.0,0.0,0.0,0.0,0.0,0.0,0.0,0.0,0.0,0.0,0.0,0.0,7000.0,107.6,vicentina
04/2026,5,CENTRO-OESTE,CO,51,MATO GROSSO,MT,510010,ACORIZAL,3.0,2025,DOU,4948.0,2.0,1.0,0.0,0.0,0.0,0.0,0.0,0.0,0.0,0.0,0.0,0.0,9625.0,194.52,acorizal
04/2026,5,CENTRO-OESTE,CO,51,MATO GROSSO,MT,510020,AGUA BOA,1.0,2025,DOU,32099.0,13.0,0.0,0.0,0.0,0.0,0.0,0.0,0.0,0.0,0.0,0.0,0.0,45500.0,141.74,agua_boa
04/2026,5,CENTRO-OESTE,CO,51,MATO GROSSO,MT,510025,ALTA FLORESTA,1.0,2025,DOU,62158.0,17.0,0.0,0.0,0.0,0.0,0.0,0.0,1.0,278.0,0.0,0.0,278.0,59778.0,96.17,alta_floresta
04/2026,5,CENTRO-OESTE,CO,51,MATO GROSSO,MT,510030,ALTO ARAGUAIA,1.0,2025,DOU,17751.0,7.0,1.0,0.0,0.0,0.0,0.0,0.0,0.0,0.0,0.0,0.0,0.0,27125.0,152.8,alto_araguaia
04/2026,5,CENTRO-OESTE,CO,51,MATO GROSSO,MT,510035,ALTO BOA VISTA,5.0,2025,DOU,5920.0,3.0,0.0,0.0,0.0,0.0,0.0,0.0,0.0,0.0,0.0,0.0,0.0,10500.0,177.36,alto_boa_vista
04/2026,5,CENTRO-OESTE,CO,51,MATO GROSSO,MT,510040,ALTO GARCAS,4.0,2025,DOU,13956.0,4.0,0.0,0.0,0.0,0.0,0.0,0.0,0.0,0.0,0.0,0.0,0.0,14000.0,100.31,alto_garcas
04/2026,5,CENTRO-OESTE,CO,51,MATO GROSSO,MT,510050,ALTO PARAGUAI,5.0,2025,DOU,7525.0,4.0,0.0,2.0,0.0,0.0,0.0,0.0,0.0,0.0,0.0,0.0,0.0,17500.0,232.55,alto_paraguai
04/2026,5,CENTRO-OESTE,CO,51,MATO GROSSO,MT,510060,ALTO TAQUARI,4.0,2025,DOU,11877.0,3.0,0.0,0.0,0.0,0.0,0.0,0.0,0.0,0.0,0.0,0.0,0.0,10500.0,88.4,alto_taquari
04/2026,5,CENTRO-OESTE,CO,51,MATO GROSSO,MT,510080,APIACAS,5.0,2025,DOU,8693.0,3.0,0.0,0.0,0.0,0.0,0.0,0.0,0.0,0.0,0.0,0.0,0.0,10500.0,120.78,apiacas
04/2026,5,CENTRO-OESTE,CO,51,MATO GROSSO,MT,510100,ARAGUAIANA,3.0,2025,DOU,4005.0,1.0,0.0,0.0,0.0,0.0,0.0,0.0,0.0,0.0,0.0,0.0,0.0,3500.0,87.39,araguaiana
04/2026,5,CENTRO-OESTE,CO,51,MATO GROSSO,MT,510120,ARAGUAINHA,5.0,2025,DOU,997.0,1.0,0.0,0.0,0.0,0.0,0.0,0.0,0.0,0.0,0.0,0.0,0.0,3500.0,351.05,araguainha
04/2026,5,CENTRO-OESTE,CO,51,MATO GROSSO,MT,510125,ARAPUTANGA,1.0,2025,DOU,14805.0,5.0,0.0,0.0,0.0,0.0,0.0,0.0,0.0,0.0,0.0,0.0,0.0,17500.0,118.2,araputanga
04/2026,5,CENTRO-OESTE,CO,51,MATO GROSSO,MT,510130,ARENAPOLIS,1.0,2025,DOU,10769.0,4.0,0.0,0.0,0.0,0.0,0.0,0.0,1.0,0.0,0.0,0.0,0.0,14000.0,130.0,arenapolis
04/2026,5,CENTRO-OESTE,CO,51,MATO GROSSO,MT,510140,ARIPUANA,4.0,2025,DOU,26558.0,6.0,0.0,0.0,0.0,0.0,0.0,0.0,0.0,0.0,0.0,0.0,0.0,21000.0,79.07,aripuana
04/2026,5,CENTRO-OESTE,CO,51,MATO GROSSO,MT,510160,BARAO DE MELGACO,3.0,2025,DOU,7137.0,3.0,0.0,0.0,0.0,0.0,0.0,0.0,0.0,0.0,0.0,0.0,0.0,10500.0,147.12,barao_de_melgaco
04/2026,5,CENTRO-OESTE,CO,51,MATO GROSSO,MT,510170,BARRA DO BUGRES,1.0,2025,DOU,29406.0,8.0,1.0,0.0,0.0,0.0,0.0,0.0,0.0,0.0,0.0,0.0,0.0,30625.0,104.14,barra_do_bugres
04/2026,5,CENTRO-OESTE,CO,51,MATO GROSSO,MT,510180,BARRA DO GARCAS,1.0,2025,DOU,73878.0,20.0,0.0,0.0,0.0,0.0,0.0,0.0,1.0,867.0,0.0,0.0,867.0,70867.0,95.92,barra_do_garcas
04/2026,5,CENTRO-OESTE,CO,51,MATO GROSSO,MT,510183,BOA ESPERANCA DO NORTE,,2025,DOU,5877.0,2.0,2.0,0.0,0.0,0.0,0.0,0.0,0.0,0.0,0.0,0.0,0.0,12250.0,208.43,boa_esperanca_do_norte
04/2026,5,CENTRO-OESTE,CO,51,MATO GROSSO,MT,510185,BOM JESUS DO ARAGUAIA,5.0,2025,DOU,7912.0,3.0,0.0,0.0,0.0,0.0,0.0,0.0,0.0,0.0,0.0,0.0,0.0,10500.0,132.7,bom_jesus_do_araguaia
04/2026,5,CENTRO-OESTE,CO,51,MATO GROSSO,MT,510190,BRASNORTE,5.0,2025,DOU,17645.0,5.0,0.0,0.0,0.0,0.0,0.0,0.0,0.0,0.0,0.0,0.0,0.0,17500.0,99.17,brasnorte
04/2026,5,CENTRO-OESTE,CO,51,MATO GROSSO,MT,510250,CACERES,1.0,2025,DOU,91767.0,18.0,11.0,0.0,0.0,0.0,0.0,0.0,0.0,0.0,0.0,0.0,0.0,91875.0,100.11,caceres
04/2026,5,CENTRO-OESTE,CO,51,MATO GROSSO,MT,510260,CAMPINAPOLIS,5.0,2025,DOU,15808.0,3.0,0.0,0.0,0.0,0.0,0.0,0.0,0.0,0.0,0.0,0.0,0.0,10500.0,66.42,campinapolis
04/2026,5,CENTRO-OESTE,CO,51,MATO GROSSO,MT,510263,CAMPO NOVO DO PARECIS,1.0,2025,DOU,51722.0,12.0,1.0,1.0,0.0,0.0,0.0,0.0,0.0,0.0,0.0,0.0,0.0,46375.0,89.66,campo_novo_do_parecis
04/2026,5,CENTRO-OESTE,CO,51,MATO GROSSO,MT,510267,CAMPO VERDE,2.0,2025,DOU,49053.0,14.0,0.0,2.0,0.0,0.0,0.0,0.0,0.0,0.0,0.0,0.0,0.0,52500.0,107.02,campo_verde
04/2026,5,CENTRO-OESTE,CO,51,MATO GROSSO,MT,510268,CAMPOS DE JULIO,5.0,2025,DOU,9946.0,3.0,0.0,0.0,0.0,0.0,0.0,0.0,0.0,0.0,0.0,0.0,0.0,10500.0,105.57,campos_de_julio
04/2026,5,CENTRO-OESTE,CO,51,MATO GROSSO,MT,510269,CANABRAVA DO NORTE,5.0,2025,DOU,4451.0,2.0,0.0,0.0,0.0,0.0,0.0,0.0,0.0,0.0,0.0,0.0,0.0,7000.0,157.26,canabrava_do_norte
04/2026,5,CENTRO-OESTE,CO,51,MATO GROSSO,MT,510270,CANARANA,4.0,2025,DOU,28324.0,8.0,0.0,0.0,0.0,0.0,0.0,0.0,0.0,0.0,0.0,0.0,0.0,28000.0,98.85,canarana
04/2026,5,CENTRO-OESTE,CO,51,MATO GROSSO,MT,510279,CARLINDA,5.0,2025,DOU,10260.0,5.0,0.0,0.0,0.0,0.0,0.0,0.0,0.0,0.0,0.0,0.0,0.0,17500.0,170.56,carlinda
04/2026,5,CENTRO-OESTE,CO,51,MATO GROSSO,MT,510285,CASTANHEIRA,5.0,2025,DOU,7392.0,3.0,0.0,0.0,0.0,0.0,0.0,0.0,0.0,0.0,0.0,0.0,0.0,10500.0,142.04,castanheira
04/2026,5,CENTRO-OESTE,CO,51,MATO GROSSO,MT,510300,CHAPADA DOS GUIMARAES,3.0,2025,DOU,19458.0,9.0,0.0,0.0,0.0,0.0,0.0,0.0,0.0,0.0,0.0,0.0,0.0,31500.0,161.88,chapada_dos_guimaraes
04/2026,5,CENTRO-OESTE,CO,51,MATO GROSSO,MT,510305,CLAUDIA,2.0,2025,DOU,9301.0,4.0,0.0,0.0,0.0,0.0,0.0,0.0,0.0,0.0,0.0,0.0,0.0,14000.0,150.52,claudia
04/2026,5,CENTRO-OESTE,CO,51,MATO GROSSO,MT,510310,COCALINHO,3.0,2025,DOU,6495.0,3.0,0.0,0.0,0.0,0.0,0.0,0.0,0.0,0.0,0.0,0.0,0.0,10500.0,161.66,cocalinho
04/2026,5,CENTRO-OESTE,CO,51,MATO GROSSO,MT,510320,COLIDER,1.0,2025,DOU,32054.0,8.0,0.0,0.0,0.0,0.0,0.0,0.0,0.0,0.0,0.0,0.0,0.0,28000.0,87.35,colider
04/2026,5,CENTRO-OESTE,CO,51,MATO GROSSO,MT,510325,COLNIZA,5.0,2025,DOU,26026.0,7.0,0.0,0.0,0.0,0.0,0.0,0.0,0.0,0.0,0.0,0.0,0.0,24500.0,94.13,colniza
04/2026,5,CENTRO-OESTE,CO,51,MATO GROSSO,MT,510330,COMODORO,2.0,2025,DOU,18469.0,6.0,0.0,0.0,0.0,0.0,0.0,0.0,0.0,0.0,0.0,0.0,0.0,21000.0,113.7,comodoro
04/2026,5,CENTRO-OESTE,CO,51,MATO GROSSO,MT,510335,CONFRESA,4.0,2025,DOU,38460.0,9.0,0.0,2.0,0.0,0.0,0.0,0.0,0.0,0.0,0.0,0.0,0.0,35000.0,91.0,confresa
04/2026,5,CENTRO-OESTE,CO,51,MATO GROSSO,MT,510336,CONQUISTA D'OESTE,5.0,2025,DOU,3908.0,2.0,0.0,0.0,0.0,0.0,0.0,0.0,0.0,0.0,0.0,0.0,0.0,7000.0,179.11,conquista_d_oeste
04/2026,5,CENTRO-OESTE,CO,51,MATO GROSSO,MT,510337,COTRIGUACU,5.0,2025,DOU,10030.0,5.0,1.0,0.0,0.0,0.0,0.0,0.0,0.0,0.0,0.0,0.0,0.0,20125.0,200.64,cotriguacu
04/2026,5,CENTRO-OESTE,CO,51,MATO GROSSO,MT,510340,CUIABA,1.0,2025,DOU,691875.0,143.0,0.0,0.0,0.0,0.0,2.0,1066.0,2.0,2206.0,1.0,1913.0,5185.0,505685.0,73.08,cuiaba
04/2026,5,CENTRO-OESTE,CO,51,MATO GROSSO,MT,510343,CURVELANDIA,3.0,2025,DOU,4970.0,2.0,0.0,0.0,0.0,0.0,0.0,0.0,0.0,0.0,0.0,0.0,0.0,7000.0,140.84,curvelandia
04/2026,5,CENTRO-OESTE,CO,51,MATO GROSSO,MT,510345,DENISE,4.0,2025,DOU,6675.0,3.0,0.0,0.0,0.0,0.0,0.0,0.0,0.0,0.0,0.0,0.0,0.0,10500.0,157.3,denise
04/2026,5,CENTRO-OESTE,CO,51,MATO GROSSO,MT,510350,DIAMANTINO,4.0,2025,DOU,22623.0,10.0,1.0,0.0,0.0,0.0,0.0,0.0,0.0,0.0,0.0,0.0,0.0,37625.0,166.31,diamantino
04/2026,5,CENTRO-OESTE,CO,51,MATO GROSSO,MT,510360,DOM AQUINO,3.0,2025,DOU,7890.0,4.0,0.0,0.0,0.0,0.0,0.0,0.0,0.0,0.0,0.0,0.0,0.0,14000.0,177.43,dom_aquino
04/2026,5,CENTRO-OESTE,CO,51,MATO GROSSO,MT,510370,FELIZ NATAL,3.0,2025,DOU,10523.0,3.0,0.0,0.0,0.0,0.0,0.0,0.0,0.0,0.0,0.0,0.0,0.0,10500.0,99.78,feliz_natal
04/2026,5,CENTRO-OESTE,CO,51,MATO GROSSO,MT,510380,FIGUEIROPOLIS D'OESTE,5.0,2025,DOU,3056.0,1.0,0.0,0.0,0.0,0.0,0.0,0.0,0.0,0.0,0.0,0.0,0.0,3500.0,114.52,figueiropolis_d_oeste
04/2026,5,CENTRO-OESTE,CO,51,MATO GROSSO,MT,510385,GAUCHA DO NORTE,5.0,2025,DOU,9397.0,2.0,0.0,0.0,0.0,0.0,0.0,0.0,0.0,0.0,0.0,0.0,0.0,7000.0,74.49,gaucha_do_norte
04/2026,5,CENTRO-OESTE,CO,51,MATO GROSSO,MT,510390,GENERAL CARNEIRO,3.0,2025,DOU,6319.0,2.0,0.0,0.0,0.0,0.0,0.0,0.0,0.0,0.0,0.0,0.0,0.0,7000.0,110.77,general_carneiro
04/2026,5,CENTRO-OESTE,CO,51,MATO GROSSO,MT,510395,GLORIA D'OESTE,3.0,2025,DOU,2878.0,2.0,0.0,0.0,0.0,0.0,0.0,0.0,0.0,0.0,0.0,0.0,0.0,7000.0,243.22,gloria_d_oeste
04/2026,5,CENTRO-OESTE,CO,51,MATO GROSSO,MT,510410,GUARANTA DO NORTE,4.0,2025,DOU,31209.0,9.0,0.0,0.0,0.0,0.0,0.0,0.0,0.0,0.0,0.0,0.0,0.0,31500.0,100.93,guaranta_do_norte
04/2026,5,CENTRO-OESTE,CO,51,MATO GROSSO,MT,510420,GUIRATINGA,2.0,2025,DOU,10252.0,5.0,0.0,0.0,0.0,0.0,0.0,0.0,0.0,0.0,0.0,0.0,0.0,17500.0,170.69,guiratinga
04/2026,5,CENTRO-OESTE,CO,51,MATO GROSSO,MT,510450,INDIAVAI,5.0,2025,DOU,2172.0,1.0,0.0,0.0,0.0,0.0,0.0,0.0,0.0,0.0,0.0,0.0,0.0,3500.0,161.14,indiavai
04/2026,5,CENTRO-OESTE,CO,51,MATO GROSSO,MT,510452,IPIRANGA DO NORTE,5.0,2025,DOU,8658.0,3.0,0.0,0.0,0.0,0.0,0.0,0.0,0.0,0.0,0.0,0.0,0.0,10500.0,121.27,ipiranga_do_norte
04/2026,5,CENTRO-OESTE,CO,51,MATO GROSSO,MT,510454,ITANHANGA,5.0,2025,DOU,8257.0,3.0,0.0,0.0,0.0,0.0,0.0,0.0,0.0,0.0,0.0,0.0,0.0,10500.0,127.16,itanhanga
04/2026,5,CENTRO-OESTE,CO,51,MATO GROSSO,MT,510455,ITAUBA,2.0,2025,DOU,5201.0,1.0,0.0,0.0,0.0,0.0,0.0,0.0,0.0,0.0,0.0,0.0,0.0,3500.0,67.29,itauba
04/2026,5,CENTRO-OESTE,CO,51,MATO GROSSO,MT,510460,ITIQUIRA,5.0,2025,DOU,12587.0,5.0,0.0,0.0,0.0,0.0,0.0,0.0,0.0,0.0,0.0,0.0,0.0,17500.0,139.03,itiquira
04/2026,5,CENTRO-OESTE,CO,51,MATO GROSSO,MT,510480,JACIARA,1.0,2025,DOU,29803.0,8.0,1.0,0.0,0.0,0.0,0.0,0.0,0.0,0.0,0.0,0.0,0.0,30625.0,102.75,jaciara
04/2026,5,CENTRO-OESTE,CO,51,MATO GROSSO,MT,510490,JANGADA,3.0,2025,DOU,7413.0,4.0,0.0,0.0,0.0,0.0,0.0,0.0,0.0,0.0,0.0,0.0,0.0,14000.0,188.85,jangada
04/2026,5,CENTRO-OESTE,CO,51,MATO GROSSO,MT,510500,JAURU,5.0,2025,DOU,7881.0,3.0,1.0,0.0,0.0,0.0,0.0,0.0,0.0,0.0,0.0,0.0,0.0,13125.0,166.53,jauru
04/2026,5,CENTRO-OESTE,CO,51,MATO GROSSO,MT,510510,JUARA,4.0,2025,DOU,36089.0,9.0,0.0,0.0,0.0,0.0,0.0,0.0,0.0,0.0,0.0,0.0,0.0,31500.0,87.28,juara
04/2026,5,CENTRO-OESTE,CO,51,MATO GROSSO,MT,510515,JUINA,1.0,2025,DOU,48396.0,12.0,0.0,0.0,0.0,0.0,0.0,0.0,1.0,243.0,0.0,0.0,243.0,42243.0,87.28,juina
04/2026,5,CENTRO-OESTE,CO,51,MATO GROSSO,MT,510517,JURUENA,5.0,2025,DOU,10057.0,3.0,0.0,0.0,0.0,0.0,0.0,0.0,0.0,0.0,0.0,0.0,0.0,10500.0,104.4,juruena
04/2026,5,CENTRO-OESTE,CO,51,MATO GROSSO,MT,510520,JUSCIMEIRA,3.0,2025,DOU,11622.0,5.0,0.0,0.0,0.0,0.0,0.0,0.0,0.0,0.0,0.0,0.0,0.0,17500.0,150.57,juscimeira
04/2026,5,CENTRO-OESTE,CO,51,MATO GROSSO,MT,510523,LAMBARI D'OESTE,3.0,2025,DOU,4662.0,2.0,0.0,0.0,0.0,0.0,0.0,0.0,0.0,0.0,0.0,0.0,0.0,7000.0,150.15,lambari_d_oeste
04/2026,5,CENTRO-OESTE,CO,51,MATO GROSSO,MT,510525,LUCAS DO RIO VERDE,1.0,2025,DOU,95792.0,25.0,0.0,2.0,0.0,0.0,0.0,0.0,0.0,0.0,0.0,0.0,0.0,91000.0,94.99,lucas_do_rio_verde
04/2026,5,CENTRO-OESTE,CO,51,MATO GROSSO,MT,510530,LUCIARA,5.0,2025,DOU,2616.0,1.0,0.0,0.0,0.0,0.0,0.0,0.0,0.0,0.0,0.0,0.0,0.0,3500.0,133.79,luciara
04/2026,5,CENTRO-OESTE,CO,51,MATO GROSSO,MT,510558,MARCELANDIA,5.0,2025,DOU,11355.0,4.0,0.0,0.0,0.0,0.0,0.0,0.0,0.0,0.0,0.0,0.0,0.0,14000.0,123.29,marcelandia
04/2026,5,CENTRO-OESTE,CO,51,MATO GROSSO,MT,510560,MATUPA,5.0,2025,DOU,21959.0,7.0,0.0,0.0,0.0,0.0,0.0,0.0,0.0,0.0,0.0,0.0,0.0,24500.0,111.57,matupa
04/2026,5,CENTRO-OESTE,CO,51,MATO GROSSO,MT,510562,MIRASSOL D'OESTE,1.0,2025,DOU,27637.0,7.0,0.0,0.0,0.0,0.0,0.0,0.0,0.0,0.0,0.0,0.0,0.0,24500.0,88.64,mirassol_d_oeste
04/2026,5,CENTRO-OESTE,CO,51,MATO GROSSO,MT,510590,NOBRES,3.0,2025,DOU,15796.0,6.0,0.0,0.0,0.0,0.0,0.0,0.0,0.0,0.0,0.0,0.0,0.0,21000.0,132.94,nobres
04/2026,5,CENTRO-OESTE,CO,51,MATO GROSSO,MT,510600,NORTELANDIA,1.0,2025,DOU,5890.0,3.0,0.0,0.0,0.0,0.0,0.0,0.0,0.0,0.0,0.0,0.0,0.0,10500.0,178.26,nortelandia
04/2026,5,CENTRO-OESTE,CO,51,MATO GROSSO,MT,510610,NOSSA SENHORA DO LIVRAMENTO,3.0,2025,DOU,11658.0,4.0,1.0,0.0,0.0,0.0,0.0,0.0,0.0,0.0,0.0,0.0,0.0,16625.0,142.6,nossa_senhora_do_livramento
04/2026,5,CENTRO-OESTE,CO,51,MATO GROSSO,MT,510615,NOVA BANDEIRANTES,5.0,2025,DOU,14340.0,6.0,0.0,0.0,0.0,0.0,0.0,0.0,0.0,0.0,0.0,0.0,0.0,21000.0,146.44,nova_bandeirantes
04/2026,5,CENTRO-OESTE,CO,51,MATO GROSSO,MT,510620,NOVA BRASILANDIA,5.0,2025,DOU,3791.0,2.0,0.0,0.0,0.0,0.0,0.0,0.0,0.0,0.0,0.0,0.0,0.0,7000.0,184.64,nova_brasilandia
04/2026,5,CENTRO-OESTE,CO,51,MATO GROSSO,MT,510621,NOVA CANAA DO NORTE,5.0,2025,DOU,11734.0,5.0,0.0,0.0,0.0,0.0,0.0,0.0,0.0,0.0,0.0,0.0,0.0,17500.0,149.13,nova_canaa_do_norte
04/2026,5,CENTRO-OESTE,CO,51,MATO GROSSO,MT,510880,NOVA GUARITA,5.0,2025,DOU,4546.0,2.0,0.0,0.0,0.0,0.0,0.0,0.0,0.0,0.0,0.0,0.0,0.0,7000.0,153.98,nova_guarita
04/2026,5,CENTRO-OESTE,CO,51,MATO GROSSO,MT,510618,NOVA LACERDA,5.0,2025,DOU,7072.0,3.0,0.0,0.0,0.0,0.0,0.0,0.0,0.0,0.0,0.0,0.0,0.0,10500.0,148.47,nova_lacerda
04/2026,5,CENTRO-OESTE,CO,51,MATO GROSSO,MT,510885,NOVA MARILANDIA,5.0,2025,DOU,3731.0,1.0,0.0,0.0,0.0,0.0,0.0,0.0,0.0,0.0,0.0,0.0,0.0,3500.0,93.8,nova_marilandia
04/2026,5,CENTRO-OESTE,CO,51,MATO GROSSO,MT,510890,NOVA MARINGA,5.0,2025,DOU,5705.0,3.0,0.0,0.0,0.0,0.0,0.0,0.0,0.0,0.0,0.0,0.0,0.0,10500.0,184.04,nova_maringa
04/2026,5,CENTRO-OESTE,CO,51,MATO GROSSO,MT,510895,NOVA MONTE VERDE,5.0,2025,DOU,8470.0,3.0,0.0,0.0,0.0,0.0,0.0,0.0,0.0,0.0,0.0,0.0,0.0,10500.0,123.96,nova_monte_verde
04/2026,5,CENTRO-OESTE,CO,51,MATO GROSSO,MT,510622,NOVA MUTUM,1.0,2025,DOU,63455.0,15.0,1.0,0.0,0.0,0.0,0.0,0.0,0.0,0.0,0.0,0.0,0.0,55125.0,86.87,nova_mutum
04/2026,5,CENTRO-OESTE,CO,51,MATO GROSSO,MT,510617,NOVA NAZARE,5.0,2025,DOU,4575.0,2.0,0.0,0.0,0.0,0.0,0.0,0.0,0.0,0.0,0.0,0.0,0.0,7000.0,153.0,nova_nazare
04/2026,5,CENTRO-OESTE,CO,51,MATO GROSSO,MT,510623,NOVA OLIMPIA,1.0,2025,DOU,16204.0,5.0,0.0,0.0,0.0,0.0,0.0,0.0,0.0,0.0,0.0,0.0,0.0,17500.0,107.99,nova_olimpia
04/2026,5,CENTRO-OESTE,CO,51,MATO GROSSO,MT,510619,NOVA SANTA HELENA,5.0,2025,DOU,4502.0,2.0,0.0,0.0,0.0,0.0,0.0,0.0,0.0,0.0,0.0,0.0,0.0,7000.0,155.48,nova_santa_helena
04/2026,5,CENTRO-OESTE,CO,51,MATO GROSSO,MT,510624,NOVA UBIRATA,5.0,2025,DOU,9760.0,4.0,1.0,0.0,0.0,0.0,0.0,0.0,0.0,0.0,0.0,0.0,0.0,16625.0,170.33,nova_ubirata
04/2026,5,CENTRO-OESTE,CO,51,MATO GROSSO,MT,510625,NOVA XAVANTINA,1.0,2025,DOU,25915.0,7.0,0.0,0.0,0.0,0.0,0.0,0.0,0.0,0.0,0.0,0.0,0.0,24500.0,94.53,nova_xavantina
04/2026,5,CENTRO-OESTE,CO,51,MATO GROSSO,MT,510627,NOVO HORIZONTE DO NORTE,5.0,2025,DOU,3267.0,2.0,0.0,0.0,0.0,0.0,0.0,0.0,0.0,0.0,0.0,0.0,0.0,7000.0,214.26,novo_horizonte_do_norte
04/2026,5,CENTRO-OESTE,CO,51,MATO GROSSO,MT,510626,NOVO MUNDO,5.0,2025,DOU,6368.0,4.0,0.0,0.0,0.0,0.0,0.0,0.0,0.0,0.0,0.0,0.0,0.0,14000.0,219.84,novo_mundo
04/2026,5,CENTRO-OESTE,CO,51,MATO GROSSO,MT,510631,NOVO SANTO ANTONIO,5.0,2025,DOU,2041.0,1.0,0.0,0.0,0.0,0.0,0.0,0.0,0.0,0.0,0.0,0.0,0.0,3500.0,171.48,novo_santo_antonio
04/2026,5,CENTRO-OESTE,CO,51,MATO GROSSO,MT,510628,NOVO SAO JOAQUIM,5.0,2025,DOU,7239.0,3.0,0.0,0.0,0.0,0.0,0.0,0.0,0.0,0.0,0.0,0.0,0.0,10500.0,145.04,novo_sao_joaquim
04/2026,5,CENTRO-OESTE,CO,51,MATO GROSSO,MT,510629,PARANAITA,5.0,2025,DOU,12079.0,5.0,0.0,0.0,1.0,29.0,0.0,0.0,0.0,0.0,0.0,0.0,29.0,17529.0,145.11,paranaita
04/2026,5,CENTRO-OESTE,CO,51,MATO GROSSO,MT,510630,PARANATINGA,4.0,2025,DOU,28870.0,7.0,0.0,0.0,0.0,0.0,0.0,0.0,0.0,0.0,0.0,0.0,0.0,24500.0,84.86,paranatinga
04/2026,5,CENTRO-OESTE,CO,51,MATO GROSSO,MT,510637,PEDRA PRETA,2.0,2025,DOU,18946.0,6.0,0.0,0.0,0.0,0.0,0.0,0.0,0.0,0.0,0.0,0.0,0.0,21000.0,110.84,pedra_preta
04/2026,5,CENTRO-OESTE,CO,51,MATO GROSSO,MT,510642,PEIXOTO DE AZEVEDO,4.0,2025,DOU,33754.0,8.0,0.0,0.0,0.0,0.0,0.0,0.0,1.0,522.0,0.0,0.0,522.0,28522.0,84.49,peixoto_de_azevedo
04/2026,5,CENTRO-OESTE,CO,51,MATO GROSSO,MT,510645,PLANALTO DA SERRA,5.0,2025,DOU,3328.0,1.0,0.0,0.0,0.0,0.0,0.0,0.0,0.0,0.0,0.0,0.0,0.0,3500.0,105.16,planalto_da_serra
04/2026,5,CENTRO-OESTE,CO,51,MATO GROSSO,MT,510650,POCONE,2.0,2025,DOU,31203.0,9.0,0.0,0.0,0.0,0.0,0.0,0.0,0.0,0.0,0.0,0.0,0.0,31500.0,100.95,pocone
04/2026,5,CENTRO-OESTE,CO,51,MATO GROSSO,MT,510665,PONTAL DO ARAGUAIA,1.0,2025,DOU,7441.0,3.0,1.0,0.0,0.0,0.0,0.0,0.0,0.0,0.0,0.0,0.0,0.0,13125.0,176.38,pontal_do_araguaia
04/2026,5,CENTRO-OESTE,CO,51,MATO GROSSO,MT,510670,PONTE BRANCA,5.0,2025,DOU,2098.0,1.0,0.0,0.0,0.0,0.0,0.0,0.0,0.0,0.0,0.0,0.0,0.0,3500.0,166.82,ponte_branca
04/2026,5,CENTRO-OESTE,CO,51,MATO GROSSO,MT,510675,PONTES E LACERDA,1.0,2025,DOU,55762.0,12.0,0.0,1.0,0.0,0.0,0.0,0.0,1.0,41.0,0.0,0.0,41.0,43791.0,78.53,pontes_e_lacerda
04/2026,5,CENTRO-OESTE,CO,51,MATO GROSSO,MT,510677,PORTO ALEGRE DO NORTE,5.0,2025,DOU,12649.0,5.0,0.0,0.0,0.0,0.0,0.0,0.0,0.0,0.0,0.0,0.0,0.0,17500.0,138.35,porto_alegre_do_norte
04/2026,5,CENTRO-OESTE,CO,51,MATO GROSSO,MT,510680,PORTO DOS GAUCHOS,5.0,2025,DOU,5705.0,3.0,0.0,0.0,0.0,0.0,0.0,0.0,0.0,0.0,0.0,0.0,0.0,10500.0,184.04,porto_dos_gauchos
04/2026,5,CENTRO-OESTE,CO,51,MATO GROSSO,MT,510682,PORTO ESPERIDIAO,3.0,2025,DOU,10088.0,5.0,0.0,0.0,0.0,0.0,0.0,0.0,0.0,0.0,0.0,0.0,0.0,17500.0,173.47,porto_esperidiao
04/2026,5,CENTRO-OESTE,CO,51,MATO GROSSO,MT,510685,PORTO ESTRELA,3.0,2025,DOU,3141.0,2.0,0.0,0.0,0.0,0.0,0.0,0.0,0.0,0.0,0.0,0.0,0.0,7000.0,222.85,porto_estrela
04/2026,5,CENTRO-OESTE,CO,51,MATO GROSSO,MT,510700,POXOREO,3.0,2025,DOU,25103.0,6.0,0.0,0.0,0.0,0.0,0.0,0.0,0.0,0.0,0.0,0.0,0.0,21000.0,83.65,poxoreo
04/2026,5,CENTRO-OESTE,CO,51,MATO GROSSO,MT,510704,PRIMAVERA DO LESTE,1.0,2025,DOU,96006.0,17.0,0.0,0.0,0.0,0.0,1.0,91.0,0.0,0.0,0.0,0.0,91.0,59591.0,62.07,primavera_do_leste
04/2026,5,CENTRO-OESTE,CO,51,MATO GROSSO,MT,510706,QUERENCIA,5.0,2025,DOU,31100.0,7.0,1.0,0.0,0.0,0.0,0.0,0.0,0.0,0.0,0.0,0.0,0.0,27125.0,87.21,querencia
04/2026,5,CENTRO-OESTE,CO,51,MATO GROSSO,MT,510715,RESERVA DO CABACAL,5.0,2025,DOU,2020.0,1.0,0.0,0.0,0.0,0.0,0.0,0.0,0.0,0.0,0.0,0.0,0.0,3500.0,173.26,reserva_do_cabacal
04/2026,5,CENTRO-OESTE,CO,51,MATO GROSSO,MT,510718,RIBEIRAO CASCALHEIRA,5.0,2025,DOU,10541.0,5.0,0.0,0.0,0.0,0.0,0.0,0.0,0.0,0.0,0.0,0.0,0.0,17500.0,166.01,ribeirao_cascalheira
04/2026,5,CENTRO-OESTE,CO,51,MATO GROSSO,MT,510719,RIBEIRAOZINHO,3.0,2025,DOU,2733.0,1.0,0.0,0.0,0.0,0.0,0.0,0.0,0.0,0.0,0.0,0.0,0.0,3500.0,128.06,ribeiraozinho
04/2026,5,CENTRO-OESTE,CO,51,MATO GROSSO,MT,510720,RIO BRANCO,3.0,2025,DOU,4440.0,2.0,0.0,0.0,0.0,0.0,0.0,0.0,0.0,0.0,0.0,0.0,0.0,7000.0,157.65,rio_branco
04/2026,5,CENTRO-OESTE,CO,51,MATO GROSSO,MT,510757,RONDOLANDIA,3.0,2025,DOU,3518.0,2.0,0.0,0.0,0.0,0.0,0.0,0.0,0.0,0.0,0.0,0.0,0.0,7000.0,198.97,rondolandia
04/2026,5,CENTRO-OESTE,CO,51,MATO GROSSO,MT,510760,RONDONOPOLIS,1.0,2025,DOU,263708.0,63.0,2.0,0.0,0.0,0.0,0.0,0.0,2.0,7.0,1.0,1548.0,1555.0,227305.0,86.19,rondonopolis
04/2026,5,CENTRO-OESTE,CO,51,MATO GROSSO,MT,510770,ROSARIO OESTE,3.0,2025,DOU,15041.0,6.0,0.0,0.0,0.0,0.0,0.0,0.0,0.0,0.0,0.0,0.0,0.0,21000.0,139.61,rosario_oeste
04/2026,5,CENTRO-OESTE,CO,51,MATO GROSSO,MT,510775,SALTO DO CEU,3.0,2025,DOU,3657.0,2.0,0.0,0.0,0.0,0.0,0.0,0.0,0.0,0.0,0.0,0.0,0.0,7000.0,191.41,salto_do_ceu
04/2026,5,CENTRO-OESTE,CO,51,MATO GROSSO,MT,510724,SANTA CARMEM,3.0,2025,DOU,5795.0,2.0,1.0,0.0,0.0,0.0,0.0,0.0,0.0,0.0,0.0,0.0,0.0,9625.0,166.09,santa_carmem
04/2026,5,CENTRO-OESTE,CO,51,MATO GROSSO,MT,510774,SANTA CRUZ DO XINGU,5.0,2025,DOU,2904.0,1.0,0.0,0.0,0.0,0.0,0.0,0.0,0.0,0.0,0.0,0.0,0.0,3500.0,120.52,santa_cruz_do_xingu
04/2026,5,CENTRO-OESTE,CO,51,MATO GROSSO,MT,510776,SANTA RITA DO TRIVELATO,5.0,2025,DOU,3536.0,2.0,0.0,0.0,0.0,0.0,0.0,0.0,0.0,0.0,0.0,0.0,0.0,7000.0,197.96,santa_rita_do_trivelato
04/2026,5,CENTRO-OESTE,CO,51,MATO GROSSO,MT,510777,SANTA TEREZINHA,5.0,2025,DOU,7737.0,3.0,0.0,0.0,0.0,0.0,0.0,0.0,0.0,0.0,0.0,0.0,0.0,10500.0,135.71,santa_terezinha
04/2026,5,CENTRO-OESTE,CO,51,MATO GROSSO,MT,510726,SANTO AFONSO,5.0,2025,DOU,2416.0,1.0,0.0,0.0,0.0,0.0,0.0,0.0,0.0,0.0,0.0,0.0,0.0,3500.0,144.86,santo_afonso
04/2026,5,CENTRO-OESTE,CO,51,MATO GROSSO,MT,510779,SANTO ANTONIO DO LESTE,5.0,2025,DOU,4244.0,1.0,1.0,0.0,0.0,0.0,0.0,0.0,0.0,0.0,0.0,0.0,0.0,6125.0,144.32,santo_antonio_do_leste
04/2026,5,CENTRO-OESTE,CO,51,MATO GROSSO,MT,510780,SANTO ANTONIO DO LEVERGER,3.0,2025,DOU,16839.0,6.0,1.0,0.0,0.0,0.0,0.0,0.0,0.0,0.0,0.0,0.0,0.0,23625.0,140.29,santo_antonio_do_leverger
04/2026,5,CENTRO-OESTE,CO,51,MATO GROSSO,MT,510785,SAO FELIX DO ARAGUAIA,5.0,2025,DOU,14604.0,4.0,0.0,0.0,0.0,0.0,0.0,0.0,0.0,0.0,0.0,0.0,0.0,14000.0,95.86,sao_felix_do_araguaia
04/2026,5,CENTRO-OESTE,CO,51,MATO GROSSO,MT,510729,SAO JOSE DO POVO,3.0,2025,DOU,2716.0,2.0,0.0,0.0,0.0,0.0,0.0,0.0,0.0,0.0,0.0,0.0,0.0,7000.0,257.73,sao_jose_do_povo
04/2026,5,CENTRO-OESTE,CO,51,MATO GROSSO,MT,510730,SAO JOSE DO RIO CLARO,1.0,2025,DOU,14455.0,6.0,0.0,0.0,0.0,0.0,0.0,0.0,0.0,0.0,0.0,0.0,0.0,21000.0,145.27,sao_jose_do_rio_claro
04/2026,5,CENTRO-OESTE,CO,51,MATO GROSSO,MT,510735,SAO JOSE DO XINGU,5.0,2025,DOU,6234.0,2.0,0.0,0.0,0.0,0.0,0.0,0.0,0.0,0.0,0.0,0.0,0.0,7000.0,112.28,sao_jose_do_xingu
04/2026,5,CENTRO-OESTE,CO,51,MATO GROSSO,MT,510710,SAO JOSE DOS QUATRO MARCOS,2.0,2025,DOU,17721.0,5.0,0.0,0.0,0.0,0.0,0.0,0.0,0.0,0.0,0.0,0.0,0.0,17500.0,98.75,sao_jose_dos_quatro_marcos
04/2026,5,CENTRO-OESTE,CO,51,MATO GROSSO,MT,510740,SAO PEDRO DA CIPA,3.0,2025,DOU,4250.0,2.0,0.0,0.0,0.0,0.0,0.0,0.0,0.0,0.0,0.0,0.0,0.0,7000.0,164.7,sao_pedro_da_cipa
04/2026,5,CENTRO-OESTE,CO,51,MATO GROSSO,MT,510787,SAPEZAL,1.0,2025,DOU,32514.0,7.0,0.0,0.0,0.0,0.0,0.0,0.0,0.0,0.0,0.0,0.0,0.0,24500.0,75.35,sapezal
04/2026,5,CENTRO-OESTE,CO,51,MATO GROSSO,MT,510788,SERRA NOVA DOURADA,5.0,2025,DOU,1941.0,1.0,0.0,0.0,0.0,0.0,0.0,0.0,0.0,0.0,0.0,0.0,0.0,3500.0,180.31,serra_nova_dourada
04/2026,5,CENTRO-OESTE,CO,51,MATO GROSSO,MT,510790,SINOP,1.0,2025,DOU,223780.0,37.0,3.0,0.0,0.0,0.0,0.0,0.0,1.0,51.0,0.0,0.0,51.0,137426.0,61.41,sinop
04/2026,5,CENTRO-OESTE,CO,51,MATO GROSSO,MT,510792,SORRISO,1.0,2025,DOU,124665.0,27.0,2.0,1.0,0.0,0.0,0.0,0.0,1.0,0.0,0.0,0.0,0.0,101500.0,81.41,sorriso
04/2026,5,CENTRO-OESTE,CO,51,MATO GROSSO,MT,510794,TABAPORA,5.0,2025,DOU,9895.0,4.0,0.0,0.0,0.0,0.0,0.0,0.0,0.0,0.0,0.0,0.0,0.0,14000.0,141.48,tabapora
04/2026,5,CENTRO-OESTE,CO,51,MATO GROSSO,MT,510795,TANGARA DA SERRA,1.0,2025,DOU,114603.0,23.0,0.0,0.0,0.0,0.0,0.0,0.0,0.0,0.0,0.0,0.0,0.0,80500.0,70.24,tangara_da_serra
04/2026,5,CENTRO-OESTE,CO,51,MATO GROSSO,MT,510800,TAPURAH,5.0,2025,DOU,15638.0,4.0,0.0,2.0,0.0,0.0,0.0,0.0,0.0,0.0,0.0,0.0,0.0,17500.0,111.9,tapurah
04/2026,5,CENTRO-OESTE,CO,51,MATO GROSSO,MT,510805,TERRA NOVA DO NORTE,5.0,2025,DOU,10591.0,4.0,0.0,0.0,0.0,0.0,0.0,0.0,0.0,0.0,0.0,0.0,0.0,14000.0,132.18,terra_nova_do_norte
04/2026,5,CENTRO-OESTE,CO,51,MATO GROSSO,MT,510810,TESOURO,5.0,2025,DOU,2935.0,2.0,0.0,0.0,0.0,0.0,0.0,0.0,0.0,0.0,0.0,0.0,0.0,7000.0,238.5,tesouro
04/2026,5,CENTRO-OESTE,CO,51,MATO GROSSO,MT,510820,TORIXOREU,3.0,2025,DOU,4238.0,2.0,0.0,0.0,0.0,0.0,0.0,0.0,0.0,0.0,0.0,0.0,0.0,7000.0,165.17,torixoreu
04/2026,5,CENTRO-OESTE,CO,51,MATO GROSSO,MT,510830,UNIAO DO SUL,5.0,2025,DOU,3904.0,2.0,0.0,0.0,0.0,0.0,0.0,0.0,0.0,0.0,0.0,0.0,0.0,7000.0,179.3,uniao_do_sul
04/2026,5,CENTRO-OESTE,CO,51,MATO GROSSO,MT,510835,VALE DE SAO DOMINGOS,5.0,2025,DOU,2892.0,2.0,0.0,0.0,0.0,0.0,0.0,0.0,0.0,0.0,0.0,0.0,0.0,7000.0,242.04,vale_de_sao_domingos
04/2026,5,CENTRO-OESTE,CO,51,MATO GROSSO,MT,510840,VARZEA GRANDE,1.0,2025,DOU,318922.0,71.0,0.0,0.0,0.0,0.0,1.0,175.0,4.0,2104.0,0.0,0.0,2279.0,250779.0,78.63,varzea_grande
04/2026,5,CENTRO-OESTE,CO,51,MATO GROSSO,MT,510850,VERA,3.0,2025,DOU,10758.0,3.0,0.0,0.0,0.0,0.0,0.0,0.0,0.0,0.0,0.0,0.0,0.0,10500.0,97.6,vera
04/2026,5,CENTRO-OESTE,CO,51,MATO GROSSO,MT,510550,VILA BELA DA SANTISSIMA TRINDADE,5.0,2025,DOU,17592.0,5.0,0.0,0.0,0.0,0.0,0.0,0.0,0.0,0.0,0.0,0.0,0.0,17500.0,99.47,vila_bela_da_santissima_trindade
04/2026,5,CENTRO-OESTE,CO,51,MATO GROSSO,MT,510860,VILA RICA,4.0,2025,DOU,19686.0,7.0,0.0,0.0,0.0,0.0,0.0,0.0,0.0,0.0,0.0,0.0,0.0,24500.0,124.45,vila_rica
04/2026,1,NORTE,N,15,PARA,PA,150010,ABAETETUBA,1.0,2025,DOU,172344.0,33.0,6.0,0.0,9.0,28602.0,0.0,0.0,1.0,161.0,0.0,0.0,28763.0,160013.0,92.84,abaetetuba
04/2026,1,NORTE,N,15,PARA,PA,150013,ABEL FIGUEIREDO,2.0,2025,DOU,6275.0,3.0,0.0,0.0,0.0,0.0,0.0,0.0,0.0,0.0,0.0,0.0,0.0,10500.0,167.33,abel_figueiredo
04/2026,1,NORTE,N,15,PARA,PA,150020,ACARA,3.0,2025,DOU,63110.0,15.0,0.0,0.0,0.0,0.0,0.0,0.0,0.0,0.0,0.0,0.0,0.0,52500.0,83.18,acara
04/2026,1,NORTE,N,15,PARA,PA,150030,AFUA,5.0,2025,DOU,40473.0,9.0,0.0,0.0,3.0,12759.0,0.0,0.0,0.0,0.0,0.0,0.0,12759.0,44259.0,109.35,afua
04/2026,1,NORTE,N,15,PARA,PA,150034,AGUA AZUL DO NORTE,5.0,2025,DOU,17596.0,13.0,0.0,2.0,0.0,0.0,0.0,0.0,0.0,0.0,0.0,0.0,0.0,49000.0,278.47,agua_azul_do_norte
04/2026,1,NORTE,N,15,PARA,PA,150040,ALENQUER,1.0,2025,DOU,75882.0,12.0,0.0,0.0,0.0,0.0,0.0,0.0,0.0,0.0,0.0,0.0,0.0,42000.0,55.34,alenquer
04/2026,1,NORTE,N,15,PARA,PA,150050,ALMEIRIM,4.0,2025,DOU,36442.0,9.0,0.0,0.0,1.0,3220.0,0.0,0.0,0.0,0.0,0.0,0.0,3220.0,34720.0,95.27,almeirim
04/2026,1,NORTE,N,15,PARA,PA,150060,ALTAMIRA,1.0,2025,DOU,138749.0,30.0,0.0,0.0,0.0,0.0,0.0,0.0,0.0,0.0,0.0,0.0,0.0,105000.0,75.67,altamira
04/2026,1,NORTE,N,15,PARA,PA,150070,ANAJAS,5.0,2025,DOU,30247.0,5.0,0.0,0.0,2.0,10629.0,0.0,0.0,0.0,0.0,0.0,0.0,10629.0,28129.0,92.99,anajas
04/2026,1,NORTE,N,15,PARA,PA,150080,ANANINDEUA,1.0,2025,DOU,509227.0,131.0,0.0,0.0,1.0,1670.0,1.0,142.0,0.0,0.0,0.0,0.0,1812.0,460312.0,90.39,ananindeua
04/2026,1,NORTE,N,15,PARA,PA,150085,ANAPU,5.0,2025,DOU,35638.0,11.0,0.0,0.0,0.0,0.0,0.0,0.0,0.0,0.0,0.0,0.0,0.0,38500.0,108.03,anapu
04/2026,1,NORTE,N,15,PARA,PA,150090,AUGUSTO CORREA,3.0,2025,DOU,47912.0,19.0,0.0,0.0,4.0,9664.0,0.0,0.0,0.0,0.0,0.0,0.0,9664.0,76164.0,158.96,augusto_correa
04/2026,1,NORTE,N,15,PARA,PA,150095,AURORA DO PARA,3.0,2025,DOU,24193.0,10.0,0.0,0.0,0.0,0.0,0.0,0.0,0.0,0.0,0.0,0.0,0.0,35000.0,144.66,aurora_do_para
04/2026,1,NORTE,N,15,PARA,PA,150100,AVEIRO,5.0,2025,DOU,19380.0,7.0,0.0,0.0,0.0,0.0,0.0,0.0,0.0,0.0,0.0,0.0,0.0,24500.0,126.41,aveiro
04/2026,1,NORTE,N,15,PARA,PA,150110,BAGRE,5.0,2025,DOU,35147.0,6.0,0.0,0.0,4.0,7941.0,0.0,0.0,0.0,0.0,0.0,0.0,7941.0,28941.0,82.34,bagre
04/2026,1,NORTE,N,15,PARA,PA,150120,BAIAO,3.0,2025,DOU,56850.0,14.0,0.0,0.0,2.0,4897.0,0.0,0.0,0.0,0.0,0.0,0.0,4897.0,53897.0,94.8,baiao
04/2026,1,NORTE,N,15,PARA,PA,150125,BANNACH,3.0,2025,DOU,4290.0,2.0,0.0,0.0,0.0,0.0,0.0,0.0,0.0,0.0,0.0,0.0,0.0,7000.0,163.17,bannach
04/2026,1,NORTE,N,15,PARA,PA,150130,BARCARENA,1.0,2025,DOU,139076.0,35.0,0.0,0.0,4.0,11009.0,0.0,0.0,0.0,0.0,0.0,0.0,11009.0,133509.0,95.99,barcarena
04/2026,1,NORTE,N,15,PARA,PA,150140,BELEM,1.0,2025,DOU,1397315.0,306.0,8.0,10.0,4.0,11149.0,3.0,2059.0,0.0,0.0,0.0,0.0,13208.0,1122708.0,80.34,belem
04/2026,1,NORTE,N,15,PARA,PA,150145,BELTERRA,3.0,2025,DOU,19075.0,8.0,0.0,0.0,1.0,2121.0,0.0,0.0,0.0,0.0,0.0,0.0,2121.0,30121.0,157.9,belterra
04/2026,1,NORTE,N,15,PARA,PA,150150,BENEVIDES,1.0,2025,DOU,68962.0,24.0,2.0,1.0,1.0,1314.0,0.0,0.0,0.0,0.0,0.0,0.0,1314.0,92314.0,133.86,benevides
04/2026,1,NORTE,N,15,PARA,PA,150157,BOM JESUS DO TOCANTINS,3.0,2025,DOU,19129.0,9.0,0.0,0.0,0.0,0.0,0.0,0.0,0.0,0.0,0.0,0.0,0.0,31500.0,164.67,bom_jesus_do_tocantins
04/2026,1,NORTE,N,15,PARA,PA,150160,BONITO,3.0,2025,DOU,12961.0,8.0,0.0,0.0,0.0,0.0,0.0,0.0,0.0,0.0,0.0,0.0,0.0,28000.0,216.03,bonito
04/2026,1,NORTE,N,15,PARA,PA,150170,BRAGANCA,1.0,2025,DOU,132489.0,57.0,0.0,2.0,8.0,19172.0,1.0,202.0,1.0,660.0,0.0,0.0,20034.0,223034.0,168.34,braganca
04/2026,1,NORTE,N,15,PARA,PA,150172,BRASIL NOVO,3.0,2025,DOU,27130.0,7.0,0.0,0.0,0.0,0.0,0.0,0.0,0.0,0.0,0.0,0.0,0.0,24500.0,90.3,brasil_novo
04/2026,1,NORTE,N,15,PARA,PA,150175,BREJO GRANDE DO ARAGUAIA,3.0,2025,DOU,6966.0,4.0,0.0,0.0,0.0,0.0,0.0,0.0,0.0,0.0,0.0,0.0,0.0,14000.0,200.97,brejo_grande_do_araguaia
04/2026,1,NORTE,N,15,PARA,PA,150178,BREU BRANCO,1.0,2025,DOU,47066.0,17.0,0.0,2.0,1.0,2361.0,0.0,0.0,0.0,0.0,0.0,0.0,2361.0,65361.0,138.87,breu_branco
04/2026,1,NORTE,N,15,PARA,PA,150180,BREVES,1.0,2025,DOU,116058.0,18.0,0.0,5.0,11.0,29087.0,0.0,0.0,1.0,305.0,0.0,0.0,29392.0,101142.0,87.14,breves
04/2026,1,NORTE,N,15,PARA,PA,150190,BUJARU,3.0,2025,DOU,25065.0,9.0,0.0,0.0,0.0,0.0,0.0,0.0,0.0,0.0,0.0,0.0,0.0,31500.0,125.67,bujaru
04/2026,1,NORTE,N,15,PARA,PA,150200,CACHOEIRA DO ARARI,5.0,2025,DOU,25467.0,7.0,0.0,0.0,1.0,1674.0,0.0,0.0,0.0,0.0,0.0,0.0,1674.0,26174.0,102.77,cachoeira_do_arari
04/2026,1,NORTE,N,15,PARA,PA,150195,CACHOEIRA DO PIRIA,3.0,2025,DOU,19223.0,11.0,0.0,0.0,0.0,0.0,0.0,0.0,0.0,0.0,0.0,0.0,0.0,38500.0,200.28,cachoeira_do_piria
04/2026,1,NORTE,N,15,PARA,PA,150210,CAMETA,1.0,2025,DOU,144859.0,32.0,0.0,0.0,11.0,37661.0,0.0,0.0,0.0,0.0,0.0,0.0,37661.0,149661.0,103.31,cameta
04/2026,1,NORTE,N,15,PARA,PA,150215,CANAA DOS CARAJAS,4.0,2025,DOU,89524.0,18.0,1.0,0.0,0.0,0.0,0.0,0.0,0.0,0.0,0.0,0.0,0.0,65625.0,73.3,canaa_dos_carajas
04/2026,1,NORTE,N,15,PARA,PA,150220,CAPANEMA,1.0,2025,DOU,75309.0,23.0,0.0,0.0,0.0,0.0,1.0,52.0,0.0,0.0,0.0,0.0,52.0,80552.0,106.96,capanema
04/2026,1,NORTE,N,15,PARA,PA,150230,CAPITAO POCO,3.0,2025,DOU,60318.0,17.0,0.0,0.0,0.0,0.0,0.0,0.0,0.0,0.0,0.0,0.0,0.0,59500.0,98.64,capitao_poco
04/2026,1,NORTE,N,15,PARA,PA,150240,CASTANHAL,1.0,2025,DOU,209126.0,58.0,8.0,0.0,0.0,0.0,0.0,0.0,0.0,0.0,0.0,0.0,0.0,224000.0,107.11,castanhal
04/2026,1,NORTE,N,15,PARA,PA,150250,CHAVES,5.0,2025,DOU,21501.0,1.0,0.0,0.0,6.0,12557.0,0.0,0.0,0.0,0.0,0.0,0.0,12557.0,16057.0,74.68,chaves
04/2026,1,NORTE,N,15,PARA,PA,150260,COLARES,3.0,2025,DOU,13625.0,5.0,0.0,0.0,0.0,0.0,0.0,0.0,0.0,0.0,0.0,0.0,0.0,17500.0,128.44,colares
04/2026,1,NORTE,N,15,PARA,PA,150270,CONCEICAO DO ARAGUAIA,1.0,2025,DOU,47144.0,12.0,2.0,0.0,0.0,0.0,0.0,0.0,0.0,0.0,0.0,0.0,0.0,47250.0,100.22,conceicao_do_araguaia
04/2026,1,NORTE,N,15,PARA,PA,150275,CONCORDIA DO PARA,2.0,2025,DOU,28270.0,9.0,0.0,0.0,0.0,0.0,0.0,0.0,0.0,0.0,0.0,0.0,0.0,31500.0,111.42,concordia_do_para
04/2026,1,NORTE,N,15,PARA,PA,150276,CUMARU DO NORTE,3.0,2025,DOU,15150.0,5.0,0.0,0.0,0.0,0.0,0.0,0.0,0.0,0.0,0.0,0.0,0.0,17500.0,115.51,cumaru_do_norte
04/2026,1,NORTE,N,15,PARA,PA,150277,CURIONOPOLIS,1.0,2025,DOU,20975.0,9.0,0.0,0.0,0.0,0.0,0.0,0.0,0.0,0.0,0.0,0.0,0.0,31500.0,150.17,curionopolis
04/2026,1,NORTE,N,15,PARA,PA,150280,CURRALINHO,5.0,2025,DOU,36814.0,6.0,0.0,0.0,3.0,8836.0,0.0,0.0,0.0,0.0,0.0,0.0,8836.0,29836.0,81.04,curralinho
04/2026,1,NORTE,N,15,PARA,PA,150285,CURUA,5.0,2025,DOU,14954.0,5.0,0.0,0.0,1.0,2221.0,0.0,0.0,0.0,0.0,0.0,0.0,2221.0,19721.0,131.87,curua
04/2026,1,NORTE,N,15,PARA,PA,150290,CURUCA,3.0,2025,DOU,44880.0,13.0,0.0,0.0,1.0,1783.0,0.0,0.0,0.0,0.0,0.0,0.0,1783.0,47283.0,105.35,curuca
04/2026,1,NORTE,N,15,PARA,PA,150293,DOM ELISEU,1.0,2025,DOU,62823.0,13.0,0.0,0.0,0.0,0.0,0.0,0.0,0.0,0.0,0.0,0.0,0.0,45500.0,72.42,dom_eliseu
04/2026,1,NORTE,N,15,PARA,PA,150295,ELDORADO DOS CARAJAS,2.0,2025,DOU,29287.0,8.0,0.0,0.0,0.0,0.0,0.0,0.0,0.0,0.0,0.0,0.0,0.0,28000.0,95.6,eldorado_dos_carajas
04/2026,1,NORTE,N,15,PARA,PA,150300,FARO,5.0,2025,DOU,9167.0,2.0,0.0,0.0,2.0,2630.0,0.0,0.0,0.0,0.0,0.0,0.0,2630.0,9630.0,105.05,faro
04/2026,1,NORTE,N,15,PARA,PA,150304,FLORESTA DO ARAGUAIA,3.0,2025,DOU,18595.0,9.0,0.0,0.0,0.0,0.0,0.0,0.0,0.0,0.0,0.0,0.0,0.0,31500.0,169.4,floresta_do_araguaia
04/2026,1,NORTE,N,15,PARA,PA,150307,GARRAFAO DO NORTE,3.0,2025,DOU,25558.0,12.0,0.0,0.0,0.0,0.0,0.0,0.0,0.0,0.0,0.0,0.0,0.0,42000.0,164.33,garrafao_do_norte
04/2026,1,NORTE,N,15,PARA,PA,150309,GOIANESIA DO PARA,2.0,2025,DOU,26703.0,11.0,0.0,0.0,0.0,0.0,0.0,0.0,0.0,0.0,0.0,0.0,0.0,38500.0,144.17,goianesia_do_para
04/2026,1,NORTE,N,15,PARA,PA,150310,GURUPA,5.0,2025,DOU,34137.0,4.0,0.0,0.0,3.0,11345.0,0.0,0.0,0.0,0.0,0.0,0.0,11345.0,25345.0,74.24,gurupa
04/2026,1,NORTE,N,15,PARA,PA,150320,IGARAPE-ACU,2.0,2025,DOU,37925.0,17.0,0.0,0.0,0.0,0.0,0.0,0.0,0.0,0.0,0.0,0.0,0.0,59500.0,156.88,igarape_acu
04/2026,1,NORTE,N,15,PARA,PA,150330,IGARAPE-MIRI,2.0,2025,DOU,69446.0,17.0,0.0,0.0,3.0,12500.0,0.0,0.0,0.0,0.0,0.0,0.0,12500.0,72000.0,103.67,igarape_miri
04/2026,1,NORTE,N,15,PARA,PA,150340,INHANGAPI,3.0,2025,DOU,10784.0,6.0,0.0,0.0,0.0,0.0,0.0,0.0,0.0,0.0,0.0,0.0,0.0,21000.0,194.73,inhangapi
04/2026,1,NORTE,N,15,PARA,PA,150345,IPIXUNA DO PARA,3.0,2025,DOU,29264.0,18.0,0.0,0.0,0.0,0.0,0.0,0.0,0.0,0.0,0.0,0.0,0.0,63000.0,215.28,ipixuna_do_para
04/2026,1,NORTE,N,15,PARA,PA,150350,IRITUIA,3.0,2025,DOU,32740.0,16.0,0.0,0.0,0.0,0.0,0.0,0.0,0.0,0.0,0.0,0.0,0.0,56000.0,171.04,irituia
04/2026,1,NORTE,N,15,PARA,PA,150360,ITAITUBA,1.0,2025,DOU,135369.0,29.0,0.0,0.0,1.0,2516.0,0.0,0.0,1.0,734.0,0.0,0.0,3250.0,104750.0,77.38,itaituba
04/2026,1,NORTE,N,15,PARA,PA,150370,ITUPIRANGA,1.0,2025,DOU,52201.0,16.0,0.0,0.0,0.0,0.0,0.0,0.0,0.0,0.0,0.0,0.0,0.0,56000.0,107.27,itupiranga
04/2026,1,NORTE,N,15,PARA,PA,150375,JACAREACANGA,5.0,2025,DOU,26579.0,5.0,0.0,0.0,0.0,0.0,0.0,0.0,0.0,0.0,0.0,0.0,0.0,17500.0,65.84,jacareacanga
04/2026,1,NORTE,N,15,PARA,PA,150380,JACUNDA,1.0,2025,DOU,37726.0,14.0,0.0,0.0,0.0,0.0,0.0,0.0,0.0,0.0,0.0,0.0,0.0,49000.0,129.88,jacunda
04/2026,1,NORTE,N,15,PARA,PA,150390,JURUTI,4.0,2025,DOU,54255.0,16.0,0.0,0.0,3.0,11453.0,0.0,0.0,0.0,0.0,0.0,0.0,11453.0,67453.0,124.32,juruti
04/2026,1,NORTE,N,15,PARA,PA,150400,LIMOEIRO DO AJURU,3.0,2025,DOU,32088.0,9.0,0.0,0.0,1.0,4426.0,0.0,0.0,0.0,0.0,0.0,0.0,4426.0,35926.0,111.96,limoeiro_do_ajuru
04/2026,1,NORTE,N,15,PARA,PA,150405,MAE DO RIO,1.0,2025,DOU,37473.0,12.0,0.0,0.0,0.0,0.0,0.0,0.0,0.0,0.0,0.0,0.0,0.0,42000.0,112.08,mae_do_rio
04/2026,1,NORTE,N,15,PARA,PA,150410,MAGALHAES BARATA,3.0,2025,DOU,8439.0,3.0,0.0,0.0,1.0,2131.0,0.0,0.0,0.0,0.0,0.0,0.0,2131.0,12631.0,149.67,magalhaes_barata
04/2026,1,NORTE,N,15,PARA,PA,150420,MARABA,1.0,2025,DOU,290975.0,44.0,0.0,2.0,0.0,0.0,0.0,0.0,2.0,1209.0,0.0,0.0,1209.0,158709.0,54.54,maraba
04/2026,1,NORTE,N,15,PARA,PA,150430,MARACANA,3.0,2025,DOU,27129.0,9.0,0.0,0.0,4.0,6084.0,0.0,0.0,0.0,0.0,0.0,0.0,6084.0,37584.0,138.53,maracana
04/2026,1,NORTE,N,15,PARA,PA,150440,MARAPANIM,3.0,2025,DOU,28159.0,9.0,0.0,0.0,0.0,0.0,0.0,0.0,0.0,0.0,0.0,0.0,0.0,31500.0,111.86,marapanim
04/2026,1,NORTE,N,15,PARA,PA,150442,MARITUBA,1.0,2025,DOU,119437.0,39.0,1.0,0.0,0.0,0.0,1.0,332.0,3.0,2614.0,0.0,0.0,2946.0,142071.0,118.95,marituba
04/2026,1,NORTE,N,15,PARA,PA,150445,MEDICILANDIA,3.0,2025,DOU,28677.0,7.0,0.0,1.0,0.0,0.0,0.0,0.0,0.0,0.0,0.0,0.0,0.0,26250.0,91.53,medicilandia
04/2026,1,NORTE,N,15,PARA,PA,150450,MELGACO,5.0,2025,DOU,30080.0,9.0,0.0,0.0,2.0,4184.0,0.0,0.0,0.0,0.0,0.0,0.0,4184.0,35684.0,118.63,melgaco
04/2026,1,NORTE,N,15,PARA,PA,150460,MOCAJUBA,2.0,2025,DOU,28903.0,8.0,0.0,0.0,2.0,8031.0,0.0,0.0,1.0,52.0,0.0,0.0,8083.0,36083.0,124.84,mocajuba
04/2026,1,NORTE,N,15,PARA,PA,150470,MOJU,3.0,2025,DOU,91760.0,14.0,3.0,0.0,1.0,3844.0,0.0,0.0,0.0,0.0,0.0,0.0,3844.0,60719.0,66.17,moju
04/2026,1,NORTE,N,15,PARA,PA,150475,MOJUI DOS CAMPOS,3.0,2025,DOU,25818.0,7.0,0.0,2.0,1.0,3187.0,0.0,0.0,0.0,0.0,0.0,0.0,3187.0,31187.0,120.79,mojui_dos_campos
04/2026,1,NORTE,N,15,PARA,PA,150480,MONTE ALEGRE,1.0,2025,DOU,64002.0,14.0,0.0,0.0,0.0,0.0,0.0,0.0,0.0,0.0,0.0,0.0,0.0,49000.0,76.56,monte_alegre
04/2026,1,NORTE,N,15,PARA,PA,150490,MUANA,5.0,2025,DOU,49648.0,6.0,0.0,0.0,6.0,21255.0,0.0,0.0,0.0,0.0,0.0,0.0,21255.0,42255.0,85.1,muana
04/2026,1,NORTE,N,15,PARA,PA,150495,NOVA ESPERANCA DO PIRIA,3.0,2025,DOU,21304.0,11.0,0.0,0.0,0.0,0.0,0.0,0.0,0.0,0.0,0.0,0.0,0.0,38500.0,180.71,nova_esperanca_do_piria
04/2026,1,NORTE,N,15,PARA,PA,150497,NOVA IPIXUNA,3.0,2025,DOU,14400.0,6.0,0.0,0.0,0.0,0.0,0.0,0.0,0.0,0.0,0.0,0.0,0.0,21000.0,145.83,nova_ipixuna
04/2026,1,NORTE,N,15,PARA,PA,150500,NOVA TIMBOTEUA,3.0,2025,DOU,13175.0,7.0,0.0,0.0,0.0,0.0,0.0,0.0,0.0,0.0,0.0,0.0,0.0,24500.0,185.95,nova_timboteua
04/2026,1,NORTE,N,15,PARA,PA,150503,NOVO PROGRESSO,4.0,2025,DOU,37054.0,11.0,0.0,0.0,0.0,0.0,0.0,0.0,0.0,0.0,0.0,0.0,0.0,38500.0,103.9,novo_progresso
04/2026,1,NORTE,N,15,PARA,PA,150506,NOVO REPARTIMENTO,2.0,2025,DOU,63796.0,14.0,0.0,0.0,0.0,0.0,0.0,0.0,0.0,0.0,0.0,0.0,0.0,49000.0,76.8,novo_repartimento
04/2026,1,NORTE,N,15,PARA,PA,150510,OBIDOS,1.0,2025,DOU,55527.0,15.0,0.0,0.0,1.0,3415.0,0.0,0.0,0.0,0.0,0.0,0.0,3415.0,55915.0,100.69,obidos
04/2026,1,NORTE,N,15,PARA,PA,150520,OEIRAS DO PARA,3.0,2025,DOU,36734.0,8.0,0.0,0.0,3.0,9455.0,0.0,0.0,0.0,0.0,0.0,0.0,9455.0,37455.0,101.96,oeiras_do_para
04/2026,1,NORTE,N,15,PARA,PA,150530,ORIXIMINA,1.0,2025,DOU,72889.0,17.0,0.0,0.0,0.0,0.0,0.0,0.0,0.0,0.0,0.0,0.0,0.0,59500.0,81.63,oriximina
04/2026,1,NORTE,N,15,PARA,PA,150540,OUREM,3.0,2025,DOU,18783.0,8.0,0.0,0.0,0.0,0.0,0.0,0.0,0.0,0.0,0.0,0.0,0.0,28000.0,149.07,ourem
04/2026,1,NORTE,N,15,PARA,PA,150543,OURILANDIA DO NORTE,1.0,2025,DOU,35252.0,12.0,0.0,0.0,0.0,0.0,0.0,0.0,0.0,0.0,0.0,0.0,0.0,42000.0,119.14,ourilandia_do_norte
04/2026,1,NORTE,N,15,PARA,PA,150548,PACAJA,5.0,2025,DOU,43741.0,14.0,0.0,0.0,0.0,0.0,0.0,0.0,0.0,0.0,0.0,0.0,0.0,49000.0,112.02,pacaja
04/2026,1,NORTE,N,15,PARA,PA,150549,PALESTINA DO PARA,3.0,2025,DOU,7063.0,3.0,0.0,0.0,0.0,0.0,0.0,0.0,0.0,0.0,0.0,0.0,0.0,10500.0,148.66,palestina_do_para
04/2026,1,NORTE,N,15,PARA,PA,150550,PARAGOMINAS,1.0,2025,DOU,113498.0,42.0,1.0,1.0,0.0,0.0,1.0,19.0,1.0,786.0,0.0,0.0,805.0,152180.0,134.08,paragominas
04/2026,1,NORTE,N,15,PARA,PA,150553,PARAUAPEBAS,1.0,2025,DOU,305771.0,61.0,0.0,3.0,0.0,0.0,0.0,0.0,1.0,753.0,0.0,0.0,753.0,219503.0,71.78,parauapebas
04/2026,1,NORTE,N,15,PARA,PA,150555,PAU D'ARCO,3.0,2025,DOU,7354.0,4.0,0.0,0.0,0.0,0.0,0.0,0.0,0.0,0.0,0.0,0.0,0.0,14000.0,190.37,pau_d_arco
04/2026,1,NORTE,N,15,PARA,PA,150560,PEIXE-BOI,3.0,2025,DOU,8686.0,4.0,0.0,0.0,0.0,0.0,0.0,0.0,0.0,0.0,0.0,0.0,0.0,14000.0,161.17,peixe_boi
04/2026,1,NORTE,N,15,PARA,PA,150563,PICARRA,3.0,2025,DOU,13366.0,6.0,0.0,0.0,0.0,0.0,0.0,0.0,0.0,0.0,0.0,0.0,0.0,21000.0,157.11,picarra
04/2026,1,NORTE,N,15,PARA,PA,150565,PLACAS,5.0,2025,DOU,18510.0,9.0,0.0,0.0,0.0,0.0,0.0,0.0,0.0,0.0,0.0,0.0,0.0,31500.0,170.17,placas
04/2026,1,NORTE,N,15,PARA,PA,150570,PONTA DE PEDRAS,3.0,2025,DOU,25736.0,1.0,0.0,0.0,8.0,22050.0,0.0,0.0,0.0,0.0,0.0,0.0,22050.0,25550.0,99.27,ponta_de_pedras
04/2026,1,NORTE,N,15,PARA,PA,150580,PORTEL,4.0,2025,DOU,67580.0,17.0,0.0,0.0,7.0,16600.0,0.0,0.0,0.0,0.0,0.0,0.0,16600.0,76100.0,112.6,portel
04/2026,1,NORTE,N,15,PARA,PA,150590,PORTO DE MOZ,5.0,2025,DOU,44121.0,5.0,0.0,0.0,3.0,14194.0,0.0,0.0,0.0,0.0,0.0,0.0,14194.0,31694.0,71.83,porto_de_moz
04/2026,1,NORTE,N,15,PARA,PA,150600,PRAINHA,5.0,2025,DOU,38733.0,10.0,0.0,0.0,0.0,0.0,0.0,0.0,0.0,0.0,0.0,0.0,0.0,35000.0,90.36,prainha
04/2026,1,NORTE,N,15,PARA,PA,150610,PRIMAVERA,3.0,2025,DOU,11379.0,5.0,0.0,0.0,0.0,0.0,0.0,0.0,0.0,0.0,0.0,0.0,0.0,17500.0,153.79,primavera
04/2026,1,NORTE,N,15,PARA,PA,150611,QUATIPURU,2.0,2025,DOU,11838.0,6.0,0.0,0.0,0.0,0.0,0.0,0.0,0.0,0.0,0.0,0.0,0.0,21000.0,177.39,quatipuru
04/2026,1,NORTE,N,15,PARA,PA,150613,REDENCAO,1.0,2025,DOU,92694.0,23.0,1.0,1.0,0.0,0.0,0.0,0.0,0.0,0.0,0.0,0.0,0.0,84875.0,91.56,redencao
04/2026,1,NORTE,N,15,PARA,PA,150616,RIO MARIA,1.0,2025,DOU,19190.0,7.0,0.0,0.0,0.0,0.0,0.0,0.0,0.0,0.0,0.0,0.0,0.0,24500.0,127.67,rio_maria
04/2026,1,NORTE,N,15,PARA,PA,150618,RONDON DO PARA,1.0,2025,DOU,57031.0,12.0,0.0,0.0,0.0,0.0,0.0,0.0,0.0,0.0,0.0,0.0,0.0,42000.0,73.64,rondon_do_para
04/2026,1,NORTE,N,15,PARA,PA,150619,RUROPOLIS,5.0,2025,DOU,37198.0,13.0,0.0,0.0,1.0,201.0,0.0,0.0,0.0,0.0,0.0,0.0,201.0,45701.0,122.85,ruropolis
04/2026,1,NORTE,N,15,PARA,PA,150620,SALINOPOLIS,1.0,2025,DOU,48663.0,21.0,0.0,0.0,0.0,0.0,0.0,0.0,0.0,0.0,0.0,0.0,0.0,73500.0,151.03,salinopolis
04/2026,1,NORTE,N,15,PARA,PA,150630,SALVATERRA,5.0,2025,DOU,25687.0,5.0,0.0,0.0,1.0,3476.0,0.0,0.0,0.0,0.0,0.0,0.0,3476.0,20976.0,81.65,salvaterra
04/2026,1,NORTE,N,15,PARA,PA,150635,SANTA BARBARA DO PARA,3.0,2025,DOU,22530.0,10.0,0.0,2.0,0.0,0.0,0.0,0.0,0.0,0.0,0.0,0.0,0.0,38500.0,170.88,santa_barbara_do_para
04/2026,1,NORTE,N,15,PARA,PA,150640,SANTA CRUZ DO ARARI,4.0,2025,DOU,7626.0,1.0,0.0,0.0,4.0,5680.0,0.0,0.0,0.0,0.0,0.0,0.0,5680.0,9180.0,120.37,santa_cruz_do_arari
04/2026,1,NORTE,N,15,PARA,PA,150650,SANTA IZABEL DO PARA,1.0,2025,DOU,79195.0,19.0,1.0,0.0,1.0,1994.0,0.0,0.0,3.0,626.0,0.0,0.0,2620.0,71745.0,90.59,santa_izabel_do_para
04/2026,1,NORTE,N,15,PARA,PA,150655,SANTA LUZIA DO PARA,3.0,2025,DOU,21295.0,10.0,0.0,0.0,0.0,0.0,0.0,0.0,0.0,0.0,0.0,0.0,0.0,35000.0,164.35,santa_luzia_do_para
04/2026,1,NORTE,N,15,PARA,PA,150658,SANTA MARIA DAS BARREIRAS,5.0,2025,DOU,17065.0,8.0,0.0,0.0,0.0,0.0,0.0,0.0,0.0,0.0,0.0,0.0,0.0,28000.0,164.07,santa_maria_das_barreiras
04/2026,1,NORTE,N,15,PARA,PA,150660,SANTA MARIA DO PARA,2.0,2025,DOU,25815.0,11.0,0.0,1.0,0.0,0.0,0.0,0.0,0.0,0.0,0.0,0.0,0.0,40250.0,155.91,santa_maria_do_para
04/2026,1,NORTE,N,15,PARA,PA,150670,SANTANA DO ARAGUAIA,1.0,2025,DOU,30455.0,13.0,0.0,0.0,0.0,0.0,0.0,0.0,0.0,0.0,0.0,0.0,0.0,45500.0,149.4,santana_do_araguaia
04/2026,1,NORTE,N,15,PARA,PA,150680,SANTAREM,1.0,2025,DOU,360871.0,90.0,0.0,0.0,5.0,15448.0,2.0,349.0,0.0,0.0,1.0,1698.0,17495.0,332495.0,92.13,santarem
04/2026,1,NORTE,N,15,PARA,PA,150690,SANTAREM NOVO,3.0,2025,DOU,6355.0,3.0,0.0,0.0,0.0,0.0,0.0,0.0,0.0,0.0,0.0,0.0,0.0,10500.0,165.22,santarem_novo
04/2026,1,NORTE,N,15,PARA,PA,150700,SANTO ANTONIO DO TAUA,3.0,2025,DOU,29234.0,13.0,0.0,0.0,1.0,512.0,0.0,0.0,0.0,0.0,0.0,0.0,512.0,46012.0,157.39,santo_antonio_do_taua
04/2026,1,NORTE,N,15,PARA,PA,150710,SAO CAETANO DE ODIVELAS,3.0,2025,DOU,17258.0,8.0,0.0,0.0,0.0,0.0,0.0,0.0,0.0,0.0,0.0,0.0,0.0,28000.0,162.24,sao_caetano_de_odivelas
04/2026,1,NORTE,N,15,PARA,PA,150715,SAO DOMINGOS DO ARAGUAIA,2.0,2025,DOU,21555.0,8.0,0.0,0.0,0.0,0.0,0.0,0.0,0.0,0.0,0.0,0.0,0.0,28000.0,129.9,sao_domingos_do_araguaia
04/2026,1,NORTE,N,15,PARA,PA,150720,SAO DOMINGOS DO CAPIM,3.0,2025,DOU,32554.0,10.0,0.0,0.0,5.0,11137.0,0.0,0.0,0.0,0.0,0.0,0.0,11137.0,46137.0,141.72,sao_domingos_do_capim
04/2026,1,NORTE,N,15,PARA,PA,150730,SAO FELIX DO XINGU,1.0,2025,DOU,64651.0,18.0,0.0,1.0,1.0,3748.0,0.0,0.0,0.0,0.0,0.0,0.0,3748.0,68498.0,105.95,sao_felix_do_xingu
04/2026,1,NORTE,N,15,PARA,PA,150740,SAO FRANCISCO DO PARA,3.0,2025,DOU,15429.0,8.0,0.0,0.0,0.0,0.0,0.0,0.0,0.0,0.0,0.0,0.0,0.0,28000.0,181.47,sao_francisco_do_para
04/2026,1,NORTE,N,15,PARA,PA,150745,SAO GERALDO DO ARAGUAIA,2.0,2025,DOU,24929.0,10.0,0.0,0.0,0.0,0.0,0.0,0.0,0.0,0.0,0.0,0.0,0.0,35000.0,140.39,sao_geraldo_do_araguaia
04/2026,1,NORTE,N,15,PARA,PA,150746,SAO JOAO DA PONTA,3.0,2025,DOU,4470.0,3.0,0.0,0.0,0.0,0.0,0.0,0.0,0.0,0.0,0.0,0.0,0.0,10500.0,234.89,sao_joao_da_ponta
04/2026,1,NORTE,N,15,PARA,PA,150747,SAO JOAO DE PIRABAS,2.0,2025,DOU,21477.0,12.0,0.0,0.0,0.0,0.0,0.0,0.0,0.0,0.0,0.0,0.0,0.0,42000.0,195.55,sao_joao_de_pirabas
04/2026,1,NORTE,N,15,PARA,PA,150750,SAO JOAO DO ARAGUAIA,3.0,2025,DOU,14293.0,7.0,0.0,0.0,0.0,0.0,0.0,0.0,0.0,0.0,0.0,0.0,0.0,24500.0,171.41,sao_joao_do_araguaia
04/2026,1,NORTE,N,15,PARA,PA,150760,SAO MIGUEL DO GUAMA,1.0,2025,DOU,55970.0,13.0,1.0,5.0,0.0,0.0,0.0,0.0,0.0,0.0,0.0,0.0,0.0,56875.0,101.61,sao_miguel_do_guama
04/2026,1,NORTE,N,15,PARA,PA,150770,SAO SEBASTIAO DA BOA VISTA,5.0,2025,DOU,27651.0,4.0,0.0,0.0,5.0,17817.0,0.0,0.0,0.0,0.0,0.0,0.0,17817.0,31817.0,115.06,sao_sebastiao_da_boa_vista
04/2026,1,NORTE,N,15,PARA,PA,150775,SAPUCAIA,5.0,2025,DOU,6212.0,2.0,1.0,0.0,0.0,0.0,0.0,0.0,0.0,0.0,0.0,0.0,0.0,9625.0,154.94,sapucaia
04/2026,1,NORTE,N,15,PARA,PA,150780,SENADOR JOSE PORFIRIO,5.0,2025,DOU,24989.0,4.0,0.0,0.0,2.0,6889.0,0.0,0.0,0.0,0.0,0.0,0.0,6889.0,20889.0,83.59,senador_jose_porfirio
04/2026,1,NORTE,N,15,PARA,PA,150790,SOURE,1.0,2025,DOU,25315.0,6.0,0.0,0.0,0.0,0.0,0.0,0.0,0.0,0.0,0.0,0.0,0.0,21000.0,82.95,soure
04/2026,1,NORTE,N,15,PARA,PA,150795,TAILANDIA,1.0,2025,DOU,75290.0,15.0,0.0,0.0,0.0,0.0,0.0,0.0,0.0,0.0,0.0,0.0,0.0,52500.0,69.73,tailandia
04/2026,1,NORTE,N,15,PARA,PA,150796,TERRA ALTA,3.0,2025,DOU,10837.0,6.0,0.0,0.0,0.0,0.0,0.0,0.0,0.0,0.0,0.0,0.0,0.0,21000.0,193.78,terra_alta
04/2026,1,NORTE,N,15,PARA,PA,150797,TERRA SANTA,1.0,2025,DOU,19792.0,5.0,0.0,0.0,1.0,1566.0,0.0,0.0,0.0,0.0,0.0,0.0,1566.0,19066.0,96.33,terra_santa
04/2026,1,NORTE,N,15,PARA,PA,150800,TOME-ACU,1.0,2025,DOU,73058.0,19.0,0.0,0.0,0.0,0.0,0.0,0.0,1.0,275.0,0.0,0.0,275.0,66775.0,91.39,tome_acu
04/2026,1,NORTE,N,15,PARA,PA,150803,TRACUATEUA,3.0,2025,DOU,30494.0,16.0,0.0,0.0,0.0,0.0,0.0,0.0,0.0,0.0,0.0,0.0,0.0,56000.0,183.64,tracuateua
04/2026,1,NORTE,N,15,PARA,PA,150805,TRAIRAO,5.0,2025,DOU,15550.0,7.0,0.0,0.0,0.0,0.0,0.0,0.0,0.0,0.0,0.0,0.0,0.0,24500.0,157.55,trairao
04/2026,1,NORTE,N,15,PARA,PA,150808,TUCUMA,1.0,2025,DOU,42883.0,11.0,1.0,0.0,0.0,0.0,0.0,0.0,0.0,0.0,0.0,0.0,0.0,41125.0,95.9,tucuma
04/2026,1,NORTE,N,15,PARA,PA,150810,TUCURUI,1.0,2025,DOU,96119.0,25.0,1.0,0.0,0.0,0.0,0.0,0.0,0.0,0.0,0.0,0.0,0.0,90125.0,93.76,tucurui
04/2026,1,NORTE,N,15,PARA,PA,150812,ULIANOPOLIS,1.0,2025,DOU,39360.0,12.0,0.0,0.0,0.0,0.0,0.0,0.0,0.0,0.0,0.0,0.0,0.0,42000.0,106.7,ulianopolis
04/2026,1,NORTE,N,15,PARA,PA,150815,URUARA,4.0,2025,DOU,45962.0,11.0,0.0,0.0,0.0,0.0,0.0,0.0,0.0,0.0,0.0,0.0,0.0,38500.0,83.76,uruara
04/2026,1,NORTE,N,15,PARA,PA,150820,VIGIA,1.0,2025,DOU,54062.0,13.0,0.0,1.0,0.0,0.0,0.0,0.0,0.0,0.0,0.0,0.0,0.0,47250.0,87.39,vigia
04/2026,1,NORTE,N,15,PARA,PA,150830,VISEU,3.0,2025,DOU,62189.0,31.0,0.0,0.0,0.0,0.0,0.0,0.0,0.0,0.0,0.0,0.0,0.0,108500.0,174.46,viseu
04/2026,1,NORTE,N,15,PARA,PA,150835,VITORIA DO XINGU,3.0,2025,DOU,16552.0,7.0,0.0,0.0,0.0,0.0,0.0,0.0,1.0,702.0,0.0,0.0,702.0,25202.0,152.25,vitoria_do_xingu
04/2026,1,NORTE,N,15,PARA,PA,150840,XINGUARA,1.0,2025,DOU,57768.0,20.0,2.0,0.0,0.0,0.0,0.0,0.0,0.0,0.0,0.0,0.0,0.0,75250.0,130.26,xinguara
04/2026,2,NORDESTE,NE,25,PARAIBA,PB,250010,AGUA BRANCA,3.0,2025,DOU,9580.0,5.0,0.0,0.0,0.0,0.0,0.0,0.0,0.0,0.0,0.0,0.0,0.0,17500.0,182.67,agua_branca
04/2026,2,NORDESTE,NE,25,PARAIBA,PB,250020,AGUIAR,3.0,2025,DOU,5026.0,3.0,0.0,0.0,0.0,0.0,0.0,0.0,0.0,0.0,0.0,0.0,0.0,10500.0,208.91,aguiar
04/2026,2,NORDESTE,NE,25,PARAIBA,PB,250030,ALAGOA GRANDE,2.0,2025,DOU,26655.0,14.0,0.0,0.0,0.0,0.0,0.0,0.0,0.0,0.0,0.0,0.0,0.0,49000.0,183.83,alagoa_grande
04/2026,2,NORDESTE,NE,25,PARAIBA,PB,250040,ALAGOA NOVA,3.0,2025,DOU,21823.0,9.0,0.0,0.0,0.0,0.0,0.0,0.0,0.0,0.0,0.0,0.0,0.0,31500.0,144.34,alagoa_nova
04/2026,2,NORDESTE,NE,25,PARAIBA,PB,250050,ALAGOINHA,3.0,2025,DOU,14140.0,7.0,0.0,0.0,0.0,0.0,0.0,0.0,0.0,0.0,0.0,0.0,0.0,24500.0,173.26,alagoinha
04/2026,2,NORDESTE,NE,25,PARAIBA,PB,250053,ALCANTIL,3.0,2025,DOU,5806.0,3.0,0.0,0.0,0.0,0.0,0.0,0.0,0.0,0.0,0.0,0.0,0.0,10500.0,180.84,alcantil
04/2026,2,NORDESTE,NE,25,PARAIBA,PB,250057,ALGODAO DE JANDAIRA,3.0,2025,DOU,3143.0,1.0,0.0,0.0,0.0,0.0,0.0,0.0,0.0,0.0,0.0,0.0,0.0,3500.0,111.35,algodao_de_jandaira
04/2026,2,NORDESTE,NE,25,PARAIBA,PB,250060,ALHANDRA,1.0,2025,DOU,23065.0,9.0,1.0,0.0,0.0,0.0,0.0,0.0,0.0,0.0,0.0,0.0,0.0,34125.0,147.95,alhandra
04/2026,2,NORDESTE,NE,25,PARAIBA,PB,250073,AMPARO,3.0,2025,DOU,2328.0,1.0,0.0,0.0,0.0,0.0,0.0,0.0,0.0,0.0,0.0,0.0,0.0,3500.0,150.34,amparo
04/2026,2,NORDESTE,NE,25,PARAIBA,PB,250077,APARECIDA,3.0,2025,DOU,8257.0,4.0,0.0,0.0,0.0,0.0,0.0,0.0,0.0,0.0,0.0,0.0,0.0,14000.0,169.55,aparecida
04/2026,2,NORDESTE,NE,25,PARAIBA,PB,250080,ARACAGI,3.0,2025,DOU,16991.0,9.0,0.0,0.0,0.0,0.0,0.0,0.0,0.0,0.0,0.0,0.0,0.0,31500.0,185.39,aracagi
04/2026,2,NORDESTE,NE,25,PARAIBA,PB,250090,ARARA,3.0,2025,DOU,12482.0,6.0,0.0,0.0,0.0,0.0,0.0,0.0,0.0,0.0,0.0,0.0,0.0,21000.0,168.24,arara
04/2026,2,NORDESTE,NE,25,PARAIBA,PB,250100,ARARUNA,3.0,2025,DOU,17360.0,8.0,0.0,0.0,0.0,0.0,0.0,0.0,0.0,0.0,0.0,0.0,0.0,28000.0,161.29,araruna
04/2026,2,NORDESTE,NE,25,PARAIBA,PB,250110,AREIA,2.0,2025,DOU,23031.0,11.0,0.0,0.0,0.0,0.0,0.0,0.0,0.0,0.0,0.0,0.0,0.0,38500.0,167.16,areia
04/2026,2,NORDESTE,NE,25,PARAIBA,PB,250115,AREIA DE BARAUNAS,3.0,2025,DOU,2027.0,1.0,0.0,0.0,0.0,0.0,0.0,0.0,0.0,0.0,0.0,0.0,0.0,3500.0,172.66,areia_de_baraunas
04/2026,2,NORDESTE,NE,25,PARAIBA,PB,250120,AREIAL,3.0,2025,DOU,7434.0,4.0,0.0,0.0,0.0,0.0,0.0,0.0,0.0,0.0,0.0,0.0,0.0,14000.0,188.32,areial
04/2026,2,NORDESTE,NE,25,PARAIBA,PB,250130,AROEIRAS,3.0,2025,DOU,19142.0,10.0,0.0,0.0,0.0,0.0,0.0,0.0,0.0,0.0,0.0,0.0,0.0,35000.0,182.84,aroeiras
04/2026,2,NORDESTE,NE,25,PARAIBA,PB,250135,ASSUNCAO,3.0,2025,DOU,4383.0,2.0,0.0,0.0,0.0,0.0,0.0,0.0,0.0,0.0,0.0,0.0,0.0,7000.0,159.7,assuncao
04/2026,2,NORDESTE,NE,25,PARAIBA,PB,250140,BAIA DA TRAICAO,3.0,2025,DOU,9741.0,5.0,0.0,0.0,0.0,0.0,0.0,0.0,0.0,0.0,0.0,0.0,0.0,17500.0,179.65,baia_da_traicao
04/2026,2,NORDESTE,NE,25,PARAIBA,PB,250150,BANANEIRAS,1.0,2025,DOU,24134.0,11.0,0.0,0.0,0.0,0.0,0.0,0.0,0.0,0.0,0.0,0.0,0.0,38500.0,159.52,bananeiras
04/2026,2,NORDESTE,NE,25,PARAIBA,PB,250153,BARAUNA,3.0,2025,DOU,5010.0,2.0,0.0,0.0,0.0,0.0,0.0,0.0,0.0,0.0,0.0,0.0,0.0,7000.0,139.72,barauna
04/2026,2,NORDESTE,NE,25,PARAIBA,PB,250160,BARRA DE SANTA ROSA,3.0,2025,DOU,13024.0,8.0,0.0,0.0,0.0,0.0,0.0,0.0,0.0,0.0,0.0,0.0,0.0,28000.0,214.98,barra_de_santa_rosa
04/2026,2,NORDESTE,NE,25,PARAIBA,PB,250157,BARRA DE SANTANA,3.0,2025,DOU,8247.0,4.0,0.0,0.0,0.0,0.0,0.0,0.0,0.0,0.0,0.0,0.0,0.0,14000.0,169.75,barra_de_santana
04/2026,2,NORDESTE,NE,25,PARAIBA,PB,250170,BARRA DE SAO MIGUEL,3.0,2025,DOU,6123.0,3.0,0.0,0.0,0.0,0.0,0.0,0.0,0.0,0.0,0.0,0.0,0.0,10500.0,171.48,barra_de_sao_miguel
04/2026,2,NORDESTE,NE,25,PARAIBA,PB,250180,BAYEUX,1.0,2025,DOU,83862.0,30.0,0.0,0.0,0.0,0.0,1.0,0.0,0.0,0.0,0.0,0.0,0.0,105000.0,125.2,bayeux
04/2026,2,NORDESTE,NE,25,PARAIBA,PB,250190,BELEM,3.0,2025,DOU,16710.0,8.0,0.0,0.0,0.0,0.0,0.0,0.0,0.0,0.0,0.0,0.0,0.0,28000.0,167.56,belem
04/2026,2,NORDESTE,NE,25,PARAIBA,PB,250200,BELEM DO BREJO DO CRUZ,3.0,2025,DOU,6272.0,4.0,0.0,0.0,0.0,0.0,0.0,0.0,0.0,0.0,0.0,0.0,0.0,14000.0,223.21,belem_do_brejo_do_cruz
04/2026,2,NORDESTE,NE,25,PARAIBA,PB,250205,BERNARDINO BATISTA,3.0,2025,DOU,3677.0,2.0,0.0,0.0,0.0,0.0,0.0,0.0,0.0,0.0,0.0,0.0,0.0,7000.0,190.37,bernardino_batista
04/2026,2,NORDESTE,NE,25,PARAIBA,PB,250210,BOA VENTURA,3.0,2025,DOU,5246.0,3.0,0.0,0.0,0.0,0.0,0.0,0.0,0.0,0.0,0.0,0.0,0.0,10500.0,200.15,boa_ventura
04/2026,2,NORDESTE,NE,25,PARAIBA,PB,250215,BOA VISTA,3.0,2025,DOU,6592.0,4.0,0.0,0.0,0.0,0.0,0.0,0.0,0.0,0.0,0.0,0.0,0.0,14000.0,212.37,boa_vista
04/2026,2,NORDESTE,NE,25,PARAIBA,PB,250220,BOM JESUS,3.0,2025,DOU,2328.0,1.0,0.0,0.0,0.0,0.0,0.0,0.0,0.0,0.0,0.0,0.0,0.0,3500.0,150.34,bom_jesus
04/2026,2,NORDESTE,NE,25,PARAIBA,PB,250230,BOM SUCESSO,3.0,2025,DOU,4720.0,2.0,0.0,0.0,0.0,0.0,0.0,0.0,0.0,0.0,0.0,0.0,0.0,7000.0,148.3,bom_sucesso
04/2026,2,NORDESTE,NE,25,PARAIBA,PB,250240,BONITO DE SANTA FE,3.0,2025,DOU,10433.0,5.0,0.0,0.0,0.0,0.0,0.0,0.0,0.0,0.0,0.0,0.0,0.0,17500.0,167.73,bonito_de_santa_fe
04/2026,2,NORDESTE,NE,25,PARAIBA,PB,250250,BOQUEIRAO,2.0,2025,DOU,18216.0,9.0,0.0,0.0,0.0,0.0,0.0,0.0,0.0,0.0,0.0,0.0,0.0,31500.0,172.92,boqueirao
04/2026,2,NORDESTE,NE,25,PARAIBA,PB,250270,BORBOREMA,3.0,2025,DOU,4185.0,3.0,0.0,0.0,0.0,0.0,0.0,0.0,0.0,0.0,0.0,0.0,0.0,10500.0,250.89,borborema
04/2026,2,NORDESTE,NE,25,PARAIBA,PB,250280,BREJO DO CRUZ,3.0,2025,DOU,14095.0,6.0,0.0,0.0,0.0,0.0,0.0,0.0,0.0,0.0,0.0,0.0,0.0,21000.0,148.98,brejo_do_cruz
04/2026,2,NORDESTE,NE,25,PARAIBA,PB,250290,BREJO DOS SANTOS,3.0,2025,DOU,5816.0,3.0,0.0,0.0,0.0,0.0,0.0,0.0,0.0,0.0,0.0,0.0,0.0,10500.0,180.53,brejo_dos_santos
04/2026,2,NORDESTE,NE,25,PARAIBA,PB,250300,CAAPORA,1.0,2025,DOU,21942.0,9.0,0.0,0.0,0.0,0.0,0.0,0.0,0.0,0.0,0.0,0.0,0.0,31500.0,143.56,caapora
04/2026,2,NORDESTE,NE,25,PARAIBA,PB,250310,CABACEIRAS,3.0,2025,DOU,5537.0,3.0,0.0,0.0,0.0,0.0,0.0,0.0,0.0,0.0,0.0,0.0,0.0,10500.0,189.63,cabaceiras
04/2026,2,NORDESTE,NE,25,PARAIBA,PB,250320,CABEDELO,1.0,2025,DOU,70734.0,23.0,0.0,0.0,0.0,0.0,1.0,15.0,0.0,0.0,0.0,0.0,15.0,80515.0,113.82,cabedelo
04/2026,2,NORDESTE,NE,25,PARAIBA,PB,250330,CACHOEIRA DOS INDIOS,3.0,2025,DOU,9335.0,5.0,0.0,0.0,0.0,0.0,0.0,0.0,0.0,0.0,0.0,0.0,0.0,17500.0,187.46,cachoeira_dos_indios
04/2026,2,NORDESTE,NE,25,PARAIBA,PB,250340,CACIMBA DE AREIA,3.0,2025,DOU,3344.0,2.0,0.0,0.0,0.0,0.0,0.0,0.0,0.0,0.0,0.0,0.0,0.0,7000.0,209.33,cacimba_de_areia
04/2026,2,NORDESTE,NE,25,PARAIBA,PB,250350,CACIMBA DE DENTRO,3.0,2025,DOU,16332.0,7.0,0.0,0.0,0.0,0.0,0.0,0.0,0.0,0.0,0.0,0.0,0.0,24500.0,150.01,cacimba_de_dentro
04/2026,2,NORDESTE,NE,25,PARAIBA,PB,250355,CACIMBAS,3.0,2025,DOU,7513.0,4.0,0.0,0.0,0.0,0.0,0.0,0.0,0.0,0.0,0.0,0.0,0.0,14000.0,186.34,cacimbas
04/2026,2,NORDESTE,NE,25,PARAIBA,PB,250360,CAICARA,3.0,2025,DOU,6684.0,3.0,0.0,0.0,0.0,0.0,0.0,0.0,0.0,0.0,0.0,0.0,0.0,10500.0,157.09,caicara
04/2026,2,NORDESTE,NE,25,PARAIBA,PB,250370,CAJAZEIRAS,1.0,2025,DOU,66585.0,31.0,3.0,0.0,0.0,0.0,1.0,144.0,0.0,0.0,0.0,0.0,144.0,116519.0,174.99,cajazeiras
04/2026,2,NORDESTE,NE,25,PARAIBA,PB,250375,CAJAZEIRINHAS,3.0,2025,DOU,2760.0,2.0,0.0,0.0,0.0,0.0,0.0,0.0,0.0,0.0,0.0,0.0,0.0,7000.0,253.62,cajazeirinhas
04/2026,2,NORDESTE,NE,25,PARAIBA,PB,250380,CALDAS BRANDAO,3.0,2025,DOU,5942.0,3.0,0.0,0.0,0.0,0.0,0.0,0.0,0.0,0.0,0.0,0.0,0.0,10500.0,176.7,caldas_brandao
04/2026,2,NORDESTE,NE,25,PARAIBA,PB,250390,CAMALAU,3.0,2025,DOU,6327.0,2.0,0.0,0.0,0.0,0.0,0.0,0.0,0.0,0.0,0.0,0.0,0.0,7000.0,110.63,camalau
04/2026,2,NORDESTE,NE,25,PARAIBA,PB,250400,CAMPINA GRANDE,1.0,2025,DOU,443911.0,152.0,9.0,0.0,0.0,0.0,2.0,551.0,0.0,0.0,2.0,2060.0,2611.0,558236.0,125.75,campina_grande
04/2026,2,NORDESTE,NE,25,PARAIBA,PB,250403,CAPIM,3.0,2025,DOU,7446.0,3.0,0.0,0.0,0.0,0.0,0.0,0.0,0.0,0.0,0.0,0.0,0.0,10500.0,141.01,capim
04/2026,2,NORDESTE,NE,25,PARAIBA,PB,250407,CARAUBAS,3.0,2025,DOU,4067.0,2.0,0.0,0.0,0.0,0.0,0.0,0.0,0.0,0.0,0.0,0.0,0.0,7000.0,172.11,caraubas
04/2026,2,NORDESTE,NE,25,PARAIBA,PB,250410,CARRAPATEIRA,3.0,2025,DOU,2365.0,1.0,0.0,0.0,0.0,0.0,0.0,0.0,0.0,0.0,0.0,0.0,0.0,3500.0,147.99,carrapateira
04/2026,2,NORDESTE,NE,25,PARAIBA,PB,250415,CASSERENGUE,3.0,2025,DOU,7052.0,4.0,0.0,0.0,0.0,0.0,0.0,0.0,0.0,0.0,0.0,0.0,0.0,14000.0,198.52,casserengue
04/2026,2,NORDESTE,NE,25,PARAIBA,PB,250420,CATINGUEIRA,3.0,2025,DOU,4556.0,2.0,0.0,0.0,0.0,0.0,0.0,0.0,0.0,0.0,0.0,0.0,0.0,7000.0,153.64,catingueira
04/2026,2,NORDESTE,NE,25,PARAIBA,PB,250430,CATOLE DO ROCHA,2.0,2025,DOU,32288.0,12.0,0.0,0.0,0.0,0.0,0.0,0.0,0.0,0.0,0.0,0.0,0.0,42000.0,130.07,catole_do_rocha
04/2026,2,NORDESTE,NE,25,PARAIBA,PB,250435,CATURITE,3.0,2025,DOU,5544.0,3.0,0.0,0.0,0.0,0.0,0.0,0.0,0.0,0.0,0.0,0.0,0.0,10500.0,189.39,caturite
04/2026,2,NORDESTE,NE,25,PARAIBA,PB,250440,CONCEICAO,2.0,2025,DOU,18731.0,10.0,0.0,0.0,0.0,0.0,0.0,0.0,0.0,0.0,0.0,0.0,0.0,35000.0,186.85,conceicao
04/2026,2,NORDESTE,NE,25,PARAIBA,PB,250450,CONDADO,3.0,2025,DOU,6629.0,3.0,0.0,0.0,0.0,0.0,0.0,0.0,0.0,0.0,0.0,0.0,0.0,10500.0,158.39,condado
04/2026,2,NORDESTE,NE,25,PARAIBA,PB,250460,CONDE,1.0,2025,DOU,30007.0,11.0,0.0,0.0,0.0,0.0,0.0,0.0,0.0,0.0,0.0,0.0,0.0,38500.0,128.3,conde
04/2026,2,NORDESTE,NE,25,PARAIBA,PB,250470,CONGO,3.0,2025,DOU,5124.0,2.0,0.0,0.0,0.0,0.0,0.0,0.0,0.0,0.0,0.0,0.0,0.0,7000.0,136.61,congo
04/2026,2,NORDESTE,NE,25,PARAIBA,PB,250480,COREMAS,2.0,2025,DOU,14987.0,8.0,0.0,0.0,0.0,0.0,0.0,0.0,1.0,0.0,0.0,0.0,0.0,28000.0,186.82,coremas
04/2026,2,NORDESTE,NE,25,PARAIBA,PB,250485,COXIXOLA,3.0,2025,DOU,1888.0,1.0,0.0,0.0,0.0,0.0,0.0,0.0,0.0,0.0,0.0,0.0,0.0,3500.0,185.38,coxixola
04/2026,2,NORDESTE,NE,25,PARAIBA,PB,250490,CRUZ DO ESPIRITO SANTO,3.0,2025,DOU,17821.0,9.0,0.0,0.0,0.0,0.0,0.0,0.0,0.0,0.0,0.0,0.0,0.0,31500.0,176.75,cruz_do_espirito_santo
04/2026,2,NORDESTE,NE,25,PARAIBA,PB,250500,CUBATI,3.0,2025,DOU,7842.0,4.0,0.0,0.0,0.0,0.0,0.0,0.0,1.0,0.0,0.0,0.0,0.0,14000.0,178.52,cubati
04/2026,2,NORDESTE,NE,25,PARAIBA,PB,250510,CUITE,1.0,2025,DOU,20208.0,10.0,0.0,0.0,0.0,0.0,0.0,0.0,0.0,0.0,0.0,0.0,0.0,35000.0,173.19,cuite
04/2026,2,NORDESTE,NE,25,PARAIBA,PB,250523,CUITE DE MAMANGUAPE,3.0,2025,DOU,6441.0,3.0,0.0,0.0,0.0,0.0,0.0,0.0,0.0,0.0,0.0,0.0,0.0,10500.0,163.01,cuite_de_mamanguape
04/2026,2,NORDESTE,NE,25,PARAIBA,PB,250520,CUITEGI,2.0,2025,DOU,6890.0,3.0,0.0,0.0,0.0,0.0,0.0,0.0,0.0,0.0,0.0,0.0,0.0,10500.0,152.39,cuitegi
04/2026,2,NORDESTE,NE,25,PARAIBA,PB,250527,CURRAL DE CIMA,3.0,2025,DOU,5415.0,3.0,0.0,0.0,0.0,0.0,0.0,0.0,0.0,0.0,0.0,0.0,0.0,10500.0,193.9,curral_de_cima
04/2026,2,NORDESTE,NE,25,PARAIBA,PB,250530,CURRAL VELHO,3.0,2025,DOU,2316.0,1.0,0.0,0.0,0.0,0.0,0.0,0.0,0.0,0.0,0.0,0.0,0.0,3500.0,151.12,curral_velho
04/2026,2,NORDESTE,NE,25,PARAIBA,PB,250535,DAMIAO,3.0,2025,DOU,5141.0,3.0,0.0,0.0,0.0,0.0,0.0,0.0,0.0,0.0,0.0,0.0,0.0,10500.0,204.24,damiao
04/2026,2,NORDESTE,NE,25,PARAIBA,PB,250540,DESTERRO,3.0,2025,DOU,8314.0,4.0,0.0,0.0,0.0,0.0,0.0,0.0,0.0,0.0,0.0,0.0,0.0,14000.0,168.39,desterro
04/2026,2,NORDESTE,NE,25,PARAIBA,PB,250560,DIAMANTE,3.0,2025,DOU,6416.0,3.0,0.0,0.0,0.0,0.0,0.0,0.0,0.0,0.0,0.0,0.0,0.0,10500.0,163.65,diamante
04/2026,2,NORDESTE,NE,25,PARAIBA,PB,250570,DONA INES,3.0,2025,DOU,10638.0,5.0,0.0,0.0,0.0,0.0,0.0,0.0,0.0,0.0,0.0,0.0,0.0,17500.0,164.5,dona_ines
04/2026,2,NORDESTE,NE,25,PARAIBA,PB,250580,DUAS ESTRADAS,3.0,2025,DOU,3360.0,2.0,0.0,0.0,0.0,0.0,0.0,0.0,0.0,0.0,0.0,0.0,0.0,7000.0,208.33,duas_estradas
04/2026,2,NORDESTE,NE,25,PARAIBA,PB,250590,EMAS,3.0,2025,DOU,3036.0,2.0,0.0,0.0,0.0,0.0,0.0,0.0,0.0,0.0,0.0,0.0,0.0,7000.0,230.56,emas
04/2026,2,NORDESTE,NE,25,PARAIBA,PB,250600,ESPERANCA,2.0,2025,DOU,32599.0,14.0,0.0,0.0,0.0,0.0,0.0,0.0,1.0,111.0,0.0,0.0,111.0,49111.0,150.65,esperanca
04/2026,2,NORDESTE,NE,25,PARAIBA,PB,250610,FAGUNDES,3.0,2025,DOU,11307.0,6.0,0.0,0.0,0.0,0.0,0.0,0.0,0.0,0.0,0.0,0.0,0.0,21000.0,185.72,fagundes
04/2026,2,NORDESTE,NE,25,PARAIBA,PB,250620,FREI MARTINHO,3.0,2025,DOU,2911.0,1.0,0.0,0.0,0.0,0.0,0.0,0.0,0.0,0.0,0.0,0.0,0.0,3500.0,120.23,frei_martinho
04/2026,2,NORDESTE,NE,25,PARAIBA,PB,250625,GADO BRAVO,3.0,2025,DOU,8398.0,4.0,0.0,0.0,0.0,0.0,0.0,0.0,0.0,0.0,0.0,0.0,0.0,14000.0,166.7,gado_bravo
04/2026,2,NORDESTE,NE,25,PARAIBA,PB,250630,GUARABIRA,1.0,2025,DOU,60057.0,20.0,0.0,0.0,0.0,0.0,0.0,0.0,0.0,0.0,0.0,0.0,0.0,70000.0,116.55,guarabira
04/2026,2,NORDESTE,NE,25,PARAIBA,PB,250640,GURINHEM,3.0,2025,DOU,14141.0,7.0,0.0,0.0,0.0,0.0,0.0,0.0,0.0,0.0,0.0,0.0,0.0,24500.0,173.25,gurinhem
04/2026,2,NORDESTE,NE,25,PARAIBA,PB,250650,GURJAO,3.0,2025,DOU,3352.0,2.0,0.0,0.0,0.0,0.0,0.0,0.0,0.0,0.0,0.0,0.0,0.0,7000.0,208.83,gurjao
04/2026,2,NORDESTE,NE,25,PARAIBA,PB,250660,IBIARA,3.0,2025,DOU,5713.0,3.0,0.0,0.0,0.0,0.0,0.0,0.0,0.0,0.0,0.0,0.0,0.0,10500.0,183.79,ibiara
04/2026,2,NORDESTE,NE,25,PARAIBA,PB,250260,IGARACY,3.0,2025,DOU,5719.0,3.0,0.0,0.0,0.0,0.0,1.0,0.0,0.0,0.0,0.0,0.0,0.0,10500.0,183.59,igaracy
04/2026,2,NORDESTE,NE,25,PARAIBA,PB,250670,IMACULADA,3.0,2025,DOU,10497.0,6.0,0.0,0.0,0.0,0.0,0.0,0.0,0.0,0.0,0.0,0.0,0.0,21000.0,200.05,imaculada
04/2026,2,NORDESTE,NE,25,PARAIBA,PB,250680,INGA,2.0,2025,DOU,18234.0,9.0,0.0,0.0,0.0,0.0,0.0,0.0,1.0,46.0,0.0,0.0,46.0,31546.0,173.0,inga
04/2026,2,NORDESTE,NE,25,PARAIBA,PB,250690,ITABAIANA,1.0,2025,DOU,23558.0,10.0,0.0,0.0,0.0,0.0,0.0,0.0,1.0,117.0,0.0,0.0,117.0,35117.0,149.06,itabaiana
04/2026,2,NORDESTE,NE,25,PARAIBA,PB,250700,ITAPORANGA,1.0,2025,DOU,24766.0,10.0,0.0,0.0,0.0,0.0,0.0,0.0,0.0,0.0,0.0,0.0,0.0,35000.0,141.32,itaporanga
04/2026,2,NORDESTE,NE,25,PARAIBA,PB,250710,ITAPOROROCA,2.0,2025,DOU,19165.0,8.0,0.0,0.0,0.0,0.0,0.0,0.0,0.0,0.0,0.0,0.0,0.0,28000.0,146.09,itapororoca
04/2026,2,NORDESTE,NE,25,PARAIBA,PB,250720,ITATUBA,3.0,2025,DOU,10840.0,6.0,0.0,0.0,0.0,0.0,0.0,0.0,0.0,0.0,0.0,0.0,0.0,21000.0,193.72,itatuba
04/2026,2,NORDESTE,NE,25,PARAIBA,PB,250730,JACARAU,3.0,2025,DOU,14969.0,7.0,0.0,0.0,0.0,0.0,0.0,0.0,1.0,2.0,0.0,0.0,2.0,24502.0,163.68,jacarau
04/2026,2,NORDESTE,NE,25,PARAIBA,PB,250740,JERICO,3.0,2025,DOU,7728.0,3.0,0.0,0.0,0.0,0.0,0.0,0.0,0.0,0.0,0.0,0.0,0.0,10500.0,135.86,jerico
04/2026,2,NORDESTE,NE,25,PARAIBA,PB,250750,JOAO PESSOA,1.0,2025,DOU,897633.0,218.0,0.0,0.0,0.0,0.0,6.0,1087.0,5.0,2308.0,1.0,1854.0,5249.0,768249.0,85.58,joao_pessoa
04/2026,2,NORDESTE,NE,25,PARAIBA,PB,251365,JOCA CLAUDINO,3.0,2025,DOU,2607.0,1.0,0.0,0.0,0.0,0.0,0.0,0.0,0.0,0.0,0.0,0.0,0.0,3500.0,134.25,joca_claudino
04/2026,2,NORDESTE,NE,25,PARAIBA,PB,250760,JUAREZ TAVORA,2.0,2025,DOU,8088.0,4.0,0.0,0.0,0.0,0.0,0.0,0.0,0.0,0.0,0.0,0.0,0.0,14000.0,173.09,juarez_tavora
04/2026,2,NORDESTE,NE,25,PARAIBA,PB,250770,JUAZEIRINHO,3.0,2025,DOU,17520.0,9.0,0.0,0.0,0.0,0.0,0.0,0.0,0.0,0.0,0.0,0.0,0.0,31500.0,179.79,juazeirinho
04/2026,2,NORDESTE,NE,25,PARAIBA,PB,250780,JUNCO DO SERIDO,3.0,2025,DOU,7019.0,3.0,0.0,0.0,0.0,0.0,0.0,0.0,0.0,0.0,0.0,0.0,0.0,10500.0,149.59,junco_do_serido
04/2026,2,NORDESTE,NE,25,PARAIBA,PB,250790,JURIPIRANGA,1.0,2025,DOU,10255.0,5.0,0.0,0.0,0.0,0.0,0.0,0.0,0.0,0.0,0.0,0.0,0.0,17500.0,170.64,juripiranga
04/2026,2,NORDESTE,NE,25,PARAIBA,PB,250800,JURU,3.0,2025,DOU,9380.0,5.0,0.0,0.0,0.0,0.0,0.0,0.0,0.0,0.0,0.0,0.0,0.0,17500.0,186.56,juru
04/2026,2,NORDESTE,NE,25,PARAIBA,PB,250810,LAGOA,3.0,2025,DOU,4489.0,2.0,0.0,0.0,0.0,0.0,0.0,0.0,0.0,0.0,0.0,0.0,0.0,7000.0,155.93,lagoa
04/2026,2,NORDESTE,NE,25,PARAIBA,PB,250820,LAGOA DE DENTRO,3.0,2025,DOU,8123.0,4.0,0.0,0.0,0.0,0.0,0.0,0.0,0.0,0.0,0.0,0.0,0.0,14000.0,172.35,lagoa_de_dentro
04/2026,2,NORDESTE,NE,25,PARAIBA,PB,250830,LAGOA SECA,1.0,2025,DOU,29209.0,13.0,0.0,0.0,0.0,0.0,0.0,0.0,0.0,0.0,0.0,0.0,0.0,45500.0,155.77,lagoa_seca
04/2026,2,NORDESTE,NE,25,PARAIBA,PB,250840,LASTRO,3.0,2025,DOU,3316.0,1.0,0.0,0.0,0.0,0.0,0.0,0.0,0.0,0.0,0.0,0.0,0.0,3500.0,105.54,lastro
04/2026,2,NORDESTE,NE,25,PARAIBA,PB,250850,LIVRAMENTO,3.0,2025,DOU,7041.0,3.0,0.0,0.0,0.0,0.0,0.0,0.0,0.0,0.0,0.0,0.0,0.0,10500.0,149.12,livramento
04/2026,2,NORDESTE,NE,25,PARAIBA,PB,250855,LOGRADOURO,3.0,2025,DOU,5107.0,2.0,0.0,0.0,0.0,0.0,0.0,0.0,0.0,0.0,0.0,0.0,0.0,7000.0,137.06,logradouro
04/2026,2,NORDESTE,NE,25,PARAIBA,PB,250860,LUCENA,1.0,2025,DOU,13088.0,6.0,0.0,0.0,0.0,0.0,0.0,0.0,0.0,0.0,0.0,0.0,0.0,21000.0,160.45,lucena
04/2026,2,NORDESTE,NE,25,PARAIBA,PB,250870,MAE D'AGUA,3.0,2025,DOU,3599.0,2.0,0.0,0.0,0.0,0.0,0.0,0.0,0.0,0.0,0.0,0.0,0.0,7000.0,194.49,mae_d_agua
04/2026,2,NORDESTE,NE,25,PARAIBA,PB,250880,MALTA,2.0,2025,DOU,6288.0,3.0,0.0,0.0,0.0,0.0,0.0,0.0,0.0,0.0,0.0,0.0,0.0,10500.0,166.98,malta
04/2026,2,NORDESTE,NE,25,PARAIBA,PB,250890,MAMANGUAPE,1.0,2025,DOU,46966.0,19.0,0.0,0.0,0.0,0.0,0.0,0.0,0.0,0.0,0.0,0.0,0.0,66500.0,141.59,mamanguape
04/2026,2,NORDESTE,NE,25,PARAIBA,PB,250900,MANAIRA,3.0,2025,DOU,10699.0,5.0,0.0,0.0,0.0,0.0,0.0,0.0,0.0,0.0,0.0,0.0,0.0,17500.0,163.56,manaira
04/2026,2,NORDESTE,NE,25,PARAIBA,PB,250905,MARCACAO,3.0,2025,DOU,9537.0,4.0,0.0,0.0,0.0,0.0,0.0,0.0,0.0,0.0,0.0,0.0,0.0,14000.0,146.79,marcacao
04/2026,2,NORDESTE,NE,25,PARAIBA,PB,250910,MARI,1.0,2025,DOU,22170.0,11.0,0.0,0.0,0.0,0.0,0.0,0.0,0.0,0.0,0.0,0.0,0.0,38500.0,173.65,mari
04/2026,2,NORDESTE,NE,25,PARAIBA,PB,250915,MARIZOPOLIS,2.0,2025,DOU,7001.0,3.0,0.0,0.0,0.0,0.0,0.0,0.0,0.0,0.0,0.0,0.0,0.0,10500.0,149.97,marizopolis
04/2026,2,NORDESTE,NE,25,PARAIBA,PB,250920,MASSARANDUBA,1.0,2025,DOU,14756.0,7.0,0.0,0.0,0.0,0.0,0.0,0.0,0.0,0.0,0.0,0.0,0.0,24500.0,166.03,massaranduba
04/2026,2,NORDESTE,NE,25,PARAIBA,PB,250930,MATARACA,2.0,2025,DOU,8650.0,4.0,0.0,0.0,0.0,0.0,0.0,0.0,0.0,0.0,0.0,0.0,0.0,14000.0,161.84,mataraca
04/2026,2,NORDESTE,NE,25,PARAIBA,PB,250933,MATINHAS,3.0,2025,DOU,4759.0,2.0,0.0,0.0,0.0,0.0,0.0,0.0,0.0,0.0,0.0,0.0,0.0,7000.0,147.08,matinhas
04/2026,2,NORDESTE,NE,25,PARAIBA,PB,250937,MATO GROSSO,3.0,2025,DOU,2584.0,1.0,0.0,0.0,0.0,0.0,0.0,0.0,0.0,0.0,0.0,0.0,0.0,3500.0,135.44,mato_grosso
04/2026,2,NORDESTE,NE,25,PARAIBA,PB,250939,MATUREIA,3.0,2025,DOU,6717.0,3.0,0.0,0.0,0.0,0.0,0.0,0.0,0.0,0.0,0.0,0.0,0.0,10500.0,156.31,matureia
04/2026,2,NORDESTE,NE,25,PARAIBA,PB,250940,MOGEIRO,3.0,2025,DOU,14435.0,7.0,0.0,0.0,0.0,0.0,0.0,0.0,0.0,0.0,0.0,0.0,0.0,24500.0,169.72,mogeiro
04/2026,2,NORDESTE,NE,25,PARAIBA,PB,250950,MONTADAS,3.0,2025,DOU,6144.0,3.0,0.0,0.0,0.0,0.0,0.0,0.0,0.0,0.0,0.0,0.0,0.0,10500.0,170.89,montadas
04/2026,2,NORDESTE,NE,25,PARAIBA,PB,250960,MONTE HOREBE,3.0,2025,DOU,4429.0,2.0,0.0,0.0,0.0,0.0,0.0,0.0,0.0,0.0,0.0,0.0,0.0,7000.0,158.04,monte_horebe
04/2026,2,NORDESTE,NE,25,PARAIBA,PB,250970,MONTEIRO,2.0,2025,DOU,33886.0,14.0,0.0,0.0,0.0,0.0,0.0,0.0,1.0,105.0,0.0,0.0,105.0,49105.0,144.91,monteiro
04/2026,2,NORDESTE,NE,25,PARAIBA,PB,250980,MULUNGU,3.0,2025,DOU,8909.0,5.0,0.0,0.0,0.0,0.0,0.0,0.0,0.0,0.0,0.0,0.0,0.0,17500.0,196.43,mulungu
04/2026,2,NORDESTE,NE,25,PARAIBA,PB,250990,NATUBA,3.0,2025,DOU,8935.0,5.0,0.0,0.0,0.0,0.0,0.0,0.0,0.0,0.0,0.0,0.0,0.0,17500.0,195.85,natuba
04/2026,2,NORDESTE,NE,25,PARAIBA,PB,251000,NAZAREZINHO,3.0,2025,DOU,7394.0,4.0,0.0,0.0,0.0,0.0,0.0,0.0,0.0,0.0,0.0,0.0,0.0,14000.0,189.34,nazarezinho
04/2026,2,NORDESTE,NE,25,PARAIBA,PB,251010,NOVA FLORESTA,1.0,2025,DOU,9840.0,5.0,0.0,0.0,0.0,0.0,0.0,0.0,0.0,0.0,0.0,0.0,0.0,17500.0,177.84,nova_floresta
04/2026,2,NORDESTE,NE,25,PARAIBA,PB,251020,NOVA OLINDA,3.0,2025,DOU,5897.0,3.0,0.0,0.0,0.0,0.0,0.0,0.0,0.0,0.0,0.0,0.0,0.0,10500.0,178.05,nova_olinda
04/2026,2,NORDESTE,NE,25,PARAIBA,PB,251030,NOVA PALMEIRA,3.0,2025,DOU,4359.0,2.0,0.0,0.0,0.0,0.0,0.0,0.0,0.0,0.0,0.0,0.0,0.0,7000.0,160.58,nova_palmeira
04/2026,2,NORDESTE,NE,25,PARAIBA,PB,251040,OLHO D'AGUA,3.0,2025,DOU,6059.0,3.0,0.0,0.0,0.0,0.0,0.0,0.0,0.0,0.0,0.0,0.0,0.0,10500.0,173.29,olho_d_agua
04/2026,2,NORDESTE,NE,25,PARAIBA,PB,251050,OLIVEDOS,3.0,2025,DOU,3675.0,2.0,0.0,0.0,0.0,0.0,0.0,0.0,0.0,0.0,0.0,0.0,0.0,7000.0,190.47,olivedos
04/2026,2,NORDESTE,NE,25,PARAIBA,PB,251060,OURO VELHO,3.0,2025,DOU,3000.0,2.0,0.0,0.0,0.0,0.0,0.0,0.0,0.0,0.0,0.0,0.0,0.0,7000.0,233.33,ouro_velho
04/2026,2,NORDESTE,NE,25,PARAIBA,PB,251065,PARARI,3.0,2025,DOU,1745.0,1.0,0.0,0.0,0.0,0.0,0.0,0.0,0.0,0.0,0.0,0.0,0.0,3500.0,200.57,parari
04/2026,2,NORDESTE,NE,25,PARAIBA,PB,251070,PASSAGEM,3.0,2025,DOU,2580.0,2.0,0.0,0.0,0.0,0.0,0.0,0.0,0.0,0.0,0.0,0.0,0.0,7000.0,271.31,passagem
04/2026,2,NORDESTE,NE,25,PARAIBA,PB,251080,PATOS,1.0,2025,DOU,108104.0,42.0,0.0,0.0,0.0,0.0,0.0,0.0,0.0,0.0,0.0,0.0,0.0,147000.0,135.98,patos
04/2026,2,NORDESTE,NE,25,PARAIBA,PB,251090,PAULISTA,3.0,2025,DOU,12172.0,6.0,0.0,0.0,0.0,0.0,0.0,0.0,0.0,0.0,0.0,0.0,0.0,21000.0,172.52,paulista
04/2026,2,NORDESTE,NE,25,PARAIBA,PB,251100,PEDRA BRANCA,3.0,2025,DOU,3851.0,2.0,0.0,0.0,0.0,0.0,0.0,0.0,0.0,0.0,0.0,0.0,0.0,7000.0,181.77,pedra_branca
04/2026,2,NORDESTE,NE,25,PARAIBA,PB,251110,PEDRA LAVRADA,3.0,2025,DOU,6980.0,3.0,0.0,0.0,0.0,0.0,0.0,0.0,0.0,0.0,0.0,0.0,0.0,10500.0,150.42,pedra_lavrada
04/2026,2,NORDESTE,NE,25,PARAIBA,PB,251120,PEDRAS DE FOGO,1.0,2025,DOU,31356.0,13.0,0.0,0.0,0.0,0.0,0.0,0.0,0.0,0.0,0.0,0.0,0.0,45500.0,145.1,pedras_de_fogo
04/2026,2,NORDESTE,NE,25,PARAIBA,PB,251272,PEDRO REGIS,3.0,2025,DOU,5932.0,3.0,0.0,0.0,0.0,0.0,0.0,0.0,0.0,0.0,0.0,0.0,0.0,10500.0,177.0,pedro_regis
04/2026,2,NORDESTE,NE,25,PARAIBA,PB,251130,PIANCO,2.0,2025,DOU,17088.0,9.0,0.0,0.0,0.0,0.0,0.0,0.0,0.0,0.0,0.0,0.0,0.0,31500.0,184.33,pianco
04/2026,2,NORDESTE,NE,25,PARAIBA,PB,251140,PICUI,2.0,2025,DOU,18862.0,10.0,0.0,0.0,0.0,0.0,0.0,0.0,0.0,0.0,0.0,0.0,0.0,35000.0,185.55,picui
04/2026,2,NORDESTE,NE,25,PARAIBA,PB,251150,PILAR,3.0,2025,DOU,12889.0,6.0,0.0,0.0,0.0,0.0,0.0,0.0,0.0,0.0,0.0,0.0,0.0,21000.0,162.92,pilar
04/2026,2,NORDESTE,NE,25,PARAIBA,PB,251160,PILOES,3.0,2025,DOU,6974.0,3.0,0.0,0.0,0.0,0.0,0.0,0.0,0.0,0.0,0.0,0.0,0.0,10500.0,150.55,piloes
04/2026,2,NORDESTE,NE,25,PARAIBA,PB,251170,PILOEZINHOS,1.0,2025,DOU,5539.0,3.0,0.0,0.0,0.0,0.0,0.0,0.0,0.0,0.0,0.0,0.0,0.0,10500.0,189.56,piloezinhos
04/2026,2,NORDESTE,NE,25,PARAIBA,PB,251180,PIRPIRITUBA,2.0,2025,DOU,9411.0,4.0,0.0,0.0,0.0,0.0,0.0,0.0,0.0,0.0,0.0,0.0,0.0,14000.0,148.76,pirpirituba
04/2026,2,NORDESTE,NE,25,PARAIBA,PB,251190,PITIMBU,3.0,2025,DOU,17166.0,9.0,0.0,0.0,0.0,0.0,0.0,0.0,0.0,0.0,0.0,0.0,0.0,31500.0,183.5,pitimbu
04/2026,2,NORDESTE,NE,25,PARAIBA,PB,251200,POCINHOS,3.0,2025,DOU,18038.0,9.0,0.0,0.0,0.0,0.0,0.0,0.0,0.0,0.0,0.0,0.0,0.0,31500.0,174.63,pocinhos
04/2026,2,NORDESTE,NE,25,PARAIBA,PB,251203,POCO DANTAS,3.0,2025,DOU,3934.0,2.0,0.0,0.0,0.0,0.0,0.0,0.0,0.0,0.0,0.0,0.0,0.0,7000.0,177.93,poco_dantas
04/2026,2,NORDESTE,NE,25,PARAIBA,PB,251207,POCO DE JOSE DE MOURA,3.0,2025,DOU,4126.0,2.0,0.0,0.0,0.0,0.0,0.0,0.0,0.0,0.0,0.0,0.0,0.0,7000.0,169.65,poco_de_jose_de_moura
04/2026,2,NORDESTE,NE,25,PARAIBA,PB,251210,POMBAL,1.0,2025,DOU,33866.0,15.0,0.0,0.0,0.0,0.0,0.0,0.0,1.0,101.0,0.0,0.0,101.0,52601.0,155.32,pombal
04/2026,2,NORDESTE,NE,25,PARAIBA,PB,251220,PRATA,3.0,2025,DOU,4032.0,2.0,0.0,0.0,0.0,0.0,0.0,0.0,0.0,0.0,0.0,0.0,0.0,7000.0,173.61,prata
04/2026,2,NORDESTE,NE,25,PARAIBA,PB,251230,PRINCESA ISABEL,2.0,2025,DOU,21674.0,12.0,0.0,0.0,0.0,0.0,0.0,0.0,0.0,0.0,0.0,0.0,0.0,42000.0,193.78,princesa_isabel
04/2026,2,NORDESTE,NE,25,PARAIBA,PB,251240,PUXINANA,1.0,2025,DOU,14942.0,7.0,0.0,0.0,0.0,0.0,0.0,0.0,0.0,0.0,0.0,0.0,0.0,24500.0,163.96,puxinana
04/2026,2,NORDESTE,NE,25,PARAIBA,PB,251250,QUEIMADAS,1.0,2025,DOU,50698.0,18.0,0.0,0.0,0.0,0.0,0.0,0.0,0.0,0.0,0.0,0.0,0.0,63000.0,124.26,queimadas
04/2026,2,NORDESTE,NE,25,PARAIBA,PB,251260,QUIXABA,1.0,2025,DOU,1803.0,1.0,1.0,0.0,0.0,0.0,0.0,0.0,0.0,0.0,0.0,0.0,0.0,6125.0,339.71,quixaba
04/2026,2,NORDESTE,NE,25,PARAIBA,PB,251270,REMIGIO,1.0,2025,DOU,18399.0,9.0,0.0,0.0,0.0,0.0,0.0,0.0,0.0,0.0,0.0,0.0,0.0,31500.0,171.2,remigio
04/2026,2,NORDESTE,NE,25,PARAIBA,PB,251274,RIACHAO,3.0,2025,DOU,2945.0,2.0,0.0,0.0,0.0,0.0,0.0,0.0,0.0,0.0,0.0,0.0,0.0,7000.0,237.69,riachao
04/2026,2,NORDESTE,NE,25,PARAIBA,PB,251275,RIACHAO DO BACAMARTE,3.0,2025,DOU,4911.0,2.0,0.0,0.0,0.0,0.0,0.0,0.0,0.0,0.0,0.0,0.0,0.0,7000.0,142.53,riachao_do_bacamarte
04/2026,2,NORDESTE,NE,25,PARAIBA,PB,251276,RIACHAO DO POCO,3.0,2025,DOU,4989.0,2.0,0.0,0.0,0.0,0.0,0.0,0.0,0.0,0.0,0.0,0.0,0.0,7000.0,140.3,riachao_do_poco
04/2026,2,NORDESTE,NE,25,PARAIBA,PB,251278,RIACHO DE SANTO ANTONIO,3.0,2025,DOU,2063.0,1.0,0.0,0.0,0.0,0.0,0.0,0.0,0.0,0.0,0.0,0.0,0.0,3500.0,169.65,riacho_de_santo_antonio
04/2026,2,NORDESTE,NE,25,PARAIBA,PB,251280,RIACHO DOS CAVALOS,3.0,2025,DOU,8788.0,4.0,0.0,0.0,0.0,0.0,0.0,0.0,0.0,0.0,0.0,0.0,0.0,14000.0,159.3,riacho_dos_cavalos
04/2026,2,NORDESTE,NE,25,PARAIBA,PB,251290,RIO TINTO,1.0,2025,DOU,25500.0,9.0,0.0,0.0,0.0,0.0,0.0,0.0,0.0,0.0,0.0,0.0,0.0,31500.0,123.52,rio_tinto
04/2026,2,NORDESTE,NE,25,PARAIBA,PB,251300,SALGADINHO,3.0,2025,DOU,3435.0,2.0,0.0,0.0,0.0,0.0,0.0,0.0,0.0,0.0,0.0,0.0,0.0,7000.0,203.78,salgadinho
04/2026,2,NORDESTE,NE,25,PARAIBA,PB,251310,SALGADO DE SAO FELIX,3.0,2025,DOU,11741.0,6.0,0.0,0.0,0.0,0.0,0.0,0.0,0.0,0.0,0.0,0.0,0.0,21000.0,178.86,salgado_de_sao_felix
04/2026,2,NORDESTE,NE,25,PARAIBA,PB,251315,SANTA CECILIA,3.0,2025,DOU,8113.0,3.0,0.0,0.0,0.0,0.0,0.0,0.0,0.0,0.0,0.0,0.0,0.0,10500.0,129.42,santa_cecilia
04/2026,2,NORDESTE,NE,25,PARAIBA,PB,251320,SANTA CRUZ,3.0,2025,DOU,6013.0,3.0,0.0,0.0,0.0,0.0,0.0,0.0,0.0,0.0,0.0,0.0,0.0,10500.0,174.62,santa_cruz
04/2026,2,NORDESTE,NE,25,PARAIBA,PB,251330,SANTA HELENA,3.0,2025,DOU,6023.0,3.0,0.0,0.0,0.0,0.0,0.0,0.0,0.0,0.0,0.0,0.0,0.0,10500.0,174.33,santa_helena
04/2026,2,NORDESTE,NE,25,PARAIBA,PB,251335,SANTA INES,3.0,2025,DOU,3256.0,2.0,0.0,0.0,0.0,0.0,0.0,0.0,0.0,0.0,0.0,0.0,0.0,7000.0,214.98,santa_ines
04/2026,2,NORDESTE,NE,25,PARAIBA,PB,251340,SANTA LUZIA,1.0,2025,DOU,15418.0,6.0,0.0,0.0,0.0,0.0,0.0,0.0,0.0,0.0,0.0,0.0,0.0,21000.0,136.2,santa_luzia
04/2026,2,NORDESTE,NE,25,PARAIBA,PB,251370,SANTA RITA,1.0,2025,DOU,160852.0,42.0,0.0,1.0,0.0,0.0,1.0,110.0,1.0,314.0,0.0,0.0,424.0,149174.0,92.73,santa_rita
04/2026,2,NORDESTE,NE,25,PARAIBA,PB,251380,SANTA TERESINHA,3.0,2025,DOU,4492.0,2.0,0.0,0.0,0.0,0.0,0.0,0.0,0.0,0.0,0.0,0.0,0.0,7000.0,155.83,santa_teresinha
04/2026,2,NORDESTE,NE,25,PARAIBA,PB,251350,SANTANA DE MANGUEIRA,3.0,2025,DOU,5090.0,3.0,0.0,0.0,0.0,0.0,0.0,0.0,0.0,0.0,0.0,0.0,0.0,10500.0,206.28,santana_de_mangueira
04/2026,2,NORDESTE,NE,25,PARAIBA,PB,251360,SANTANA DOS GARROTES,3.0,2025,DOU,6618.0,4.0,0.0,0.0,0.0,0.0,0.0,0.0,0.0,0.0,0.0,0.0,0.0,14000.0,211.54,santana_dos_garrotes
04/2026,2,NORDESTE,NE,25,PARAIBA,PB,251385,SANTO ANDRE,3.0,2025,DOU,2708.0,1.0,0.0,0.0,0.0,0.0,0.0,0.0,0.0,0.0,0.0,0.0,0.0,3500.0,129.24,santo_andre
04/2026,2,NORDESTE,NE,25,PARAIBA,PB,251392,SAO BENTINHO,3.0,2025,DOU,4490.0,2.0,0.0,0.0,0.0,0.0,0.0,0.0,0.0,0.0,0.0,0.0,0.0,7000.0,155.9,sao_bentinho
04/2026,2,NORDESTE,NE,25,PARAIBA,PB,251390,SAO BENTO,1.0,2025,DOU,33845.0,15.0,3.0,0.0,0.0,0.0,0.0,0.0,0.0,0.0,0.0,0.0,0.0,60375.0,178.38,sao_bento
04/2026,2,NORDESTE,NE,25,PARAIBA,PB,251396,SAO DOMINGOS,3.0,2025,DOU,2624.0,2.0,0.0,0.0,0.0,0.0,0.0,0.0,0.0,0.0,0.0,0.0,0.0,7000.0,266.76,sao_domingos
04/2026,2,NORDESTE,NE,25,PARAIBA,PB,251394,SAO DOMINGOS DO CARIRI,3.0,2025,DOU,2688.0,1.0,0.0,0.0,0.0,0.0,0.0,0.0,0.0,0.0,0.0,0.0,0.0,3500.0,130.2,sao_domingos_do_cariri
04/2026,2,NORDESTE,NE,25,PARAIBA,PB,251398,SAO FRANCISCO,3.0,2025,DOU,3176.0,2.0,0.0,0.0,0.0,0.0,0.0,0.0,0.0,0.0,0.0,0.0,0.0,7000.0,220.4,sao_francisco
04/2026,2,NORDESTE,NE,25,PARAIBA,PB,251400,SAO JOAO DO CARIRI,3.0,2025,DOU,4345.0,2.0,0.0,0.0,0.0,0.0,0.0,0.0,0.0,0.0,0.0,0.0,0.0,7000.0,161.1,sao_joao_do_cariri
04/2026,2,NORDESTE,NE,25,PARAIBA,PB,250070,SAO JOAO DO RIO DO PEIXE,3.0,2025,DOU,18500.0,9.0,0.0,0.0,0.0,0.0,0.0,0.0,0.0,0.0,0.0,0.0,0.0,31500.0,170.27,sao_joao_do_rio_do_peixe
04/2026,2,NORDESTE,NE,25,PARAIBA,PB,251410,SAO JOAO DO TIGRE,3.0,2025,DOU,4359.0,2.0,0.0,0.0,0.0,0.0,0.0,0.0,0.0,0.0,0.0,0.0,0.0,7000.0,160.58,sao_joao_do_tigre
04/2026,2,NORDESTE,NE,25,PARAIBA,PB,251420,SAO JOSE DA LAGOA TAPADA,3.0,2025,DOU,7251.0,4.0,0.0,0.0,0.0,0.0,0.0,0.0,0.0,0.0,0.0,0.0,0.0,14000.0,193.07,sao_jose_da_lagoa_tapada
04/2026,2,NORDESTE,NE,25,PARAIBA,PB,251430,SAO JOSE DE CAIANA,3.0,2025,DOU,4966.0,2.0,0.0,0.0,0.0,0.0,0.0,0.0,0.0,0.0,0.0,0.0,0.0,7000.0,140.95,sao_jose_de_caiana
04/2026,2,NORDESTE,NE,25,PARAIBA,PB,251440,SAO JOSE DE ESPINHARAS,3.0,2025,DOU,4056.0,2.0,0.0,0.0,0.0,0.0,0.0,0.0,0.0,0.0,0.0,0.0,0.0,7000.0,172.58,sao_jose_de_espinharas
04/2026,2,NORDESTE,NE,25,PARAIBA,PB,251450,SAO JOSE DE PIRANHAS,3.0,2025,DOU,19561.0,10.0,0.0,0.0,0.0,0.0,0.0,0.0,0.0,0.0,0.0,0.0,0.0,35000.0,178.92,sao_jose_de_piranhas
04/2026,2,NORDESTE,NE,25,PARAIBA,PB,251455,SAO JOSE DE PRINCESA,3.0,2025,DOU,3323.0,2.0,0.0,0.0,0.0,0.0,0.0,0.0,0.0,0.0,0.0,0.0,0.0,7000.0,210.65,sao_jose_de_princesa
04/2026,2,NORDESTE,NE,25,PARAIBA,PB,251460,SAO JOSE DO BONFIM,3.0,2025,DOU,3337.0,2.0,0.0,0.0,0.0,0.0,0.0,0.0,0.0,0.0,0.0,0.0,0.0,7000.0,209.76,sao_jose_do_bonfim
04/2026,2,NORDESTE,NE,25,PARAIBA,PB,251465,SAO JOSE DO BREJO DO CRUZ,3.0,2025,DOU,1750.0,1.0,0.0,0.0,0.0,0.0,0.0,0.0,0.0,0.0,0.0,0.0,0.0,3500.0,200.0,sao_jose_do_brejo_do_cruz
04/2026,2,NORDESTE,NE,25,PARAIBA,PB,251470,SAO JOSE DO SABUGI,3.0,2025,DOU,4283.0,2.0,0.0,0.0,0.0,0.0,0.0,0.0,0.0,0.0,0.0,0.0,0.0,7000.0,163.43,sao_jose_do_sabugi
04/2026,2,NORDESTE,NE,25,PARAIBA,PB,251480,SAO JOSE DOS CORDEIROS,3.0,2025,DOU,3462.0,2.0,0.0,0.0,0.0,0.0,0.0,0.0,0.0,0.0,0.0,0.0,0.0,7000.0,202.19,sao_jose_dos_cordeiros
04/2026,2,NORDESTE,NE,25,PARAIBA,PB,251445,SAO JOSE DOS RAMOS,3.0,2025,DOU,6137.0,3.0,0.0,0.0,0.0,0.0,0.0,0.0,0.0,0.0,0.0,0.0,0.0,10500.0,171.09,sao_jose_dos_ramos
04/2026,2,NORDESTE,NE,25,PARAIBA,PB,251490,SAO MAMEDE,2.0,2025,DOU,7629.0,4.0,0.0,0.0,0.0,0.0,0.0,0.0,0.0,0.0,0.0,0.0,0.0,14000.0,183.51,sao_mamede
04/2026,2,NORDESTE,NE,25,PARAIBA,PB,251500,SAO MIGUEL DE TAIPU,3.0,2025,DOU,7307.0,4.0,0.0,0.0,0.0,0.0,0.0,0.0,0.0,0.0,0.0,0.0,0.0,14000.0,191.59,sao_miguel_de_taipu
04/2026,2,NORDESTE,NE,25,PARAIBA,PB,251510,SAO SEBASTIAO DE LAGOA DE ROCA,3.0,2025,DOU,11387.0,6.0,0.0,0.0,0.0,0.0,0.0,0.0,0.0,0.0,0.0,0.0,0.0,21000.0,184.42,sao_sebastiao_de_lagoa_de_roca
04/2026,2,NORDESTE,NE,25,PARAIBA,PB,251520,SAO SEBASTIAO DO UMBUZEIRO,3.0,2025,DOU,3382.0,2.0,0.0,0.0,0.0,0.0,0.0,0.0,0.0,0.0,0.0,0.0,0.0,7000.0,206.97,sao_sebastiao_do_umbuzeiro
04/2026,2,NORDESTE,NE,25,PARAIBA,PB,251540,SAO VICENTE DO SERIDO,3.0,2025,DOU,10652.0,5.0,0.0,0.0,0.0,0.0,0.0,0.0,0.0,0.0,0.0,0.0,0.0,17500.0,164.28,sao_vicente_do_serido
04/2026,2,NORDESTE,NE,25,PARAIBA,PB,251530,SAPE,1.0,2025,DOU,53457.0,19.0,0.0,0.0,0.0,0.0,0.0,0.0,0.0,0.0,0.0,0.0,0.0,66500.0,124.39,sape
04/2026,2,NORDESTE,NE,25,PARAIBA,PB,251550,SERRA BRANCA,3.0,2025,DOU,14131.0,6.0,0.0,0.0,0.0,0.0,0.0,0.0,0.0,0.0,0.0,0.0,0.0,21000.0,148.6,serra_branca
04/2026,2,NORDESTE,NE,25,PARAIBA,PB,251560,SERRA DA RAIZ,3.0,2025,DOU,3156.0,2.0,0.0,0.0,0.0,0.0,0.0,0.0,0.0,0.0,0.0,0.0,0.0,7000.0,221.79,serra_da_raiz
04/2026,2,NORDESTE,NE,25,PARAIBA,PB,251570,SERRA GRANDE,3.0,2025,DOU,3056.0,2.0,0.0,0.0,0.0,0.0,0.0,0.0,0.0,0.0,0.0,0.0,0.0,7000.0,229.05,serra_grande
04/2026,2,NORDESTE,NE,25,PARAIBA,PB,251580,SERRA REDONDA,3.0,2025,DOU,6975.0,4.0,0.0,0.0,0.0,0.0,0.0,0.0,0.0,0.0,0.0,0.0,0.0,14000.0,200.71,serra_redonda
04/2026,2,NORDESTE,NE,25,PARAIBA,PB,251590,SERRARIA,3.0,2025,DOU,4754.0,3.0,0.0,0.0,0.0,0.0,0.0,0.0,0.0,0.0,0.0,0.0,0.0,10500.0,220.86,serraria
04/2026,2,NORDESTE,NE,25,PARAIBA,PB,251593,SERTAOZINHO,3.0,2025,DOU,5332.0,2.0,0.0,0.0,0.0,0.0,0.0,0.0,0.0,0.0,0.0,0.0,0.0,7000.0,131.28,sertaozinho
04/2026,2,NORDESTE,NE,25,PARAIBA,PB,251597,SOBRADO,3.0,2025,DOU,8646.0,4.0,0.0,0.0,0.0,0.0,0.0,0.0,0.0,0.0,0.0,0.0,0.0,14000.0,161.92,sobrado
04/2026,2,NORDESTE,NE,25,PARAIBA,PB,251600,SOLANEA,1.0,2025,DOU,27748.0,11.0,0.0,0.0,0.0,0.0,0.0,0.0,0.0,0.0,0.0,0.0,0.0,38500.0,138.74,solanea
04/2026,2,NORDESTE,NE,25,PARAIBA,PB,251610,SOLEDADE,3.0,2025,DOU,14409.0,7.0,0.0,0.0,0.0,0.0,0.0,0.0,0.0,0.0,0.0,0.0,0.0,24500.0,170.03,soledade
04/2026,2,NORDESTE,NE,25,PARAIBA,PB,251615,SOSSEGO,3.0,2025,DOU,3476.0,2.0,0.0,0.0,0.0,0.0,0.0,0.0,0.0,0.0,0.0,0.0,0.0,7000.0,201.38,sossego
04/2026,2,NORDESTE,NE,25,PARAIBA,PB,251620,SOUSA,1.0,2025,DOU,70066.0,35.0,0.0,0.0,0.0,0.0,0.0,0.0,2.0,0.0,0.0,0.0,0.0,122500.0,174.83,sousa
04/2026,2,NORDESTE,NE,25,PARAIBA,PB,251630,SUME,2.0,2025,DOU,17852.0,8.0,0.0,0.0,0.0,0.0,0.0,0.0,0.0,0.0,0.0,0.0,0.0,28000.0,156.84,sume
04/2026,2,NORDESTE,NE,25,PARAIBA,PB,251640,TACIMA,3.0,2025,DOU,7794.0,6.0,0.0,0.0,0.0,0.0,0.0,0.0,0.0,0.0,0.0,0.0,0.0,21000.0,269.43,tacima
04/2026,2,NORDESTE,NE,25,PARAIBA,PB,251650,TAPEROA,3.0,2025,DOU,14358.0,7.0,0.0,0.0,0.0,0.0,0.0,0.0,0.0,0.0,0.0,0.0,0.0,24500.0,170.63,taperoa
04/2026,2,NORDESTE,NE,25,PARAIBA,PB,251660,TAVARES,3.0,2025,DOU,14473.0,7.0,0.0,0.0,0.0,0.0,0.0,0.0,0.0,0.0,0.0,0.0,0.0,24500.0,169.28,tavares
04/2026,2,NORDESTE,NE,25,PARAIBA,PB,251670,TEIXEIRA,3.0,2025,DOU,15129.0,8.0,0.0,0.0,0.0,0.0,1.0,23.0,0.0,0.0,0.0,0.0,23.0,28023.0,185.22,teixeira
04/2026,2,NORDESTE,NE,25,PARAIBA,PB,251675,TENORIO,3.0,2025,DOU,3082.0,2.0,0.0,0.0,0.0,0.0,0.0,0.0,0.0,0.0,0.0,0.0,0.0,7000.0,227.12,tenorio
04/2026,2,NORDESTE,NE,25,PARAIBA,PB,251680,TRIUNFO,3.0,2025,DOU,10315.0,5.0,0.0,0.0,0.0,0.0,0.0,0.0,0.0,0.0,0.0,0.0,0.0,17500.0,169.65,triunfo
04/2026,2,NORDESTE,NE,25,PARAIBA,PB,251690,UIRAUNA,2.0,2025,DOU,15431.0,8.0,0.0,0.0,0.0,0.0,0.0,0.0,0.0,0.0,0.0,0.0,0.0,28000.0,181.45,uirauna
04/2026,2,NORDESTE,NE,25,PARAIBA,PB,251700,UMBUZEIRO,3.0,2025,DOU,9274.0,5.0,0.0,0.0,0.0,0.0,0.0,0.0,0.0,0.0,0.0,0.0,0.0,17500.0,188.69,umbuzeiro
04/2026,2,NORDESTE,NE,25,PARAIBA,PB,251710,VARZEA,3.0,2025,DOU,2777.0,1.0,0.0,0.0,0.0,0.0,0.0,0.0,0.0,0.0,0.0,0.0,0.0,3500.0,126.03,varzea
04/2026,2,NORDESTE,NE,25,PARAIBA,PB,251720,VIEIROPOLIS,3.0,2025,DOU,4967.0,3.0,0.0,0.0,0.0,0.0,0.0,0.0,0.0,0.0,0.0,0.0,0.0,10500.0,211.39,vieiropolis
04/2026,2,NORDESTE,NE,25,PARAIBA,PB,250550,VISTA SERRANA,3.0,2025,DOU,3772.0,2.0,0.0,0.0,0.0,0.0,0.0,0.0,0.0,0.0,0.0,0.0,0.0,7000.0,185.57,vista_serrana
04/2026,2,NORDESTE,NE,25,PARAIBA,PB,251740,ZABELE,3.0,2025,DOU,2323.0,1.0,0.0,0.0,0.0,0.0,0.0,0.0,0.0,0.0,0.0,0.0,0.0,3500.0,150.66,zabele
04/2026,2,NORDESTE,NE,26,PERNAMBUCO,PE,260005,ABREU E LIMA,1.0,2025,DOU,104248.0,32.0,1.0,0.0,0.0,0.0,0.0,0.0,0.0,0.0,3.0,6316.0,6316.0,120941.0,116.01,abreu_e_lima
04/2026,2,NORDESTE,NE,26,PERNAMBUCO,PE,260010,AFOGADOS DA INGAZEIRA,1.0,2025,DOU,42672.0,15.0,0.0,0.0,0.0,0.0,0.0,0.0,0.0,0.0,0.0,0.0,0.0,52500.0,123.03,afogados_da_ingazeira
04/2026,2,NORDESTE,NE,26,PERNAMBUCO,PE,260020,AFRANIO,3.0,2025,DOU,19409.0,10.0,0.0,0.0,0.0,0.0,0.0,0.0,0.0,0.0,0.0,0.0,0.0,35000.0,180.32,afranio
04/2026,2,NORDESTE,NE,26,PERNAMBUCO,PE,260030,AGRESTINA,2.0,2025,DOU,24680.0,12.0,0.0,0.0,0.0,0.0,0.0,0.0,0.0,0.0,0.0,0.0,0.0,42000.0,170.17,agrestina
04/2026,2,NORDESTE,NE,26,PERNAMBUCO,PE,260040,AGUA PRETA,2.0,2025,DOU,26981.0,14.0,0.0,0.0,0.0,0.0,0.0,0.0,0.0,0.0,0.0,0.0,0.0,49000.0,181.6,agua_preta
04/2026,2,NORDESTE,NE,26,PERNAMBUCO,PE,260050,AGUAS BELAS,2.0,2025,DOU,43822.0,20.0,0.0,0.0,0.0,0.0,0.0,0.0,0.0,0.0,0.0,0.0,0.0,70000.0,159.73,aguas_belas
04/2026,2,NORDESTE,NE,26,PERNAMBUCO,PE,260060,ALAGOINHA,3.0,2025,DOU,14460.0,7.0,0.0,0.0,0.0,0.0,0.0,0.0,0.0,0.0,0.0,0.0,0.0,24500.0,169.43,alagoinha
04/2026,2,NORDESTE,NE,26,PERNAMBUCO,PE,260070,ALIANCA,2.0,2025,DOU,37349.0,14.0,1.0,1.0,0.0,0.0,0.0,0.0,0.0,0.0,0.0,0.0,0.0,53375.0,142.9,alianca
04/2026,2,NORDESTE,NE,26,PERNAMBUCO,PE,260080,ALTINHO,2.0,2025,DOU,21134.0,11.0,0.0,0.0,0.0,0.0,0.0,0.0,0.0,0.0,0.0,0.0,0.0,38500.0,182.17,altinho
04/2026,2,NORDESTE,NE,26,PERNAMBUCO,PE,260090,AMARAJI,1.0,2025,DOU,18335.0,9.0,1.0,0.0,0.0,0.0,0.0,0.0,0.0,0.0,0.0,0.0,0.0,34125.0,186.11,amaraji
04/2026,2,NORDESTE,NE,26,PERNAMBUCO,PE,260100,ANGELIM,3.0,2025,DOU,10591.0,6.0,0.0,0.0,0.0,0.0,0.0,0.0,0.0,0.0,0.0,0.0,0.0,21000.0,198.28,angelim
04/2026,2,NORDESTE,NE,26,PERNAMBUCO,PE,260105,ARACOIABA,1.0,2025,DOU,19996.0,8.0,0.0,0.0,0.0,0.0,0.0,0.0,0.0,0.0,0.0,0.0,0.0,28000.0,140.02,aracoiaba
04/2026,2,NORDESTE,NE,26,PERNAMBUCO,PE,260110,ARARIPINA,2.0,2025,DOU,90504.0,32.0,0.0,0.0,0.0,0.0,0.0,0.0,0.0,0.0,0.0,0.0,0.0,112000.0,123.75,araripina
04/2026,2,NORDESTE,NE,26,PERNAMBUCO,PE,260120,ARCOVERDE,1.0,2025,DOU,82487.0,27.0,0.0,0.0,0.0,0.0,0.0,0.0,0.0,0.0,1.0,2065.0,2065.0,96565.0,117.06,arcoverde
04/2026,2,NORDESTE,NE,26,PERNAMBUCO,PE,260130,BARRA DE GUABIRABA,1.0,2025,DOU,12601.0,7.0,0.0,0.0,0.0,0.0,0.0,0.0,0.0,0.0,0.0,0.0,0.0,24500.0,194.42,barra_de_guabiraba
04/2026,2,NORDESTE,NE,26,PERNAMBUCO,PE,260140,BARREIROS,1.0,2025,DOU,42083.0,14.0,0.0,0.0,0.0,0.0,0.0,0.0,0.0,0.0,0.0,0.0,0.0,49000.0,116.43,barreiros
04/2026,2,NORDESTE,NE,26,PERNAMBUCO,PE,260150,BELEM DE MARIA,2.0,2025,DOU,10798.0,6.0,0.0,0.0,0.0,0.0,0.0,0.0,0.0,0.0,0.0,0.0,0.0,21000.0,194.48,belem_de_maria
04/2026,2,NORDESTE,NE,26,PERNAMBUCO,PE,260160,BELEM DO SAO FRANCISCO,2.0,2025,DOU,18648.0,10.0,0.0,0.0,0.0,0.0,0.0,0.0,0.0,0.0,0.0,0.0,0.0,35000.0,187.68,belem_do_sao_francisco
04/2026,2,NORDESTE,NE,26,PERNAMBUCO,PE,260170,BELO JARDIM,1.0,2025,DOU,84033.0,25.0,2.0,2.0,0.0,0.0,0.0,0.0,0.0,0.0,0.0,0.0,0.0,96250.0,114.53,belo_jardim
04/2026,2,NORDESTE,NE,26,PERNAMBUCO,PE,260180,BETANIA,3.0,2025,DOU,11961.0,6.0,0.0,0.0,0.0,0.0,0.0,0.0,0.0,0.0,0.0,0.0,0.0,21000.0,175.57,betania
04/2026,2,NORDESTE,NE,26,PERNAMBUCO,PE,260190,BEZERROS,1.0,2025,DOU,65007.0,24.0,0.0,12.0,0.0,0.0,0.0,0.0,1.0,33.0,0.0,0.0,33.0,105033.0,161.57,bezerros
04/2026,2,NORDESTE,NE,26,PERNAMBUCO,PE,260200,BODOCO,3.0,2025,DOU,36145.0,13.0,0.0,4.0,0.0,0.0,0.0,0.0,0.0,0.0,0.0,0.0,0.0,52500.0,145.24,bodoco
04/2026,2,NORDESTE,NE,26,PERNAMBUCO,PE,260210,BOM CONSELHO,1.0,2025,DOU,46202.0,16.0,0.0,0.0,0.0,0.0,0.0,0.0,0.0,0.0,0.0,0.0,0.0,56000.0,121.2,bom_conselho
04/2026,2,NORDESTE,NE,26,PERNAMBUCO,PE,260220,BOM JARDIM,3.0,2025,DOU,39289.0,14.0,0.0,0.0,0.0,0.0,0.0,0.0,0.0,0.0,0.0,0.0,0.0,49000.0,124.71,bom_jardim
04/2026,2,NORDESTE,NE,26,PERNAMBUCO,PE,260230,BONITO,2.0,2025,DOU,39212.0,11.0,0.0,0.0,0.0,0.0,0.0,0.0,0.0,0.0,0.0,0.0,0.0,38500.0,98.18,bonito
04/2026,2,NORDESTE,NE,26,PERNAMBUCO,PE,260240,BREJAO,3.0,2025,DOU,9417.0,4.0,0.0,0.0,0.0,0.0,0.0,0.0,0.0,0.0,0.0,0.0,0.0,14000.0,148.66,brejao
04/2026,2,NORDESTE,NE,26,PERNAMBUCO,PE,260250,BREJINHO,3.0,2025,DOU,8033.0,4.0,0.0,0.0,0.0,0.0,0.0,0.0,0.0,0.0,0.0,0.0,0.0,14000.0,174.28,brejinho
04/2026,2,NORDESTE,NE,26,PERNAMBUCO,PE,260260,BREJO DA MADRE DE DEUS,1.0,2025,DOU,51308.0,14.0,0.0,0.0,0.0,0.0,0.0,0.0,0.0,0.0,0.0,0.0,0.0,49000.0,95.5,brejo_da_madre_de_deus
04/2026,2,NORDESTE,NE,26,PERNAMBUCO,PE,260270,BUENOS AIRES,3.0,2025,DOU,13276.0,6.0,0.0,0.0,0.0,0.0,0.0,0.0,0.0,0.0,0.0,0.0,0.0,21000.0,158.18,buenos_aires
04/2026,2,NORDESTE,NE,26,PERNAMBUCO,PE,260280,BUIQUE,3.0,2025,DOU,53489.0,26.0,0.0,0.0,0.0,0.0,0.0,0.0,1.0,483.0,0.0,0.0,483.0,91483.0,171.03,buique
04/2026,2,NORDESTE,NE,26,PERNAMBUCO,PE,260290,CABO DE SANTO AGOSTINHO,1.0,2025,DOU,218049.0,47.0,9.0,0.0,0.0,0.0,0.0,0.0,0.0,0.0,0.0,0.0,0.0,188125.0,86.27,cabo_de_santo_agostinho
04/2026,2,NORDESTE,NE,26,PERNAMBUCO,PE,260300,CABROBO,2.0,2025,DOU,31762.0,17.0,0.0,0.0,0.0,0.0,0.0,0.0,0.0,0.0,0.0,0.0,0.0,59500.0,187.33,cabrobo
04/2026,2,NORDESTE,NE,26,PERNAMBUCO,PE,260310,CACHOEIRINHA,1.0,2025,DOU,20673.0,7.0,0.0,0.0,0.0,0.0,0.0,0.0,0.0,0.0,0.0,0.0,0.0,24500.0,118.51,cachoeirinha
04/2026,2,NORDESTE,NE,26,PERNAMBUCO,PE,260320,CAETES,3.0,2025,DOU,30571.0,14.0,0.0,0.0,0.0,0.0,0.0,0.0,0.0,0.0,0.0,0.0,0.0,49000.0,160.28,caetes
04/2026,2,NORDESTE,NE,26,PERNAMBUCO,PE,260330,CALCADO,3.0,2025,DOU,11453.0,5.0,0.0,0.0,0.0,0.0,0.0,0.0,0.0,0.0,0.0,0.0,0.0,17500.0,152.79,calcado
04/2026,2,NORDESTE,NE,26,PERNAMBUCO,PE,260340,CALUMBI,3.0,2025,DOU,5354.0,3.0,0.0,0.0,0.0,0.0,0.0,0.0,0.0,0.0,0.0,0.0,0.0,10500.0,196.11,calumbi
04/2026,2,NORDESTE,NE,26,PERNAMBUCO,PE,260345,CAMARAGIBE,1.0,2025,DOU,156112.0,45.0,0.0,0.0,0.0,0.0,1.0,188.0,0.0,0.0,0.0,0.0,188.0,157688.0,101.0,camaragibe
04/2026,2,NORDESTE,NE,26,PERNAMBUCO,PE,260350,CAMOCIM DE SAO FELIX,1.0,2025,DOU,18018.0,8.0,2.0,0.0,0.0,0.0,0.0,0.0,0.0,0.0,0.0,0.0,0.0,33250.0,184.53,camocim_de_sao_felix
04/2026,2,NORDESTE,NE,26,PERNAMBUCO,PE,260360,CAMUTANGA,1.0,2025,DOU,7962.0,4.0,0.0,0.0,0.0,0.0,0.0,0.0,0.0,0.0,0.0,0.0,0.0,14000.0,175.83,camutanga
04/2026,2,NORDESTE,NE,26,PERNAMBUCO,PE,260370,CANHOTINHO,3.0,2025,DOU,25103.0,11.0,0.0,0.0,0.0,0.0,0.0,0.0,0.0,0.0,1.0,1212.0,1212.0,39712.0,158.19,canhotinho
04/2026,2,NORDESTE,NE,26,PERNAMBUCO,PE,260380,CAPOEIRAS,3.0,2025,DOU,18854.0,9.0,0.0,0.0,0.0,0.0,0.0,0.0,0.0,0.0,0.0,0.0,0.0,31500.0,167.07,capoeiras
04/2026,2,NORDESTE,NE,26,PERNAMBUCO,PE,260390,CARNAIBA,3.0,2025,DOU,19533.0,10.0,0.0,0.0,0.0,0.0,0.0,0.0,0.0,0.0,0.0,0.0,0.0,35000.0,179.18,carnaiba
04/2026,2,NORDESTE,NE,26,PERNAMBUCO,PE,260392,CARNAUBEIRA DA PENHA,3.0,2025,DOU,12712.0,2.0,0.0,0.0,0.0,0.0,0.0,0.0,0.0,0.0,0.0,0.0,0.0,7000.0,55.06,carnaubeira_da_penha
04/2026,2,NORDESTE,NE,26,PERNAMBUCO,PE,260400,CARPINA,1.0,2025,DOU,83482.0,22.0,0.0,0.0,0.0,0.0,0.0,0.0,0.0,0.0,0.0,0.0,0.0,77000.0,92.23,carpina
04/2026,2,NORDESTE,NE,26,PERNAMBUCO,PE,260410,CARUARU,1.0,2025,DOU,405408.0,89.0,0.0,1.0,0.0,0.0,0.0,0.0,0.0,0.0,1.0,2960.0,2960.0,316210.0,77.99,caruaru
04/2026,2,NORDESTE,NE,26,PERNAMBUCO,PE,260415,CASINHAS,3.0,2025,DOU,13468.0,7.0,0.0,0.0,0.0,0.0,0.0,0.0,0.0,0.0,0.0,0.0,0.0,24500.0,181.91,casinhas
04/2026,2,NORDESTE,NE,26,PERNAMBUCO,PE,260420,CATENDE,1.0,2025,DOU,33086.0,13.0,0.0,0.0,0.0,0.0,0.0,0.0,0.0,0.0,0.0,0.0,0.0,45500.0,137.52,catende
04/2026,2,NORDESTE,NE,26,PERNAMBUCO,PE,260430,CEDRO,3.0,2025,DOU,10843.0,5.0,0.0,0.0,0.0,0.0,0.0,0.0,0.0,0.0,0.0,0.0,0.0,17500.0,161.39,cedro
04/2026,2,NORDESTE,NE,26,PERNAMBUCO,PE,260440,CHA DE ALEGRIA,2.0,2025,DOU,13496.0,7.0,0.0,0.0,0.0,0.0,0.0,0.0,0.0,0.0,0.0,0.0,0.0,24500.0,181.53,cha_de_alegria
04/2026,2,NORDESTE,NE,26,PERNAMBUCO,PE,260450,CHA GRANDE,2.0,2025,DOU,21258.0,8.0,0.0,0.0,0.0,0.0,0.0,0.0,0.0,0.0,0.0,0.0,0.0,28000.0,131.71,cha_grande
04/2026,2,NORDESTE,NE,26,PERNAMBUCO,PE,260460,CONDADO,1.0,2025,DOU,25416.0,8.0,0.0,2.0,0.0,0.0,0.0,0.0,0.0,0.0,0.0,0.0,0.0,31500.0,123.93,condado
04/2026,2,NORDESTE,NE,26,PERNAMBUCO,PE,260470,CORRENTES,3.0,2025,DOU,17670.0,9.0,0.0,0.0,0.0,0.0,0.0,0.0,0.0,0.0,0.0,0.0,0.0,31500.0,178.26,correntes
04/2026,2,NORDESTE,NE,26,PERNAMBUCO,PE,260480,CORTES,3.0,2025,DOU,10426.0,6.0,0.0,0.0,0.0,0.0,0.0,0.0,0.0,0.0,0.0,0.0,0.0,21000.0,201.41,cortes
04/2026,2,NORDESTE,NE,26,PERNAMBUCO,PE,260490,CUMARU,3.0,2025,DOU,16215.0,6.0,0.0,0.0,0.0,0.0,0.0,0.0,0.0,0.0,0.0,0.0,0.0,21000.0,129.5,cumaru
04/2026,2,NORDESTE,NE,26,PERNAMBUCO,PE,260500,CUPIRA,1.0,2025,DOU,24343.0,10.0,0.0,0.0,0.0,0.0,0.0,0.0,0.0,0.0,0.0,0.0,0.0,35000.0,143.77,cupira
04/2026,2,NORDESTE,NE,26,PERNAMBUCO,PE,260510,CUSTODIA,2.0,2025,DOU,39609.0,17.0,0.0,0.0,0.0,0.0,0.0,0.0,0.0,0.0,0.0,0.0,0.0,59500.0,150.21,custodia
04/2026,2,NORDESTE,NE,26,PERNAMBUCO,PE,260515,DORMENTES,3.0,2025,DOU,17850.0,9.0,0.0,0.0,0.0,0.0,0.0,0.0,0.0,0.0,0.0,0.0,0.0,31500.0,176.47,dormentes
04/2026,2,NORDESTE,NE,26,PERNAMBUCO,PE,260520,ESCADA,1.0,2025,DOU,62174.0,21.0,0.0,0.0,0.0,0.0,0.0,0.0,0.0,0.0,0.0,0.0,0.0,73500.0,118.21,escada
04/2026,2,NORDESTE,NE,26,PERNAMBUCO,PE,260530,EXU,3.0,2025,DOU,33486.0,12.0,0.0,0.0,0.0,0.0,0.0,0.0,0.0,0.0,0.0,0.0,0.0,42000.0,125.42,exu
04/2026,2,NORDESTE,NE,26,PERNAMBUCO,PE,260540,FEIRA NOVA,1.0,2025,DOU,22222.0,11.0,0.0,0.0,0.0,0.0,0.0,0.0,0.0,0.0,0.0,0.0,0.0,38500.0,173.25,feira_nova
04/2026,2,NORDESTE,NE,26,PERNAMBUCO,PE,260545,FERNANDO DE NORONHA,5.0,2025,DOU,3341.0,2.0,0.0,0.0,0.0,0.0,0.0,0.0,0.0,0.0,0.0,0.0,0.0,7000.0,209.51,fernando_de_noronha
04/2026,2,NORDESTE,NE,26,PERNAMBUCO,PE,260550,FERREIROS,2.0,2025,DOU,15955.0,5.0,1.0,0.0,0.0,0.0,0.0,0.0,0.0,0.0,0.0,0.0,0.0,20125.0,126.13,ferreiros
04/2026,2,NORDESTE,NE,26,PERNAMBUCO,PE,260560,FLORES,3.0,2025,DOU,20776.0,9.0,0.0,0.0,0.0,0.0,0.0,0.0,0.0,0.0,0.0,0.0,0.0,31500.0,151.61,flores
04/2026,2,NORDESTE,NE,26,PERNAMBUCO,PE,260570,FLORESTA,2.0,2025,DOU,31702.0,10.0,2.0,0.0,0.0,0.0,0.0,0.0,0.0,0.0,0.0,0.0,0.0,40250.0,126.96,floresta
04/2026,2,NORDESTE,NE,26,PERNAMBUCO,PE,260580,FREI MIGUELINHO,3.0,2025,DOU,14055.0,5.0,0.0,1.0,0.0,0.0,0.0,0.0,0.0,0.0,0.0,0.0,0.0,19250.0,136.96,frei_miguelinho
04/2026,2,NORDESTE,NE,26,PERNAMBUCO,PE,260590,GAMELEIRA,2.0,2025,DOU,17583.0,8.0,0.0,0.0,0.0,0.0,0.0,0.0,0.0,0.0,0.0,0.0,0.0,28000.0,159.24,gameleira
04/2026,2,NORDESTE,NE,26,PERNAMBUCO,PE,260600,GARANHUNS,1.0,2025,DOU,151803.0,41.0,0.0,0.0,0.0,0.0,1.0,212.0,1.0,51.0,0.0,0.0,263.0,143763.0,94.7,garanhuns
04/2026,2,NORDESTE,NE,26,PERNAMBUCO,PE,260610,GLORIA DO GOITA,2.0,2025,DOU,30420.0,10.0,0.0,1.0,0.0,0.0,1.0,15.0,1.0,2.0,0.0,0.0,17.0,36767.0,120.86,gloria_do_goita
04/2026,2,NORDESTE,NE,26,PERNAMBUCO,PE,260620,GOIANA,1.0,2025,DOU,85497.0,39.0,1.0,0.0,0.0,0.0,0.0,0.0,0.0,0.0,0.0,0.0,0.0,139125.0,162.72,goiana
04/2026,2,NORDESTE,NE,26,PERNAMBUCO,PE,260630,GRANITO,3.0,2025,DOU,7217.0,4.0,0.0,0.0,0.0,0.0,0.0,0.0,0.0,0.0,0.0,0.0,0.0,14000.0,193.98,granito
04/2026,2,NORDESTE,NE,26,PERNAMBUCO,PE,260640,GRAVATA,1.0,2025,DOU,92429.0,23.0,2.0,0.0,0.0,0.0,0.0,0.0,0.0,0.0,0.0,0.0,0.0,85750.0,92.77,gravata
04/2026,2,NORDESTE,NE,26,PERNAMBUCO,PE,260650,IATI,3.0,2025,DOU,17570.0,8.0,0.0,0.0,0.0,0.0,0.0,0.0,0.0,0.0,0.0,0.0,0.0,28000.0,159.36,iati
04/2026,2,NORDESTE,NE,26,PERNAMBUCO,PE,260660,IBIMIRIM,2.0,2025,DOU,28825.0,12.0,0.0,0.0,0.0,0.0,0.0,0.0,0.0,0.0,0.0,0.0,0.0,42000.0,145.7,ibimirim
04/2026,2,NORDESTE,NE,26,PERNAMBUCO,PE,260670,IBIRAJUBA,3.0,2025,DOU,7334.0,4.0,0.0,0.0,0.0,0.0,0.0,0.0,0.0,0.0,0.0,0.0,0.0,14000.0,190.89,ibirajuba
04/2026,2,NORDESTE,NE,26,PERNAMBUCO,PE,260680,IGARASSU,1.0,2025,DOU,123017.0,29.0,5.0,0.0,0.0,0.0,1.0,28.0,0.0,0.0,2.0,5705.0,5733.0,120358.0,97.83,igarassu
04/2026,2,NORDESTE,NE,26,PERNAMBUCO,PE,260690,IGUARACY,3.0,2025,DOU,11347.0,5.0,0.0,0.0,0.0,0.0,0.0,0.0,0.0,0.0,0.0,0.0,0.0,17500.0,154.22,iguaracy
04/2026,2,NORDESTE,NE,26,PERNAMBUCO,PE,260760,ILHA DE ITAMARACA,1.0,2025,DOU,25658.0,10.0,0.0,0.0,0.0,0.0,0.0,0.0,0.0,0.0,2.0,3305.0,3305.0,38305.0,149.29,ilha_de_itamaraca
04/2026,2,NORDESTE,NE,26,PERNAMBUCO,PE,260700,INAJA,3.0,2025,DOU,27758.0,7.0,0.0,0.0,0.0,0.0,0.0,0.0,0.0,0.0,0.0,0.0,0.0,24500.0,88.26,inaja
04/2026,2,NORDESTE,NE,26,PERNAMBUCO,PE,260710,INGAZEIRA,3.0,2025,DOU,4975.0,2.0,0.0,0.0,0.0,0.0,0.0,0.0,0.0,0.0,0.0,0.0,0.0,7000.0,140.7,ingazeira
04/2026,2,NORDESTE,NE,26,PERNAMBUCO,PE,260720,IPOJUCA,1.0,2025,DOU,106539.0,28.0,0.0,0.0,0.0,0.0,0.0,0.0,0.0,0.0,0.0,0.0,0.0,98000.0,91.98,ipojuca
04/2026,2,NORDESTE,NE,26,PERNAMBUCO,PE,260730,IPUBI,2.0,2025,DOU,30720.0,13.0,0.0,3.0,0.0,0.0,0.0,0.0,0.0,0.0,0.0,0.0,0.0,50750.0,165.2,ipubi
04/2026,2,NORDESTE,NE,26,PERNAMBUCO,PE,260740,ITACURUBA,4.0,2025,DOU,4491.0,3.0,0.0,0.0,0.0,0.0,0.0,0.0,0.0,0.0,0.0,0.0,0.0,10500.0,233.8,itacuruba
04/2026,2,NORDESTE,NE,26,PERNAMBUCO,PE,260750,ITAIBA,3.0,2025,DOU,33995.0,10.0,0.0,0.0,0.0,0.0,0.0,0.0,0.0,0.0,0.0,0.0,0.0,35000.0,102.95,itaiba
04/2026,2,NORDESTE,NE,26,PERNAMBUCO,PE,260765,ITAMBE,1.0,2025,DOU,36652.0,13.0,0.0,0.0,0.0,0.0,0.0,0.0,0.0,0.0,0.0,0.0,0.0,45500.0,124.14,itambe
04/2026,2,NORDESTE,NE,26,PERNAMBUCO,PE,260770,ITAPETIM,3.0,2025,DOU,14236.0,7.0,0.0,0.0,0.0,0.0,0.0,0.0,0.0,0.0,0.0,0.0,0.0,24500.0,172.09,itapetim
04/2026,2,NORDESTE,NE,26,PERNAMBUCO,PE,260775,ITAPISSUMA,1.0,2025,DOU,29669.0,10.0,1.0,0.0,1.0,75.0,0.0,0.0,0.0,0.0,0.0,0.0,75.0,37700.0,127.06,itapissuma
04/2026,2,NORDESTE,NE,26,PERNAMBUCO,PE,260780,ITAQUITINGA,1.0,2025,DOU,17142.0,7.0,1.0,0.0,0.0,0.0,0.0,0.0,1.0,943.0,1.0,1796.0,2739.0,29864.0,174.21,itaquitinga
04/2026,2,NORDESTE,NE,26,PERNAMBUCO,PE,260790,JABOATAO DOS GUARARAPES,1.0,2025,DOU,684293.0,113.0,0.0,0.0,0.0,0.0,0.0,0.0,0.0,0.0,0.0,0.0,0.0,395500.0,57.79,jaboatao_dos_guararapes
04/2026,2,NORDESTE,NE,26,PERNAMBUCO,PE,260795,JAQUEIRA,3.0,2025,DOU,10440.0,6.0,0.0,0.0,0.0,0.0,0.0,0.0,0.0,0.0,0.0,0.0,0.0,21000.0,201.14,jaqueira
04/2026,2,NORDESTE,NE,26,PERNAMBUCO,PE,260800,JATAUBA,3.0,2025,DOU,16328.0,10.0,0.0,0.0,0.0,0.0,0.0,0.0,0.0,0.0,0.0,0.0,0.0,35000.0,214.35,jatauba
04/2026,2,NORDESTE,NE,26,PERNAMBUCO,PE,260805,JATOBA,3.0,2025,DOU,14477.0,6.0,0.0,0.0,0.0,0.0,0.0,0.0,0.0,0.0,0.0,0.0,0.0,21000.0,145.05,jatoba
04/2026,2,NORDESTE,NE,26,PERNAMBUCO,PE,260810,JOAO ALFREDO,2.0,2025,DOU,28842.0,13.0,0.0,0.0,0.0,0.0,0.0,0.0,0.0,0.0,0.0,0.0,0.0,45500.0,157.75,joao_alfredo
04/2026,2,NORDESTE,NE,26,PERNAMBUCO,PE,260820,JOAQUIM NABUCO,1.0,2025,DOU,13416.0,6.0,0.0,0.0,0.0,0.0,0.0,0.0,0.0,0.0,0.0,0.0,0.0,21000.0,156.52,joaquim_nabuco
04/2026,2,NORDESTE,NE,26,PERNAMBUCO,PE,260825,JUCATI,3.0,2025,DOU,12023.0,6.0,0.0,0.0,0.0,0.0,0.0,0.0,0.0,0.0,0.0,0.0,0.0,21000.0,174.66,jucati
04/2026,2,NORDESTE,NE,26,PERNAMBUCO,PE,260830,JUPI,3.0,2025,DOU,16022.0,8.0,0.0,0.0,0.0,0.0,0.0,0.0,0.0,0.0,0.0,0.0,0.0,28000.0,174.75,jupi
04/2026,2,NORDESTE,NE,26,PERNAMBUCO,PE,260840,JUREMA,3.0,2025,DOU,14002.0,7.0,0.0,0.0,0.0,0.0,0.0,0.0,0.0,0.0,0.0,0.0,0.0,24500.0,174.97,jurema
04/2026,2,NORDESTE,NE,26,PERNAMBUCO,PE,260850,LAGOA DE ITAENGA,1.0,2025,DOU,19863.0,9.0,0.0,0.0,0.0,0.0,0.0,0.0,0.0,0.0,0.0,0.0,0.0,31500.0,158.58,lagoa_de_itaenga
04/2026,2,NORDESTE,NE,26,PERNAMBUCO,PE,260845,LAGOA DO CARRO,2.0,2025,DOU,18804.0,8.0,2.0,0.0,0.0,0.0,0.0,0.0,0.0,0.0,0.0,0.0,0.0,33250.0,176.82,lagoa_do_carro
04/2026,2,NORDESTE,NE,26,PERNAMBUCO,PE,260860,LAGOA DO OURO,3.0,2025,DOU,12367.0,7.0,0.0,0.0,0.0,0.0,0.0,0.0,0.0,0.0,0.0,0.0,0.0,24500.0,198.1,lagoa_do_ouro
04/2026,2,NORDESTE,NE,26,PERNAMBUCO,PE,260870,LAGOA DOS GATOS,3.0,2025,DOU,14333.0,7.0,0.0,0.0,0.0,0.0,0.0,0.0,0.0,0.0,0.0,0.0,0.0,24500.0,170.93,lagoa_dos_gatos
04/2026,2,NORDESTE,NE,26,PERNAMBUCO,PE,260875,LAGOA GRANDE,2.0,2025,DOU,24951.0,10.0,0.0,0.0,0.0,0.0,0.0,0.0,0.0,0.0,0.0,0.0,0.0,35000.0,140.27,lagoa_grande
04/2026,2,NORDESTE,NE,26,PERNAMBUCO,PE,260880,LAJEDO,1.0,2025,DOU,41960.0,13.0,0.0,0.0,0.0,0.0,0.0,0.0,0.0,0.0,0.0,0.0,0.0,45500.0,108.43,lajedo
04/2026,2,NORDESTE,NE,26,PERNAMBUCO,PE,260890,LIMOEIRO,1.0,2025,DOU,59236.0,23.0,0.0,0.0,0.0,0.0,0.0,0.0,0.0,0.0,1.0,2687.0,2687.0,83187.0,140.43,limoeiro
04/2026,2,NORDESTE,NE,26,PERNAMBUCO,PE,260900,MACAPARANA,2.0,2025,DOU,24642.0,11.0,0.0,0.0,0.0,0.0,0.0,0.0,0.0,0.0,0.0,0.0,0.0,38500.0,156.23,macaparana
04/2026,2,NORDESTE,NE,26,PERNAMBUCO,PE,260910,MACHADOS,3.0,2025,DOU,11387.0,7.0,0.0,2.0,0.0,0.0,0.0,0.0,0.0,0.0,0.0,0.0,0.0,28000.0,245.89,machados
04/2026,2,NORDESTE,NE,26,PERNAMBUCO,PE,260915,MANARI,3.0,2025,DOU,27046.0,7.0,0.0,0.0,0.0,0.0,0.0,0.0,0.0,0.0,0.0,0.0,0.0,24500.0,90.58,manari
04/2026,2,NORDESTE,NE,26,PERNAMBUCO,PE,260920,MARAIAL,3.0,2025,DOU,9322.0,3.0,0.0,0.0,0.0,0.0,0.0,0.0,0.0,0.0,0.0,0.0,0.0,10500.0,112.63,maraial
04/2026,2,NORDESTE,NE,26,PERNAMBUCO,PE,260930,MIRANDIBA,3.0,2025,DOU,14605.0,6.0,0.0,0.0,0.0,0.0,0.0,0.0,0.0,0.0,0.0,0.0,0.0,21000.0,143.78,mirandiba
04/2026,2,NORDESTE,NE,26,PERNAMBUCO,PE,261430,MOREILANDIA,3.0,2025,DOU,10839.0,6.0,0.0,0.0,0.0,0.0,0.0,0.0,0.0,0.0,0.0,0.0,0.0,21000.0,193.74,moreilandia
04/2026,2,NORDESTE,NE,26,PERNAMBUCO,PE,260940,MORENO,1.0,2025,DOU,57654.0,17.0,1.0,0.0,0.0,0.0,0.0,0.0,0.0,0.0,0.0,0.0,0.0,62125.0,107.75,moreno
04/2026,2,NORDESTE,NE,26,PERNAMBUCO,PE,260950,NAZARE DA MATA,1.0,2025,DOU,32187.0,11.0,1.0,1.0,0.0,0.0,0.0,0.0,0.0,0.0,0.0,0.0,0.0,42875.0,133.2,nazare_da_mata
04/2026,2,NORDESTE,NE,26,PERNAMBUCO,PE,260960,OLINDA,1.0,2025,DOU,364717.0,58.0,1.0,3.0,0.0,0.0,1.0,311.0,0.0,0.0,0.0,0.0,311.0,211186.0,57.9,olinda
04/2026,2,NORDESTE,NE,26,PERNAMBUCO,PE,260970,OROBO,3.0,2025,DOU,22412.0,10.0,0.0,0.0,0.0,0.0,0.0,0.0,0.0,0.0,0.0,0.0,0.0,35000.0,156.16,orobo
04/2026,2,NORDESTE,NE,26,PERNAMBUCO,PE,260980,OROCO,3.0,2025,DOU,14129.0,7.0,0.0,0.0,0.0,0.0,0.0,0.0,0.0,0.0,0.0,0.0,0.0,24500.0,173.4,oroco
04/2026,2,NORDESTE,NE,26,PERNAMBUCO,PE,260990,OURICURI,2.0,2025,DOU,68489.0,26.0,0.0,0.0,0.0,0.0,0.0,0.0,0.0,0.0,0.0,0.0,0.0,91000.0,132.86,ouricuri
04/2026,2,NORDESTE,NE,26,PERNAMBUCO,PE,261000,PALMARES,1.0,2025,DOU,56475.0,26.0,1.0,0.0,0.0,0.0,0.0,0.0,0.0,0.0,1.0,632.0,632.0,94257.0,166.9,palmares
04/2026,2,NORDESTE,NE,26,PERNAMBUCO,PE,261010,PALMEIRINA,3.0,2025,DOU,7104.0,4.0,0.0,0.0,0.0,0.0,0.0,0.0,0.0,0.0,0.0,0.0,0.0,14000.0,197.07,palmeirina
04/2026,2,NORDESTE,NE,26,PERNAMBUCO,PE,261020,PANELAS,3.0,2025,DOU,23337.0,13.0,0.0,0.0,0.0,0.0,0.0,0.0,0.0,0.0,0.0,0.0,0.0,45500.0,194.96,panelas
04/2026,2,NORDESTE,NE,26,PERNAMBUCO,PE,261030,PARANATAMA,3.0,2025,DOU,12778.0,6.0,0.0,0.0,0.0,0.0,0.0,0.0,0.0,0.0,0.0,0.0,0.0,21000.0,164.34,paranatama
04/2026,2,NORDESTE,NE,26,PERNAMBUCO,PE,261040,PARNAMIRIM,3.0,2025,DOU,18960.0,11.0,0.0,0.0,0.0,0.0,0.0,0.0,0.0,0.0,0.0,0.0,0.0,38500.0,203.05,parnamirim
04/2026,2,NORDESTE,NE,26,PERNAMBUCO,PE,261050,PASSIRA,3.0,2025,DOU,29744.0,14.0,0.0,0.0,0.0,0.0,0.0,0.0,0.0,0.0,0.0,0.0,0.0,49000.0,164.73,passira
04/2026,2,NORDESTE,NE,26,PERNAMBUCO,PE,261060,PAUDALHO,1.0,2025,DOU,59924.0,24.0,1.0,1.0,0.0,0.0,0.0,0.0,0.0,0.0,0.0,0.0,0.0,88375.0,147.47,paudalho
04/2026,2,NORDESTE,NE,26,PERNAMBUCO,PE,261070,PAULISTA,1.0,2025,DOU,365144.0,47.0,6.0,1.0,0.0,0.0,1.0,257.0,0.0,0.0,0.0,0.0,257.0,182257.0,49.91,paulista
04/2026,2,NORDESTE,NE,26,PERNAMBUCO,PE,261080,PEDRA,3.0,2025,DOU,23671.0,10.0,0.0,0.0,0.0,0.0,0.0,0.0,0.0,0.0,0.0,0.0,0.0,35000.0,147.86,pedra
04/2026,2,NORDESTE,NE,26,PERNAMBUCO,PE,261090,PESQUEIRA,1.0,2025,DOU,65481.0,21.0,1.0,0.0,0.0,0.0,0.0,0.0,0.0,0.0,1.0,1622.0,1622.0,77747.0,118.73,pesqueira
04/2026,2,NORDESTE,NE,26,PERNAMBUCO,PE,261100,PETROLANDIA,2.0,2025,DOU,36104.0,15.0,0.0,0.0,0.0,0.0,0.0,0.0,1.0,6.0,0.0,0.0,6.0,52506.0,145.42,petrolandia
04/2026,2,NORDESTE,NE,26,PERNAMBUCO,PE,261110,PETROLINA,1.0,2025,DOU,418444.0,102.0,0.0,0.0,0.0,0.0,2.0,513.0,0.0,0.0,1.0,1610.0,2123.0,359123.0,85.82,petrolina
04/2026,2,NORDESTE,NE,26,PERNAMBUCO,PE,261120,POCAO,3.0,2025,DOU,10792.0,5.0,0.0,0.0,0.0,0.0,0.0,0.0,0.0,0.0,0.0,0.0,0.0,17500.0,162.15,pocao
04/2026,2,NORDESTE,NE,26,PERNAMBUCO,PE,261130,POMBOS,2.0,2025,DOU,26942.0,12.0,0.0,0.0,0.0,0.0,0.0,0.0,0.0,0.0,0.0,0.0,0.0,42000.0,155.89,pombos
04/2026,2,NORDESTE,NE,26,PERNAMBUCO,PE,261140,PRIMAVERA,3.0,2025,DOU,14380.0,5.0,0.0,0.0,0.0,0.0,0.0,0.0,0.0,0.0,0.0,0.0,0.0,17500.0,121.69,primavera
04/2026,2,NORDESTE,NE,26,PERNAMBUCO,PE,261150,QUIPAPA,3.0,2025,DOU,17731.0,10.0,0.0,0.0,0.0,0.0,0.0,0.0,0.0,0.0,0.0,0.0,0.0,35000.0,197.39,quipapa
04/2026,2,NORDESTE,NE,26,PERNAMBUCO,PE,261153,QUIXABA,3.0,2025,DOU,6753.0,3.0,0.0,0.0,0.0,0.0,0.0,0.0,0.0,0.0,0.0,0.0,0.0,10500.0,155.48,quixaba
04/2026,2,NORDESTE,NE,26,PERNAMBUCO,PE,261160,RECIFE,1.0,2025,DOU,1588376.0,404.0,0.0,2.0,0.0,0.0,6.0,1847.0,2.0,367.0,4.0,2576.0,4790.0,1422290.0,89.54,recife
04/2026,2,NORDESTE,NE,26,PERNAMBUCO,PE,261170,RIACHO DAS ALMAS,3.0,2025,DOU,21490.0,8.0,0.0,0.0,0.0,0.0,0.0,0.0,0.0,0.0,0.0,0.0,0.0,28000.0,130.29,riacho_das_almas
04/2026,2,NORDESTE,NE,26,PERNAMBUCO,PE,261180,RIBEIRAO,1.0,2025,DOU,33843.0,12.0,0.0,0.0,0.0,0.0,0.0,0.0,0.0,0.0,0.0,0.0,0.0,42000.0,124.1,ribeirao
04/2026,2,NORDESTE,NE,26,PERNAMBUCO,PE,261190,RIO FORMOSO,2.0,2025,DOU,20388.0,10.0,0.0,0.0,0.0,0.0,0.0,0.0,0.0,0.0,0.0,0.0,0.0,35000.0,171.66,rio_formoso
04/2026,2,NORDESTE,NE,26,PERNAMBUCO,PE,261200,SAIRE,3.0,2025,DOU,11213.0,6.0,0.0,0.0,0.0,0.0,0.0,0.0,0.0,0.0,0.0,0.0,0.0,21000.0,187.28,saire
04/2026,2,NORDESTE,NE,26,PERNAMBUCO,PE,261210,SALGADINHO,3.0,2025,DOU,5478.0,6.0,0.0,0.0,0.0,0.0,0.0,0.0,0.0,0.0,0.0,0.0,0.0,21000.0,383.35,salgadinho
04/2026,2,NORDESTE,NE,26,PERNAMBUCO,PE,261220,SALGUEIRO,1.0,2025,DOU,65946.0,25.0,0.0,0.0,0.0,0.0,1.0,31.0,0.0,0.0,1.0,1237.0,1268.0,88768.0,134.6,salgueiro
04/2026,2,NORDESTE,NE,26,PERNAMBUCO,PE,261230,SALOA,3.0,2025,DOU,14125.0,8.0,0.0,0.0,0.0,0.0,0.0,0.0,0.0,0.0,0.0,0.0,0.0,28000.0,198.23,saloa
04/2026,2,NORDESTE,NE,26,PERNAMBUCO,PE,261240,SANHARO,3.0,2025,DOU,18812.0,9.0,1.0,0.0,0.0,0.0,0.0,0.0,0.0,0.0,0.0,0.0,0.0,34125.0,181.4,sanharo
04/2026,2,NORDESTE,NE,26,PERNAMBUCO,PE,261245,SANTA CRUZ,3.0,2025,DOU,14342.0,6.0,0.0,0.0,0.0,0.0,0.0,0.0,0.0,0.0,0.0,0.0,0.0,21000.0,146.42,santa_cruz
04/2026,2,NORDESTE,NE,26,PERNAMBUCO,PE,261247,SANTA CRUZ DA BAIXA VERDE,3.0,2025,DOU,11934.0,6.0,0.0,0.0,0.0,0.0,0.0,0.0,0.0,0.0,0.0,0.0,0.0,21000.0,175.96,santa_cruz_da_baixa_verde
04/2026,2,NORDESTE,NE,26,PERNAMBUCO,PE,261250,SANTA CRUZ DO CAPIBARIBE,1.0,2025,DOU,104854.0,28.0,0.0,0.0,0.0,0.0,0.0,0.0,0.0,0.0,1.0,1358.0,1358.0,99358.0,94.75,santa_cruz_do_capibaribe
04/2026,2,NORDESTE,NE,26,PERNAMBUCO,PE,261255,SANTA FILOMENA,3.0,2025,DOU,12360.0,5.0,1.0,0.0,0.0,0.0,0.0,0.0,0.0,0.0,0.0,0.0,0.0,20125.0,162.82,santa_filomena
04/2026,2,NORDESTE,NE,26,PERNAMBUCO,PE,261260,SANTA MARIA DA BOA VISTA,3.0,2025,DOU,42782.0,16.0,0.0,0.0,0.0,0.0,0.0,0.0,0.0,0.0,0.0,0.0,0.0,56000.0,130.89,santa_maria_da_boa_vista
04/2026,2,NORDESTE,NE,26,PERNAMBUCO,PE,261270,SANTA MARIA DO CAMBUCA,3.0,2025,DOU,14586.0,7.0,0.0,0.0,0.0,0.0,0.0,0.0,0.0,0.0,0.0,0.0,0.0,24500.0,167.96,santa_maria_do_cambuca
04/2026,2,NORDESTE,NE,26,PERNAMBUCO,PE,261280,SANTA TEREZINHA,3.0,2025,DOU,10487.0,6.0,0.0,0.0,0.0,0.0,0.0,0.0,0.0,0.0,0.0,0.0,0.0,21000.0,200.24,santa_terezinha
04/2026,2,NORDESTE,NE,26,PERNAMBUCO,PE,261290,SAO BENEDITO DO SUL,3.0,2025,DOU,13456.0,4.0,0.0,0.0,0.0,0.0,0.0,0.0,0.0,0.0,0.0,0.0,0.0,14000.0,104.04,sao_benedito_do_sul
04/2026,2,NORDESTE,NE,26,PERNAMBUCO,PE,261300,SAO BENTO DO UNA,2.0,2025,DOU,51165.0,14.0,0.0,0.0,0.0,0.0,0.0,0.0,0.0,0.0,0.0,0.0,0.0,49000.0,95.76,sao_bento_do_una
04/2026,2,NORDESTE,NE,26,PERNAMBUCO,PE,261310,SAO CAITANO,2.0,2025,DOU,39243.0,13.0,0.0,0.0,0.0,0.0,0.0,0.0,0.0,0.0,0.0,0.0,0.0,45500.0,115.94,sao_caitano
04/2026,2,NORDESTE,NE,26,PERNAMBUCO,PE,261320,SAO JOAO,3.0,2025,DOU,24895.0,11.0,0.0,0.0,0.0,0.0,0.0,0.0,0.0,0.0,0.0,0.0,0.0,38500.0,154.64,sao_joao
04/2026,2,NORDESTE,NE,26,PERNAMBUCO,PE,261330,SAO JOAQUIM DO MONTE,2.0,2025,DOU,20438.0,10.0,0.0,0.0,0.0,0.0,0.0,0.0,0.0,0.0,0.0,0.0,0.0,35000.0,171.24,sao_joaquim_do_monte
04/2026,2,NORDESTE,NE,26,PERNAMBUCO,PE,261340,SAO JOSE DA COROA GRANDE,1.0,2025,DOU,19511.0,9.0,0.0,0.0,0.0,0.0,0.0,0.0,0.0,0.0,0.0,0.0,0.0,31500.0,161.44,sao_jose_da_coroa_grande
04/2026,2,NORDESTE,NE,26,PERNAMBUCO,PE,261350,SAO JOSE DO BELMONTE,3.0,2025,DOU,36890.0,12.0,0.0,0.0,0.0,0.0,0.0,0.0,0.0,0.0,0.0,0.0,0.0,42000.0,113.85,sao_jose_do_belmonte
04/2026,2,NORDESTE,NE,26,PERNAMBUCO,PE,261360,SAO JOSE DO EGITO,2.0,2025,DOU,32508.0,15.0,0.0,0.0,0.0,0.0,0.0,0.0,1.0,0.0,0.0,0.0,0.0,52500.0,161.49,sao_jose_do_egito
04/2026,2,NORDESTE,NE,26,PERNAMBUCO,PE,261370,SAO LOURENCO DA MATA,1.0,2025,DOU,118258.0,34.0,0.0,0.0,0.0,0.0,2.0,86.0,0.0,0.0,0.0,0.0,86.0,119086.0,100.7,sao_lourenco_da_mata
04/2026,2,NORDESTE,NE,26,PERNAMBUCO,PE,261380,SAO VICENTE FERRER,2.0,2025,DOU,17177.0,7.0,2.0,0.0,0.0,0.0,0.0,0.0,0.0,0.0,0.0,0.0,0.0,29750.0,173.19,sao_vicente_ferrer
04/2026,2,NORDESTE,NE,26,PERNAMBUCO,PE,261390,SERRA TALHADA,1.0,2025,DOU,98816.0,24.0,0.0,3.0,0.0,0.0,0.0,0.0,0.0,0.0,0.0,0.0,0.0,89250.0,90.31,serra_talhada
04/2026,2,NORDESTE,NE,26,PERNAMBUCO,PE,261400,SERRITA,3.0,2025,DOU,18764.0,10.0,0.0,0.0,0.0,0.0,0.0,0.0,0.0,0.0,0.0,0.0,0.0,35000.0,186.52,serrita
04/2026,2,NORDESTE,NE,26,PERNAMBUCO,PE,261410,SERTANIA,2.0,2025,DOU,34271.0,16.0,0.0,0.0,0.0,0.0,0.0,0.0,0.0,0.0,0.0,0.0,0.0,56000.0,163.4,sertania
04/2026,2,NORDESTE,NE,26,PERNAMBUCO,PE,261420,SIRINHAEM,2.0,2025,DOU,39171.0,14.0,1.0,0.0,0.0,0.0,0.0,0.0,0.0,0.0,0.0,0.0,0.0,51625.0,131.79,sirinhaem
04/2026,2,NORDESTE,NE,26,PERNAMBUCO,PE,261440,SOLIDAO,3.0,2025,DOU,5386.0,3.0,0.0,0.0,0.0,0.0,0.0,0.0,0.0,0.0,0.0,0.0,0.0,10500.0,194.94,solidao
04/2026,2,NORDESTE,NE,26,PERNAMBUCO,PE,261450,SURUBIM,1.0,2025,DOU,67821.0,25.0,0.0,0.0,0.0,0.0,0.0,0.0,0.0,0.0,0.0,0.0,0.0,87500.0,129.01,surubim
04/2026,2,NORDESTE,NE,26,PERNAMBUCO,PE,261460,TABIRA,2.0,2025,DOU,29180.0,14.0,0.0,0.0,0.0,0.0,0.0,0.0,0.0,0.0,0.0,0.0,0.0,49000.0,167.92,tabira
04/2026,2,NORDESTE,NE,26,PERNAMBUCO,PE,261470,TACAIMBO,3.0,2025,DOU,14330.0,6.0,0.0,0.0,0.0,0.0,0.0,0.0,0.0,0.0,1.0,650.0,650.0,21650.0,151.08,tacaimbo
04/2026,2,NORDESTE,NE,26,PERNAMBUCO,PE,261480,TACARATU,3.0,2025,DOU,24898.0,8.0,0.0,0.0,0.0,0.0,0.0,0.0,0.0,0.0,0.0,0.0,0.0,28000.0,112.45,tacaratu
04/2026,2,NORDESTE,NE,26,PERNAMBUCO,PE,261485,TAMANDARE,2.0,2025,DOU,24670.0,9.0,1.0,0.0,0.0,0.0,0.0,0.0,0.0,0.0,0.0,0.0,0.0,34125.0,138.32,tamandare
04/2026,2,NORDESTE,NE,26,PERNAMBUCO,PE,261500,TAQUARITINGA DO NORTE,2.0,2025,DOU,25511.0,9.0,0.0,0.0,0.0,0.0,0.0,0.0,0.0,0.0,0.0,0.0,0.0,31500.0,123.47,taquaritinga_do_norte
04/2026,2,NORDESTE,NE,26,PERNAMBUCO,PE,261510,TEREZINHA,3.0,2025,DOU,6853.0,4.0,0.0,0.0,0.0,0.0,0.0,0.0,0.0,0.0,0.0,0.0,0.0,14000.0,204.29,terezinha
04/2026,2,NORDESTE,NE,26,PERNAMBUCO,PE,261520,TERRA NOVA,3.0,2025,DOU,9231.0,4.0,0.0,0.0,0.0,0.0,0.0,0.0,0.0,0.0,0.0,0.0,0.0,14000.0,151.66,terra_nova
04/2026,2,NORDESTE,NE,26,PERNAMBUCO,PE,261530,TIMBAUBA,1.0,2025,DOU,47312.0,20.0,0.0,0.0,0.0,0.0,0.0,0.0,0.0,0.0,0.0,0.0,0.0,70000.0,147.95,timbauba
04/2026,2,NORDESTE,NE,26,PERNAMBUCO,PE,261540,TORITAMA,1.0,2025,DOU,43921.0,10.0,0.0,0.0,0.0,0.0,0.0,0.0,0.0,0.0,0.0,0.0,0.0,35000.0,79.68,toritama
04/2026,2,NORDESTE,NE,26,PERNAMBUCO,PE,261550,TRACUNHAEM,1.0,2025,DOU,14439.0,6.0,1.0,1.0,0.0,0.0,0.0,0.0,0.0,0.0,0.0,0.0,0.0,25375.0,175.73,tracunhaem
04/2026,2,NORDESTE,NE,26,PERNAMBUCO,PE,261560,TRINDADE,1.0,2025,DOU,32257.0,10.0,0.0,1.0,0.0,0.0,0.0,0.0,0.0,0.0,0.0,0.0,0.0,36750.0,113.92,trindade
04/2026,2,NORDESTE,NE,26,PERNAMBUCO,PE,261570,TRIUNFO,3.0,2025,DOU,15141.0,7.0,0.0,0.0,0.0,0.0,0.0,0.0,0.0,0.0,0.0,0.0,0.0,24500.0,161.81,triunfo
04/2026,2,NORDESTE,NE,26,PERNAMBUCO,PE,261580,TUPANATINGA,3.0,2025,DOU,28141.0,12.0,0.0,0.0,0.0,0.0,0.0,0.0,0.0,0.0,0.0,0.0,0.0,42000.0,149.24,tupanatinga
04/2026,2,NORDESTE,NE,26,PERNAMBUCO,PE,261590,TUPARETAMA,3.0,2025,DOU,8261.0,4.0,0.0,0.0,0.0,0.0,0.0,0.0,0.0,0.0,0.0,0.0,0.0,14000.0,169.47,tuparetama
04/2026,2,NORDESTE,NE,26,PERNAMBUCO,PE,261600,VENTUROSA,3.0,2025,DOU,17563.0,9.0,0.0,0.0,0.0,0.0,0.0,0.0,0.0,0.0,0.0,0.0,0.0,31500.0,179.35,venturosa
04/2026,2,NORDESTE,NE,26,PERNAMBUCO,PE,261610,VERDEJANTE,3.0,2025,DOU,9483.0,5.0,0.0,0.0,0.0,0.0,0.0,0.0,0.0,0.0,0.0,0.0,0.0,17500.0,184.54,verdejante
04/2026,2,NORDESTE,NE,26,PERNAMBUCO,PE,261618,VERTENTE DO LERIO,3.0,2025,DOU,7776.0,4.0,0.0,0.0,0.0,0.0,0.0,0.0,0.0,0.0,0.0,0.0,0.0,14000.0,180.04,vertente_do_lerio
04/2026,2,NORDESTE,NE,26,PERNAMBUCO,PE,261620,VERTENTES,3.0,2025,DOU,23127.0,9.0,0.0,0.0,0.0,0.0,0.0,0.0,0.0,0.0,0.0,0.0,0.0,31500.0,136.2,vertentes
04/2026,2,NORDESTE,NE,26,PERNAMBUCO,PE,261630,VICENCIA,2.0,2025,DOU,27151.0,12.0,0.0,0.0,0.0,0.0,0.0,0.0,0.0,0.0,0.0,0.0,0.0,42000.0,154.69,vicencia
04/2026,2,NORDESTE,NE,26,PERNAMBUCO,PE,261640,VITORIA DE SANTO ANTAO,1.0,2025,DOU,144243.0,51.0,8.0,0.0,0.0,0.0,1.0,122.0,1.0,1251.0,0.0,0.0,1373.0,200873.0,139.26,vitoria_de_santo_antao
04/2026,2,NORDESTE,NE,26,PERNAMBUCO,PE,261650,XEXEU,3.0,2025,DOU,11699.0,7.0,0.0,0.0,0.0,0.0,0.0,0.0,0.0,0.0,0.0,0.0,0.0,24500.0,209.41,xexeu
04/2026,2,NORDESTE,NE,22,PIAUI,PI,220005,ACAUA,3.0,2025,DOU,6323.0,4.0,0.0,0.0,0.0,0.0,0.0,0.0,0.0,0.0,0.0,0.0,0.0,14000.0,221.41,acaua
04/2026,2,NORDESTE,NE,22,PIAUI,PI,220010,AGRICOLANDIA,3.0,2025,DOU,5016.0,3.0,0.0,0.0,0.0,0.0,0.0,0.0,0.0,0.0,0.0,0.0,0.0,10500.0,209.33,agricolandia
04/2026,2,NORDESTE,NE,22,PIAUI,PI,220020,AGUA BRANCA,1.0,2025,DOU,18095.0,8.0,0.0,0.0,0.0,0.0,0.0,0.0,0.0,0.0,0.0,0.0,0.0,28000.0,154.73,agua_branca
04/2026,2,NORDESTE,NE,22,PIAUI,PI,220025,ALAGOINHA DO PIAUI,3.0,2025,DOU,6876.0,4.0,0.0,0.0,0.0,0.0,0.0,0.0,0.0,0.0,0.0,0.0,0.0,14000.0,203.6,alagoinha_do_piaui
04/2026,2,NORDESTE,NE,22,PIAUI,PI,220027,ALEGRETE DO PIAUI,3.0,2025,DOU,4707.0,3.0,0.0,0.0,0.0,0.0,0.0,0.0,0.0,0.0,0.0,0.0,0.0,10500.0,223.07,alegrete_do_piaui
04/2026,2,NORDESTE,NE,22,PIAUI,PI,220030,ALTO LONGA,3.0,2025,DOU,13729.0,7.0,0.0,0.0,0.0,0.0,0.0,0.0,0.0,0.0,0.0,0.0,0.0,24500.0,178.45,alto_longa
04/2026,2,NORDESTE,NE,22,PIAUI,PI,220040,ALTOS,1.0,2025,DOU,50094.0,20.0,0.0,0.0,0.0,0.0,0.0,0.0,2.0,2660.0,1.0,2165.0,4825.0,74825.0,149.36,altos
04/2026,2,NORDESTE,NE,22,PIAUI,PI,220045,ALVORADA DO GURGUEIA,5.0,2025,DOU,5474.0,3.0,0.0,0.0,0.0,0.0,0.0,0.0,0.0,0.0,0.0,0.0,0.0,10500.0,191.81,alvorada_do_gurgueia
04/2026,2,NORDESTE,NE,22,PIAUI,PI,220050,AMARANTE,3.0,2025,DOU,17594.0,9.0,0.0,0.0,0.0,0.0,0.0,0.0,0.0,0.0,0.0,0.0,0.0,31500.0,179.03,amarante
04/2026,2,NORDESTE,NE,22,PIAUI,PI,220060,ANGICAL DO PIAUI,3.0,2025,DOU,6991.0,3.0,0.0,0.0,0.0,0.0,0.0,0.0,0.0,0.0,0.0,0.0,0.0,10500.0,150.19,angical_do_piaui
04/2026,2,NORDESTE,NE,22,PIAUI,PI,220070,ANISIO DE ABREU,3.0,2025,DOU,9649.0,5.0,0.0,0.0,0.0,0.0,0.0,0.0,0.0,0.0,0.0,0.0,0.0,17500.0,181.36,anisio_de_abreu
04/2026,2,NORDESTE,NE,22,PIAUI,PI,220080,ANTONIO ALMEIDA,5.0,2025,DOU,3234.0,2.0,0.0,0.0,0.0,0.0,0.0,0.0,0.0,0.0,0.0,0.0,0.0,7000.0,216.45,antonio_almeida
04/2026,2,NORDESTE,NE,22,PIAUI,PI,220090,AROAZES,3.0,2025,DOU,5413.0,3.0,0.0,0.0,0.0,0.0,0.0,0.0,0.0,0.0,0.0,0.0,0.0,10500.0,193.97,aroazes
04/2026,2,NORDESTE,NE,22,PIAUI,PI,220095,AROEIRAS DO ITAIM,3.0,2025,DOU,2777.0,1.0,0.0,0.0,0.0,0.0,0.0,0.0,0.0,0.0,0.0,0.0,0.0,3500.0,126.03,aroeiras_do_itaim
04/2026,2,NORDESTE,NE,22,PIAUI,PI,220100,ARRAIAL,3.0,2025,DOU,4517.0,2.0,0.0,0.0,0.0,0.0,0.0,0.0,0.0,0.0,0.0,0.0,0.0,7000.0,154.97,arraial
04/2026,2,NORDESTE,NE,22,PIAUI,PI,220105,ASSUNCAO DO PIAUI,3.0,2025,DOU,7596.0,4.0,0.0,0.0,0.0,0.0,0.0,0.0,0.0,0.0,0.0,0.0,0.0,14000.0,184.3,assuncao_do_piaui
04/2026,2,NORDESTE,NE,22,PIAUI,PI,220110,AVELINO LOPES,5.0,2025,DOU,11118.0,6.0,0.0,0.0,0.0,0.0,0.0,0.0,0.0,0.0,0.0,0.0,0.0,21000.0,188.88,avelino_lopes
04/2026,2,NORDESTE,NE,22,PIAUI,PI,220115,BAIXA GRANDE DO RIBEIRO,5.0,2025,DOU,13983.0,6.0,0.0,0.0,0.0,0.0,0.0,0.0,0.0,0.0,0.0,0.0,0.0,21000.0,150.18,baixa_grande_do_ribeiro
04/2026,2,NORDESTE,NE,22,PIAUI,PI,220117,BARRA D'ALCANTARA,5.0,2025,DOU,4099.0,2.0,0.0,0.0,0.0,0.0,0.0,0.0,0.0,0.0,0.0,0.0,0.0,7000.0,170.77,barra_d_alcantara
04/2026,2,NORDESTE,NE,22,PIAUI,PI,220120,BARRAS,3.0,2025,DOU,49703.0,22.0,0.0,0.0,0.0,0.0,0.0,0.0,0.0,0.0,0.0,0.0,0.0,77000.0,154.92,barras
04/2026,2,NORDESTE,NE,22,PIAUI,PI,220130,BARREIRAS DO PIAUI,5.0,2025,DOU,3336.0,2.0,0.0,0.0,0.0,0.0,0.0,0.0,0.0,0.0,0.0,0.0,0.0,7000.0,209.83,barreiras_do_piaui
04/2026,2,NORDESTE,NE,22,PIAUI,PI,220140,BARRO DURO,3.0,2025,DOU,6731.0,4.0,0.0,0.0,0.0,0.0,0.0,0.0,0.0,0.0,0.0,0.0,0.0,14000.0,207.99,barro_duro
04/2026,2,NORDESTE,NE,22,PIAUI,PI,220150,BATALHA,3.0,2025,DOU,27129.0,13.0,0.0,0.0,0.0,0.0,0.0,0.0,0.0,0.0,0.0,0.0,0.0,45500.0,167.71,batalha
04/2026,2,NORDESTE,NE,22,PIAUI,PI,220155,BELA VISTA DO PIAUI,5.0,2025,DOU,4225.0,2.0,0.0,0.0,0.0,0.0,0.0,0.0,0.0,0.0,0.0,0.0,0.0,7000.0,165.68,bela_vista_do_piaui
04/2026,2,NORDESTE,NE,22,PIAUI,PI,220157,BELEM DO PIAUI,3.0,2025,DOU,3515.0,2.0,0.0,0.0,0.0,0.0,0.0,0.0,0.0,0.0,0.0,0.0,0.0,7000.0,199.14,belem_do_piaui
04/2026,2,NORDESTE,NE,22,PIAUI,PI,220160,BENEDITINOS,3.0,2025,DOU,10093.0,5.0,0.0,0.0,0.0,0.0,0.0,0.0,0.0,0.0,0.0,0.0,0.0,17500.0,173.38,beneditinos
04/2026,2,NORDESTE,NE,22,PIAUI,PI,220170,BERTOLINIA,5.0,2025,DOU,5715.0,3.0,0.0,0.0,0.0,0.0,0.0,0.0,0.0,0.0,0.0,0.0,0.0,10500.0,183.72,bertolinia
04/2026,2,NORDESTE,NE,22,PIAUI,PI,220173,BETANIA DO PIAUI,3.0,2025,DOU,6596.0,3.0,0.0,0.0,0.0,0.0,0.0,0.0,0.0,0.0,0.0,0.0,0.0,10500.0,159.18,betania_do_piaui
04/2026,2,NORDESTE,NE,22,PIAUI,PI,220177,BOA HORA,3.0,2025,DOU,7140.0,3.0,0.0,0.0,0.0,0.0,0.0,0.0,0.0,0.0,0.0,0.0,0.0,10500.0,147.05,boa_hora
04/2026,2,NORDESTE,NE,22,PIAUI,PI,220180,BOCAINA,3.0,2025,DOU,4118.0,2.0,0.0,0.0,0.0,0.0,0.0,0.0,0.0,0.0,0.0,0.0,0.0,7000.0,169.98,bocaina
04/2026,2,NORDESTE,NE,22,PIAUI,PI,220190,BOM JESUS,1.0,2025,DOU,30658.0,13.0,0.0,0.0,0.0,0.0,0.0,0.0,1.0,87.0,0.0,0.0,87.0,45587.0,148.69,bom_jesus
04/2026,2,NORDESTE,NE,22,PIAUI,PI,220191,BOM PRINCIPIO DO PIAUI,3.0,2025,DOU,5805.0,3.0,0.0,0.0,0.0,0.0,0.0,0.0,0.0,0.0,0.0,0.0,0.0,10500.0,180.87,bom_principio_do_piaui
04/2026,2,NORDESTE,NE,22,PIAUI,PI,220192,BONFIM DO PIAUI,3.0,2025,DOU,6117.0,3.0,0.0,0.0,0.0,0.0,0.0,0.0,0.0,0.0,0.0,0.0,0.0,10500.0,171.65,bonfim_do_piaui
04/2026,2,NORDESTE,NE,22,PIAUI,PI,220194,BOQUEIRAO DO PIAUI,3.0,2025,DOU,6751.0,3.0,0.0,0.0,0.0,0.0,0.0,0.0,0.0,0.0,0.0,0.0,0.0,10500.0,155.53,boqueirao_do_piaui
04/2026,2,NORDESTE,NE,22,PIAUI,PI,220196,BRASILEIRA,3.0,2025,DOU,8684.0,4.0,0.0,0.0,0.0,0.0,0.0,0.0,0.0,0.0,0.0,0.0,0.0,14000.0,161.21,brasileira
04/2026,2,NORDESTE,NE,22,PIAUI,PI,220198,BREJO DO PIAUI,3.0,2025,DOU,3964.0,2.0,0.0,0.0,0.0,0.0,0.0,0.0,0.0,0.0,0.0,0.0,0.0,7000.0,176.58,brejo_do_piaui
04/2026,2,NORDESTE,NE,22,PIAUI,PI,220200,BURITI DOS LOPES,3.0,2025,DOU,20130.0,10.0,0.0,0.0,0.0,0.0,0.0,0.0,0.0,0.0,0.0,0.0,0.0,35000.0,173.86,buriti_dos_lopes
04/2026,2,NORDESTE,NE,22,PIAUI,PI,220202,BURITI DOS MONTES,3.0,2025,DOU,7517.0,4.0,0.0,0.0,0.0,0.0,0.0,0.0,0.0,0.0,0.0,0.0,0.0,14000.0,186.24,buriti_dos_montes
04/2026,2,NORDESTE,NE,22,PIAUI,PI,220205,CABECEIRAS DO PIAUI,3.0,2025,DOU,10466.0,5.0,0.0,0.0,0.0,0.0,0.0,0.0,0.0,0.0,0.0,0.0,0.0,17500.0,167.2,cabeceiras_do_piaui
04/2026,2,NORDESTE,NE,22,PIAUI,PI,220207,CAJAZEIRAS DO PIAUI,3.0,2025,DOU,3135.0,2.0,0.0,0.0,0.0,0.0,0.0,0.0,0.0,0.0,0.0,0.0,0.0,7000.0,223.28,cajazeiras_do_piaui
04/2026,2,NORDESTE,NE,22,PIAUI,PI,220208,CAJUEIRO DA PRAIA,3.0,2025,DOU,8246.0,4.0,0.0,0.0,0.0,0.0,0.0,0.0,0.0,0.0,0.0,0.0,0.0,14000.0,169.77,cajueiro_da_praia
04/2026,2,NORDESTE,NE,22,PIAUI,PI,220209,CALDEIRAO GRANDE DO PIAUI,3.0,2025,DOU,5602.0,3.0,0.0,0.0,0.0,0.0,0.0,0.0,0.0,0.0,0.0,0.0,0.0,10500.0,187.43,caldeirao_grande_do_piaui
04/2026,2,NORDESTE,NE,22,PIAUI,PI,220210,CAMPINAS DO PIAUI,3.0,2025,DOU,4964.0,3.0,0.0,0.0,0.0,0.0,0.0,0.0,0.0,0.0,0.0,0.0,0.0,10500.0,211.52,campinas_do_piaui
04/2026,2,NORDESTE,NE,22,PIAUI,PI,220211,CAMPO ALEGRE DO FIDALGO,5.0,2025,DOU,4698.0,3.0,0.0,0.0,0.0,0.0,0.0,0.0,0.0,0.0,0.0,0.0,0.0,10500.0,223.49,campo_alegre_do_fidalgo
04/2026,2,NORDESTE,NE,22,PIAUI,PI,220213,CAMPO GRANDE DO PIAUI,3.0,2025,DOU,6211.0,3.0,0.0,0.0,0.0,0.0,0.0,0.0,0.0,0.0,0.0,0.0,0.0,10500.0,169.05,campo_grande_do_piaui
04/2026,2,NORDESTE,NE,22,PIAUI,PI,220217,CAMPO LARGO DO PIAUI,3.0,2025,DOU,7669.0,4.0,0.0,0.0,0.0,0.0,0.0,0.0,0.0,0.0,0.0,0.0,0.0,14000.0,182.55,campo_largo_do_piaui
04/2026,2,NORDESTE,NE,22,PIAUI,PI,220220,CAMPO MAIOR,1.0,2025,DOU,47119.0,21.0,0.0,0.0,0.0,0.0,0.0,0.0,2.0,428.0,0.0,0.0,428.0,73928.0,156.89,campo_maior
04/2026,2,NORDESTE,NE,22,PIAUI,PI,220225,CANAVIEIRA,5.0,2025,DOU,3404.0,2.0,0.0,0.0,0.0,0.0,0.0,0.0,0.0,0.0,0.0,0.0,0.0,7000.0,205.64,canavieira
04/2026,2,NORDESTE,NE,22,PIAUI,PI,220230,CANTO DO BURITI,2.0,2025,DOU,19639.0,11.0,0.0,0.0,0.0,0.0,0.0,0.0,0.0,0.0,0.0,0.0,0.0,38500.0,196.03,canto_do_buriti
04/2026,2,NORDESTE,NE,22,PIAUI,PI,220240,CAPITAO DE CAMPOS,3.0,2025,DOU,11362.0,6.0,0.0,0.0,0.0,0.0,0.0,0.0,0.0,0.0,0.0,0.0,0.0,21000.0,184.82,capitao_de_campos
04/2026,2,NORDESTE,NE,22,PIAUI,PI,220245,CAPITAO GERVASIO OLIVEIRA,5.0,2025,DOU,4071.0,2.0,0.0,0.0,0.0,0.0,0.0,0.0,0.0,0.0,0.0,0.0,0.0,7000.0,171.94,capitao_gervasio_oliveira
04/2026,2,NORDESTE,NE,22,PIAUI,PI,220250,CARACOL,3.0,2025,DOU,10546.0,5.0,0.0,0.0,0.0,0.0,0.0,0.0,0.0,0.0,0.0,0.0,0.0,17500.0,165.93,caracol
04/2026,2,NORDESTE,NE,22,PIAUI,PI,220253,CARAUBAS DO PIAUI,3.0,2025,DOU,5581.0,3.0,0.0,0.0,0.0,0.0,0.0,0.0,0.0,0.0,0.0,0.0,0.0,10500.0,188.13,caraubas_do_piaui
04/2026,2,NORDESTE,NE,22,PIAUI,PI,220255,CARIDADE DO PIAUI,3.0,2025,DOU,5176.0,3.0,0.0,0.0,0.0,0.0,0.0,0.0,0.0,0.0,0.0,0.0,0.0,10500.0,202.85,caridade_do_piaui
04/2026,2,NORDESTE,NE,22,PIAUI,PI,220260,CASTELO DO PIAUI,2.0,2025,DOU,19669.0,9.0,0.0,0.0,0.0,0.0,0.0,0.0,0.0,0.0,0.0,0.0,0.0,31500.0,160.15,castelo_do_piaui
04/2026,2,NORDESTE,NE,22,PIAUI,PI,220265,CAXINGO,3.0,2025,DOU,5682.0,3.0,0.0,0.0,0.0,0.0,0.0,0.0,0.0,0.0,0.0,0.0,0.0,10500.0,184.79,caxingo
04/2026,2,NORDESTE,NE,22,PIAUI,PI,220270,COCAL,3.0,2025,DOU,29302.0,14.0,0.0,0.0,0.0,0.0,0.0,0.0,0.0,0.0,0.0,0.0,0.0,49000.0,167.22,cocal
04/2026,2,NORDESTE,NE,22,PIAUI,PI,220271,COCAL DE TELHA,3.0,2025,DOU,5046.0,2.0,0.0,0.0,0.0,0.0,0.0,0.0,0.0,0.0,0.0,0.0,0.0,7000.0,138.72,cocal_de_telha
04/2026,2,NORDESTE,NE,22,PIAUI,PI,220272,COCAL DOS ALVES,3.0,2025,DOU,6596.0,3.0,0.0,0.0,0.0,0.0,0.0,0.0,0.0,0.0,0.0,0.0,0.0,10500.0,159.18,cocal_dos_alves
04/2026,2,NORDESTE,NE,22,PIAUI,PI,220273,COIVARAS,3.0,2025,DOU,4249.0,2.0,0.0,0.0,0.0,0.0,0.0,0.0,0.0,0.0,0.0,0.0,0.0,7000.0,164.74,coivaras
04/2026,2,NORDESTE,NE,22,PIAUI,PI,220275,COLONIA DO GURGUEIA,5.0,2025,DOU,6294.0,3.0,0.0,0.0,0.0,0.0,0.0,0.0,0.0,0.0,0.0,0.0,0.0,10500.0,166.82,colonia_do_gurgueia
04/2026,2,NORDESTE,NE,22,PIAUI,PI,220277,COLONIA DO PIAUI,3.0,2025,DOU,7067.0,4.0,0.0,0.0,0.0,0.0,0.0,0.0,0.0,0.0,0.0,0.0,0.0,14000.0,198.1,colonia_do_piaui
04/2026,2,NORDESTE,NE,22,PIAUI,PI,220280,CONCEICAO DO CANINDE,3.0,2025,DOU,5078.0,2.0,0.0,0.0,0.0,0.0,0.0,0.0,0.0,0.0,0.0,0.0,0.0,7000.0,137.84,conceicao_do_caninde
04/2026,2,NORDESTE,NE,22,PIAUI,PI,220285,CORONEL JOSE DIAS,3.0,2025,DOU,4291.0,2.0,0.0,0.0,0.0,0.0,0.0,0.0,0.0,0.0,0.0,0.0,0.0,7000.0,163.13,coronel_jose_dias
04/2026,2,NORDESTE,NE,22,PIAUI,PI,220290,CORRENTE,4.0,2025,DOU,28381.0,13.0,0.0,0.0,0.0,0.0,0.0,0.0,0.0,0.0,0.0,0.0,0.0,45500.0,160.31,corrente
04/2026,2,NORDESTE,NE,22,PIAUI,PI,220300,CRISTALANDIA DO PIAUI,5.0,2025,DOU,7431.0,4.0,0.0,0.0,0.0,0.0,0.0,0.0,0.0,0.0,0.0,0.0,0.0,14000.0,188.39,cristalandia_do_piaui
04/2026,2,NORDESTE,NE,22,PIAUI,PI,220310,CRISTINO CASTRO,5.0,2025,DOU,10801.0,5.0,0.0,0.0,0.0,0.0,0.0,0.0,0.0,0.0,0.0,0.0,0.0,17500.0,162.02,cristino_castro
04/2026,2,NORDESTE,NE,22,PIAUI,PI,220320,CURIMATA,5.0,2025,DOU,11581.0,6.0,0.0,0.0,0.0,0.0,0.0,0.0,0.0,0.0,0.0,0.0,0.0,21000.0,181.33,curimata
04/2026,2,NORDESTE,NE,22,PIAUI,PI,220323,CURRAIS,5.0,2025,DOU,4977.0,2.0,0.0,0.0,0.0,0.0,0.0,0.0,0.0,0.0,0.0,0.0,0.0,7000.0,140.64,currais
04/2026,2,NORDESTE,NE,22,PIAUI,PI,220327,CURRAL NOVO DO PIAUI,3.0,2025,DOU,5191.0,3.0,0.0,0.0,0.0,0.0,0.0,0.0,0.0,0.0,0.0,0.0,0.0,10500.0,202.27,curral_novo_do_piaui
04/2026,2,NORDESTE,NE,22,PIAUI,PI,220325,CURRALINHOS,3.0,2025,DOU,4555.0,2.0,0.0,0.0,0.0,0.0,0.0,0.0,0.0,0.0,0.0,0.0,0.0,7000.0,153.67,curralinhos
04/2026,2,NORDESTE,NE,22,PIAUI,PI,220330,DEMERVAL LOBAO,3.0,2025,DOU,17139.0,7.0,0.0,0.0,0.0,0.0,0.0,0.0,0.0,0.0,0.0,0.0,0.0,24500.0,142.94,demerval_lobao
04/2026,2,NORDESTE,NE,22,PIAUI,PI,220335,DIRCEU ARCOVERDE,3.0,2025,DOU,7259.0,4.0,0.0,0.0,0.0,0.0,0.0,0.0,0.0,0.0,0.0,0.0,0.0,14000.0,192.86,dirceu_arcoverde
04/2026,2,NORDESTE,NE,22,PIAUI,PI,220340,DOM EXPEDITO LOPES,3.0,2025,DOU,6410.0,3.0,0.0,0.0,0.0,0.0,0.0,0.0,0.0,0.0,0.0,0.0,0.0,10500.0,163.8,dom_expedito_lopes
04/2026,2,NORDESTE,NE,22,PIAUI,PI,220345,DOM INOCENCIO,3.0,2025,DOU,9332.0,5.0,0.0,0.0,0.0,0.0,0.0,0.0,0.0,0.0,0.0,0.0,0.0,17500.0,187.52,dom_inocencio
04/2026,2,NORDESTE,NE,22,PIAUI,PI,220342,DOMINGOS MOURAO,3.0,2025,DOU,4129.0,2.0,0.0,0.0,0.0,0.0,0.0,0.0,0.0,0.0,0.0,0.0,0.0,7000.0,169.53,domingos_mourao
04/2026,2,NORDESTE,NE,22,PIAUI,PI,220350,ELESBAO VELOSO,3.0,2025,DOU,13743.0,7.0,0.0,0.0,0.0,0.0,0.0,0.0,0.0,0.0,0.0,0.0,0.0,24500.0,178.27,elesbao_veloso
04/2026,2,NORDESTE,NE,22,PIAUI,PI,220360,ELISEU MARTINS,5.0,2025,DOU,4421.0,2.0,0.0,0.0,0.0,0.0,0.0,0.0,0.0,0.0,0.0,0.0,0.0,7000.0,158.33,eliseu_martins
04/2026,2,NORDESTE,NE,22,PIAUI,PI,220370,ESPERANTINA,2.0,2025,DOU,42710.0,19.0,0.0,0.0,0.0,0.0,0.0,0.0,0.0,0.0,0.0,0.0,0.0,66500.0,155.7,esperantina
04/2026,2,NORDESTE,NE,22,PIAUI,PI,220375,FARTURA DO PIAUI,3.0,2025,DOU,5426.0,3.0,0.0,0.0,0.0,0.0,0.0,0.0,0.0,0.0,0.0,0.0,0.0,10500.0,193.51,fartura_do_piaui
04/2026,2,NORDESTE,NE,22,PIAUI,PI,220380,FLORES DO PIAUI,5.0,2025,DOU,4512.0,2.0,0.0,0.0,0.0,0.0,0.0,0.0,0.0,0.0,0.0,0.0,0.0,7000.0,155.14,flores_do_piaui
04/2026,2,NORDESTE,NE,22,PIAUI,PI,220385,FLORESTA DO PIAUI,3.0,2025,DOU,2354.0,1.0,0.0,0.0,0.0,0.0,0.0,0.0,0.0,0.0,0.0,0.0,0.0,3500.0,148.68,floresta_do_piaui
04/2026,2,NORDESTE,NE,22,PIAUI,PI,220390,FLORIANO,1.0,2025,DOU,64393.0,26.0,0.0,0.0,0.0,0.0,0.0,0.0,0.0,0.0,0.0,0.0,0.0,91000.0,141.31,floriano
04/2026,2,NORDESTE,NE,22,PIAUI,PI,220400,FRANCINOPOLIS,5.0,2025,DOU,4481.0,3.0,0.0,0.0,0.0,0.0,0.0,0.0,0.0,0.0,0.0,0.0,0.0,10500.0,234.32,francinopolis
04/2026,2,NORDESTE,NE,22,PIAUI,PI,220410,FRANCISCO AYRES,3.0,2025,DOU,4548.0,2.0,0.0,0.0,0.0,0.0,0.0,0.0,0.0,0.0,0.0,0.0,0.0,7000.0,153.91,francisco_ayres
04/2026,2,NORDESTE,NE,22,PIAUI,PI,220415,FRANCISCO MACEDO,3.0,2025,DOU,2985.0,2.0,0.0,0.0,0.0,0.0,0.0,0.0,0.0,0.0,0.0,0.0,0.0,7000.0,234.5,francisco_macedo
04/2026,2,NORDESTE,NE,22,PIAUI,PI,220420,FRANCISCO SANTOS,3.0,2025,DOU,8349.0,5.0,0.0,0.0,0.0,0.0,0.0,0.0,0.0,0.0,0.0,0.0,0.0,17500.0,209.6,francisco_santos
04/2026,2,NORDESTE,NE,22,PIAUI,PI,220430,FRONTEIRAS,3.0,2025,DOU,10344.0,6.0,0.0,0.0,0.0,0.0,0.0,0.0,0.0,0.0,0.0,0.0,0.0,21000.0,203.01,fronteiras
04/2026,2,NORDESTE,NE,22,PIAUI,PI,220435,GEMINIANO,3.0,2025,DOU,5604.0,3.0,0.0,0.0,0.0,0.0,0.0,0.0,0.0,0.0,0.0,0.0,0.0,10500.0,187.36,geminiano
04/2026,2,NORDESTE,NE,22,PIAUI,PI,220440,GILBUES,5.0,2025,DOU,11193.0,5.0,0.0,0.0,0.0,0.0,0.0,0.0,0.0,0.0,0.0,0.0,0.0,17500.0,156.34,gilbues
04/2026,2,NORDESTE,NE,22,PIAUI,PI,220450,GUADALUPE,2.0,2025,DOU,10480.0,5.0,0.0,0.0,0.0,0.0,0.0,0.0,0.0,0.0,0.0,0.0,0.0,17500.0,166.98,guadalupe
04/2026,2,NORDESTE,NE,22,PIAUI,PI,220455,GUARIBAS,5.0,2025,DOU,4344.0,2.0,0.0,0.0,0.0,0.0,0.0,0.0,0.0,0.0,0.0,0.0,0.0,7000.0,161.14,guaribas
04/2026,2,NORDESTE,NE,22,PIAUI,PI,220460,HUGO NAPOLEAO,2.0,2025,DOU,3550.0,2.0,0.0,0.0,0.0,0.0,0.0,0.0,0.0,0.0,0.0,0.0,0.0,7000.0,197.18,hugo_napoleao
04/2026,2,NORDESTE,NE,22,PIAUI,PI,220465,ILHA GRANDE,3.0,2025,DOU,9522.0,5.0,0.0,0.0,0.0,0.0,0.0,0.0,0.0,0.0,0.0,0.0,0.0,17500.0,183.78,ilha_grande
04/2026,2,NORDESTE,NE,22,PIAUI,PI,220470,INHUMA,3.0,2025,DOU,15268.0,8.0,0.0,0.0,0.0,0.0,0.0,0.0,0.0,0.0,0.0,0.0,0.0,28000.0,183.39,inhuma
04/2026,2,NORDESTE,NE,22,PIAUI,PI,220480,IPIRANGA DO PIAUI,3.0,2025,DOU,9627.0,5.0,0.0,0.0,0.0,0.0,0.0,0.0,0.0,0.0,0.0,0.0,0.0,17500.0,181.78,ipiranga_do_piaui
04/2026,2,NORDESTE,NE,22,PIAUI,PI,220490,ISAIAS COELHO,3.0,2025,DOU,7867.0,4.0,0.0,0.0,0.0,0.0,0.0,0.0,0.0,0.0,0.0,0.0,0.0,14000.0,177.95,isaias_coelho
04/2026,2,NORDESTE,NE,22,PIAUI,PI,220500,ITAINOPOLIS,3.0,2025,DOU,10969.0,6.0,0.0,0.0,0.0,0.0,0.0,0.0,0.0,0.0,0.0,0.0,0.0,21000.0,191.44,itainopolis
04/2026,2,NORDESTE,NE,22,PIAUI,PI,220510,ITAUEIRA,3.0,2025,DOU,10477.0,6.0,0.0,0.0,0.0,0.0,0.0,0.0,0.0,0.0,0.0,0.0,0.0,21000.0,200.43,itaueira
04/2026,2,NORDESTE,NE,22,PIAUI,PI,220515,JACOBINA DO PIAUI,3.0,2025,DOU,5711.0,3.0,0.0,0.0,0.0,0.0,0.0,0.0,0.0,0.0,0.0,0.0,0.0,10500.0,183.85,jacobina_do_piaui
04/2026,2,NORDESTE,NE,22,PIAUI,PI,220520,JAICOS,3.0,2025,DOU,17789.0,10.0,0.0,0.0,0.0,0.0,0.0,0.0,0.0,0.0,0.0,0.0,0.0,35000.0,196.75,jaicos
04/2026,2,NORDESTE,NE,22,PIAUI,PI,220525,JARDIM DO MULATO,3.0,2025,DOU,4235.0,2.0,0.0,0.0,0.0,0.0,0.0,0.0,0.0,0.0,0.0,0.0,0.0,7000.0,165.28,jardim_do_mulato
04/2026,2,NORDESTE,NE,22,PIAUI,PI,220527,JATOBA DO PIAUI,3.0,2025,DOU,4560.0,2.0,0.0,0.0,0.0,0.0,0.0,0.0,0.0,0.0,0.0,0.0,0.0,7000.0,153.5,jatoba_do_piaui
04/2026,2,NORDESTE,NE,22,PIAUI,PI,220530,JERUMENHA,3.0,2025,DOU,4606.0,2.0,0.0,0.0,0.0,0.0,0.0,0.0,0.0,0.0,0.0,0.0,0.0,7000.0,151.97,jerumenha
04/2026,2,NORDESTE,NE,22,PIAUI,PI,220535,JOAO COSTA,3.0,2025,DOU,3033.0,2.0,0.0,0.0,0.0,0.0,0.0,0.0,0.0,0.0,0.0,0.0,0.0,7000.0,230.79,joao_costa
04/2026,2,NORDESTE,NE,22,PIAUI,PI,220540,JOAQUIM PIRES,3.0,2025,DOU,14265.0,7.0,0.0,0.0,0.0,0.0,0.0,0.0,0.0,0.0,0.0,0.0,0.0,24500.0,171.74,joaquim_pires
04/2026,2,NORDESTE,NE,22,PIAUI,PI,220545,JOCA MARQUES,5.0,2025,DOU,5552.0,3.0,0.0,0.0,0.0,0.0,0.0,0.0,0.0,0.0,0.0,0.0,0.0,10500.0,189.12,joca_marques
04/2026,2,NORDESTE,NE,22,PIAUI,PI,220550,JOSE DE FREITAS,2.0,2025,DOU,44689.0,20.0,0.0,0.0,0.0,0.0,0.0,0.0,0.0,0.0,0.0,0.0,0.0,70000.0,156.63,jose_de_freitas
04/2026,2,NORDESTE,NE,22,PIAUI,PI,220551,JUAZEIRO DO PIAUI,3.0,2025,DOU,5308.0,3.0,0.0,0.0,0.0,0.0,0.0,0.0,0.0,0.0,0.0,0.0,0.0,10500.0,197.81,juazeiro_do_piaui
04/2026,2,NORDESTE,NE,22,PIAUI,PI,220552,JULIO BORGES,5.0,2025,DOU,5501.0,3.0,0.0,0.0,0.0,0.0,0.0,0.0,0.0,0.0,0.0,0.0,0.0,10500.0,190.87,julio_borges
04/2026,2,NORDESTE,NE,22,PIAUI,PI,220553,JUREMA,3.0,2025,DOU,4501.0,2.0,0.0,0.0,0.0,0.0,0.0,0.0,0.0,0.0,0.0,0.0,0.0,7000.0,155.52,jurema
04/2026,2,NORDESTE,NE,22,PIAUI,PI,220555,LAGOA ALEGRE,3.0,2025,DOU,8464.0,4.0,0.0,0.0,0.0,0.0,0.0,0.0,0.0,0.0,0.0,0.0,0.0,14000.0,165.4,lagoa_alegre
04/2026,2,NORDESTE,NE,22,PIAUI,PI,220557,LAGOA DE SAO FRANCISCO,3.0,2025,DOU,6446.0,3.0,0.0,0.0,0.0,0.0,0.0,0.0,0.0,0.0,0.0,0.0,0.0,10500.0,162.89,lagoa_de_sao_francisco
04/2026,2,NORDESTE,NE,22,PIAUI,PI,220556,LAGOA DO BARRO DO PIAUI,3.0,2025,DOU,5171.0,2.0,0.0,0.0,0.0,0.0,0.0,0.0,0.0,0.0,0.0,0.0,0.0,7000.0,135.37,lagoa_do_barro_do_piaui
04/2026,2,NORDESTE,NE,22,PIAUI,PI,220558,LAGOA DO PIAUI,3.0,2025,DOU,5017.0,2.0,0.0,0.0,0.0,0.0,0.0,0.0,0.0,0.0,0.0,0.0,0.0,7000.0,139.52,lagoa_do_piaui
04/2026,2,NORDESTE,NE,22,PIAUI,PI,220559,LAGOA DO SITIO,3.0,2025,DOU,4559.0,3.0,0.0,0.0,0.0,0.0,0.0,0.0,0.0,0.0,0.0,0.0,0.0,10500.0,230.31,lagoa_do_sitio
04/2026,2,NORDESTE,NE,22,PIAUI,PI,220554,LAGOINHA DO PIAUI,3.0,2025,DOU,3044.0,1.0,0.0,0.0,0.0,0.0,0.0,0.0,0.0,0.0,0.0,0.0,0.0,3500.0,114.98,lagoinha_do_piaui
04/2026,2,NORDESTE,NE,22,PIAUI,PI,220560,LANDRI SALES,5.0,2025,DOU,5309.0,3.0,0.0,0.0,0.0,0.0,0.0,0.0,0.0,0.0,0.0,0.0,0.0,10500.0,197.77,landri_sales
04/2026,2,NORDESTE,NE,22,PIAUI,PI,220570,LUIS CORREIA,3.0,2025,DOU,31901.0,15.0,0.0,0.0,0.0,0.0,0.0,0.0,0.0,0.0,0.0,0.0,0.0,52500.0,164.57,luis_correia
04/2026,2,NORDESTE,NE,22,PIAUI,PI,220580,LUZILANDIA,2.0,2025,DOU,26143.0,13.0,0.0,0.0,0.0,0.0,0.0,0.0,0.0,0.0,0.0,0.0,0.0,45500.0,174.04,luzilandia
04/2026,2,NORDESTE,NE,22,PIAUI,PI,220585,MADEIRO,5.0,2025,DOU,8231.0,4.0,0.0,0.0,0.0,0.0,0.0,0.0,0.0,0.0,0.0,0.0,0.0,14000.0,170.08,madeiro
04/2026,2,NORDESTE,NE,22,PIAUI,PI,220590,MANOEL EMIDIO,5.0,2025,DOU,5315.0,3.0,0.0,0.0,0.0,0.0,0.0,0.0,0.0,0.0,0.0,0.0,0.0,10500.0,197.55,manoel_emidio
04/2026,2,NORDESTE,NE,22,PIAUI,PI,220595,MARCOLANDIA,2.0,2025,DOU,8822.0,4.0,0.0,0.0,0.0,0.0,0.0,0.0,0.0,0.0,0.0,0.0,0.0,14000.0,158.69,marcolandia
04/2026,2,NORDESTE,NE,22,PIAUI,PI,220600,MARCOS PARENTE,2.0,2025,DOU,4863.0,2.0,0.0,0.0,0.0,0.0,0.0,0.0,0.0,0.0,0.0,0.0,0.0,7000.0,143.94,marcos_parente
04/2026,2,NORDESTE,NE,22,PIAUI,PI,220605,MASSAPE DO PIAUI,3.0,2025,DOU,5165.0,3.0,0.0,0.0,0.0,0.0,0.0,0.0,0.0,0.0,0.0,0.0,0.0,10500.0,203.29,massape_do_piaui
04/2026,2,NORDESTE,NE,22,PIAUI,PI,220610,MATIAS OLIMPIO,3.0,2025,DOU,10886.0,5.0,0.0,0.0,0.0,0.0,0.0,0.0,0.0,0.0,0.0,0.0,0.0,17500.0,160.75,matias_olimpio
04/2026,2,NORDESTE,NE,22,PIAUI,PI,220620,MIGUEL ALVES,3.0,2025,DOU,33074.0,17.0,0.0,0.0,0.0,0.0,0.0,0.0,0.0,0.0,0.0,0.0,0.0,59500.0,179.89,miguel_alves
04/2026,2,NORDESTE,NE,22,PIAUI,PI,220630,MIGUEL LEAO,3.0,2025,DOU,1355.0,1.0,0.0,0.0,0.0,0.0,0.0,0.0,0.0,0.0,0.0,0.0,0.0,3500.0,258.3,miguel_leao
04/2026,2,NORDESTE,NE,22,PIAUI,PI,220635,MILTON BRANDAO,3.0,2025,DOU,6681.0,3.0,0.0,0.0,0.0,0.0,0.0,0.0,0.0,0.0,0.0,0.0,0.0,10500.0,157.16,milton_brandao
04/2026,2,NORDESTE,NE,22,PIAUI,PI,220640,MONSENHOR GIL,3.0,2025,DOU,10513.0,5.0,0.0,0.0,0.0,0.0,0.0,0.0,0.0,0.0,0.0,0.0,0.0,17500.0,166.46,monsenhor_gil
04/2026,2,NORDESTE,NE,22,PIAUI,PI,220650,MONSENHOR HIPOLITO,3.0,2025,DOU,7762.0,4.0,0.0,0.0,0.0,0.0,0.0,0.0,0.0,0.0,0.0,0.0,0.0,14000.0,180.36,monsenhor_hipolito
04/2026,2,NORDESTE,NE,22,PIAUI,PI,220660,MONTE ALEGRE DO PIAUI,5.0,2025,DOU,10928.0,5.0,0.0,0.0,0.0,0.0,0.0,0.0,0.0,0.0,0.0,0.0,0.0,17500.0,160.13,monte_alegre_do_piaui
04/2026,2,NORDESTE,NE,22,PIAUI,PI,220665,MORRO CABECA NO TEMPO,5.0,2025,DOU,4456.0,2.0,0.0,0.0,0.0,0.0,0.0,0.0,0.0,0.0,0.0,0.0,0.0,7000.0,157.09,morro_cabeca_no_tempo
04/2026,2,NORDESTE,NE,22,PIAUI,PI,220667,MORRO DO CHAPEU DO PIAUI,5.0,2025,DOU,6548.0,3.0,0.0,0.0,0.0,0.0,0.0,0.0,0.0,0.0,0.0,0.0,0.0,10500.0,160.35,morro_do_chapeu_do_piaui
04/2026,2,NORDESTE,NE,22,PIAUI,PI,220669,MURICI DOS PORTELAS,3.0,2025,DOU,10210.0,5.0,0.0,0.0,0.0,0.0,0.0,0.0,0.0,0.0,0.0,0.0,0.0,17500.0,171.4,murici_dos_portelas
04/2026,2,NORDESTE,NE,22,PIAUI,PI,220670,NAZARE DO PIAUI,3.0,2025,DOU,6697.0,4.0,0.0,0.0,0.0,0.0,0.0,0.0,0.0,0.0,0.0,0.0,0.0,14000.0,209.04,nazare_do_piaui
04/2026,2,NORDESTE,NE,22,PIAUI,PI,220672,NAZARIA,3.0,2025,DOU,10821.0,5.0,0.0,0.0,0.0,0.0,0.0,0.0,0.0,0.0,0.0,0.0,0.0,17500.0,161.72,nazaria
04/2026,2,NORDESTE,NE,22,PIAUI,PI,220675,NOSSA SENHORA DE NAZARE,3.0,2025,DOU,5442.0,2.0,0.0,0.0,0.0,0.0,0.0,0.0,0.0,0.0,0.0,0.0,0.0,7000.0,128.62,nossa_senhora_de_nazare
04/2026,2,NORDESTE,NE,22,PIAUI,PI,220680,NOSSA SENHORA DOS REMEDIOS,3.0,2025,DOU,8751.0,4.0,0.0,0.0,0.0,0.0,0.0,0.0,0.0,0.0,0.0,0.0,0.0,14000.0,159.98,nossa_senhora_dos_remedios
04/2026,2,NORDESTE,NE,22,PIAUI,PI,220795,NOVA SANTA RITA,3.0,2025,DOU,4142.0,2.0,0.0,0.0,0.0,0.0,0.0,0.0,0.0,0.0,0.0,0.0,0.0,7000.0,169.0,nova_santa_rita
04/2026,2,NORDESTE,NE,22,PIAUI,PI,220690,NOVO ORIENTE DO PIAUI,3.0,2025,DOU,6158.0,3.0,0.0,0.0,0.0,0.0,0.0,0.0,0.0,0.0,0.0,0.0,0.0,10500.0,170.5,novo_oriente_do_piaui
04/2026,2,NORDESTE,NE,22,PIAUI,PI,220695,NOVO SANTO ANTONIO,3.0,2025,DOU,2888.0,2.0,0.0,0.0,0.0,0.0,0.0,0.0,0.0,0.0,0.0,0.0,0.0,7000.0,242.38,novo_santo_antonio
04/2026,2,NORDESTE,NE,22,PIAUI,PI,220700,OEIRAS,2.0,2025,DOU,39687.0,18.0,0.0,0.0,0.0,0.0,0.0,0.0,0.0,0.0,0.0,0.0,0.0,63000.0,158.74,oeiras
04/2026,2,NORDESTE,NE,22,PIAUI,PI,220710,OLHO D'AGUA DO PIAUI,3.0,2025,DOU,2730.0,1.0,0.0,0.0,0.0,0.0,0.0,0.0,0.0,0.0,0.0,0.0,0.0,3500.0,128.2,olho_d_agua_do_piaui
04/2026,2,NORDESTE,NE,22,PIAUI,PI,220720,PADRE MARCOS,3.0,2025,DOU,6468.0,3.0,0.0,0.0,0.0,0.0,0.0,0.0,0.0,0.0,0.0,0.0,0.0,10500.0,162.33,padre_marcos
04/2026,2,NORDESTE,NE,22,PIAUI,PI,220730,PAES LANDIM,5.0,2025,DOU,4176.0,2.0,0.0,0.0,0.0,0.0,0.0,0.0,0.0,0.0,0.0,0.0,0.0,7000.0,167.62,paes_landim
04/2026,2,NORDESTE,NE,22,PIAUI,PI,220735,PAJEU DO PIAUI,5.0,2025,DOU,3032.0,2.0,0.0,0.0,0.0,0.0,0.0,0.0,0.0,0.0,0.0,0.0,0.0,7000.0,230.87,pajeu_do_piaui
04/2026,2,NORDESTE,NE,22,PIAUI,PI,220740,PALMEIRA DO PIAUI,5.0,2025,DOU,5047.0,3.0,0.0,0.0,0.0,0.0,0.0,0.0,0.0,0.0,0.0,0.0,0.0,10500.0,208.04,palmeira_do_piaui
04/2026,2,NORDESTE,NE,22,PIAUI,PI,220750,PALMEIRAIS,3.0,2025,DOU,13458.0,7.0,0.0,0.0,0.0,0.0,0.0,0.0,0.0,0.0,0.0,0.0,0.0,24500.0,182.04,palmeirais
04/2026,2,NORDESTE,NE,22,PIAUI,PI,220755,PAQUETA,3.0,2025,DOU,3873.0,2.0,0.0,0.0,0.0,0.0,0.0,0.0,0.0,0.0,0.0,0.0,0.0,7000.0,180.73,paqueta
04/2026,2,NORDESTE,NE,22,PIAUI,PI,220760,PARNAGUA,5.0,2025,DOU,10282.0,5.0,0.0,0.0,0.0,0.0,0.0,0.0,0.0,0.0,0.0,0.0,0.0,17500.0,170.2,parnagua
04/2026,2,NORDESTE,NE,22,PIAUI,PI,220770,PARNAIBA,1.0,2025,DOU,170491.0,44.0,0.0,0.0,0.0,0.0,0.0,0.0,0.0,0.0,0.0,0.0,0.0,154000.0,90.32,parnaiba
04/2026,2,NORDESTE,NE,22,PIAUI,PI,220775,PASSAGEM FRANCA DO PIAUI,3.0,2025,DOU,4222.0,2.0,0.0,0.0,0.0,0.0,0.0,0.0,0.0,0.0,0.0,0.0,0.0,7000.0,165.79,passagem_franca_do_piaui
04/2026,2,NORDESTE,NE,22,PIAUI,PI,220777,PATOS DO PIAUI,3.0,2025,DOU,5427.0,3.0,0.0,0.0,0.0,0.0,0.0,0.0,0.0,0.0,0.0,0.0,0.0,10500.0,193.47,patos_do_piaui
04/2026,2,NORDESTE,NE,22,PIAUI,PI,220779,PAU D'ARCO DO PIAUI,3.0,2025,DOU,3979.0,2.0,0.0,0.0,0.0,0.0,0.0,0.0,0.0,0.0,0.0,0.0,0.0,7000.0,175.92,pau_d_arco_do_piaui
04/2026,2,NORDESTE,NE,22,PIAUI,PI,220780,PAULISTANA,2.0,2025,DOU,21633.0,10.0,0.0,0.0,0.0,0.0,0.0,0.0,0.0,0.0,0.0,0.0,0.0,35000.0,161.78,paulistana
04/2026,2,NORDESTE,NE,22,PIAUI,PI,220785,PAVUSSU,5.0,2025,DOU,3697.0,2.0,0.0,0.0,0.0,0.0,0.0,0.0,0.0,0.0,0.0,0.0,0.0,7000.0,189.34,pavussu
04/2026,2,NORDESTE,NE,22,PIAUI,PI,220790,PEDRO II,2.0,2025,DOU,39072.0,15.0,0.0,0.0,0.0,0.0,0.0,0.0,0.0,0.0,0.0,0.0,0.0,52500.0,134.36,pedro_ii
04/2026,2,NORDESTE,NE,22,PIAUI,PI,220793,PEDRO LAURENTINO,5.0,2025,DOU,2517.0,1.0,0.0,0.0,0.0,0.0,0.0,0.0,0.0,0.0,0.0,0.0,0.0,3500.0,139.05,pedro_laurentino
04/2026,2,NORDESTE,NE,22,PIAUI,PI,220800,PICOS,1.0,2025,DOU,86701.0,36.0,0.0,0.0,0.0,0.0,0.0,0.0,1.0,220.0,0.0,0.0,220.0,126220.0,145.58,picos
04/2026,2,NORDESTE,NE,22,PIAUI,PI,220810,PIMENTEIRAS,5.0,2025,DOU,11487.0,6.0,0.0,0.0,0.0,0.0,0.0,0.0,0.0,0.0,0.0,0.0,0.0,21000.0,182.81,pimenteiras
04/2026,2,NORDESTE,NE,22,PIAUI,PI,220820,PIO IX,3.0,2025,DOU,17948.0,9.0,0.0,0.0,0.0,0.0,0.0,0.0,0.0,0.0,0.0,0.0,0.0,31500.0,175.5,pio_ix
04/2026,2,NORDESTE,NE,22,PIAUI,PI,220830,PIRACURUCA,2.0,2025,DOU,29721.0,15.0,0.0,0.0,0.0,0.0,0.0,0.0,0.0,0.0,0.0,0.0,0.0,52500.0,176.64,piracuruca
04/2026,2,NORDESTE,NE,22,PIAUI,PI,220840,PIRIPIRI,1.0,2025,DOU,67887.0,27.0,4.0,0.0,0.0,0.0,1.0,112.0,0.0,0.0,0.0,0.0,112.0,105112.0,154.83,piripiri
04/2026,2,NORDESTE,NE,22,PIAUI,PI,220850,PORTO,3.0,2025,DOU,12323.0,6.0,0.0,0.0,0.0,0.0,0.0,0.0,0.0,0.0,0.0,0.0,0.0,21000.0,170.41,porto
04/2026,2,NORDESTE,NE,22,PIAUI,PI,220855,PORTO ALEGRE DO PIAUI,5.0,2025,DOU,2382.0,1.0,0.0,0.0,0.0,0.0,0.0,0.0,0.0,0.0,0.0,0.0,0.0,3500.0,146.93,porto_alegre_do_piaui
04/2026,2,NORDESTE,NE,22,PIAUI,PI,220860,PRATA DO PIAUI,3.0,2025,DOU,3096.0,2.0,0.0,0.0,0.0,0.0,0.0,0.0,0.0,0.0,0.0,0.0,0.0,7000.0,226.09,prata_do_piaui
04/2026,2,NORDESTE,NE,22,PIAUI,PI,220865,QUEIMADA NOVA,3.0,2025,DOU,8948.0,4.0,0.0,0.0,0.0,0.0,0.0,0.0,0.0,0.0,0.0,0.0,0.0,14000.0,156.45,queimada_nova
04/2026,2,NORDESTE,NE,22,PIAUI,PI,220870,REDENCAO DO GURGUEIA,5.0,2025,DOU,8565.0,4.0,0.0,0.0,0.0,0.0,0.0,0.0,0.0,0.0,0.0,0.0,0.0,14000.0,163.45,redencao_do_gurgueia
04/2026,2,NORDESTE,NE,22,PIAUI,PI,220880,REGENERACAO,1.0,2025,DOU,17400.0,8.0,0.0,0.0,0.0,0.0,1.0,14.0,0.0,0.0,0.0,0.0,14.0,28014.0,161.0,regeneracao
04/2026,2,NORDESTE,NE,22,PIAUI,PI,220885,RIACHO FRIO,5.0,2025,DOU,4238.0,2.0,0.0,0.0,0.0,0.0,0.0,0.0,0.0,0.0,0.0,0.0,0.0,7000.0,165.17,riacho_frio
04/2026,2,NORDESTE,NE,22,PIAUI,PI,220887,RIBEIRA DO PIAUI,5.0,2025,DOU,4105.0,2.0,0.0,0.0,0.0,0.0,0.0,0.0,0.0,0.0,0.0,0.0,0.0,7000.0,170.52,ribeira_do_piaui
04/2026,2,NORDESTE,NE,22,PIAUI,PI,220890,RIBEIRO GONCALVES,5.0,2025,DOU,6182.0,4.0,0.0,0.0,0.0,0.0,0.0,0.0,0.0,0.0,0.0,0.0,0.0,14000.0,226.46,ribeiro_goncalves
04/2026,2,NORDESTE,NE,22,PIAUI,PI,220900,RIO GRANDE DO PIAUI,5.0,2025,DOU,5845.0,3.0,0.0,0.0,0.0,0.0,0.0,0.0,0.0,0.0,0.0,0.0,0.0,10500.0,179.64,rio_grande_do_piaui
04/2026,2,NORDESTE,NE,22,PIAUI,PI,220910,SANTA CRUZ DO PIAUI,3.0,2025,DOU,5872.0,3.0,0.0,0.0,0.0,0.0,0.0,0.0,0.0,0.0,0.0,0.0,0.0,10500.0,178.81,santa_cruz_do_piaui
04/2026,2,NORDESTE,NE,22,PIAUI,PI,220915,SANTA CRUZ DOS MILAGRES,3.0,2025,DOU,3448.0,2.0,0.0,0.0,0.0,0.0,0.0,0.0,0.0,0.0,0.0,0.0,0.0,7000.0,203.01,santa_cruz_dos_milagres
04/2026,2,NORDESTE,NE,22,PIAUI,PI,220920,SANTA FILOMENA,5.0,2025,DOU,6210.0,3.0,0.0,0.0,0.0,0.0,0.0,0.0,0.0,0.0,0.0,0.0,0.0,10500.0,169.08,santa_filomena
04/2026,2,NORDESTE,NE,22,PIAUI,PI,220930,SANTA LUZ,5.0,2025,DOU,5418.0,3.0,0.0,0.0,0.0,0.0,0.0,0.0,0.0,0.0,0.0,0.0,0.0,10500.0,193.79,santa_luz
04/2026,2,NORDESTE,NE,22,PIAUI,PI,220937,SANTA ROSA DO PIAUI,3.0,2025,DOU,4666.0,3.0,0.0,0.0,0.0,0.0,0.0,0.0,0.0,0.0,0.0,0.0,0.0,10500.0,225.03,santa_rosa_do_piaui
04/2026,2,NORDESTE,NE,22,PIAUI,PI,220935,SANTANA DO PIAUI,3.0,2025,DOU,4159.0,2.0,0.0,0.0,0.0,0.0,0.0,0.0,0.0,0.0,0.0,0.0,0.0,7000.0,168.3,santana_do_piaui
04/2026,2,NORDESTE,NE,22,PIAUI,PI,220940,SANTO ANTONIO DE LISBOA,3.0,2025,DOU,5930.0,3.0,0.0,0.0,0.0,0.0,0.0,0.0,0.0,0.0,0.0,0.0,0.0,10500.0,177.06,santo_antonio_de_lisboa
04/2026,2,NORDESTE,NE,22,PIAUI,PI,220945,SANTO ANTONIO DOS MILAGRES,3.0,2025,DOU,2169.0,1.0,0.0,0.0,0.0,0.0,0.0,0.0,0.0,0.0,0.0,0.0,0.0,3500.0,161.36,santo_antonio_dos_milagres
04/2026,2,NORDESTE,NE,22,PIAUI,PI,220950,SANTO INACIO DO PIAUI,3.0,2025,DOU,3682.0,2.0,0.0,0.0,0.0,0.0,0.0,0.0,0.0,0.0,0.0,0.0,0.0,7000.0,190.11,santo_inacio_do_piaui
04/2026,2,NORDESTE,NE,22,PIAUI,PI,220955,SAO BRAZ DO PIAUI,3.0,2025,DOU,4454.0,2.0,0.0,0.0,0.0,0.0,1.0,9.0,0.0,0.0,0.0,0.0,9.0,7009.0,157.36,sao_braz_do_piaui
04/2026,2,NORDESTE,NE,22,PIAUI,PI,220960,SAO FELIX DO PIAUI,3.0,2025,DOU,2879.0,1.0,0.0,0.0,0.0,0.0,0.0,0.0,0.0,0.0,0.0,0.0,0.0,3500.0,121.56,sao_felix_do_piaui
04/2026,2,NORDESTE,NE,22,PIAUI,PI,220965,SAO FRANCISCO DE ASSIS DO PIAUI,5.0,2025,DOU,5713.0,3.0,0.0,0.0,0.0,0.0,0.0,0.0,0.0,0.0,0.0,0.0,0.0,10500.0,183.79,sao_francisco_de_assis_do_piaui
04/2026,2,NORDESTE,NE,22,PIAUI,PI,220970,SAO FRANCISCO DO PIAUI,3.0,2025,DOU,5358.0,3.0,0.0,0.0,0.0,0.0,0.0,0.0,0.0,0.0,0.0,0.0,0.0,10500.0,195.96,sao_francisco_do_piaui
04/2026,2,NORDESTE,NE,22,PIAUI,PI,220975,SAO GONCALO DO GURGUEIA,5.0,2025,DOU,3026.0,2.0,0.0,0.0,0.0,0.0,0.0,0.0,0.0,0.0,0.0,0.0,0.0,7000.0,231.32,sao_goncalo_do_gurgueia
04/2026,2,NORDESTE,NE,22,PIAUI,PI,220980,SAO GONCALO DO PIAUI,3.0,2025,DOU,4985.0,3.0,0.0,0.0,0.0,0.0,0.0,0.0,0.0,0.0,0.0,0.0,0.0,10500.0,210.63,sao_goncalo_do_piaui
04/2026,2,NORDESTE,NE,22,PIAUI,PI,220985,SAO JOAO DA CANABRAVA,3.0,2025,DOU,4359.0,2.0,0.0,0.0,0.0,0.0,0.0,0.0,0.0,0.0,0.0,0.0,0.0,7000.0,160.58,sao_joao_da_canabrava
04/2026,2,NORDESTE,NE,22,PIAUI,PI,220987,SAO JOAO DA FRONTEIRA,3.0,2025,DOU,5608.0,3.0,0.0,0.0,0.0,0.0,0.0,0.0,0.0,0.0,0.0,0.0,0.0,10500.0,187.23,sao_joao_da_fronteira
04/2026,2,NORDESTE,NE,22,PIAUI,PI,220990,SAO JOAO DA SERRA,3.0,2025,DOU,6232.0,3.0,0.0,0.0,0.0,0.0,0.0,0.0,0.0,0.0,0.0,0.0,0.0,10500.0,168.48,sao_joao_da_serra
04/2026,2,NORDESTE,NE,22,PIAUI,PI,220995,SAO JOAO DA VARJOTA,3.0,2025,DOU,4430.0,2.0,0.0,0.0,0.0,0.0,0.0,0.0,0.0,0.0,0.0,0.0,0.0,7000.0,158.01,sao_joao_da_varjota
04/2026,2,NORDESTE,NE,22,PIAUI,PI,220997,SAO JOAO DO ARRAIAL,3.0,2025,DOU,8494.0,4.0,0.0,0.0,0.0,0.0,0.0,0.0,0.0,0.0,0.0,0.0,0.0,14000.0,164.82,sao_joao_do_arraial
04/2026,2,NORDESTE,NE,22,PIAUI,PI,221000,SAO JOAO DO PIAUI,2.0,2025,DOU,22137.0,10.0,0.0,0.0,0.0,0.0,0.0,0.0,0.0,0.0,0.0,0.0,0.0,35000.0,158.1,sao_joao_do_piaui
04/2026,2,NORDESTE,NE,22,PIAUI,PI,221005,SAO JOSE DO DIVINO,3.0,2025,DOU,5317.0,3.0,0.0,0.0,0.0,0.0,0.0,0.0,0.0,0.0,0.0,0.0,0.0,10500.0,197.47,sao_jose_do_divino
04/2026,2,NORDESTE,NE,22,PIAUI,PI,221010,SAO JOSE DO PEIXE,5.0,2025,DOU,3300.0,2.0,0.0,0.0,0.0,0.0,0.0,0.0,0.0,0.0,0.0,0.0,0.0,7000.0,212.12,sao_jose_do_peixe
04/2026,2,NORDESTE,NE,22,PIAUI,PI,221020,SAO JOSE DO PIAUI,3.0,2025,DOU,6733.0,3.0,0.0,0.0,0.0,0.0,0.0,0.0,0.0,0.0,0.0,0.0,0.0,10500.0,155.94,sao_jose_do_piaui
04/2026,2,NORDESTE,NE,22,PIAUI,PI,221030,SAO JULIAO,3.0,2025,DOU,6131.0,3.0,0.0,0.0,0.0,0.0,0.0,0.0,0.0,0.0,0.0,0.0,0.0,10500.0,171.26,sao_juliao
04/2026,2,NORDESTE,NE,22,PIAUI,PI,221035,SAO LOURENCO DO PIAUI,3.0,2025,DOU,4497.0,2.0,0.0,0.0,0.0,0.0,0.0,0.0,0.0,0.0,0.0,0.0,0.0,7000.0,155.65,sao_lourenco_do_piaui
04/2026,2,NORDESTE,NE,22,PIAUI,PI,221037,SAO LUIS DO PIAUI,3.0,2025,DOU,2277.0,1.0,0.0,0.0,0.0,0.0,0.0,0.0,0.0,0.0,0.0,0.0,0.0,3500.0,153.71,sao_luis_do_piaui
04/2026,2,NORDESTE,NE,22,PIAUI,PI,221038,SAO MIGUEL DA BAIXA GRANDE,3.0,2025,DOU,2299.0,1.0,0.0,0.0,0.0,0.0,0.0,0.0,0.0,0.0,0.0,0.0,0.0,3500.0,152.24,sao_miguel_da_baixa_grande
04/2026,2,NORDESTE,NE,22,PIAUI,PI,221039,SAO MIGUEL DO FIDALGO,5.0,2025,DOU,2864.0,2.0,0.0,0.0,0.0,0.0,0.0,0.0,0.0,0.0,0.0,0.0,0.0,7000.0,244.41,sao_miguel_do_fidalgo
04/2026,2,NORDESTE,NE,22,PIAUI,PI,221040,SAO MIGUEL DO TAPUIO,3.0,2025,DOU,17911.0,9.0,0.0,0.0,0.0,0.0,0.0,0.0,0.0,0.0,0.0,0.0,0.0,31500.0,175.86,sao_miguel_do_tapuio
04/2026,2,NORDESTE,NE,22,PIAUI,PI,221050,SAO PEDRO DO PIAUI,3.0,2025,DOU,14055.0,7.0,0.0,0.0,0.0,0.0,0.0,0.0,0.0,0.0,0.0,0.0,0.0,24500.0,174.31,sao_pedro_do_piaui
04/2026,2,NORDESTE,NE,22,PIAUI,PI,221060,SAO RAIMUNDO NONATO,2.0,2025,DOU,41139.0,20.0,0.0,0.0,0.0,0.0,0.0,0.0,1.0,279.0,0.0,0.0,279.0,70279.0,170.83,sao_raimundo_nonato
04/2026,2,NORDESTE,NE,22,PIAUI,PI,221062,SEBASTIAO BARROS,5.0,2025,DOU,3210.0,2.0,0.0,0.0,0.0,0.0,0.0,0.0,0.0,0.0,0.0,0.0,0.0,7000.0,218.06,sebastiao_barros
04/2026,2,NORDESTE,NE,22,PIAUI,PI,221063,SEBASTIAO LEAL,5.0,2025,DOU,4590.0,3.0,0.0,0.0,0.0,0.0,0.0,0.0,0.0,0.0,0.0,0.0,0.0,10500.0,228.75,sebastiao_leal
04/2026,2,NORDESTE,NE,22,PIAUI,PI,221065,SIGEFREDO PACHECO,3.0,2025,DOU,9623.0,5.0,0.0,0.0,0.0,0.0,0.0,0.0,0.0,0.0,0.0,0.0,0.0,17500.0,181.85,sigefredo_pacheco
04/2026,2,NORDESTE,NE,22,PIAUI,PI,221070,SIMOES,3.0,2025,DOU,14664.0,7.0,0.0,0.0,0.0,0.0,0.0,0.0,0.0,0.0,0.0,0.0,0.0,24500.0,167.07,simoes
04/2026,2,NORDESTE,NE,22,PIAUI,PI,221080,SIMPLICIO MENDES,3.0,2025,DOU,14437.0,6.0,0.0,0.0,0.0,0.0,0.0,0.0,0.0,0.0,0.0,0.0,0.0,21000.0,145.45,simplicio_mendes
04/2026,2,NORDESTE,NE,22,PIAUI,PI,221090,SOCORRO DO PIAUI,5.0,2025,DOU,4165.0,2.0,0.0,0.0,0.0,0.0,0.0,0.0,0.0,0.0,0.0,0.0,0.0,7000.0,168.06,socorro_do_piaui
04/2026,2,NORDESTE,NE,22,PIAUI,PI,221093,SUSSUAPARA,3.0,2025,DOU,6346.0,3.0,0.0,0.0,0.0,0.0,0.0,0.0,0.0,0.0,0.0,0.0,0.0,10500.0,165.45,sussuapara
04/2026,2,NORDESTE,NE,22,PIAUI,PI,221095,TAMBORIL DO PIAUI,3.0,2025,DOU,3040.0,1.0,0.0,0.0,0.0,0.0,0.0,0.0,0.0,0.0,0.0,0.0,0.0,3500.0,115.13,tamboril_do_piaui
04/2026,2,NORDESTE,NE,22,PIAUI,PI,221097,TANQUE DO PIAUI,3.0,2025,DOU,2319.0,1.0,0.0,0.0,0.0,0.0,0.0,0.0,0.0,0.0,0.0,0.0,0.0,3500.0,150.92,tanque_do_piaui
04/2026,2,NORDESTE,NE,22,PIAUI,PI,221100,TERESINA,1.0,2025,DOU,905692.0,264.0,0.0,0.0,0.0,0.0,2.0,864.0,0.0,0.0,0.0,0.0,864.0,924864.0,102.11,teresina
04/2026,2,NORDESTE,NE,22,PIAUI,PI,221110,UNIAO,3.0,2025,DOU,47896.0,19.0,0.0,0.0,0.0,0.0,0.0,0.0,0.0,0.0,0.0,0.0,0.0,66500.0,138.84,uniao
04/2026,2,NORDESTE,NE,22,PIAUI,PI,221120,URUCUI,4.0,2025,DOU,26779.0,10.0,3.0,0.0,0.0,0.0,0.0,0.0,0.0,0.0,0.0,0.0,0.0,42875.0,160.1,urucui
04/2026,2,NORDESTE,NE,22,PIAUI,PI,221130,VALENCA DO PIAUI,1.0,2025,DOU,23025.0,10.0,0.0,0.0,0.0,0.0,0.0,0.0,0.0,0.0,0.0,0.0,0.0,35000.0,152.0,valenca_do_piaui
04/2026,2,NORDESTE,NE,22,PIAUI,PI,221135,VARZEA BRANCA,3.0,2025,DOU,5181.0,2.0,0.0,0.0,0.0,0.0,0.0,0.0,0.0,0.0,0.0,0.0,0.0,7000.0,135.1,varzea_branca
04/2026,2,NORDESTE,NE,22,PIAUI,PI,221140,VARZEA GRANDE,3.0,2025,DOU,4520.0,2.0,0.0,0.0,0.0,0.0,0.0,0.0,0.0,0.0,0.0,0.0,0.0,7000.0,154.86,varzea_grande
04/2026,2,NORDESTE,NE,22,PIAUI,PI,221150,VERA MENDES,3.0,2025,DOU,3282.0,2.0,0.0,0.0,0.0,0.0,0.0,0.0,0.0,0.0,0.0,0.0,0.0,7000.0,213.28,vera_mendes
04/2026,2,NORDESTE,NE,22,PIAUI,PI,221160,VILA NOVA DO PIAUI,3.0,2025,DOU,2972.0,1.0,0.0,0.0,0.0,0.0,0.0,0.0,0.0,0.0,0.0,0.0,0.0,3500.0,117.76,vila_nova_do_piaui
04/2026,2,NORDESTE,NE,22,PIAUI,PI,221170,WALL FERRAZ,3.0,2025,DOU,4195.0,2.0,0.0,0.0,0.0,0.0,0.0,0.0,0.0,0.0,0.0,0.0,0.0,7000.0,166.86,wall_ferraz
04/2026,4,SUL,S,41,PARANA,PR,410010,ABATIA,3.0,2025,DOU,7233.0,2.0,0.0,1.0,0.0,0.0,0.0,0.0,0.0,0.0,0.0,0.0,0.0,8750.0,120.97,abatia
04/2026,4,SUL,S,41,PARANA,PR,410020,ADRIANOPOLIS,3.0,2025,DOU,6319.0,3.0,0.0,0.0,0.0,0.0,0.0,0.0,0.0,0.0,0.0,0.0,0.0,10500.0,166.16,adrianopolis
04/2026,4,SUL,S,41,PARANA,PR,410030,AGUDOS DO SUL,3.0,2025,DOU,10770.0,4.0,1.0,0.0,0.0,0.0,0.0,0.0,0.0,0.0,0.0,0.0,0.0,16625.0,154.36,agudos_do_sul
04/2026,4,SUL,S,41,PARANA,PR,410040,ALMIRANTE TAMANDARE,1.0,2025,DOU,125861.0,13.0,4.0,0.0,0.0,0.0,1.0,124.0,0.0,0.0,0.0,0.0,124.0,56124.0,44.59,almirante_tamandare
04/2026,4,SUL,S,41,PARANA,PR,410045,ALTAMIRA DO PARANA,3.0,2025,DOU,3496.0,2.0,0.0,0.0,0.0,0.0,0.0,0.0,0.0,0.0,0.0,0.0,0.0,7000.0,200.22,altamira_do_parana
04/2026,4,SUL,S,41,PARANA,PR,412862,ALTO PARAISO,3.0,2025,DOU,3067.0,1.0,0.0,0.0,0.0,0.0,0.0,0.0,0.0,0.0,0.0,0.0,0.0,3500.0,114.11,alto_paraiso
04/2026,4,SUL,S,41,PARANA,PR,410060,ALTO PARANA,3.0,2025,DOU,14183.0,4.0,0.0,0.0,0.0,0.0,0.0,0.0,0.0,0.0,0.0,0.0,0.0,14000.0,98.7,alto_parana
04/2026,4,SUL,S,41,PARANA,PR,410070,ALTO PIQUIRI,3.0,2025,DOU,9771.0,3.0,0.0,1.0,0.0,0.0,0.0,0.0,0.0,0.0,0.0,0.0,0.0,12250.0,125.37,alto_piquiri
04/2026,4,SUL,S,41,PARANA,PR,410050,ALTONIA,2.0,2025,DOU,18634.0,8.0,0.0,0.0,0.0,0.0,0.0,0.0,0.0,0.0,0.0,0.0,0.0,28000.0,150.26,altonia
04/2026,4,SUL,S,41,PARANA,PR,410080,ALVORADA DO SUL,3.0,2025,DOU,10481.0,5.0,0.0,0.0,0.0,0.0,0.0,0.0,0.0,0.0,0.0,0.0,0.0,17500.0,166.96,alvorada_do_sul
04/2026,4,SUL,S,41,PARANA,PR,410090,AMAPORA,3.0,2025,DOU,4688.0,2.0,0.0,0.0,0.0,0.0,0.0,0.0,0.0,0.0,0.0,0.0,0.0,7000.0,149.31,amapora
04/2026,4,SUL,S,41,PARANA,PR,410100,AMPERE,1.0,2025,DOU,20337.0,6.0,0.0,0.0,0.0,0.0,0.0,0.0,0.0,0.0,0.0,0.0,0.0,21000.0,103.26,ampere
04/2026,4,SUL,S,41,PARANA,PR,410105,ANAHY,3.0,2025,DOU,2971.0,1.0,0.0,0.0,0.0,0.0,0.0,0.0,0.0,0.0,0.0,0.0,0.0,3500.0,117.8,anahy
04/2026,4,SUL,S,41,PARANA,PR,410110,ANDIRA,1.0,2025,DOU,19989.0,7.0,0.0,0.0,0.0,0.0,0.0,0.0,0.0,0.0,0.0,0.0,0.0,24500.0,122.56,andira
04/2026,4,SUL,S,41,PARANA,PR,410115,ANGULO,3.0,2025,DOU,3357.0,1.0,0.0,0.0,0.0,0.0,0.0,0.0,0.0,0.0,0.0,0.0,0.0,3500.0,104.25,angulo
04/2026,4,SUL,S,41,PARANA,PR,410120,ANTONINA,2.0,2025,DOU,18140.0,9.0,0.0,0.0,0.0,0.0,0.0,0.0,0.0,0.0,0.0,0.0,0.0,31500.0,173.64,antonina
04/2026,4,SUL,S,41,PARANA,PR,410130,ANTONIO OLINTO,3.0,2025,DOU,7048.0,3.0,1.0,0.0,0.0,0.0,0.0,0.0,0.0,0.0,0.0,0.0,0.0,13125.0,186.22,antonio_olinto
04/2026,4,SUL,S,41,PARANA,PR,410140,APUCARANA,1.0,2025,DOU,134910.0,44.0,0.0,0.0,0.0,0.0,0.0,0.0,0.0,0.0,0.0,0.0,0.0,154000.0,114.15,apucarana
04/2026,4,SUL,S,41,PARANA,PR,410150,ARAPONGAS,1.0,2025,DOU,124838.0,32.0,0.0,0.0,0.0,0.0,0.0,0.0,0.0,0.0,0.0,0.0,0.0,112000.0,89.71,arapongas
04/2026,4,SUL,S,41,PARANA,PR,410160,ARAPOTI,1.0,2025,DOU,26325.0,7.0,1.0,1.0,0.0,0.0,0.0,0.0,0.0,0.0,0.0,0.0,0.0,28875.0,109.68,arapoti
04/2026,4,SUL,S,41,PARANA,PR,410165,ARAPUA,3.0,2025,DOU,3573.0,2.0,0.0,0.0,0.0,0.0,0.0,0.0,0.0,0.0,0.0,0.0,0.0,7000.0,195.91,arapua
04/2026,4,SUL,S,41,PARANA,PR,410170,ARARUNA,3.0,2025,DOU,14894.0,5.0,1.0,0.0,0.0,0.0,0.0,0.0,0.0,0.0,0.0,0.0,0.0,20125.0,135.12,araruna
04/2026,4,SUL,S,41,PARANA,PR,410180,ARAUCARIA,1.0,2025,DOU,162247.0,36.0,4.0,8.0,0.0,0.0,1.0,113.0,0.0,0.0,0.0,0.0,113.0,150613.0,92.82,araucaria
04/2026,4,SUL,S,41,PARANA,PR,410185,ARIRANHA DO IVAI,3.0,2025,DOU,2351.0,1.0,0.0,0.0,0.0,0.0,0.0,0.0,0.0,0.0,0.0,0.0,0.0,3500.0,148.87,ariranha_do_ivai
04/2026,4,SUL,S,41,PARANA,PR,410190,ASSAI,1.0,2025,DOU,13477.0,5.0,1.0,0.0,0.0,0.0,0.0,0.0,0.0,0.0,0.0,0.0,0.0,20125.0,149.32,assai
04/2026,4,SUL,S,41,PARANA,PR,410200,ASSIS CHATEAUBRIAND,2.0,2025,DOU,38357.0,9.0,2.0,0.0,0.0,0.0,0.0,0.0,0.0,0.0,0.0,0.0,0.0,36750.0,95.81,assis_chateaubriand
04/2026,4,SUL,S,41,PARANA,PR,410210,ASTORGA,1.0,2025,DOU,26203.0,7.0,1.0,3.0,0.0,0.0,0.0,0.0,0.0,0.0,0.0,0.0,0.0,32375.0,123.55,astorga
04/2026,4,SUL,S,41,PARANA,PR,410220,ATALAIA,2.0,2025,DOU,4046.0,2.0,0.0,0.0,0.0,0.0,0.0,0.0,0.0,0.0,0.0,0.0,0.0,7000.0,173.01,atalaia
04/2026,4,SUL,S,41,PARANA,PR,410230,BALSA NOVA,1.0,2025,DOU,13867.0,5.0,0.0,0.0,0.0,0.0,0.0,0.0,0.0,0.0,0.0,0.0,0.0,17500.0,126.19,balsa_nova
04/2026,4,SUL,S,41,PARANA,PR,410240,BANDEIRANTES,1.0,2025,DOU,31747.0,8.0,1.0,1.0,0.0,0.0,0.0,0.0,0.0,0.0,0.0,0.0,0.0,32375.0,101.97,bandeirantes
04/2026,4,SUL,S,41,PARANA,PR,410250,BARBOSA FERRAZ,3.0,2025,DOU,10580.0,6.0,0.0,0.0,0.0,0.0,0.0,0.0,0.0,0.0,0.0,0.0,0.0,21000.0,198.48,barbosa_ferraz
04/2026,4,SUL,S,41,PARANA,PR,410270,BARRA DO JACARE,3.0,2025,DOU,2872.0,1.0,0.0,0.0,0.0,0.0,0.0,0.0,0.0,0.0,0.0,0.0,0.0,3500.0,121.86,barra_do_jacare
04/2026,4,SUL,S,41,PARANA,PR,410260,BARRACAO,2.0,2025,DOU,9903.0,4.0,0.0,0.0,0.0,0.0,0.0,0.0,0.0,0.0,0.0,0.0,0.0,14000.0,141.37,barracao
04/2026,4,SUL,S,41,PARANA,PR,410275,BELA VISTA DA CAROBA,3.0,2025,DOU,4122.0,2.0,0.0,0.0,0.0,0.0,0.0,0.0,0.0,0.0,0.0,0.0,0.0,7000.0,169.82,bela_vista_da_caroba
04/2026,4,SUL,S,41,PARANA,PR,410280,BELA VISTA DO PARAISO,1.0,2025,DOU,14982.0,5.0,0.0,1.0,0.0,0.0,0.0,0.0,0.0,0.0,0.0,0.0,0.0,19250.0,128.48,bela_vista_do_paraiso
04/2026,4,SUL,S,41,PARANA,PR,410290,BITURUNA,3.0,2025,DOU,15650.0,5.0,1.0,0.0,0.0,0.0,0.0,0.0,0.0,0.0,0.0,0.0,0.0,20125.0,128.59,bituruna
04/2026,4,SUL,S,41,PARANA,PR,410300,BOA ESPERANCA,3.0,2025,DOU,4595.0,2.0,0.0,0.0,0.0,0.0,0.0,0.0,0.0,0.0,0.0,0.0,0.0,7000.0,152.33,boa_esperanca
04/2026,4,SUL,S,41,PARANA,PR,410302,BOA ESPERANCA DO IGUACU,3.0,2025,DOU,2421.0,1.0,0.0,0.0,0.0,0.0,0.0,0.0,0.0,0.0,0.0,0.0,0.0,3500.0,144.56,boa_esperanca_do_iguacu
04/2026,4,SUL,S,41,PARANA,PR,410304,BOA VENTURA DE SAO ROQUE,3.0,2025,DOU,6241.0,3.0,0.0,0.0,0.0,0.0,0.0,0.0,0.0,0.0,0.0,0.0,0.0,10500.0,168.24,boa_ventura_de_sao_roque
04/2026,4,SUL,S,41,PARANA,PR,410305,BOA VISTA DA APARECIDA,3.0,2025,DOU,8023.0,4.0,0.0,0.0,0.0,0.0,0.0,0.0,0.0,0.0,0.0,0.0,0.0,14000.0,174.49,boa_vista_da_aparecida
04/2026,4,SUL,S,41,PARANA,PR,410310,BOCAIUVA DO SUL,1.0,2025,DOU,13405.0,3.0,0.0,0.0,0.0,0.0,0.0,0.0,0.0,0.0,0.0,0.0,0.0,10500.0,78.32,bocaiuva_do_sul
04/2026,4,SUL,S,41,PARANA,PR,410315,BOM JESUS DO SUL,3.0,2025,DOU,4072.0,2.0,0.0,0.0,0.0,0.0,0.0,0.0,0.0,0.0,0.0,0.0,0.0,7000.0,171.9,bom_jesus_do_sul
04/2026,4,SUL,S,41,PARANA,PR,410320,BOM SUCESSO,2.0,2025,DOU,6674.0,4.0,0.0,0.0,0.0,0.0,0.0,0.0,0.0,0.0,0.0,0.0,0.0,14000.0,209.76,bom_sucesso
04/2026,4,SUL,S,41,PARANA,PR,410322,BOM SUCESSO DO SUL,3.0,2025,DOU,3244.0,1.0,0.0,0.0,0.0,0.0,0.0,0.0,0.0,0.0,0.0,0.0,0.0,3500.0,107.89,bom_sucesso_do_sul
04/2026,4,SUL,S,41,PARANA,PR,410330,BORRAZOPOLIS,2.0,2025,DOU,7818.0,3.0,0.0,0.0,0.0,0.0,0.0,0.0,0.0,0.0,0.0,0.0,0.0,10500.0,134.3,borrazopolis
04/2026,4,SUL,S,41,PARANA,PR,410335,BRAGANEY,3.0,2025,DOU,4745.0,3.0,0.0,0.0,0.0,0.0,0.0,0.0,0.0,0.0,0.0,0.0,0.0,10500.0,221.28,braganey
04/2026,4,SUL,S,41,PARANA,PR,410337,BRASILANDIA DO SUL,3.0,2025,DOU,3861.0,2.0,0.0,0.0,0.0,0.0,0.0,0.0,0.0,0.0,0.0,0.0,0.0,7000.0,181.3,brasilandia_do_sul
04/2026,4,SUL,S,41,PARANA,PR,410340,CAFEARA,3.0,2025,DOU,2648.0,1.0,0.0,0.0,0.0,0.0,0.0,0.0,0.0,0.0,0.0,0.0,0.0,3500.0,132.17,cafeara
04/2026,4,SUL,S,41,PARANA,PR,410345,CAFELANDIA,1.0,2025,DOU,20145.0,5.0,1.0,0.0,0.0,0.0,0.0,0.0,0.0,0.0,0.0,0.0,0.0,20125.0,99.9,cafelandia
04/2026,4,SUL,S,41,PARANA,PR,410347,CAFEZAL DO SUL,3.0,2025,DOU,4580.0,2.0,0.0,0.0,0.0,0.0,0.0,0.0,0.0,0.0,0.0,0.0,0.0,7000.0,152.83,cafezal_do_sul
04/2026,4,SUL,S,41,PARANA,PR,410350,CALIFORNIA,2.0,2025,DOU,8963.0,3.0,2.0,0.0,0.0,0.0,0.0,0.0,0.0,0.0,0.0,0.0,0.0,15750.0,175.72,california
04/2026,4,SUL,S,41,PARANA,PR,410360,CAMBARA,1.0,2025,DOU,23393.0,6.0,0.0,2.0,0.0,0.0,0.0,0.0,1.0,0.0,0.0,0.0,0.0,24500.0,104.73,cambara
04/2026,4,SUL,S,41,PARANA,PR,410370,CAMBE,1.0,2025,DOU,110923.0,26.0,0.0,0.0,0.0,0.0,0.0,0.0,0.0,0.0,0.0,0.0,0.0,91000.0,82.03,cambe
04/2026,4,SUL,S,41,PARANA,PR,410380,CAMBIRA,1.0,2025,DOU,10045.0,3.0,0.0,0.0,0.0,0.0,0.0,0.0,0.0,0.0,0.0,0.0,0.0,10500.0,104.52,cambira
04/2026,4,SUL,S,41,PARANA,PR,410390,CAMPINA DA LAGOA,2.0,2025,DOU,16014.0,7.0,0.0,0.0,0.0,0.0,0.0,0.0,0.0,0.0,0.0,0.0,0.0,24500.0,152.99,campina_da_lagoa
04/2026,4,SUL,S,41,PARANA,PR,410395,CAMPINA DO SIMAO,3.0,2025,DOU,3954.0,2.0,0.0,0.0,0.0,0.0,0.0,0.0,0.0,0.0,0.0,0.0,0.0,7000.0,177.03,campina_do_simao
04/2026,4,SUL,S,41,PARANA,PR,410400,CAMPINA GRANDE DO SUL,1.0,2025,DOU,50600.0,7.0,0.0,0.0,0.0,0.0,0.0,0.0,0.0,0.0,0.0,0.0,0.0,24500.0,48.41,campina_grande_do_sul
04/2026,4,SUL,S,41,PARANA,PR,410405,CAMPO BONITO,3.0,2025,DOU,3997.0,2.0,0.0,0.0,0.0,0.0,0.0,0.0,0.0,0.0,0.0,0.0,0.0,7000.0,175.13,campo_bonito
04/2026,4,SUL,S,41,PARANA,PR,410410,CAMPO DO TENENTE,3.0,2025,DOU,7693.0,4.0,0.0,0.0,0.0,0.0,0.0,0.0,0.0,0.0,0.0,0.0,0.0,14000.0,181.98,campo_do_tenente
04/2026,4,SUL,S,41,PARANA,PR,410420,CAMPO LARGO,1.0,2025,DOU,144504.0,43.0,0.0,0.0,0.0,0.0,0.0,0.0,1.0,369.0,0.0,0.0,369.0,150869.0,104.4,campo_largo
04/2026,4,SUL,S,41,PARANA,PR,410425,CAMPO MAGRO,1.0,2025,DOU,31888.0,8.0,2.0,0.0,0.0,0.0,0.0,0.0,0.0,0.0,0.0,0.0,0.0,33250.0,104.27,campo_magro
04/2026,4,SUL,S,41,PARANA,PR,410430,CAMPO MOURAO,1.0,2025,DOU,104122.0,22.0,0.0,0.0,0.0,0.0,0.0,0.0,1.0,1019.0,0.0,0.0,1019.0,78019.0,74.93,campo_mourao
04/2026,4,SUL,S,41,PARANA,PR,410440,CANDIDO DE ABREU,3.0,2025,DOU,15081.0,7.0,0.0,0.0,0.0,0.0,0.0,0.0,0.0,0.0,0.0,0.0,0.0,24500.0,162.45,candido_de_abreu
04/2026,4,SUL,S,41,PARANA,PR,410442,CANDOI,3.0,2025,DOU,15174.0,6.0,0.0,0.0,0.0,0.0,0.0,0.0,0.0,0.0,0.0,0.0,0.0,21000.0,138.39,candoi
04/2026,4,SUL,S,41,PARANA,PR,410445,CANTAGALO,3.0,2025,DOU,10672.0,5.0,0.0,0.0,0.0,0.0,0.0,0.0,0.0,0.0,0.0,0.0,0.0,17500.0,163.98,cantagalo
04/2026,4,SUL,S,41,PARANA,PR,410450,CAPANEMA,3.0,2025,DOU,21088.0,8.0,0.0,0.0,0.0,0.0,0.0,0.0,0.0,0.0,0.0,0.0,0.0,28000.0,132.77,capanema
04/2026,4,SUL,S,41,PARANA,PR,410460,CAPITAO LEONIDAS MARQUES,2.0,2025,DOU,14776.0,8.0,0.0,0.0,0.0,0.0,0.0,0.0,0.0,0.0,0.0,0.0,0.0,28000.0,189.49,capitao_leonidas_marques
04/2026,4,SUL,S,41,PARANA,PR,410465,CARAMBEI,1.0,2025,DOU,24469.0,3.0,3.0,0.0,0.0,0.0,0.0,0.0,0.0,0.0,0.0,0.0,0.0,18375.0,75.09,carambei
04/2026,4,SUL,S,41,PARANA,PR,410470,CARLOPOLIS,3.0,2025,DOU,17788.0,8.0,0.0,0.0,0.0,0.0,0.0,0.0,0.0,0.0,0.0,0.0,0.0,28000.0,157.4,carlopolis
04/2026,4,SUL,S,41,PARANA,PR,410480,CASCAVEL,1.0,2025,DOU,368195.0,69.0,25.0,7.0,0.0,0.0,1.0,189.0,0.0,0.0,1.0,3350.0,3539.0,322914.0,87.7,cascavel
04/2026,4,SUL,S,41,PARANA,PR,410490,CASTRO,1.0,2025,DOU,75644.0,19.0,3.0,0.0,0.0,0.0,0.0,0.0,0.0,0.0,0.0,0.0,0.0,74375.0,98.32,castro
04/2026,4,SUL,S,41,PARANA,PR,410500,CATANDUVAS,3.0,2025,DOU,10621.0,4.0,0.0,0.0,0.0,0.0,0.0,0.0,1.0,113.0,0.0,0.0,113.0,14113.0,132.87,catanduvas
04/2026,4,SUL,S,41,PARANA,PR,410510,CENTENARIO DO SUL,2.0,2025,DOU,10903.0,5.0,0.0,0.0,0.0,0.0,0.0,0.0,0.0,0.0,0.0,0.0,0.0,17500.0,160.5,centenario_do_sul
04/2026,4,SUL,S,41,PARANA,PR,410520,CERRO AZUL,3.0,2025,DOU,16287.0,5.0,0.0,0.0,0.0,0.0,0.0,0.0,0.0,0.0,0.0,0.0,0.0,17500.0,107.44,cerro_azul
04/2026,4,SUL,S,41,PARANA,PR,410530,CEU AZUL,3.0,2025,DOU,11255.0,4.0,0.0,0.0,0.0,0.0,0.0,0.0,0.0,0.0,0.0,0.0,0.0,14000.0,124.38,ceu_azul
04/2026,4,SUL,S,41,PARANA,PR,410540,CHOPINZINHO,2.0,2025,DOU,21604.0,11.0,0.0,0.0,0.0,0.0,0.0,0.0,0.0,0.0,0.0,0.0,0.0,38500.0,178.2,chopinzinho
04/2026,4,SUL,S,41,PARANA,PR,410550,CIANORTE,1.0,2025,DOU,82988.0,20.0,4.0,0.0,0.0,0.0,0.0,0.0,2.0,19.0,0.0,0.0,19.0,80519.0,97.02,cianorte
04/2026,4,SUL,S,41,PARANA,PR,410560,CIDADE GAUCHA,2.0,2025,DOU,11705.0,4.0,0.0,0.0,0.0,0.0,0.0,0.0,0.0,0.0,0.0,0.0,0.0,14000.0,119.6,cidade_gaucha
04/2026,4,SUL,S,41,PARANA,PR,410570,CLEVELANDIA,1.0,2025,DOU,14833.0,6.0,0.0,0.0,0.0,0.0,0.0,0.0,0.0,0.0,0.0,0.0,0.0,21000.0,141.57,clevelandia
04/2026,4,SUL,S,41,PARANA,PR,410580,COLOMBO,1.0,2025,DOU,241672.0,78.0,0.0,0.0,0.0,0.0,0.0,0.0,0.0,0.0,0.0,0.0,0.0,273000.0,112.96,colombo
04/2026,4,SUL,S,41,PARANA,PR,410590,COLORADO,1.0,2025,DOU,23313.0,6.0,0.0,0.0,0.0,0.0,0.0,0.0,0.0,0.0,0.0,0.0,0.0,21000.0,90.07,colorado
04/2026,4,SUL,S,41,PARANA,PR,410600,CONGONHINHAS,3.0,2025,DOU,8445.0,3.0,2.0,0.0,0.0,0.0,0.0,0.0,0.0,0.0,0.0,0.0,0.0,15750.0,186.5,congonhinhas
04/2026,4,SUL,S,41,PARANA,PR,410610,CONSELHEIRO MAIRINCK,3.0,2025,DOU,3474.0,2.0,0.0,0.0,0.0,0.0,0.0,0.0,0.0,0.0,0.0,0.0,0.0,7000.0,201.49,conselheiro_mairinck
04/2026,4,SUL,S,41,PARANA,PR,410620,CONTENDA,1.0,2025,DOU,20006.0,4.0,1.0,0.0,0.0,0.0,0.0,0.0,0.0,0.0,0.0,0.0,0.0,16625.0,83.1,contenda
04/2026,4,SUL,S,41,PARANA,PR,410630,CORBELIA,2.0,2025,DOU,17933.0,9.0,0.0,0.0,0.0,0.0,0.0,0.0,0.0,0.0,0.0,0.0,0.0,31500.0,175.65,corbelia
04/2026,4,SUL,S,41,PARANA,PR,410640,CORNELIO PROCOPIO,1.0,2025,DOU,45720.0,12.0,0.0,0.0,0.0,0.0,0.0,0.0,0.0,0.0,0.0,0.0,0.0,42000.0,91.86,cornelio_procopio
04/2026,4,SUL,S,41,PARANA,PR,410645,CORONEL DOMINGOS SOARES,3.0,2025,DOU,5427.0,4.0,0.0,0.0,0.0,0.0,0.0,0.0,0.0,0.0,0.0,0.0,0.0,14000.0,257.96,coronel_domingos_soares
04/2026,4,SUL,S,41,PARANA,PR,410650,CORONEL VIVIDA,2.0,2025,DOU,24010.0,9.0,1.0,0.0,0.0,0.0,0.0,0.0,0.0,0.0,0.0,0.0,0.0,34125.0,142.12,coronel_vivida
04/2026,4,SUL,S,41,PARANA,PR,410655,CORUMBATAI DO SUL,3.0,2025,DOU,3770.0,2.0,0.0,0.0,0.0,0.0,0.0,0.0,0.0,0.0,0.0,0.0,0.0,7000.0,185.67,corumbatai_do_sul
04/2026,4,SUL,S,41,PARANA,PR,410680,CRUZ MACHADO,3.0,2025,DOU,15759.0,5.0,0.0,0.0,0.0,0.0,0.0,0.0,0.0,0.0,0.0,0.0,0.0,17500.0,111.04,cruz_machado
04/2026,4,SUL,S,41,PARANA,PR,410657,CRUZEIRO DO IGUACU,3.0,2025,DOU,4129.0,2.0,0.0,0.0,0.0,0.0,0.0,0.0,0.0,0.0,0.0,0.0,0.0,7000.0,169.53,cruzeiro_do_iguacu
04/2026,4,SUL,S,41,PARANA,PR,410660,CRUZEIRO DO OESTE,1.0,2025,DOU,24859.0,9.0,0.0,0.0,0.0,0.0,0.0,0.0,0.0,0.0,1.0,1107.0,1107.0,32607.0,131.16,cruzeiro_do_oeste
04/2026,4,SUL,S,41,PARANA,PR,410670,CRUZEIRO DO SUL,1.0,2025,DOU,4543.0,2.0,0.0,0.0,0.0,0.0,0.0,0.0,0.0,0.0,0.0,0.0,0.0,7000.0,154.08,cruzeiro_do_sul
04/2026,4,SUL,S,41,PARANA,PR,410685,CRUZMALTINA,3.0,2025,DOU,2870.0,1.0,0.0,1.0,0.0,0.0,0.0,0.0,0.0,0.0,0.0,0.0,0.0,5250.0,182.92,cruzmaltina
04/2026,4,SUL,S,41,PARANA,PR,410690,CURITIBA,1.0,2025,DOU,1830795.0,184.0,54.0,190.0,0.0,0.0,3.0,1210.0,0.0,0.0,0.0,0.0,1210.0,1119460.0,61.14,curitiba
04/2026,4,SUL,S,41,PARANA,PR,410700,CURIUVA,3.0,2025,DOU,13784.0,7.0,0.0,0.0,0.0,0.0,0.0,0.0,0.0,0.0,0.0,0.0,0.0,24500.0,177.74,curiuva
04/2026,4,SUL,S,41,PARANA,PR,410715,DIAMANTE D'OESTE,3.0,2025,DOU,4513.0,2.0,0.0,0.0,0.0,0.0,0.0,0.0,0.0,0.0,0.0,0.0,0.0,7000.0,155.1,diamante_d_oeste
04/2026,4,SUL,S,41,PARANA,PR,410710,DIAMANTE DO NORTE,2.0,2025,DOU,5139.0,2.0,0.0,0.0,0.0,0.0,0.0,0.0,0.0,0.0,0.0,0.0,0.0,7000.0,136.21,diamante_do_norte
04/2026,4,SUL,S,41,PARANA,PR,410712,DIAMANTE DO SUL,3.0,2025,DOU,3147.0,2.0,0.0,0.0,0.0,0.0,0.0,0.0,0.0,0.0,0.0,0.0,0.0,7000.0,222.43,diamante_do_sul
04/2026,4,SUL,S,41,PARANA,PR,410720,DOIS VIZINHOS,1.0,2025,DOU,47589.0,14.0,1.0,2.0,0.0,0.0,0.0,0.0,0.0,0.0,0.0,0.0,0.0,55125.0,115.83,dois_vizinhos
04/2026,4,SUL,S,41,PARANA,PR,410725,DOURADINA,3.0,2025,DOU,9631.0,3.0,0.0,0.0,0.0,0.0,0.0,0.0,0.0,0.0,0.0,0.0,0.0,10500.0,109.02,douradina
04/2026,4,SUL,S,41,PARANA,PR,410730,DOUTOR CAMARGO,2.0,2025,DOU,6517.0,2.0,2.0,0.0,0.0,0.0,0.0,0.0,0.0,0.0,0.0,0.0,0.0,12250.0,187.96,doutor_camargo
04/2026,4,SUL,S,41,PARANA,PR,412863,DOUTOR ULYSSES,3.0,2025,DOU,5744.0,3.0,0.0,0.0,0.0,0.0,0.0,0.0,0.0,0.0,0.0,0.0,0.0,10500.0,182.79,doutor_ulysses
04/2026,4,SUL,S,41,PARANA,PR,410740,ENEAS MARQUES,3.0,2025,DOU,6146.0,2.0,0.0,0.0,0.0,0.0,0.0,0.0,0.0,0.0,0.0,0.0,0.0,7000.0,113.89,eneas_marques
04/2026,4,SUL,S,41,PARANA,PR,410750,ENGENHEIRO BELTRAO,3.0,2025,DOU,12347.0,5.0,0.0,0.0,0.0,0.0,0.0,0.0,0.0,0.0,0.0,0.0,0.0,17500.0,141.73,engenheiro_beltrao
04/2026,4,SUL,S,41,PARANA,PR,410753,ENTRE RIOS DO OESTE,3.0,2025,DOU,4770.0,1.0,0.0,1.0,0.0,0.0,0.0,0.0,0.0,0.0,0.0,0.0,0.0,5250.0,110.06,entre_rios_do_oeste
04/2026,4,SUL,S,41,PARANA,PR,410752,ESPERANCA NOVA,3.0,2025,DOU,1852.0,1.0,0.0,0.0,0.0,0.0,0.0,0.0,0.0,0.0,0.0,0.0,0.0,3500.0,188.98,esperanca_nova
04/2026,4,SUL,S,41,PARANA,PR,410754,ESPIGAO ALTO DO IGUACU,3.0,2025,DOU,4880.0,2.0,0.0,0.0,0.0,0.0,0.0,0.0,0.0,0.0,0.0,0.0,0.0,7000.0,143.44,espigao_alto_do_iguacu
04/2026,4,SUL,S,41,PARANA,PR,410755,FAROL,3.0,2025,DOU,2994.0,2.0,0.0,0.0,0.0,0.0,0.0,0.0,0.0,0.0,0.0,0.0,0.0,7000.0,233.8,farol
04/2026,4,SUL,S,41,PARANA,PR,410760,FAXINAL,1.0,2025,DOU,16596.0,5.0,0.0,0.0,0.0,0.0,0.0,0.0,0.0,0.0,0.0,0.0,0.0,17500.0,105.44,faxinal
04/2026,4,SUL,S,41,PARANA,PR,410765,FAZENDA RIO GRANDE,1.0,2025,DOU,165943.0,29.0,0.0,0.0,0.0,0.0,0.0,0.0,0.0,0.0,0.0,0.0,0.0,101500.0,61.16,fazenda_rio_grande
04/2026,4,SUL,S,41,PARANA,PR,410770,FENIX,2.0,2025,DOU,4488.0,2.0,0.0,0.0,0.0,0.0,0.0,0.0,0.0,0.0,0.0,0.0,0.0,7000.0,155.97,fenix
04/2026,4,SUL,S,41,PARANA,PR,410773,FERNANDES PINHEIRO,3.0,2025,DOU,6400.0,2.0,0.0,0.0,0.0,0.0,0.0,0.0,0.0,0.0,0.0,0.0,0.0,7000.0,109.37,fernandes_pinheiro
04/2026,4,SUL,S,41,PARANA,PR,410775,FIGUEIRA,3.0,2025,DOU,8129.0,3.0,0.0,0.0,0.0,0.0,0.0,0.0,0.0,0.0,0.0,0.0,0.0,10500.0,129.16,figueira
04/2026,4,SUL,S,41,PARANA,PR,410785,FLOR DA SERRA DO SUL,3.0,2025,DOU,4342.0,2.0,0.0,0.0,0.0,0.0,0.0,0.0,0.0,0.0,0.0,0.0,0.0,7000.0,161.21,flor_da_serra_do_sul
04/2026,4,SUL,S,41,PARANA,PR,410780,FLORAI,2.0,2025,DOU,4805.0,2.0,0.0,0.0,0.0,0.0,0.0,0.0,0.0,0.0,0.0,0.0,0.0,7000.0,145.68,florai
04/2026,4,SUL,S,41,PARANA,PR,410790,FLORESTA,1.0,2025,DOU,11522.0,3.0,1.0,0.0,0.0,0.0,0.0,0.0,0.0,0.0,0.0,0.0,0.0,13125.0,113.91,floresta
04/2026,4,SUL,S,41,PARANA,PR,410800,FLORESTOPOLIS,2.0,2025,DOU,11653.0,4.0,0.0,0.0,0.0,0.0,0.0,0.0,0.0,0.0,0.0,0.0,0.0,14000.0,120.14,florestopolis
04/2026,4,SUL,S,41,PARANA,PR,410810,FLORIDA,3.0,2025,DOU,2711.0,1.0,0.0,0.0,0.0,0.0,0.0,0.0,0.0,0.0,0.0,0.0,0.0,3500.0,129.1,florida
04/2026,4,SUL,S,41,PARANA,PR,410820,FORMOSA DO OESTE,3.0,2025,DOU,7763.0,3.0,0.0,0.0,0.0,0.0,0.0,0.0,0.0,0.0,0.0,0.0,0.0,10500.0,135.25,formosa_do_oeste
04/2026,4,SUL,S,41,PARANA,PR,410830,FOZ DO IGUACU,1.0,2025,DOU,297352.0,89.0,6.0,0.0,0.0,0.0,1.0,404.0,0.0,0.0,1.0,4225.0,4629.0,331879.0,111.61,foz_do_iguacu
04/2026,4,SUL,S,41,PARANA,PR,410845,FOZ DO JORDAO,3.0,2025,DOU,4893.0,3.0,0.0,0.0,0.0,0.0,0.0,0.0,0.0,0.0,0.0,0.0,0.0,10500.0,214.59,foz_do_jordao
04/2026,4,SUL,S,41,PARANA,PR,410832,FRANCISCO ALVES,3.0,2025,DOU,8573.0,3.0,0.0,0.0,0.0,0.0,0.0,0.0,0.0,0.0,0.0,0.0,0.0,10500.0,122.47,francisco_alves
04/2026,4,SUL,S,41,PARANA,PR,410840,FRANCISCO BELTRAO,1.0,2025,DOU,102312.0,22.0,6.0,0.0,0.0,0.0,0.0,0.0,1.0,0.0,0.0,0.0,0.0,92750.0,90.65,francisco_beltrao
04/2026,4,SUL,S,41,PARANA,PR,410850,GENERAL CARNEIRO,3.0,2025,DOU,10691.0,3.0,0.0,0.0,0.0,0.0,0.0,0.0,0.0,0.0,0.0,0.0,0.0,10500.0,98.21,general_carneiro
04/2026,4,SUL,S,41,PARANA,PR,410855,GODOY MOREIRA,3.0,2025,DOU,2911.0,1.0,0.0,0.0,0.0,0.0,0.0,0.0,0.0,0.0,0.0,0.0,0.0,3500.0,120.23,godoy_moreira
04/2026,4,SUL,S,41,PARANA,PR,410860,GOIOERE,1.0,2025,DOU,30025.0,9.0,0.0,0.0,0.0,0.0,0.0,0.0,0.0,0.0,0.0,0.0,0.0,31500.0,104.91,goioere
04/2026,4,SUL,S,41,PARANA,PR,410865,GOIOXIM,3.0,2025,DOU,6469.0,3.0,0.0,0.0,0.0,0.0,0.0,0.0,0.0,0.0,0.0,0.0,0.0,10500.0,162.31,goioxim
04/2026,4,SUL,S,41,PARANA,PR,410870,GRANDES RIOS,3.0,2025,DOU,5527.0,3.0,0.0,0.0,0.0,0.0,0.0,0.0,0.0,0.0,0.0,0.0,0.0,10500.0,189.97,grandes_rios
04/2026,4,SUL,S,41,PARANA,PR,410880,GUAIRA,1.0,2025,DOU,33058.0,11.0,0.0,1.0,0.0,0.0,0.0,0.0,1.0,525.0,0.0,0.0,525.0,40775.0,123.34,guaira
04/2026,4,SUL,S,41,PARANA,PR,410890,GUAIRACA,2.0,2025,DOU,6762.0,3.0,0.0,0.0,0.0,0.0,0.0,0.0,0.0,0.0,0.0,0.0,0.0,10500.0,155.27,guairaca
04/2026,4,SUL,S,41,PARANA,PR,410895,GUAMIRANGA,3.0,2025,DOU,7916.0,4.0,0.0,0.0,0.0,0.0,0.0,0.0,0.0,0.0,0.0,0.0,0.0,14000.0,176.85,guamiranga
04/2026,4,SUL,S,41,PARANA,PR,410900,GUAPIRAMA,3.0,2025,DOU,4857.0,3.0,0.0,0.0,0.0,0.0,0.0,0.0,0.0,0.0,0.0,0.0,0.0,10500.0,216.18,guapirama
04/2026,4,SUL,S,41,PARANA,PR,410910,GUAPOREMA,3.0,2025,DOU,2210.0,1.0,0.0,0.0,0.0,0.0,0.0,0.0,0.0,0.0,0.0,0.0,0.0,3500.0,158.37,guaporema
04/2026,4,SUL,S,41,PARANA,PR,410920,GUARACI,3.0,2025,DOU,4743.0,2.0,2.0,0.0,0.0,0.0,0.0,0.0,0.0,0.0,0.0,0.0,0.0,12250.0,258.27,guaraci
04/2026,4,SUL,S,41,PARANA,PR,410930,GUARANIACU,3.0,2025,DOU,13770.0,5.0,0.0,0.0,0.0,0.0,0.0,0.0,0.0,0.0,0.0,0.0,0.0,17500.0,127.08,guaraniacu
04/2026,4,SUL,S,41,PARANA,PR,410940,GUARAPUAVA,1.0,2025,DOU,189630.0,35.0,0.0,0.0,0.0,0.0,0.0,0.0,0.0,0.0,0.0,0.0,0.0,122500.0,64.59,guarapuava
04/2026,4,SUL,S,41,PARANA,PR,410950,GUARAQUECABA,3.0,2025,DOU,7446.0,3.0,0.0,0.0,0.0,0.0,0.0,0.0,0.0,0.0,0.0,0.0,0.0,10500.0,141.01,guaraquecaba
04/2026,4,SUL,S,41,PARANA,PR,410960,GUARATUBA,2.0,2025,DOU,44913.0,14.0,0.0,0.0,0.0,0.0,0.0,0.0,0.0,0.0,0.0,0.0,0.0,49000.0,109.09,guaratuba
04/2026,4,SUL,S,41,PARANA,PR,410965,HONORIO SERPA,3.0,2025,DOU,4803.0,3.0,0.0,0.0,0.0,0.0,0.0,0.0,0.0,0.0,0.0,0.0,0.0,10500.0,218.61,honorio_serpa
04/2026,4,SUL,S,41,PARANA,PR,410970,IBAITI,2.0,2025,DOU,29464.0,15.0,0.0,0.0,0.0,0.0,0.0,0.0,0.0,0.0,0.0,0.0,0.0,52500.0,178.18,ibaiti
04/2026,4,SUL,S,41,PARANA,PR,410975,IBEMA,3.0,2025,DOU,6343.0,1.0,0.0,2.0,0.0,0.0,0.0,0.0,0.0,0.0,0.0,0.0,0.0,7000.0,110.35,ibema
04/2026,4,SUL,S,41,PARANA,PR,410980,IBIPORA,1.0,2025,DOU,53276.0,14.0,0.0,0.0,0.0,0.0,0.0,0.0,0.0,0.0,0.0,0.0,0.0,49000.0,91.97,ibipora
04/2026,4,SUL,S,41,PARANA,PR,410990,ICARAIMA,3.0,2025,DOU,9149.0,4.0,0.0,0.0,0.0,0.0,0.0,0.0,0.0,0.0,0.0,0.0,0.0,14000.0,153.02,icaraima
04/2026,4,SUL,S,41,PARANA,PR,411000,IGUARACU,1.0,2025,DOU,5693.0,1.0,2.0,0.0,0.0,0.0,0.0,0.0,0.0,0.0,0.0,0.0,0.0,8750.0,153.69,iguaracu
04/2026,4,SUL,S,41,PARANA,PR,411005,IGUATU,3.0,2025,DOU,2156.0,1.0,0.0,0.0,0.0,0.0,0.0,0.0,0.0,0.0,0.0,0.0,0.0,3500.0,162.33,iguatu
04/2026,4,SUL,S,41,PARANA,PR,411007,IMBAU,3.0,2025,DOU,15068.0,4.0,0.0,0.0,0.0,0.0,0.0,0.0,0.0,0.0,0.0,0.0,0.0,14000.0,92.91,imbau
04/2026,4,SUL,S,41,PARANA,PR,411010,IMBITUVA,2.0,2025,DOU,30849.0,9.0,1.0,0.0,0.0,0.0,0.0,0.0,0.0,0.0,0.0,0.0,0.0,34125.0,110.61,imbituva
04/2026,4,SUL,S,41,PARANA,PR,411020,INACIO MARTINS,3.0,2025,DOU,9555.0,4.0,0.0,1.0,0.0,0.0,0.0,0.0,0.0,0.0,0.0,0.0,0.0,15750.0,164.83,inacio_martins
04/2026,4,SUL,S,41,PARANA,PR,411040,INDIANOPOLIS,3.0,2025,DOU,4544.0,2.0,0.0,0.0,0.0,0.0,0.0,0.0,0.0,0.0,0.0,0.0,0.0,7000.0,154.04,indianopolis
04/2026,4,SUL,S,41,PARANA,PR,411050,IPIRANGA,3.0,2025,DOU,14317.0,6.0,0.0,1.0,0.0,0.0,0.0,0.0,0.0,0.0,0.0,0.0,0.0,22750.0,158.9,ipiranga
04/2026,4,SUL,S,41,PARANA,PR,411060,IPORA,2.0,2025,DOU,16102.0,6.0,0.0,0.0,0.0,0.0,0.0,0.0,0.0,0.0,0.0,0.0,0.0,21000.0,130.41,ipora
04/2026,4,SUL,S,41,PARANA,PR,411065,IRACEMA DO OESTE,3.0,2025,DOU,2328.0,1.0,0.0,0.0,0.0,0.0,0.0,0.0,0.0,0.0,0.0,0.0,0.0,3500.0,150.34,iracema_do_oeste
04/2026,4,SUL,S,41,PARANA,PR,411070,IRATI,1.0,2025,DOU,61004.0,11.0,1.0,0.0,0.0,0.0,0.0,0.0,0.0,0.0,0.0,0.0,0.0,41125.0,67.41,irati
04/2026,4,SUL,S,41,PARANA,PR,411080,IRETAMA,3.0,2025,DOU,10832.0,5.0,0.0,0.0,0.0,0.0,0.0,0.0,0.0,0.0,0.0,0.0,0.0,17500.0,161.55,iretama
04/2026,4,SUL,S,41,PARANA,PR,411090,ITAGUAJE,2.0,2025,DOU,4530.0,2.0,0.0,0.0,0.0,0.0,0.0,0.0,0.0,0.0,0.0,0.0,0.0,7000.0,154.52,itaguaje
04/2026,4,SUL,S,41,PARANA,PR,411095,ITAIPULANDIA,3.0,2025,DOU,12116.0,4.0,0.0,0.0,0.0,0.0,0.0,0.0,0.0,0.0,0.0,0.0,0.0,14000.0,115.54,itaipulandia
04/2026,4,SUL,S,41,PARANA,PR,411100,ITAMBARACA,3.0,2025,DOU,5819.0,3.0,0.0,0.0,0.0,0.0,0.0,0.0,0.0,0.0,0.0,0.0,0.0,10500.0,180.44,itambaraca
04/2026,4,SUL,S,41,PARANA,PR,411110,ITAMBE,1.0,2025,DOU,6228.0,2.0,0.0,0.0,0.0,0.0,0.0,0.0,0.0,0.0,0.0,0.0,0.0,7000.0,112.39,itambe
04/2026,4,SUL,S,41,PARANA,PR,411120,ITAPEJARA D'OESTE,3.0,2025,DOU,12869.0,5.0,0.0,0.0,0.0,0.0,0.0,0.0,0.0,0.0,0.0,0.0,0.0,17500.0,135.98,itapejara_d_oeste
04/2026,4,SUL,S,41,PARANA,PR,411125,ITAPERUCU,1.0,2025,DOU,33310.0,6.0,1.0,0.0,0.0,0.0,0.0,0.0,0.0,0.0,0.0,0.0,0.0,23625.0,70.92,itaperucu
04/2026,4,SUL,S,41,PARANA,PR,411130,ITAUNA DO SUL,3.0,2025,DOU,3607.0,2.0,0.0,0.0,0.0,0.0,0.0,0.0,0.0,0.0,0.0,0.0,0.0,7000.0,194.06,itauna_do_sul
04/2026,4,SUL,S,41,PARANA,PR,411140,IVAI,3.0,2025,DOU,13476.0,4.0,3.0,0.0,0.0,0.0,0.0,0.0,0.0,0.0,0.0,0.0,0.0,21875.0,162.32,ivai
04/2026,4,SUL,S,41,PARANA,PR,411150,IVAIPORA,1.0,2025,DOU,33566.0,10.0,0.0,2.0,0.0,0.0,0.0,0.0,0.0,0.0,0.0,0.0,0.0,38500.0,114.69,ivaipora
04/2026,4,SUL,S,41,PARANA,PR,411155,IVATE,3.0,2025,DOU,6788.0,3.0,0.0,0.0,0.0,0.0,0.0,0.0,0.0,0.0,0.0,0.0,0.0,10500.0,154.68,ivate
04/2026,4,SUL,S,41,PARANA,PR,411160,IVATUBA,3.0,2025,DOU,2685.0,1.0,0.0,0.0,0.0,0.0,0.0,0.0,0.0,0.0,0.0,0.0,0.0,3500.0,130.35,ivatuba
04/2026,4,SUL,S,41,PARANA,PR,411170,JABOTI,3.0,2025,DOU,5655.0,2.0,0.0,0.0,0.0,0.0,0.0,0.0,0.0,0.0,0.0,0.0,0.0,7000.0,123.78,jaboti
04/2026,4,SUL,S,41,PARANA,PR,411180,JACAREZINHO,1.0,2025,DOU,41493.0,13.0,3.0,0.0,0.0,0.0,0.0,0.0,0.0,0.0,0.0,0.0,0.0,53375.0,128.63,jacarezinho
04/2026,4,SUL,S,41,PARANA,PR,411190,JAGUAPITA,1.0,2025,DOU,15908.0,5.0,0.0,0.0,0.0,0.0,0.0,0.0,0.0,0.0,0.0,0.0,0.0,17500.0,110.0,jaguapita
04/2026,4,SUL,S,41,PARANA,PR,411200,JAGUARIAIVA,1.0,2025,DOU,36384.0,4.0,7.0,0.0,0.0,0.0,0.0,0.0,0.0,0.0,0.0,0.0,0.0,32375.0,88.98,jaguariaiva
04/2026,4,SUL,S,41,PARANA,PR,411210,JANDAIA DO SUL,1.0,2025,DOU,21930.0,6.0,0.0,0.0,0.0,0.0,0.0,0.0,0.0,0.0,0.0,0.0,0.0,21000.0,95.75,jandaia_do_sul
04/2026,4,SUL,S,41,PARANA,PR,411220,JANIOPOLIS,3.0,2025,DOU,5807.0,2.0,1.0,0.0,0.0,0.0,0.0,0.0,0.0,0.0,0.0,0.0,0.0,9625.0,165.74,janiopolis
04/2026,4,SUL,S,41,PARANA,PR,411230,JAPIRA,3.0,2025,DOU,5054.0,2.0,0.0,0.0,0.0,0.0,0.0,0.0,0.0,0.0,0.0,0.0,0.0,7000.0,138.5,japira
04/2026,4,SUL,S,41,PARANA,PR,411240,JAPURA,2.0,2025,DOU,9393.0,3.0,0.0,0.0,0.0,0.0,0.0,0.0,0.0,0.0,0.0,0.0,0.0,10500.0,111.78,japura
04/2026,4,SUL,S,41,PARANA,PR,411250,JARDIM ALEGRE,3.0,2025,DOU,12138.0,5.0,0.0,0.0,0.0,0.0,0.0,0.0,0.0,0.0,0.0,0.0,0.0,17500.0,144.17,jardim_alegre
04/2026,4,SUL,S,41,PARANA,PR,411260,JARDIM OLINDA,3.0,2025,DOU,1349.0,1.0,0.0,0.0,0.0,0.0,0.0,0.0,0.0,0.0,0.0,0.0,0.0,3500.0,259.45,jardim_olinda
04/2026,4,SUL,S,41,PARANA,PR,411270,JATAIZINHO,1.0,2025,DOU,11996.0,4.0,0.0,0.0,0.0,0.0,0.0,0.0,0.0,0.0,0.0,0.0,0.0,14000.0,116.7,jataizinho
04/2026,4,SUL,S,41,PARANA,PR,411275,JESUITAS,3.0,2025,DOU,10954.0,3.0,0.0,0.0,0.0,0.0,0.0,0.0,0.0,0.0,0.0,0.0,0.0,10500.0,95.85,jesuitas
04/2026,4,SUL,S,41,PARANA,PR,411280,JOAQUIM TAVORA,2.0,2025,DOU,12341.0,4.0,0.0,0.0,0.0,0.0,0.0,0.0,0.0,0.0,0.0,0.0,0.0,14000.0,113.44,joaquim_tavora
04/2026,4,SUL,S,41,PARANA,PR,411290,JUNDIAI DO SUL,3.0,2025,DOU,3372.0,2.0,0.0,0.0,0.0,0.0,0.0,0.0,0.0,0.0,0.0,0.0,0.0,7000.0,207.59,jundiai_do_sul
04/2026,4,SUL,S,41,PARANA,PR,411295,JURANDA,3.0,2025,DOU,7899.0,4.0,0.0,0.0,0.0,0.0,0.0,0.0,0.0,0.0,0.0,0.0,0.0,14000.0,177.23,juranda
04/2026,4,SUL,S,41,PARANA,PR,411300,JUSSARA,2.0,2025,DOU,6786.0,3.0,0.0,0.0,0.0,0.0,0.0,0.0,0.0,0.0,0.0,0.0,0.0,10500.0,154.73,jussara
04/2026,4,SUL,S,41,PARANA,PR,411310,KALORE,3.0,2025,DOU,4666.0,2.0,0.0,0.0,0.0,0.0,0.0,0.0,0.0,0.0,0.0,0.0,0.0,7000.0,150.02,kalore
04/2026,4,SUL,S,41,PARANA,PR,411320,LAPA,1.0,2025,DOU,45878.0,11.0,2.0,0.0,0.0,0.0,0.0,0.0,0.0,0.0,0.0,0.0,0.0,43750.0,95.36,lapa
04/2026,4,SUL,S,41,PARANA,PR,411325,LARANJAL,3.0,2025,DOU,5525.0,3.0,0.0,0.0,0.0,0.0,0.0,0.0,0.0,0.0,0.0,0.0,0.0,10500.0,190.04,laranjal
04/2026,4,SUL,S,41,PARANA,PR,411330,LARANJEIRAS DO SUL,2.0,2025,DOU,33179.0,12.0,0.0,0.0,0.0,0.0,0.0,0.0,0.0,0.0,0.0,0.0,0.0,42000.0,126.58,laranjeiras_do_sul
04/2026,4,SUL,S,41,PARANA,PR,411340,LEOPOLIS,3.0,2025,DOU,3725.0,2.0,0.0,0.0,0.0,0.0,0.0,0.0,0.0,0.0,0.0,0.0,0.0,7000.0,187.91,leopolis
04/2026,4,SUL,S,41,PARANA,PR,411342,LIDIANOPOLIS,3.0,2025,DOU,3987.0,2.0,0.0,0.0,0.0,0.0,0.0,0.0,0.0,0.0,0.0,0.0,0.0,7000.0,175.57,lidianopolis
04/2026,4,SUL,S,41,PARANA,PR,411345,LINDOESTE,3.0,2025,DOU,5217.0,2.0,0.0,0.0,0.0,0.0,0.0,0.0,0.0,0.0,0.0,0.0,0.0,7000.0,134.17,lindoeste
04/2026,4,SUL,S,41,PARANA,PR,411350,LOANDA,1.0,2025,DOU,23966.0,6.0,0.0,0.0,0.0,0.0,0.0,0.0,1.0,0.0,0.0,0.0,0.0,21000.0,87.62,loanda
04/2026,4,SUL,S,41,PARANA,PR,411360,LOBATO,2.0,2025,DOU,4707.0,1.0,0.0,0.0,0.0,0.0,0.0,0.0,0.0,0.0,0.0,0.0,0.0,3500.0,74.35,lobato
04/2026,4,SUL,S,41,PARANA,PR,411370,LONDRINA,1.0,2025,DOU,581382.0,95.0,4.0,4.0,0.0,0.0,1.0,855.0,0.0,0.0,0.0,0.0,855.0,350855.0,60.34,londrina
04/2026,4,SUL,S,41,PARANA,PR,411373,LUIZIANA,3.0,2025,DOU,6659.0,3.0,1.0,0.0,0.0,0.0,0.0,0.0,0.0,0.0,0.0,0.0,0.0,13125.0,197.1,luiziana
04/2026,4,SUL,S,41,PARANA,PR,411375,LUNARDELLI,3.0,2025,DOU,4864.0,2.0,0.0,0.0,0.0,0.0,0.0,0.0,0.0,0.0,0.0,0.0,0.0,7000.0,143.91,lunardelli
04/2026,4,SUL,S,41,PARANA,PR,411380,LUPIONOPOLIS,3.0,2025,DOU,4929.0,2.0,0.0,0.0,0.0,0.0,0.0,0.0,0.0,0.0,0.0,0.0,0.0,7000.0,142.01,lupionopolis
04/2026,4,SUL,S,41,PARANA,PR,411390,MALLET,3.0,2025,DOU,13681.0,6.0,0.0,0.0,0.0,0.0,0.0,0.0,0.0,0.0,0.0,0.0,0.0,21000.0,153.49,mallet
04/2026,4,SUL,S,41,PARANA,PR,411400,MAMBORE,3.0,2025,DOU,13551.0,4.0,0.0,0.0,0.0,0.0,0.0,0.0,0.0,0.0,0.0,0.0,0.0,14000.0,103.31,mambore
04/2026,4,SUL,S,41,PARANA,PR,411410,MANDAGUACU,1.0,2025,DOU,34521.0,5.0,3.0,1.0,0.0,0.0,0.0,0.0,0.0,0.0,0.0,0.0,0.0,27125.0,78.57,mandaguacu
04/2026,4,SUL,S,41,PARANA,PR,411420,MANDAGUARI,1.0,2025,DOU,38313.0,12.0,0.0,0.0,0.0,0.0,0.0,0.0,0.0,0.0,0.0,0.0,0.0,42000.0,109.62,mandaguari
04/2026,4,SUL,S,41,PARANA,PR,411430,MANDIRITUBA,1.0,2025,DOU,29104.0,7.0,0.0,0.0,0.0,0.0,0.0,0.0,0.0,0.0,0.0,0.0,0.0,24500.0,84.18,mandirituba
04/2026,4,SUL,S,41,PARANA,PR,411435,MANFRINOPOLIS,3.0,2025,DOU,2790.0,2.0,0.0,0.0,0.0,0.0,0.0,0.0,0.0,0.0,0.0,0.0,0.0,7000.0,250.89,manfrinopolis
04/2026,4,SUL,S,41,PARANA,PR,411440,MANGUEIRINHA,3.0,2025,DOU,16737.0,8.0,0.0,0.0,0.0,0.0,0.0,0.0,0.0,0.0,0.0,0.0,0.0,28000.0,167.29,mangueirinha
04/2026,4,SUL,S,41,PARANA,PR,411450,MANOEL RIBAS,3.0,2025,DOU,14675.0,6.0,0.0,0.0,0.0,0.0,0.0,0.0,0.0,0.0,0.0,0.0,0.0,21000.0,143.1,manoel_ribas
04/2026,4,SUL,S,41,PARANA,PR,411460,MARECHAL CANDIDO RONDON,1.0,2025,DOU,58734.0,15.0,3.0,2.0,0.0,0.0,0.0,0.0,0.0,0.0,0.0,0.0,0.0,63875.0,108.75,marechal_candido_rondon
04/2026,4,SUL,S,41,PARANA,PR,411470,MARIA HELENA,1.0,2025,DOU,5926.0,2.0,0.0,0.0,0.0,0.0,0.0,0.0,0.0,0.0,0.0,0.0,0.0,7000.0,118.12,maria_helena
04/2026,4,SUL,S,41,PARANA,PR,411480,MARIALVA,1.0,2025,DOU,44749.0,11.0,0.0,0.0,0.0,0.0,0.0,0.0,0.0,0.0,0.0,0.0,0.0,38500.0,86.03,marialva
04/2026,4,SUL,S,41,PARANA,PR,411490,MARILANDIA DO SUL,3.0,2025,DOU,8761.0,4.0,0.0,0.0,0.0,0.0,0.0,0.0,0.0,0.0,0.0,0.0,0.0,14000.0,159.79,marilandia_do_sul
04/2026,4,SUL,S,41,PARANA,PR,411500,MARILENA,2.0,2025,DOU,7450.0,3.0,0.0,0.0,0.0,0.0,0.0,0.0,0.0,0.0,0.0,0.0,0.0,10500.0,140.93,marilena
04/2026,4,SUL,S,41,PARANA,PR,411510,MARILUZ,2.0,2025,DOU,9910.0,4.0,0.0,0.0,0.0,0.0,0.0,0.0,0.0,0.0,0.0,0.0,0.0,14000.0,141.27,mariluz
04/2026,4,SUL,S,41,PARANA,PR,411520,MARINGA,1.0,2025,DOU,429660.0,101.0,3.0,11.0,0.0,0.0,1.0,716.0,2.0,54.0,0.0,0.0,770.0,381395.0,88.76,maringa
04/2026,4,SUL,S,41,PARANA,PR,411530,MARIOPOLIS,3.0,2025,DOU,6506.0,2.0,0.0,0.0,0.0,0.0,0.0,0.0,0.0,0.0,0.0,0.0,0.0,7000.0,107.59,mariopolis
04/2026,4,SUL,S,41,PARANA,PR,411535,MARIPA,3.0,2025,DOU,6824.0,2.0,0.0,1.0,0.0,0.0,0.0,0.0,0.0,0.0,0.0,0.0,0.0,8750.0,128.22,maripa
04/2026,4,SUL,S,41,PARANA,PR,411540,MARMELEIRO,3.0,2025,DOU,16605.0,7.0,0.0,2.0,0.0,0.0,0.0,0.0,0.0,0.0,0.0,0.0,0.0,28000.0,168.62,marmeleiro
04/2026,4,SUL,S,41,PARANA,PR,411545,MARQUINHO,3.0,2025,DOU,4491.0,2.0,0.0,0.0,0.0,0.0,0.0,0.0,0.0,0.0,0.0,0.0,0.0,7000.0,155.86,marquinho
04/2026,4,SUL,S,41,PARANA,PR,411550,MARUMBI,3.0,2025,DOU,4780.0,2.0,0.0,0.0,0.0,0.0,0.0,0.0,0.0,0.0,0.0,0.0,0.0,7000.0,146.44,marumbi
04/2026,4,SUL,S,41,PARANA,PR,411560,MATELANDIA,3.0,2025,DOU,19223.0,8.0,0.0,0.0,0.0,0.0,0.0,0.0,0.0,0.0,0.0,0.0,0.0,28000.0,145.65,matelandia
04/2026,4,SUL,S,41,PARANA,PR,411570,MATINHOS,1.0,2025,DOU,42063.0,9.0,0.0,0.0,0.0,0.0,0.0,0.0,0.0,0.0,0.0,0.0,0.0,31500.0,74.88,matinhos
04/2026,4,SUL,S,41,PARANA,PR,411573,MATO RICO,3.0,2025,DOU,3249.0,1.0,0.0,0.0,0.0,0.0,0.0,0.0,0.0,0.0,0.0,0.0,0.0,3500.0,107.72,mato_rico
04/2026,4,SUL,S,41,PARANA,PR,411575,MAUA DA SERRA,2.0,2025,DOU,9689.0,3.0,0.0,0.0,0.0,0.0,0.0,0.0,0.0,0.0,0.0,0.0,0.0,10500.0,108.37,maua_da_serra
04/2026,4,SUL,S,41,PARANA,PR,411580,MEDIANEIRA,1.0,2025,DOU,57910.0,10.0,5.0,1.0,0.0,0.0,0.0,0.0,1.0,27.0,0.0,0.0,27.0,49902.0,86.17,medianeira
04/2026,4,SUL,S,41,PARANA,PR,411585,MERCEDES,3.0,2025,DOU,6194.0,2.0,0.0,1.0,0.0,0.0,0.0,0.0,0.0,0.0,0.0,0.0,0.0,8750.0,141.26,mercedes
04/2026,4,SUL,S,41,PARANA,PR,411590,MIRADOR,3.0,2025,DOU,2248.0,1.0,0.0,0.0,0.0,0.0,0.0,0.0,0.0,0.0,0.0,0.0,0.0,3500.0,155.69,mirador
04/2026,4,SUL,S,41,PARANA,PR,411600,MIRASELVA,3.0,2025,DOU,2017.0,1.0,0.0,0.0,0.0,0.0,0.0,0.0,0.0,0.0,0.0,0.0,0.0,3500.0,173.52,miraselva
04/2026,4,SUL,S,41,PARANA,PR,411605,MISSAL,3.0,2025,DOU,11423.0,5.0,0.0,0.0,0.0,0.0,0.0,0.0,0.0,0.0,0.0,0.0,0.0,17500.0,153.19,missal
04/2026,4,SUL,S,41,PARANA,PR,411610,MOREIRA SALES,3.0,2025,DOU,9949.0,3.0,1.0,0.0,0.0,0.0,0.0,0.0,0.0,0.0,0.0,0.0,0.0,13125.0,131.92,moreira_sales
04/2026,4,SUL,S,41,PARANA,PR,411620,MORRETES,3.0,2025,DOU,19089.0,8.0,0.0,0.0,0.0,0.0,0.0,0.0,0.0,0.0,0.0,0.0,0.0,28000.0,146.68,morretes
04/2026,4,SUL,S,41,PARANA,PR,411630,MUNHOZ DE MELO,3.0,2025,DOU,4057.0,1.0,1.0,0.0,0.0,0.0,0.0,0.0,0.0,0.0,0.0,0.0,0.0,6125.0,150.97,munhoz_de_melo
04/2026,4,SUL,S,41,PARANA,PR,411640,NOSSA SENHORA DAS GRACAS,3.0,2025,DOU,3669.0,1.0,0.0,1.0,0.0,0.0,0.0,0.0,0.0,0.0,0.0,0.0,0.0,5250.0,143.09,nossa_senhora_das_gracas
04/2026,4,SUL,S,41,PARANA,PR,411650,NOVA ALIANCA DO IVAI,3.0,2025,DOU,1322.0,1.0,0.0,0.0,0.0,0.0,0.0,0.0,0.0,0.0,0.0,0.0,0.0,3500.0,264.75,nova_alianca_do_ivai
04/2026,4,SUL,S,41,PARANA,PR,411660,NOVA AMERICA DA COLINA,3.0,2025,DOU,3286.0,2.0,0.0,0.0,0.0,0.0,0.0,0.0,0.0,0.0,0.0,0.0,0.0,7000.0,213.02,nova_america_da_colina
04/2026,4,SUL,S,41,PARANA,PR,411670,NOVA AURORA,3.0,2025,DOU,14331.0,4.0,0.0,0.0,0.0,0.0,0.0,0.0,0.0,0.0,0.0,0.0,0.0,14000.0,97.69,nova_aurora
04/2026,4,SUL,S,41,PARANA,PR,411680,NOVA CANTU,3.0,2025,DOU,6739.0,2.0,0.0,0.0,0.0,0.0,0.0,0.0,0.0,0.0,0.0,0.0,0.0,7000.0,103.87,nova_cantu
04/2026,4,SUL,S,41,PARANA,PR,411690,NOVA ESPERANCA,1.0,2025,DOU,27142.0,7.0,0.0,0.0,0.0,0.0,0.0,0.0,1.0,152.0,0.0,0.0,152.0,24652.0,90.82,nova_esperanca
04/2026,4,SUL,S,41,PARANA,PR,411695,NOVA ESPERANCA DO SUDOESTE,3.0,2025,DOU,5783.0,2.0,0.0,1.0,0.0,0.0,0.0,0.0,0.0,0.0,0.0,0.0,0.0,8750.0,151.3,nova_esperanca_do_sudoeste
04/2026,4,SUL,S,41,PARANA,PR,411700,NOVA FATIMA,2.0,2025,DOU,7140.0,2.0,0.0,0.0,0.0,0.0,0.0,0.0,0.0,0.0,0.0,0.0,0.0,7000.0,98.03,nova_fatima
04/2026,4,SUL,S,41,PARANA,PR,411705,NOVA LARANJEIRAS,3.0,2025,DOU,12298.0,5.0,0.0,0.0,0.0,0.0,0.0,0.0,0.0,0.0,0.0,0.0,0.0,17500.0,142.29,nova_laranjeiras
04/2026,4,SUL,S,41,PARANA,PR,411710,NOVA LONDRINA,1.0,2025,DOU,13074.0,5.0,0.0,0.0,0.0,0.0,0.0,0.0,0.0,0.0,0.0,0.0,0.0,17500.0,133.85,nova_londrina
04/2026,4,SUL,S,41,PARANA,PR,411720,NOVA OLIMPIA,3.0,2025,DOU,5982.0,2.0,0.0,0.0,0.0,0.0,0.0,0.0,0.0,0.0,0.0,0.0,0.0,7000.0,117.01,nova_olimpia
04/2026,4,SUL,S,41,PARANA,PR,411725,NOVA PRATA DO IGUACU,3.0,2025,DOU,13340.0,4.0,0.0,0.0,0.0,0.0,0.0,0.0,0.0,0.0,0.0,0.0,0.0,14000.0,104.94,nova_prata_do_iguacu
04/2026,4,SUL,S,41,PARANA,PR,411721,NOVA SANTA BARBARA,3.0,2025,DOU,4308.0,2.0,0.0,0.0,0.0,0.0,0.0,0.0,0.0,0.0,0.0,0.0,0.0,7000.0,162.48,nova_santa_barbara
04/2026,4,SUL,S,41,PARANA,PR,411722,NOVA SANTA ROSA,3.0,2025,DOU,8581.0,3.0,1.0,0.0,0.0,0.0,0.0,0.0,0.0,0.0,0.0,0.0,0.0,13125.0,152.95,nova_santa_rosa
04/2026,4,SUL,S,41,PARANA,PR,411727,NOVA TEBAS,3.0,2025,DOU,6852.0,4.0,0.0,0.0,0.0,0.0,0.0,0.0,0.0,0.0,0.0,0.0,0.0,14000.0,204.31,nova_tebas
04/2026,4,SUL,S,41,PARANA,PR,411729,NOVO ITACOLOMI,3.0,2025,DOU,3227.0,1.0,0.0,0.0,0.0,0.0,0.0,0.0,0.0,0.0,0.0,0.0,0.0,3500.0,108.45,novo_itacolomi
04/2026,4,SUL,S,41,PARANA,PR,411730,ORTIGUEIRA,3.0,2025,DOU,24706.0,10.0,0.0,0.0,0.0,0.0,0.0,0.0,0.0,0.0,0.0,0.0,0.0,35000.0,141.66,ortigueira
04/2026,4,SUL,S,41,PARANA,PR,411740,OURIZONA,1.0,2025,DOU,3193.0,1.0,0.0,0.0,0.0,0.0,0.0,0.0,0.0,0.0,0.0,0.0,0.0,3500.0,109.61,ourizona
04/2026,4,SUL,S,41,PARANA,PR,411745,OURO VERDE DO OESTE,1.0,2025,DOU,7102.0,2.0,0.0,0.0,0.0,0.0,0.0,0.0,0.0,0.0,0.0,0.0,0.0,7000.0,98.56,ouro_verde_do_oeste
04/2026,4,SUL,S,41,PARANA,PR,411750,PAICANDU,1.0,2025,DOU,48695.0,9.0,1.0,0.0,0.0,0.0,0.0,0.0,0.0,0.0,0.0,0.0,0.0,34125.0,70.07,paicandu
04/2026,4,SUL,S,41,PARANA,PR,411760,PALMAS,1.0,2025,DOU,50238.0,13.0,1.0,0.0,0.0,0.0,0.0,0.0,0.0,0.0,0.0,0.0,0.0,48125.0,95.79,palmas
04/2026,4,SUL,S,41,PARANA,PR,411770,PALMEIRA,2.0,2025,DOU,34948.0,15.0,0.0,0.0,0.0,0.0,0.0,0.0,0.0,0.0,0.0,0.0,0.0,52500.0,150.22,palmeira
04/2026,4,SUL,S,41,PARANA,PR,411780,PALMITAL,3.0,2025,DOU,12879.0,5.0,0.0,0.0,0.0,0.0,0.0,0.0,0.0,0.0,0.0,0.0,0.0,17500.0,135.88,palmital
04/2026,4,SUL,S,41,PARANA,PR,411790,PALOTINA,1.0,2025,DOU,37039.0,11.0,1.0,0.0,0.0,0.0,0.0,0.0,0.0,0.0,0.0,0.0,0.0,41125.0,111.03,palotina
04/2026,4,SUL,S,41,PARANA,PR,411800,PARAISO DO NORTE,2.0,2025,DOU,13728.0,6.0,0.0,0.0,0.0,0.0,0.0,0.0,0.0,0.0,0.0,0.0,0.0,21000.0,152.97,paraiso_do_norte
04/2026,4,SUL,S,41,PARANA,PR,411810,PARANACITY,1.0,2025,DOU,9549.0,4.0,0.0,0.0,0.0,0.0,0.0,0.0,0.0,0.0,0.0,0.0,0.0,14000.0,146.61,paranacity
04/2026,4,SUL,S,41,PARANA,PR,411820,PARANAGUA,1.0,2025,DOU,150104.0,36.0,1.0,0.0,0.0,0.0,0.0,0.0,1.0,3.0,0.0,0.0,3.0,128628.0,85.69,paranagua
04/2026,4,SUL,S,41,PARANA,PR,411830,PARANAPOEMA,3.0,2025,DOU,2352.0,1.0,0.0,0.0,0.0,0.0,0.0,0.0,0.0,0.0,0.0,0.0,0.0,3500.0,148.8,paranapoema
04/2026,4,SUL,S,41,PARANA,PR,411840,PARANAVAI,1.0,2025,DOU,96209.0,24.0,0.0,0.0,0.0,0.0,0.0,0.0,1.0,333.0,0.0,0.0,333.0,84333.0,87.65,paranavai
04/2026,4,SUL,S,41,PARANA,PR,411845,PATO BRAGADO,3.0,2025,DOU,6004.0,1.0,1.0,2.0,0.0,0.0,0.0,0.0,0.0,0.0,0.0,0.0,0.0,9625.0,160.3,pato_bragado
04/2026,4,SUL,S,41,PARANA,PR,411850,PATO BRANCO,1.0,2025,DOU,97821.0,25.0,0.0,0.0,0.0,0.0,0.0,0.0,1.0,193.0,0.0,0.0,193.0,87693.0,89.64,pato_branco
04/2026,4,SUL,S,41,PARANA,PR,411860,PAULA FREITAS,3.0,2025,DOU,5706.0,2.0,1.0,1.0,0.0,0.0,0.0,0.0,0.0,0.0,0.0,0.0,0.0,11375.0,199.35,paula_freitas
04/2026,4,SUL,S,41,PARANA,PR,411870,PAULO FRONTIN,3.0,2025,DOU,6414.0,2.0,1.0,0.0,0.0,0.0,0.0,0.0,0.0,0.0,0.0,0.0,0.0,9625.0,150.06,paulo_frontin
04/2026,4,SUL,S,41,PARANA,PR,411880,PEABIRU,1.0,2025,DOU,13494.0,4.0,2.0,0.0,0.0,0.0,0.0,0.0,0.0,0.0,0.0,0.0,0.0,19250.0,142.65,peabiru
04/2026,4,SUL,S,41,PARANA,PR,411885,PEROBAL,3.0,2025,DOU,7599.0,4.0,0.0,0.0,0.0,0.0,0.0,0.0,0.0,0.0,0.0,0.0,0.0,14000.0,184.23,perobal
04/2026,4,SUL,S,41,PARANA,PR,411890,PEROLA,2.0,2025,DOU,12389.0,3.0,0.0,0.0,0.0,0.0,0.0,0.0,0.0,0.0,0.0,0.0,0.0,10500.0,84.75,perola
04/2026,4,SUL,S,41,PARANA,PR,411900,PEROLA D'OESTE,3.0,2025,DOU,6218.0,3.0,0.0,0.0,0.0,0.0,0.0,0.0,0.0,0.0,0.0,0.0,0.0,10500.0,168.86,perola_d_oeste
04/2026,4,SUL,S,41,PARANA,PR,411910,PIEN,3.0,2025,DOU,14409.0,6.0,2.0,0.0,0.0,0.0,0.0,0.0,0.0,0.0,0.0,0.0,0.0,26250.0,182.17,pien
04/2026,4,SUL,S,41,PARANA,PR,411915,PINHAIS,1.0,2025,DOU,131255.0,31.0,1.0,1.0,0.0,0.0,0.0,0.0,1.0,0.0,0.0,0.0,0.0,112875.0,85.99,pinhais
04/2026,4,SUL,S,41,PARANA,PR,411925,PINHAL DE SAO BENTO,3.0,2025,DOU,2805.0,1.0,0.0,0.0,0.0,0.0,0.0,0.0,0.0,0.0,0.0,0.0,0.0,3500.0,124.77,pinhal_de_sao_bento
04/2026,4,SUL,S,41,PARANA,PR,411920,PINHALAO,3.0,2025,DOU,6676.0,3.0,0.0,0.0,0.0,0.0,0.0,0.0,0.0,0.0,0.0,0.0,0.0,10500.0,157.27,pinhalao
04/2026,4,SUL,S,41,PARANA,PR,411930,PINHAO,2.0,2025,DOU,30451.0,11.0,0.0,0.0,0.0,0.0,0.0,0.0,0.0,0.0,0.0,0.0,0.0,38500.0,126.43,pinhao
04/2026,4,SUL,S,41,PARANA,PR,411940,PIRAI DO SUL,2.0,2025,DOU,23977.0,10.0,0.0,0.0,0.0,0.0,0.0,0.0,0.0,0.0,0.0,0.0,0.0,35000.0,145.97,pirai_do_sul
04/2026,4,SUL,S,41,PARANA,PR,411950,PIRAQUARA,1.0,2025,DOU,127433.0,30.0,0.0,0.0,0.0,0.0,0.0,0.0,0.0,0.0,0.0,0.0,0.0,105000.0,82.39,piraquara
04/2026,4,SUL,S,41,PARANA,PR,411960,PITANGA,2.0,2025,DOU,34527.0,10.0,2.0,0.0,0.0,0.0,0.0,0.0,0.0,0.0,0.0,0.0,0.0,40250.0,116.57,pitanga
04/2026,4,SUL,S,41,PARANA,PR,411965,PITANGUEIRAS,3.0,2025,DOU,3141.0,1.0,0.0,0.0,0.0,0.0,0.0,0.0,0.0,0.0,0.0,0.0,0.0,3500.0,111.42,pitangueiras
04/2026,4,SUL,S,41,PARANA,PR,411970,PLANALTINA DO PARANA,3.0,2025,DOU,4125.0,1.0,1.0,0.0,0.0,0.0,0.0,0.0,0.0,0.0,0.0,0.0,0.0,6125.0,148.48,planaltina_do_parana
04/2026,4,SUL,S,41,PARANA,PR,411980,PLANALTO,3.0,2025,DOU,14722.0,6.0,0.0,0.0,0.0,0.0,0.0,0.0,0.0,0.0,0.0,0.0,0.0,21000.0,142.64,planalto
04/2026,4,SUL,S,41,PARANA,PR,411990,PONTA GROSSA,1.0,2025,DOU,375632.0,84.0,3.0,1.0,0.0,0.0,1.0,291.0,1.0,1281.0,0.0,0.0,1572.0,305197.0,81.24,ponta_grossa
04/2026,4,SUL,S,41,PARANA,PR,411995,PONTAL DO PARANA,1.0,2025,DOU,33131.0,12.0,0.0,0.0,0.0,0.0,0.0,0.0,0.0,0.0,0.0,0.0,0.0,42000.0,126.76,pontal_do_parana
04/2026,4,SUL,S,41,PARANA,PR,412000,PORECATU,1.0,2025,DOU,11271.0,4.0,0.0,0.0,0.0,0.0,0.0,0.0,1.0,22.0,0.0,0.0,22.0,14022.0,124.4,porecatu
04/2026,4,SUL,S,41,PARANA,PR,412010,PORTO AMAZONAS,3.0,2025,DOU,4072.0,1.0,1.0,0.0,0.0,0.0,0.0,0.0,0.0,0.0,0.0,0.0,0.0,6125.0,150.41,porto_amazonas
04/2026,4,SUL,S,41,PARANA,PR,412015,PORTO BARREIRO,3.0,2025,DOU,3057.0,2.0,0.0,0.0,0.0,0.0,0.0,0.0,0.0,0.0,0.0,0.0,0.0,7000.0,228.98,porto_barreiro
04/2026,4,SUL,S,41,PARANA,PR,412020,PORTO RICO,3.0,2025,DOU,3370.0,1.0,0.0,0.0,0.0,0.0,0.0,0.0,0.0,0.0,0.0,0.0,0.0,3500.0,103.85,porto_rico
04/2026,4,SUL,S,41,PARANA,PR,412030,PORTO VITORIA,3.0,2025,DOU,3515.0,1.0,0.0,0.0,0.0,0.0,0.0,0.0,0.0,0.0,0.0,0.0,0.0,3500.0,99.57,porto_vitoria
04/2026,4,SUL,S,41,PARANA,PR,412033,PRADO FERREIRA,3.0,2025,DOU,3816.0,1.0,0.0,0.0,0.0,0.0,0.0,0.0,0.0,0.0,0.0,0.0,0.0,3500.0,91.71,prado_ferreira
04/2026,4,SUL,S,41,PARANA,PR,412035,PRANCHITA,2.0,2025,DOU,5831.0,3.0,0.0,0.0,0.0,0.0,0.0,0.0,0.0,0.0,0.0,0.0,0.0,10500.0,180.07,pranchita
04/2026,4,SUL,S,41,PARANA,PR,412040,PRESIDENTE CASTELO BRANCO,1.0,2025,DOU,4304.0,3.0,0.0,0.0,0.0,0.0,0.0,0.0,0.0,0.0,0.0,0.0,0.0,10500.0,243.95,presidente_castelo_branco
04/2026,4,SUL,S,41,PARANA,PR,412050,PRIMEIRO DE MAIO,2.0,2025,DOU,10064.0,4.0,0.0,0.0,0.0,0.0,0.0,0.0,0.0,0.0,0.0,0.0,0.0,14000.0,139.1,primeiro_de_maio
04/2026,4,SUL,S,41,PARANA,PR,412060,PRUDENTOPOLIS,3.0,2025,DOU,50946.0,17.0,0.0,0.0,0.0,0.0,0.0,0.0,0.0,0.0,0.0,0.0,0.0,59500.0,116.79,prudentopolis
04/2026,4,SUL,S,41,PARANA,PR,412065,QUARTO CENTENARIO,3.0,2025,DOU,4127.0,2.0,0.0,0.0,0.0,0.0,0.0,0.0,0.0,0.0,0.0,0.0,0.0,7000.0,169.61,quarto_centenario
04/2026,4,SUL,S,41,PARANA,PR,412070,QUATIGUA,2.0,2025,DOU,8426.0,3.0,0.0,0.0,0.0,0.0,0.0,0.0,0.0,0.0,0.0,0.0,0.0,10500.0,124.61,quatigua
04/2026,4,SUL,S,41,PARANA,PR,412080,QUATRO BARRAS,1.0,2025,DOU,25397.0,9.0,0.0,0.0,0.0,0.0,0.0,0.0,0.0,0.0,0.0,0.0,0.0,31500.0,124.03,quatro_barras
04/2026,4,SUL,S,41,PARANA,PR,412085,QUATRO PONTES,3.0,2025,DOU,4672.0,2.0,1.0,0.0,0.0,0.0,0.0,0.0,0.0,0.0,0.0,0.0,0.0,9625.0,206.01,quatro_pontes
04/2026,4,SUL,S,41,PARANA,PR,412090,QUEDAS DO IGUACU,2.0,2025,DOU,31423.0,14.0,1.0,0.0,0.0,0.0,0.0,0.0,0.0,0.0,0.0,0.0,0.0,51625.0,164.29,quedas_do_iguacu
04/2026,4,SUL,S,41,PARANA,PR,412100,QUERENCIA DO NORTE,3.0,2025,DOU,10625.0,5.0,0.0,1.0,0.0,0.0,0.0,0.0,0.0,0.0,0.0,0.0,0.0,19250.0,181.17,querencia_do_norte
04/2026,4,SUL,S,41,PARANA,PR,412110,QUINTA DO SOL,3.0,2025,DOU,5052.0,2.0,0.0,0.0,0.0,0.0,0.0,0.0,0.0,0.0,0.0,0.0,0.0,7000.0,138.55,quinta_do_sol
04/2026,4,SUL,S,41,PARANA,PR,412120,QUITANDINHA,3.0,2025,DOU,18882.0,7.0,0.0,0.0,0.0,0.0,0.0,0.0,0.0,0.0,0.0,0.0,0.0,24500.0,129.75,quitandinha
04/2026,4,SUL,S,41,PARANA,PR,412125,RAMILANDIA,3.0,2025,DOU,4279.0,2.0,0.0,0.0,0.0,0.0,0.0,0.0,0.0,0.0,0.0,0.0,0.0,7000.0,163.58,ramilandia
04/2026,4,SUL,S,41,PARANA,PR,412130,RANCHO ALEGRE,2.0,2025,DOU,3472.0,2.0,0.0,0.0,0.0,0.0,0.0,0.0,0.0,0.0,0.0,0.0,0.0,7000.0,201.61,rancho_alegre
04/2026,4,SUL,S,41,PARANA,PR,412135,RANCHO ALEGRE D'OESTE,3.0,2025,DOU,2623.0,1.0,0.0,0.0,0.0,0.0,0.0,0.0,0.0,0.0,0.0,0.0,0.0,3500.0,133.43,rancho_alegre_d_oeste
04/2026,4,SUL,S,41,PARANA,PR,412140,REALEZA,2.0,2025,DOU,20097.0,6.0,0.0,0.0,0.0,0.0,0.0,0.0,0.0,0.0,0.0,0.0,0.0,21000.0,104.49,realeza
04/2026,4,SUL,S,41,PARANA,PR,412150,REBOUCAS,3.0,2025,DOU,14825.0,5.0,0.0,0.0,0.0,0.0,0.0,0.0,0.0,0.0,0.0,0.0,0.0,17500.0,118.04,reboucas
04/2026,4,SUL,S,41,PARANA,PR,412160,RENASCENCA,3.0,2025,DOU,6945.0,3.0,0.0,0.0,0.0,0.0,0.0,0.0,0.0,0.0,0.0,0.0,0.0,10500.0,151.18,renascenca
04/2026,4,SUL,S,41,PARANA,PR,412170,RESERVA,3.0,2025,DOU,24878.0,11.0,0.0,0.0,0.0,0.0,0.0,0.0,0.0,0.0,0.0,0.0,0.0,38500.0,154.75,reserva
04/2026,4,SUL,S,41,PARANA,PR,412175,RESERVA DO IGUACU,3.0,2025,DOU,6493.0,2.0,0.0,0.0,0.0,0.0,0.0,0.0,0.0,0.0,0.0,0.0,0.0,7000.0,107.8,reserva_do_iguacu
04/2026,4,SUL,S,41,PARANA,PR,412180,RIBEIRAO CLARO,3.0,2025,DOU,12856.0,2.0,0.0,2.0,0.0,0.0,0.0,0.0,0.0,0.0,0.0,0.0,0.0,10500.0,81.67,ribeirao_claro
04/2026,4,SUL,S,41,PARANA,PR,412190,RIBEIRAO DO PINHAL,1.0,2025,DOU,13158.0,4.0,0.0,1.0,0.0,0.0,0.0,0.0,0.0,0.0,0.0,0.0,0.0,15750.0,119.69,ribeirao_do_pinhal
04/2026,4,SUL,S,41,PARANA,PR,412200,RIO AZUL,3.0,2025,DOU,14174.0,6.0,0.0,0.0,0.0,0.0,0.0,0.0,0.0,0.0,0.0,0.0,0.0,21000.0,148.15,rio_azul
04/2026,4,SUL,S,41,PARANA,PR,412210,RIO BOM,3.0,2025,DOU,3214.0,2.0,0.0,0.0,0.0,0.0,0.0,0.0,0.0,0.0,0.0,0.0,0.0,7000.0,217.79,rio_bom
04/2026,4,SUL,S,41,PARANA,PR,412215,RIO BONITO DO IGUACU,3.0,2025,DOU,14297.0,6.0,0.0,0.0,0.0,0.0,0.0,0.0,0.0,0.0,0.0,0.0,0.0,21000.0,146.88,rio_bonito_do_iguacu
04/2026,4,SUL,S,41,PARANA,PR,412217,RIO BRANCO DO IVAI,3.0,2025,DOU,3841.0,2.0,0.0,0.0,0.0,0.0,0.0,0.0,0.0,0.0,0.0,0.0,0.0,7000.0,182.24,rio_branco_do_ivai
04/2026,4,SUL,S,41,PARANA,PR,412220,RIO BRANCO DO SUL,1.0,2025,DOU,40308.0,10.0,4.0,1.0,0.0,0.0,0.0,0.0,0.0,0.0,0.0,0.0,0.0,47250.0,117.22,rio_branco_do_sul
04/2026,4,SUL,S,41,PARANA,PR,412230,RIO NEGRO,1.0,2025,DOU,31951.0,10.0,0.0,1.0,0.0,0.0,0.0,0.0,0.0,0.0,0.0,0.0,0.0,36750.0,115.01,rio_negro
04/2026,4,SUL,S,41,PARANA,PR,412240,ROLANDIA,1.0,2025,DOU,75818.0,17.0,0.0,0.0,0.0,0.0,0.0,0.0,0.0,0.0,0.0,0.0,0.0,59500.0,78.47,rolandia
04/2026,4,SUL,S,41,PARANA,PR,412250,RONCADOR,3.0,2025,DOU,11339.0,4.0,0.0,0.0,0.0,0.0,0.0,0.0,0.0,0.0,0.0,0.0,0.0,14000.0,123.46,roncador
04/2026,4,SUL,S,41,PARANA,PR,412260,RONDON,2.0,2025,DOU,9255.0,3.0,0.0,0.0,0.0,0.0,0.0,0.0,0.0,0.0,0.0,0.0,0.0,10500.0,113.45,rondon
04/2026,4,SUL,S,41,PARANA,PR,412265,ROSARIO DO IVAI,3.0,2025,DOU,5484.0,2.0,0.0,0.0,0.0,0.0,0.0,0.0,0.0,0.0,0.0,0.0,0.0,7000.0,127.64,rosario_do_ivai
04/2026,4,SUL,S,41,PARANA,PR,412270,SABAUDIA,2.0,2025,DOU,9511.0,2.0,1.0,1.0,0.0,0.0,0.0,0.0,0.0,0.0,0.0,0.0,0.0,11375.0,119.59,sabaudia
04/2026,4,SUL,S,41,PARANA,PR,412280,SALGADO FILHO,3.0,2025,DOU,4090.0,2.0,0.0,0.0,0.0,0.0,0.0,0.0,0.0,0.0,0.0,0.0,0.0,7000.0,171.14,salgado_filho
04/2026,4,SUL,S,41,PARANA,PR,412290,SALTO DO ITARARE,3.0,2025,DOU,5214.0,2.0,0.0,0.0,0.0,0.0,0.0,0.0,0.0,0.0,0.0,0.0,0.0,7000.0,134.25,salto_do_itarare
04/2026,4,SUL,S,41,PARANA,PR,412300,SALTO DO LONTRA,3.0,2025,DOU,15706.0,5.0,0.0,0.0,0.0,0.0,0.0,0.0,0.0,0.0,0.0,0.0,0.0,17500.0,111.42,salto_do_lontra
04/2026,4,SUL,S,41,PARANA,PR,412310,SANTA AMELIA,3.0,2025,DOU,3358.0,1.0,0.0,0.0,0.0,0.0,0.0,0.0,0.0,0.0,0.0,0.0,0.0,3500.0,104.22,santa_amelia
04/2026,4,SUL,S,41,PARANA,PR,412320,SANTA CECILIA DO PAVAO,3.0,2025,DOU,3357.0,2.0,0.0,0.0,0.0,0.0,0.0,0.0,0.0,0.0,0.0,0.0,0.0,7000.0,208.51,santa_cecilia_do_pavao
04/2026,4,SUL,S,41,PARANA,PR,412330,SANTA CRUZ DE MONTE CASTELO,3.0,2025,DOU,8840.0,3.0,0.0,0.0,0.0,0.0,0.0,0.0,0.0,0.0,0.0,0.0,0.0,10500.0,118.77,santa_cruz_de_monte_castelo
04/2026,4,SUL,S,41,PARANA,PR,412340,SANTA FE,2.0,2025,DOU,11730.0,2.0,4.0,0.0,0.0,0.0,0.0,0.0,0.0,0.0,0.0,0.0,0.0,17500.0,149.19,santa_fe
04/2026,4,SUL,S,41,PARANA,PR,412350,SANTA HELENA,3.0,2025,DOU,26461.0,6.0,2.0,1.0,0.0,0.0,0.0,0.0,0.0,0.0,0.0,0.0,0.0,28000.0,105.81,santa_helena
04/2026,4,SUL,S,41,PARANA,PR,412360,SANTA INES,3.0,2025,DOU,1745.0,1.0,0.0,0.0,0.0,0.0,0.0,0.0,0.0,0.0,0.0,0.0,0.0,3500.0,200.57,santa_ines
04/2026,4,SUL,S,41,PARANA,PR,412370,SANTA ISABEL DO IVAI,3.0,2025,DOU,9043.0,4.0,0.0,0.0,0.0,0.0,0.0,0.0,0.0,0.0,0.0,0.0,0.0,14000.0,154.81,santa_isabel_do_ivai
04/2026,4,SUL,S,41,PARANA,PR,412380,SANTA IZABEL DO OESTE,3.0,2025,DOU,14462.0,5.0,0.0,1.0,0.0,0.0,0.0,0.0,0.0,0.0,0.0,0.0,0.0,19250.0,133.1,santa_izabel_do_oeste
04/2026,4,SUL,S,41,PARANA,PR,412382,SANTA LUCIA,3.0,2025,DOU,3638.0,2.0,0.0,0.0,0.0,0.0,0.0,0.0,0.0,0.0,0.0,0.0,0.0,7000.0,192.41,santa_lucia
04/2026,4,SUL,S,41,PARANA,PR,412385,SANTA MARIA DO OESTE,3.0,2025,DOU,9869.0,4.0,0.0,0.0,0.0,0.0,0.0,0.0,0.0,0.0,0.0,0.0,0.0,14000.0,141.85,santa_maria_do_oeste
04/2026,4,SUL,S,41,PARANA,PR,412390,SANTA MARIANA,3.0,2025,DOU,10941.0,5.0,0.0,0.0,0.0,0.0,0.0,0.0,0.0,0.0,0.0,0.0,0.0,17500.0,159.94,santa_mariana
04/2026,4,SUL,S,41,PARANA,PR,412395,SANTA MONICA,3.0,2025,DOU,3361.0,2.0,0.0,0.0,0.0,0.0,0.0,0.0,0.0,0.0,0.0,0.0,0.0,7000.0,208.27,santa_monica
04/2026,4,SUL,S,41,PARANA,PR,412402,SANTA TEREZA DO OESTE,1.0,2025,DOU,13938.0,4.0,2.0,0.0,0.0,0.0,0.0,0.0,0.0,0.0,0.0,0.0,0.0,19250.0,138.11,santa_tereza_do_oeste
04/2026,4,SUL,S,41,PARANA,PR,412405,SANTA TEREZINHA DE ITAIPU,1.0,2025,DOU,25300.0,8.0,0.0,0.0,0.0,0.0,0.0,0.0,0.0,0.0,0.0,0.0,0.0,28000.0,110.67,santa_terezinha_de_itaipu
04/2026,4,SUL,S,41,PARANA,PR,412400,SANTANA DO ITARARE,3.0,2025,DOU,5646.0,2.0,0.0,0.0,0.0,0.0,0.0,0.0,0.0,0.0,0.0,0.0,0.0,7000.0,123.98,santana_do_itarare
04/2026,4,SUL,S,41,PARANA,PR,412410,SANTO ANTONIO DA PLATINA,1.0,2025,DOU,45628.0,14.0,0.0,0.0,0.0,0.0,0.0,0.0,1.0,0.0,0.0,0.0,0.0,49000.0,107.39,santo_antonio_da_platina
04/2026,4,SUL,S,41,PARANA,PR,412420,SANTO ANTONIO DO CAIUA,3.0,2025,DOU,2474.0,1.0,0.0,0.0,0.0,0.0,0.0,0.0,0.0,0.0,0.0,0.0,0.0,3500.0,141.47,santo_antonio_do_caiua
04/2026,4,SUL,S,41,PARANA,PR,412430,SANTO ANTONIO DO PARAISO,3.0,2025,DOU,2088.0,1.0,0.0,0.0,0.0,0.0,0.0,0.0,0.0,0.0,0.0,0.0,0.0,3500.0,167.62,santo_antonio_do_paraiso
04/2026,4,SUL,S,41,PARANA,PR,412440,SANTO ANTONIO DO SUDOESTE,2.0,2025,DOU,24980.0,10.0,0.0,0.0,0.0,0.0,0.0,0.0,0.0,0.0,0.0,0.0,0.0,35000.0,140.11,santo_antonio_do_sudoeste
04/2026,4,SUL,S,41,PARANA,PR,412450,SANTO INACIO,2.0,2025,DOU,6463.0,3.0,0.0,0.0,0.0,0.0,0.0,0.0,0.0,0.0,0.0,0.0,0.0,10500.0,162.46,santo_inacio
04/2026,4,SUL,S,41,PARANA,PR,412460,SAO CARLOS DO IVAI,2.0,2025,DOU,6727.0,2.0,0.0,0.0,0.0,0.0,0.0,0.0,0.0,0.0,0.0,0.0,0.0,7000.0,104.05,sao_carlos_do_ivai
04/2026,4,SUL,S,41,PARANA,PR,412470,SAO JERONIMO DA SERRA,3.0,2025,DOU,10884.0,5.0,0.0,0.0,0.0,0.0,0.0,0.0,0.0,0.0,0.0,0.0,0.0,17500.0,160.78,sao_jeronimo_da_serra
04/2026,4,SUL,S,41,PARANA,PR,412480,SAO JOAO,3.0,2025,DOU,12297.0,5.0,0.0,0.0,0.0,0.0,0.0,0.0,0.0,0.0,0.0,0.0,0.0,17500.0,142.31,sao_joao
04/2026,4,SUL,S,41,PARANA,PR,412490,SAO JOAO DO CAIUA,2.0,2025,DOU,5607.0,2.0,0.0,0.0,0.0,0.0,0.0,0.0,0.0,0.0,0.0,0.0,0.0,7000.0,124.84,sao_joao_do_caiua
04/2026,4,SUL,S,41,PARANA,PR,412500,SAO JOAO DO IVAI,3.0,2025,DOU,10639.0,4.0,0.0,0.0,0.0,0.0,0.0,0.0,0.0,0.0,0.0,0.0,0.0,14000.0,131.59,sao_joao_do_ivai
04/2026,4,SUL,S,41,PARANA,PR,412510,SAO JOAO DO TRIUNFO,3.0,2025,DOU,13899.0,7.0,0.0,0.0,0.0,0.0,0.0,0.0,0.0,0.0,0.0,0.0,0.0,24500.0,176.27,sao_joao_do_triunfo
04/2026,4,SUL,S,41,PARANA,PR,412520,SAO JORGE D'OESTE,3.0,2025,DOU,9587.0,3.0,0.0,0.0,0.0,0.0,0.0,0.0,0.0,0.0,0.0,0.0,0.0,10500.0,109.52,sao_jorge_d_oeste
04/2026,4,SUL,S,41,PARANA,PR,412530,SAO JORGE DO IVAI,2.0,2025,DOU,5170.0,2.0,0.0,0.0,0.0,0.0,0.0,0.0,0.0,0.0,0.0,0.0,0.0,7000.0,135.39,sao_jorge_do_ivai
04/2026,4,SUL,S,41,PARANA,PR,412535,SAO JORGE DO PATROCINIO,3.0,2025,DOU,6690.0,2.0,0.0,0.0,0.0,0.0,0.0,0.0,0.0,0.0,0.0,0.0,0.0,7000.0,104.63,sao_jorge_do_patrocinio
04/2026,4,SUL,S,41,PARANA,PR,412540,SAO JOSE DA BOA VISTA,3.0,2025,DOU,6023.0,3.0,0.0,0.0,0.0,0.0,0.0,0.0,0.0,0.0,0.0,0.0,0.0,10500.0,174.33,sao_jose_da_boa_vista
04/2026,4,SUL,S,41,PARANA,PR,412545,SAO JOSE DAS PALMEIRAS,3.0,2025,DOU,4031.0,1.0,0.0,0.0,0.0,0.0,0.0,0.0,0.0,0.0,0.0,0.0,0.0,3500.0,86.82,sao_jose_das_palmeiras
04/2026,4,SUL,S,41,PARANA,PR,412550,SAO JOSE DOS PINHAIS,1.0,2025,DOU,349880.0,68.0,3.0,13.0,0.0,0.0,0.0,0.0,0.0,0.0,0.0,0.0,0.0,268625.0,76.77,sao_jose_dos_pinhais
04/2026,4,SUL,S,41,PARANA,PR,412555,SAO MANOEL DO PARANA,3.0,2025,DOU,2176.0,1.0,0.0,0.0,0.0,0.0,0.0,0.0,0.0,0.0,0.0,0.0,0.0,3500.0,160.84,sao_manoel_do_parana
04/2026,4,SUL,S,41,PARANA,PR,412560,SAO MATEUS DO SUL,2.0,2025,DOU,43490.0,12.0,1.0,0.0,0.0,0.0,0.0,0.0,0.0,0.0,0.0,0.0,0.0,44625.0,102.6,sao_mateus_do_sul
04/2026,4,SUL,S,41,PARANA,PR,412570,SAO MIGUEL DO IGUACU,2.0,2025,DOU,30416.0,11.0,0.0,0.0,0.0,0.0,0.0,0.0,0.0,0.0,0.0,0.0,0.0,38500.0,126.57,sao_miguel_do_iguacu
04/2026,4,SUL,S,41,PARANA,PR,412575,SAO PEDRO DO IGUACU,3.0,2025,DOU,5730.0,1.0,1.0,0.0,0.0,0.0,0.0,0.0,0.0,0.0,0.0,0.0,0.0,6125.0,106.89,sao_pedro_do_iguacu
04/2026,4,SUL,S,41,PARANA,PR,412580,SAO PEDRO DO IVAI,2.0,2025,DOU,8514.0,3.0,0.0,0.0,0.0,0.0,0.0,0.0,0.0,0.0,0.0,0.0,0.0,10500.0,123.32,sao_pedro_do_ivai
04/2026,4,SUL,S,41,PARANA,PR,412590,SAO PEDRO DO PARANA,3.0,2025,DOU,2726.0,1.0,0.0,0.0,0.0,0.0,0.0,0.0,0.0,0.0,0.0,0.0,0.0,3500.0,128.39,sao_pedro_do_parana
04/2026,4,SUL,S,41,PARANA,PR,412600,SAO SEBASTIAO DA AMOREIRA,2.0,2025,DOU,8063.0,4.0,0.0,0.0,0.0,0.0,0.0,0.0,0.0,0.0,0.0,0.0,0.0,14000.0,173.63,sao_sebastiao_da_amoreira
04/2026,4,SUL,S,41,PARANA,PR,412610,SAO TOME,2.0,2025,DOU,5282.0,3.0,0.0,0.0,0.0,0.0,0.0,0.0,0.0,0.0,0.0,0.0,0.0,10500.0,198.78,sao_tome
04/2026,4,SUL,S,41,PARANA,PR,412620,SAPOPEMA,3.0,2025,DOU,6778.0,3.0,0.0,0.0,0.0,0.0,0.0,0.0,0.0,0.0,0.0,0.0,0.0,10500.0,154.91,sapopema
04/2026,4,SUL,S,41,PARANA,PR,412625,SARANDI,1.0,2025,DOU,128106.0,19.0,4.0,0.0,0.0,0.0,0.0,0.0,0.0,0.0,0.0,0.0,0.0,77000.0,60.1,sarandi
04/2026,4,SUL,S,41,PARANA,PR,412630,SENGES,2.0,2025,DOU,17256.0,6.0,0.0,0.0,0.0,0.0,0.0,0.0,0.0,0.0,0.0,0.0,0.0,21000.0,121.69,senges
04/2026,4,SUL,S,41,PARANA,PR,412635,SERRANOPOLIS DO IGUACU,3.0,2025,DOU,5161.0,2.0,0.0,0.0,0.0,0.0,0.0,0.0,0.0,0.0,0.0,0.0,0.0,7000.0,135.63,serranopolis_do_iguacu
04/2026,4,SUL,S,41,PARANA,PR,412640,SERTANEJA,2.0,2025,DOU,5654.0,4.0,0.0,0.0,0.0,0.0,0.0,0.0,0.0,0.0,0.0,0.0,0.0,14000.0,247.61,sertaneja
04/2026,4,SUL,S,41,PARANA,PR,412650,SERTANOPOLIS,1.0,2025,DOU,16210.0,5.0,0.0,0.0,0.0,0.0,0.0,0.0,0.0,0.0,0.0,0.0,0.0,17500.0,107.95,sertanopolis
04/2026,4,SUL,S,41,PARANA,PR,412660,SIQUEIRA CAMPOS,2.0,2025,DOU,24031.0,7.0,1.0,0.0,0.0,0.0,0.0,0.0,0.0,0.0,0.0,0.0,0.0,27125.0,112.87,siqueira_campos
04/2026,4,SUL,S,41,PARANA,PR,412665,SULINA,3.0,2025,DOU,3498.0,2.0,0.0,0.0,0.0,0.0,0.0,0.0,0.0,0.0,0.0,0.0,0.0,7000.0,200.11,sulina
04/2026,4,SUL,S,41,PARANA,PR,412667,TAMARANA,3.0,2025,DOU,10540.0,4.0,1.0,0.0,0.0,0.0,0.0,0.0,0.0,0.0,0.0,0.0,0.0,16625.0,157.73,tamarana
04/2026,4,SUL,S,41,PARANA,PR,412670,TAMBOARA,3.0,2025,DOU,4986.0,2.0,0.0,0.0,0.0,0.0,0.0,0.0,0.0,0.0,0.0,0.0,0.0,7000.0,140.39,tamboara
04/2026,4,SUL,S,41,PARANA,PR,412680,TAPEJARA,1.0,2025,DOU,16326.0,5.0,0.0,0.0,0.0,0.0,0.0,0.0,0.0,0.0,0.0,0.0,0.0,17500.0,107.19,tapejara
04/2026,4,SUL,S,41,PARANA,PR,412690,TAPIRA,3.0,2025,DOU,5807.0,2.0,0.0,0.0,0.0,0.0,0.0,0.0,0.0,0.0,0.0,0.0,0.0,7000.0,120.54,tapira
04/2026,4,SUL,S,41,PARANA,PR,412700,TEIXEIRA SOARES,3.0,2025,DOU,9540.0,4.0,0.0,0.0,0.0,0.0,0.0,0.0,0.0,0.0,0.0,0.0,0.0,14000.0,146.75,teixeira_soares
04/2026,4,SUL,S,41,PARANA,PR,412710,TELEMACO BORBA,1.0,2025,DOU,77479.0,17.0,0.0,0.0,0.0,0.0,0.0,0.0,0.0,0.0,0.0,0.0,0.0,59500.0,76.79,telemaco_borba
04/2026,4,SUL,S,41,PARANA,PR,412720,TERRA BOA,1.0,2025,DOU,18168.0,9.0,0.0,0.0,0.0,0.0,0.0,0.0,0.0,0.0,0.0,0.0,0.0,31500.0,173.38,terra_boa
04/2026,4,SUL,S,41,PARANA,PR,412730,TERRA RICA,2.0,2025,DOU,14961.0,5.0,4.0,0.0,0.0,0.0,0.0,0.0,0.0,0.0,0.0,0.0,0.0,28000.0,187.15,terra_rica
04/2026,4,SUL,S,41,PARANA,PR,412740,TERRA ROXA,2.0,2025,DOU,18636.0,7.0,0.0,0.0,0.0,0.0,0.0,0.0,0.0,0.0,0.0,0.0,0.0,24500.0,131.46,terra_roxa
04/2026,4,SUL,S,41,PARANA,PR,412750,TIBAGI,3.0,2025,DOU,20374.0,6.0,2.0,0.0,0.0,0.0,0.0,0.0,0.0,0.0,0.0,0.0,0.0,26250.0,128.84,tibagi
04/2026,4,SUL,S,41,PARANA,PR,412760,TIJUCAS DO SUL,3.0,2025,DOU,18458.0,6.0,0.0,2.0,0.0,0.0,0.0,0.0,0.0,0.0,0.0,0.0,0.0,24500.0,132.73,tijucas_do_sul
04/2026,4,SUL,S,41,PARANA,PR,412770,TOLEDO,1.0,2025,DOU,160701.0,35.0,10.0,8.0,0.0,0.0,0.0,0.0,1.0,495.0,0.0,0.0,495.0,163245.0,101.58,toledo
04/2026,4,SUL,S,41,PARANA,PR,412780,TOMAZINA,3.0,2025,DOU,8523.0,4.0,0.0,0.0,0.0,0.0,0.0,0.0,0.0,0.0,0.0,0.0,0.0,14000.0,164.26,tomazina
04/2026,4,SUL,S,41,PARANA,PR,412785,TRES BARRAS DO PARANA,3.0,2025,DOU,11157.0,4.0,0.0,0.0,0.0,0.0,0.0,0.0,0.0,0.0,0.0,0.0,0.0,14000.0,125.48,tres_barras_do_parana
04/2026,4,SUL,S,41,PARANA,PR,412788,TUNAS DO PARANA,3.0,2025,DOU,6304.0,3.0,0.0,0.0,0.0,0.0,0.0,0.0,0.0,0.0,0.0,0.0,0.0,10500.0,166.56,tunas_do_parana
04/2026,4,SUL,S,41,PARANA,PR,412790,TUNEIRAS DO OESTE,3.0,2025,DOU,8067.0,4.0,0.0,0.0,0.0,0.0,0.0,0.0,0.0,0.0,0.0,0.0,0.0,14000.0,173.54,tuneiras_do_oeste
04/2026,4,SUL,S,41,PARANA,PR,412795,TUPASSI,3.0,2025,DOU,8208.0,2.0,0.0,0.0,0.0,0.0,0.0,0.0,0.0,0.0,0.0,0.0,0.0,7000.0,85.28,tupassi
04/2026,4,SUL,S,41,PARANA,PR,412796,TURVO,3.0,2025,DOU,14101.0,6.0,0.0,0.0,0.0,0.0,0.0,0.0,0.0,0.0,0.0,0.0,0.0,21000.0,148.92,turvo
04/2026,4,SUL,S,41,PARANA,PR,412800,UBIRATA,1.0,2025,DOU,25732.0,8.0,0.0,0.0,0.0,0.0,0.0,0.0,0.0,0.0,0.0,0.0,0.0,28000.0,108.81,ubirata
04/2026,4,SUL,S,41,PARANA,PR,412810,UMUARAMA,1.0,2025,DOU,123059.0,32.0,0.0,0.0,0.0,0.0,0.0,0.0,1.0,0.0,0.0,0.0,0.0,112000.0,91.01,umuarama
04/2026,4,SUL,S,41,PARANA,PR,412820,UNIAO DA VITORIA,1.0,2025,DOU,56560.0,14.0,0.0,1.0,0.0,0.0,0.0,0.0,1.0,165.0,0.0,0.0,165.0,50915.0,90.01,uniao_da_vitoria
04/2026,4,SUL,S,41,PARANA,PR,412830,UNIFLOR,3.0,2025,DOU,2106.0,1.0,0.0,0.0,0.0,0.0,0.0,0.0,0.0,0.0,0.0,0.0,0.0,3500.0,166.19,uniflor
04/2026,4,SUL,S,41,PARANA,PR,412840,URAI,3.0,2025,DOU,10308.0,3.0,0.0,3.0,0.0,0.0,0.0,0.0,0.0,0.0,0.0,0.0,0.0,15750.0,152.79,urai
04/2026,4,SUL,S,41,PARANA,PR,412853,VENTANIA,3.0,2025,DOU,9760.0,5.0,0.0,0.0,0.0,0.0,0.0,0.0,0.0,0.0,0.0,0.0,0.0,17500.0,179.3,ventania
04/2026,4,SUL,S,41,PARANA,PR,412855,VERA CRUZ DO OESTE,3.0,2025,DOU,8178.0,3.0,1.0,0.0,0.0,0.0,0.0,0.0,0.0,0.0,0.0,0.0,0.0,13125.0,160.49,vera_cruz_do_oeste
04/2026,4,SUL,S,41,PARANA,PR,412860,VERE,3.0,2025,DOU,8077.0,3.0,0.0,0.0,0.0,0.0,0.0,0.0,0.0,0.0,0.0,0.0,0.0,10500.0,129.99,vere
04/2026,4,SUL,S,41,PARANA,PR,412865,VIRMOND,3.0,2025,DOU,3828.0,2.0,0.0,0.0,0.0,0.0,0.0,0.0,0.0,0.0,0.0,0.0,0.0,7000.0,182.86,virmond
04/2026,4,SUL,S,41,PARANA,PR,412870,VITORINO,3.0,2025,DOU,10549.0,4.0,0.0,0.0,0.0,0.0,0.0,0.0,0.0,0.0,0.0,0.0,0.0,14000.0,132.71,vitorino
04/2026,4,SUL,S,41,PARANA,PR,412850,WENCESLAU BRAZ,1.0,2025,DOU,19398.0,9.0,1.0,0.0,0.0,0.0,0.0,0.0,0.0,0.0,0.0,0.0,0.0,34125.0,175.92,wenceslau_braz
04/2026,4,SUL,S,41,PARANA,PR,412880,XAMBRE,3.0,2025,DOU,5835.0,2.0,0.0,0.0,0.0,0.0,0.0,0.0,0.0,0.0,0.0,0.0,0.0,7000.0,119.96,xambre
04/2026,3,SUDESTE,SE,33,RIO DE JANEIRO,RJ,330010,ANGRA DOS REIS,1.0,2025,DOU,179142.0,57.0,4.0,0.0,0.0,0.0,1.0,111.0,0.0,0.0,0.0,0.0,111.0,210111.0,117.28,angra_dos_reis
04/2026,3,SUDESTE,SE,33,RIO DE JANEIRO,RJ,330015,APERIBE,2.0,2025,DOU,11426.0,5.0,0.0,1.0,0.0,0.0,0.0,0.0,0.0,0.0,0.0,0.0,0.0,19250.0,168.47,aperibe
04/2026,3,SUDESTE,SE,33,RIO DE JANEIRO,RJ,330020,ARARUAMA,1.0,2025,DOU,137906.0,26.0,7.0,0.0,0.0,0.0,0.0,0.0,0.0,0.0,0.0,0.0,0.0,109375.0,79.31,araruama
04/2026,3,SUDESTE,SE,33,RIO DE JANEIRO,RJ,330022,AREAL,1.0,2025,DOU,12239.0,5.0,0.0,0.0,0.0,0.0,0.0,0.0,0.0,0.0,0.0,0.0,0.0,17500.0,142.98,areal
04/2026,3,SUDESTE,SE,33,RIO DE JANEIRO,RJ,330023,ARMACAO DOS BUZIOS,1.0,2025,DOU,42527.0,14.0,0.0,0.0,0.0,0.0,0.0,0.0,0.0,0.0,0.0,0.0,0.0,49000.0,115.22,armacao_dos_buzios
04/2026,3,SUDESTE,SE,33,RIO DE JANEIRO,RJ,330025,ARRAIAL DO CABO,1.0,2025,DOU,32822.0,8.0,0.0,0.0,0.0,0.0,0.0,0.0,0.0,0.0,0.0,0.0,0.0,28000.0,85.3,arraial_do_cabo
04/2026,3,SUDESTE,SE,33,RIO DE JANEIRO,RJ,330030,BARRA DO PIRAI,1.0,2025,DOU,98506.0,20.0,2.0,0.0,0.0,0.0,1.0,165.0,0.0,0.0,0.0,0.0,165.0,75415.0,76.55,barra_do_pirai
04/2026,3,SUDESTE,SE,33,RIO DE JANEIRO,RJ,330040,BARRA MANSA,1.0,2025,DOU,181679.0,52.0,2.0,1.0,0.0,0.0,1.0,294.0,0.0,0.0,0.0,0.0,294.0,189294.0,104.19,barra_mansa
04/2026,3,SUDESTE,SE,33,RIO DE JANEIRO,RJ,330045,BELFORD ROXO,1.0,2025,DOU,518384.0,91.0,52.0,4.0,0.0,0.0,1.0,184.0,0.0,0.0,0.0,0.0,184.0,462184.0,89.15,belford_roxo
04/2026,3,SUDESTE,SE,33,RIO DE JANEIRO,RJ,330050,BOM JARDIM,3.0,2025,DOU,29758.0,7.0,0.0,0.0,0.0,0.0,0.0,0.0,0.0,0.0,0.0,0.0,0.0,24500.0,82.33,bom_jardim
04/2026,3,SUDESTE,SE,33,RIO DE JANEIRO,RJ,330060,BOM JESUS DO ITABAPOANA,1.0,2025,DOU,37176.0,17.0,0.0,0.0,0.0,0.0,1.0,124.0,0.0,0.0,0.0,0.0,124.0,59624.0,160.38,bom_jesus_do_itabapoana
04/2026,3,SUDESTE,SE,33,RIO DE JANEIRO,RJ,330070,CABO FRIO,1.0,2025,DOU,238438.0,36.0,12.0,0.0,0.0,0.0,1.0,374.0,0.0,0.0,0.0,0.0,374.0,157874.0,66.21,cabo_frio
04/2026,3,SUDESTE,SE,33,RIO DE JANEIRO,RJ,330080,CACHOEIRAS DE MACACU,1.0,2025,DOU,59861.0,16.0,1.0,3.0,0.0,0.0,0.0,0.0,0.0,0.0,0.0,0.0,0.0,63875.0,106.7,cachoeiras_de_macacu
04/2026,3,SUDESTE,SE,33,RIO DE JANEIRO,RJ,330090,CAMBUCI,3.0,2025,DOU,15069.0,5.0,1.0,0.0,0.0,0.0,0.0,0.0,0.0,0.0,0.0,0.0,0.0,20125.0,133.55,cambuci
04/2026,3,SUDESTE,SE,33,RIO DE JANEIRO,RJ,330100,CAMPOS DOS GOYTACAZES,1.0,2025,DOU,519259.0,71.0,5.0,15.0,0.0,0.0,1.0,464.0,2.0,1035.0,1.0,1080.0,2579.0,290454.0,55.93,campos_dos_goytacazes
04/2026,3,SUDESTE,SE,33,RIO DE JANEIRO,RJ,330110,CANTAGALO,1.0,2025,DOU,19995.0,8.0,0.0,0.0,0.0,0.0,0.0,0.0,0.0,0.0,0.0,0.0,0.0,28000.0,140.03,cantagalo
04/2026,3,SUDESTE,SE,33,RIO DE JANEIRO,RJ,330093,CARAPEBUS,1.0,2025,DOU,14329.0,6.0,0.0,0.0,0.0,0.0,0.0,0.0,0.0,0.0,0.0,0.0,0.0,21000.0,146.55,carapebus
04/2026,3,SUDESTE,SE,33,RIO DE JANEIRO,RJ,330115,CARDOSO MOREIRA,3.0,2025,DOU,13407.0,6.0,0.0,0.0,0.0,0.0,0.0,0.0,0.0,0.0,0.0,0.0,0.0,21000.0,156.63,cardoso_moreira
04/2026,3,SUDESTE,SE,33,RIO DE JANEIRO,RJ,330120,CARMO,1.0,2025,DOU,17741.0,7.0,0.0,0.0,0.0,0.0,0.0,0.0,0.0,0.0,0.0,0.0,0.0,24500.0,138.09,carmo
04/2026,3,SUDESTE,SE,33,RIO DE JANEIRO,RJ,330130,CASIMIRO DE ABREU,1.0,2025,DOU,48636.0,15.0,0.0,0.0,0.0,0.0,0.0,0.0,0.0,0.0,0.0,0.0,0.0,52500.0,107.94,casimiro_de_abreu
04/2026,3,SUDESTE,SE,33,RIO DE JANEIRO,RJ,330095,COMENDADOR LEVY GASPARIAN,1.0,2025,DOU,9048.0,4.0,0.0,0.0,0.0,0.0,0.0,0.0,0.0,0.0,0.0,0.0,0.0,14000.0,154.73,comendador_levy_gasparian
04/2026,3,SUDESTE,SE,33,RIO DE JANEIRO,RJ,330140,CONCEICAO DE MACABU,1.0,2025,DOU,21770.0,8.0,0.0,0.0,0.0,0.0,0.0,0.0,0.0,0.0,0.0,0.0,0.0,28000.0,128.61,conceicao_de_macabu
04/2026,3,SUDESTE,SE,33,RIO DE JANEIRO,RJ,330150,CORDEIRO,1.0,2025,DOU,21448.0,6.0,0.0,0.0,0.0,0.0,0.0,0.0,0.0,0.0,0.0,0.0,0.0,21000.0,97.91,cordeiro
04/2026,3,SUDESTE,SE,33,RIO DE JANEIRO,RJ,330160,DUAS BARRAS,3.0,2025,DOU,11355.0,4.0,0.0,0.0,0.0,0.0,0.0,0.0,0.0,0.0,0.0,0.0,0.0,14000.0,123.29,duas_barras
04/2026,3,SUDESTE,SE,33,RIO DE JANEIRO,RJ,330170,DUQUE DE CAXIAS,1.0,2025,DOU,866225.0,108.0,32.0,17.0,0.0,0.0,1.0,129.0,0.0,0.0,0.0,0.0,129.0,491879.0,56.78,duque_de_caxias
04/2026,3,SUDESTE,SE,33,RIO DE JANEIRO,RJ,330180,ENGENHEIRO PAULO DE FRONTIN,2.0,2025,DOU,12644.0,6.0,0.0,0.0,0.0,0.0,0.0,0.0,0.0,0.0,0.0,0.0,0.0,21000.0,166.08,engenheiro_paulo_de_frontin
04/2026,3,SUDESTE,SE,33,RIO DE JANEIRO,RJ,330185,GUAPIMIRIM,1.0,2025,DOU,54311.0,12.0,0.0,0.0,0.0,0.0,0.0,0.0,0.0,0.0,0.0,0.0,0.0,42000.0,77.33,guapimirim
04/2026,3,SUDESTE,SE,33,RIO DE JANEIRO,RJ,330187,IGUABA GRANDE,1.0,2025,DOU,29616.0,12.0,0.0,0.0,0.0,0.0,0.0,0.0,0.0,0.0,0.0,0.0,0.0,42000.0,141.81,iguaba_grande
04/2026,3,SUDESTE,SE,33,RIO DE JANEIRO,RJ,330190,ITABORAI,1.0,2025,DOU,240127.0,45.0,10.0,0.0,0.0,0.0,0.0,0.0,0.0,0.0,0.0,0.0,0.0,183750.0,76.52,itaborai
04/2026,3,SUDESTE,SE,33,RIO DE JANEIRO,RJ,330200,ITAGUAI,1.0,2025,DOU,124021.0,37.0,0.0,0.0,0.0,0.0,0.0,0.0,0.0,0.0,0.0,0.0,0.0,129500.0,104.41,itaguai
04/2026,3,SUDESTE,SE,33,RIO DE JANEIRO,RJ,330205,ITALVA,3.0,2025,DOU,14518.0,8.0,0.0,0.0,0.0,0.0,0.0,0.0,0.0,0.0,0.0,0.0,0.0,28000.0,192.86,italva
04/2026,3,SUDESTE,SE,33,RIO DE JANEIRO,RJ,330210,ITAOCARA,2.0,2025,DOU,23645.0,8.0,3.0,0.0,0.0,0.0,0.0,0.0,0.0,0.0,0.0,0.0,0.0,35875.0,151.72,itaocara
04/2026,3,SUDESTE,SE,33,RIO DE JANEIRO,RJ,330220,ITAPERUNA,1.0,2025,DOU,107297.0,21.0,13.0,0.0,0.0,0.0,1.0,102.0,0.0,0.0,1.0,1043.0,1145.0,108770.0,101.37,itaperuna
04/2026,3,SUDESTE,SE,33,RIO DE JANEIRO,RJ,330225,ITATIAIA,1.0,2025,DOU,32713.0,12.0,0.0,0.0,0.0,0.0,0.0,0.0,0.0,0.0,0.0,0.0,0.0,42000.0,128.38,itatiaia
04/2026,3,SUDESTE,SE,33,RIO DE JANEIRO,RJ,330227,JAPERI,1.0,2025,DOU,102171.0,18.0,0.0,0.0,0.0,0.0,1.0,42.0,0.0,0.0,3.0,6353.0,6395.0,69395.0,67.92,japeri
04/2026,3,SUDESTE,SE,33,RIO DE JANEIRO,RJ,330230,LAJE DO MURIAE,3.0,2025,DOU,7584.0,4.0,0.0,0.0,0.0,0.0,0.0,0.0,0.0,0.0,0.0,0.0,0.0,14000.0,184.59,laje_do_muriae
04/2026,3,SUDESTE,SE,33,RIO DE JANEIRO,RJ,330240,MACAE,1.0,2025,DOU,264439.0,42.0,0.0,10.0,0.0,0.0,0.0,0.0,0.0,0.0,0.0,0.0,0.0,164500.0,62.2,macae
04/2026,3,SUDESTE,SE,33,RIO DE JANEIRO,RJ,330245,MACUCO,2.0,2025,DOU,5602.0,3.0,0.0,0.0,0.0,0.0,0.0,0.0,0.0,0.0,0.0,0.0,0.0,10500.0,187.43,macuco
04/2026,3,SUDESTE,SE,33,RIO DE JANEIRO,RJ,330250,MAGE,1.0,2025,DOU,244142.0,61.0,0.0,0.0,0.0,0.0,2.0,416.0,2.0,3269.0,0.0,0.0,3685.0,217185.0,88.95,mage
04/2026,3,SUDESTE,SE,33,RIO DE JANEIRO,RJ,330260,MANGARATIBA,1.0,2025,DOU,43660.0,14.0,0.0,0.0,0.0,0.0,0.0,0.0,0.0,0.0,0.0,0.0,0.0,49000.0,112.23,mangaratiba
04/2026,3,SUDESTE,SE,33,RIO DE JANEIRO,RJ,330270,MARICA,1.0,2025,DOU,212470.0,59.0,0.0,0.0,0.0,0.0,1.0,543.0,0.0,0.0,0.0,0.0,543.0,207043.0,97.44,marica
04/2026,3,SUDESTE,SE,33,RIO DE JANEIRO,RJ,330280,MENDES,2.0,2025,DOU,18048.0,9.0,0.0,0.0,0.0,0.0,0.0,0.0,0.0,0.0,0.0,0.0,0.0,31500.0,174.53,mendes
04/2026,3,SUDESTE,SE,33,RIO DE JANEIRO,RJ,330285,MESQUITA,1.0,2025,DOU,178830.0,51.0,0.0,0.0,0.0,0.0,1.0,303.0,0.0,0.0,0.0,0.0,303.0,178803.0,99.98,mesquita
04/2026,3,SUDESTE,SE,33,RIO DE JANEIRO,RJ,330290,MIGUEL PEREIRA,1.0,2025,DOU,28142.0,12.0,0.0,0.0,0.0,0.0,0.0,0.0,0.0,0.0,0.0,0.0,0.0,42000.0,149.24,miguel_pereira
04/2026,3,SUDESTE,SE,33,RIO DE JANEIRO,RJ,330300,MIRACEMA,1.0,2025,DOU,28416.0,9.0,0.0,0.0,0.0,0.0,0.0,0.0,0.0,0.0,0.0,0.0,0.0,31500.0,110.85,miracema
04/2026,3,SUDESTE,SE,33,RIO DE JANEIRO,RJ,330310,NATIVIDADE,3.0,2025,DOU,15551.0,7.0,0.0,0.0,0.0,0.0,0.0,0.0,0.0,0.0,0.0,0.0,0.0,24500.0,157.54,natividade
04/2026,3,SUDESTE,SE,33,RIO DE JANEIRO,RJ,330320,NILOPOLIS,1.0,2025,DOU,155500.0,39.0,0.0,22.0,0.0,0.0,0.0,0.0,0.0,0.0,0.0,0.0,0.0,175000.0,112.54,nilopolis
04/2026,3,SUDESTE,SE,33,RIO DE JANEIRO,RJ,330330,NITEROI,1.0,2025,DOU,516787.0,112.0,20.0,5.0,0.0,0.0,2.0,837.0,0.0,0.0,0.0,0.0,837.0,454087.0,87.86,niteroi
04/2026,3,SUDESTE,SE,33,RIO DE JANEIRO,RJ,330340,NOVA FRIBURGO,1.0,2025,DOU,203417.0,24.0,1.0,3.0,0.0,0.0,1.0,838.0,0.0,0.0,0.0,0.0,838.0,92713.0,45.57,nova_friburgo
04/2026,3,SUDESTE,SE,33,RIO DE JANEIRO,RJ,330350,NOVA IGUACU,1.0,2025,DOU,843220.0,120.0,23.0,0.0,0.0,0.0,2.0,821.0,0.0,0.0,0.0,0.0,821.0,481196.0,57.06,nova_iguacu
04/2026,3,SUDESTE,SE,33,RIO DE JANEIRO,RJ,330360,PARACAMBI,1.0,2025,DOU,43627.0,9.0,0.0,2.0,0.0,0.0,0.0,0.0,0.0,0.0,0.0,0.0,0.0,35000.0,80.22,paracambi
04/2026,3,SUDESTE,SE,33,RIO DE JANEIRO,RJ,330370,PARAIBA DO SUL,1.0,2025,DOU,44479.0,22.0,0.0,0.0,0.0,0.0,0.0,0.0,0.0,0.0,0.0,0.0,0.0,77000.0,173.11,paraiba_do_sul
04/2026,3,SUDESTE,SE,33,RIO DE JANEIRO,RJ,330380,PARATY,2.0,2025,DOU,47668.0,12.0,0.0,0.0,0.0,0.0,0.0,0.0,0.0,0.0,0.0,0.0,0.0,42000.0,88.1,paraty
04/2026,3,SUDESTE,SE,33,RIO DE JANEIRO,RJ,330385,PATY DO ALFERES,1.0,2025,DOU,31370.0,14.0,0.0,0.0,0.0,0.0,0.0,0.0,0.0,0.0,0.0,0.0,0.0,49000.0,156.2,paty_do_alferes
04/2026,3,SUDESTE,SE,33,RIO DE JANEIRO,RJ,330390,PETROPOLIS,1.0,2025,DOU,294926.0,55.0,8.0,2.0,0.0,0.0,1.0,474.0,0.0,0.0,0.0,0.0,474.0,217474.0,73.73,petropolis
04/2026,3,SUDESTE,SE,33,RIO DE JANEIRO,RJ,330395,PINHEIRAL,1.0,2025,DOU,25096.0,12.0,0.0,0.0,0.0,0.0,0.0,0.0,0.0,0.0,0.0,0.0,0.0,42000.0,167.35,pinheiral
04/2026,3,SUDESTE,SE,33,RIO DE JANEIRO,RJ,330400,PIRAI,2.0,2025,DOU,29066.0,13.0,0.0,0.0,0.0,0.0,0.0,0.0,0.0,0.0,0.0,0.0,0.0,45500.0,156.54,pirai
04/2026,3,SUDESTE,SE,33,RIO DE JANEIRO,RJ,330410,PORCIUNCULA,2.0,2025,DOU,17832.0,9.0,0.0,2.0,0.0,0.0,0.0,0.0,0.0,0.0,0.0,0.0,0.0,35000.0,196.27,porciuncula
04/2026,3,SUDESTE,SE,33,RIO DE JANEIRO,RJ,330411,PORTO REAL,1.0,2025,DOU,21089.0,8.0,0.0,0.0,0.0,0.0,0.0,0.0,0.0,0.0,0.0,0.0,0.0,28000.0,132.77,porto_real
04/2026,3,SUDESTE,SE,33,RIO DE JANEIRO,RJ,330412,QUATIS,1.0,2025,DOU,14165.0,5.0,0.0,0.0,0.0,0.0,0.0,0.0,0.0,0.0,0.0,0.0,0.0,17500.0,123.54,quatis
04/2026,3,SUDESTE,SE,33,RIO DE JANEIRO,RJ,330414,QUEIMADOS,1.0,2025,DOU,149135.0,13.0,7.0,4.0,0.0,0.0,0.0,0.0,0.0,0.0,0.0,0.0,0.0,70875.0,47.52,queimados
04/2026,3,SUDESTE,SE,33,RIO DE JANEIRO,RJ,330415,QUISSAMA,2.0,2025,DOU,23142.0,9.0,0.0,0.0,0.0,0.0,0.0,0.0,0.0,0.0,0.0,0.0,0.0,31500.0,136.11,quissama
04/2026,3,SUDESTE,SE,33,RIO DE JANEIRO,RJ,330420,RESENDE,1.0,2025,DOU,137697.0,38.0,0.0,0.0,0.0,0.0,1.0,185.0,1.0,1181.0,0.0,0.0,1366.0,134366.0,97.58,resende
04/2026,3,SUDESTE,SE,33,RIO DE JANEIRO,RJ,330430,RIO BONITO,1.0,2025,DOU,59126.0,22.0,0.0,0.0,0.0,0.0,0.0,0.0,0.0,0.0,0.0,0.0,0.0,77000.0,130.23,rio_bonito
04/2026,3,SUDESTE,SE,33,RIO DE JANEIRO,RJ,330440,RIO CLARO,3.0,2025,DOU,17951.0,9.0,0.0,0.0,0.0,0.0,0.0,0.0,0.0,0.0,0.0,0.0,0.0,31500.0,175.47,rio_claro
04/2026,3,SUDESTE,SE,33,RIO DE JANEIRO,RJ,330450,RIO DAS FLORES,3.0,2025,DOU,9267.0,4.0,0.0,0.0,0.0,0.0,0.0,0.0,0.0,0.0,0.0,0.0,0.0,14000.0,151.07,rio_das_flores
04/2026,3,SUDESTE,SE,33,RIO DE JANEIRO,RJ,330452,RIO DAS OSTRAS,1.0,2025,DOU,168455.0,30.0,0.0,3.0,0.0,0.0,0.0,0.0,0.0,0.0,0.0,0.0,0.0,110250.0,65.44,rio_das_ostras
04/2026,3,SUDESTE,SE,33,RIO DE JANEIRO,RJ,330455,RIO DE JANEIRO,1.0,2025,DOU,6730729.0,1377.0,23.0,28.0,0.0,0.0,15.0,21162.0,10.0,1148.0,22.0,40170.0,62480.0,4991355.0,74.15,rio_de_janeiro
04/2026,3,SUDESTE,SE,33,RIO DE JANEIRO,RJ,330460,SANTA MARIA MADALENA,3.0,2025,DOU,10580.0,3.0,0.0,0.0,0.0,0.0,0.0,0.0,0.0,0.0,0.0,0.0,0.0,10500.0,99.24,santa_maria_madalena
04/2026,3,SUDESTE,SE,33,RIO DE JANEIRO,RJ,330470,SANTO ANTONIO DE PADUA,1.0,2025,DOU,43697.0,12.0,0.0,0.0,0.0,0.0,0.0,0.0,0.0,0.0,0.0,0.0,0.0,42000.0,96.11,santo_antonio_de_padua
04/2026,3,SUDESTE,SE,33,RIO DE JANEIRO,RJ,330480,SAO FIDELIS,2.0,2025,DOU,41212.0,15.0,2.0,0.0,0.0,0.0,0.0,0.0,0.0,0.0,0.0,0.0,0.0,57750.0,140.12,sao_fidelis
04/2026,3,SUDESTE,SE,33,RIO DE JANEIRO,RJ,330475,SAO FRANCISCO DE ITABAPOANA,3.0,2025,DOU,47397.0,18.0,0.0,0.0,0.0,0.0,0.0,0.0,0.0,0.0,0.0,0.0,0.0,63000.0,132.91,sao_francisco_de_itabapoana
04/2026,3,SUDESTE,SE,33,RIO DE JANEIRO,RJ,330490,SAO GONCALO,1.0,2025,DOU,960196.0,208.0,8.0,11.0,0.0,0.0,1.0,288.0,0.0,0.0,4.0,9.0,297.0,768547.0,80.04,sao_goncalo
04/2026,3,SUDESTE,SE,33,RIO DE JANEIRO,RJ,330500,SAO JOAO DA BARRA,1.0,2025,DOU,38740.0,12.0,0.0,2.0,0.0,0.0,0.0,0.0,0.0,0.0,0.0,0.0,0.0,45500.0,117.44,sao_joao_da_barra
04/2026,3,SUDESTE,SE,33,RIO DE JANEIRO,RJ,330510,SAO JOAO DE MERITI,1.0,2025,DOU,466503.0,87.0,0.0,0.0,0.0,0.0,1.0,349.0,0.0,0.0,0.0,0.0,349.0,304849.0,65.34,sao_joao_de_meriti
04/2026,3,SUDESTE,SE,33,RIO DE JANEIRO,RJ,330513,SAO JOSE DE UBA,3.0,2025,DOU,7318.0,4.0,0.0,0.0,0.0,0.0,0.0,0.0,0.0,0.0,0.0,0.0,0.0,14000.0,191.3,sao_jose_de_uba
04/2026,3,SUDESTE,SE,33,RIO DE JANEIRO,RJ,330515,SAO JOSE DO VALE DO RIO PRETO,3.0,2025,DOU,22813.0,8.0,0.0,0.0,0.0,0.0,0.0,0.0,0.0,0.0,0.0,0.0,0.0,28000.0,122.73,sao_jose_do_vale_do_rio_preto
04/2026,3,SUDESTE,SE,33,RIO DE JANEIRO,RJ,330520,SAO PEDRO DA ALDEIA,1.0,2025,DOU,110677.0,16.0,4.0,3.0,0.0,0.0,0.0,0.0,0.0,0.0,0.0,0.0,0.0,71750.0,64.82,sao_pedro_da_aldeia
04/2026,3,SUDESTE,SE,33,RIO DE JANEIRO,RJ,330530,SAO SEBASTIAO DO ALTO,3.0,2025,DOU,7993.0,4.0,0.0,0.0,0.0,0.0,0.0,0.0,0.0,0.0,0.0,0.0,0.0,14000.0,175.15,sao_sebastiao_do_alto
04/2026,3,SUDESTE,SE,33,RIO DE JANEIRO,RJ,330540,SAPUCAIA,3.0,2025,DOU,18291.0,7.0,0.0,0.0,0.0,0.0,0.0,0.0,0.0,0.0,0.0,0.0,0.0,24500.0,133.94,sapucaia
04/2026,3,SUDESTE,SE,33,RIO DE JANEIRO,RJ,330550,SAQUAREMA,1.0,2025,DOU,95315.0,20.0,1.0,0.0,0.0,0.0,0.0,0.0,0.0,0.0,0.0,0.0,0.0,72625.0,76.19,saquarema
04/2026,3,SUDESTE,SE,33,RIO DE JANEIRO,RJ,330555,SEROPEDICA,1.0,2025,DOU,84794.0,22.0,0.0,0.0,0.0,0.0,0.0,0.0,0.0,0.0,0.0,0.0,0.0,77000.0,90.8,seropedica
04/2026,3,SUDESTE,SE,33,RIO DE JANEIRO,RJ,330560,SILVA JARDIM,3.0,2025,DOU,22028.0,11.0,0.0,0.0,0.0,0.0,0.0,0.0,0.0,0.0,0.0,0.0,0.0,38500.0,174.77,silva_jardim
04/2026,3,SUDESTE,SE,33,RIO DE JANEIRO,RJ,330570,SUMIDOURO,3.0,2025,DOU,15693.0,6.0,0.0,0.0,0.0,0.0,0.0,0.0,0.0,0.0,0.0,0.0,0.0,21000.0,133.81,sumidouro
04/2026,3,SUDESTE,SE,33,RIO DE JANEIRO,RJ,330575,TANGUA,1.0,2025,DOU,32865.0,13.0,0.0,0.0,0.0,0.0,0.0,0.0,0.0,0.0,0.0,0.0,0.0,45500.0,138.44,tangua
04/2026,3,SUDESTE,SE,33,RIO DE JANEIRO,RJ,330580,TERESOPOLIS,1.0,2025,DOU,176735.0,21.0,8.0,4.0,0.0,0.0,1.0,154.0,0.0,0.0,0.0,0.0,154.0,101654.0,57.51,teresopolis
04/2026,3,SUDESTE,SE,33,RIO DE JANEIRO,RJ,330590,TRAJANO DE MORAES,3.0,2025,DOU,10654.0,5.0,0.0,0.0,0.0,0.0,0.0,0.0,0.0,0.0,0.0,0.0,0.0,17500.0,164.25,trajano_de_moraes
04/2026,3,SUDESTE,SE,33,RIO DE JANEIRO,RJ,330600,TRES RIOS,1.0,2025,DOU,82319.0,29.0,4.0,0.0,0.0,0.0,1.0,109.0,0.0,0.0,0.0,0.0,109.0,112109.0,136.18,tres_rios
04/2026,3,SUDESTE,SE,33,RIO DE JANEIRO,RJ,330610,VALENCA,1.0,2025,DOU,71449.0,23.0,0.0,5.0,0.0,0.0,0.0,0.0,0.0,0.0,0.0,0.0,0.0,89250.0,124.91,valenca
04/2026,3,SUDESTE,SE,33,RIO DE JANEIRO,RJ,330615,VARRE-SAI,3.0,2025,DOU,10563.0,5.0,0.0,0.0,0.0,0.0,0.0,0.0,0.0,0.0,0.0,0.0,0.0,17500.0,165.67,varre_sai
04/2026,3,SUDESTE,SE,33,RIO DE JANEIRO,RJ,330620,VASSOURAS,2.0,2025,DOU,35907.0,14.0,0.0,0.0,0.0,0.0,0.0,0.0,0.0,0.0,0.0,0.0,0.0,49000.0,136.46,vassouras
04/2026,3,SUDESTE,SE,33,RIO DE JANEIRO,RJ,330630,VOLTA REDONDA,1.0,2025,DOU,279971.0,65.0,8.0,0.0,0.0,0.0,1.0,275.0,1.0,1203.0,0.0,0.0,1478.0,249978.0,89.28,volta_redonda
04/2026,2,NORDESTE,NE,24,RIO GRANDE DO NORTE,RN,240010,ACARI,2.0,2025,DOU,10855.0,5.0,0.0,0.0,0.0,0.0,0.0,0.0,0.0,0.0,0.0,0.0,0.0,17500.0,161.21,acari
04/2026,2,NORDESTE,NE,24,RIO GRANDE DO NORTE,RN,240030,AFONSO BEZERRA,3.0,2025,DOU,11158.0,5.0,0.0,0.0,0.0,0.0,0.0,0.0,0.0,0.0,0.0,0.0,0.0,17500.0,156.83,afonso_bezerra
04/2026,2,NORDESTE,NE,24,RIO GRANDE DO NORTE,RN,240040,AGUA NOVA,3.0,2025,DOU,3029.0,2.0,0.0,0.0,0.0,0.0,0.0,0.0,0.0,0.0,0.0,0.0,0.0,7000.0,231.09,agua_nova
04/2026,2,NORDESTE,NE,24,RIO GRANDE DO NORTE,RN,240050,ALEXANDRIA,3.0,2025,DOU,14058.0,7.0,0.0,2.0,0.0,0.0,0.0,0.0,0.0,0.0,0.0,0.0,0.0,28000.0,199.17,alexandria
04/2026,2,NORDESTE,NE,24,RIO GRANDE DO NORTE,RN,240060,ALMINO AFONSO,3.0,2025,DOU,4802.0,2.0,0.0,0.0,0.0,0.0,0.0,0.0,0.0,0.0,0.0,0.0,0.0,7000.0,145.77,almino_afonso
04/2026,2,NORDESTE,NE,24,RIO GRANDE DO NORTE,RN,240070,ALTO DO RODRIGUES,3.0,2025,DOU,12874.0,7.0,0.0,0.0,0.0,0.0,0.0,0.0,0.0,0.0,0.0,0.0,0.0,24500.0,190.3,alto_do_rodrigues
04/2026,2,NORDESTE,NE,24,RIO GRANDE DO NORTE,RN,240080,ANGICOS,2.0,2025,DOU,11985.0,6.0,0.0,0.0,0.0,0.0,0.0,0.0,0.0,0.0,0.0,0.0,0.0,21000.0,175.21,angicos
04/2026,2,NORDESTE,NE,24,RIO GRANDE DO NORTE,RN,240090,ANTONIO MARTINS,3.0,2025,DOU,6730.0,4.0,0.0,0.0,0.0,0.0,0.0,0.0,0.0,0.0,0.0,0.0,0.0,14000.0,208.02,antonio_martins
04/2026,2,NORDESTE,NE,24,RIO GRANDE DO NORTE,RN,240100,APODI,2.0,2025,DOU,37486.0,16.0,0.0,0.0,0.0,0.0,0.0,0.0,1.0,41.0,0.0,0.0,41.0,56041.0,149.49,apodi
04/2026,2,NORDESTE,NE,24,RIO GRANDE DO NORTE,RN,240110,AREIA BRANCA,1.0,2025,DOU,24607.0,9.0,0.0,0.0,0.0,0.0,0.0,0.0,0.0,0.0,0.0,0.0,0.0,31500.0,128.01,areia_branca
04/2026,2,NORDESTE,NE,24,RIO GRANDE DO NORTE,RN,240120,AREZ,3.0,2025,DOU,13681.0,6.0,0.0,0.0,0.0,0.0,0.0,0.0,0.0,0.0,0.0,0.0,0.0,21000.0,153.49,arez
04/2026,2,NORDESTE,NE,24,RIO GRANDE DO NORTE,RN,240020,ASSU,1.0,2025,DOU,59099.0,19.0,0.0,1.0,0.0,0.0,0.0,0.0,0.0,0.0,0.0,0.0,0.0,68250.0,115.48,assu
04/2026,2,NORDESTE,NE,24,RIO GRANDE DO NORTE,RN,240140,BAIA FORMOSA,2.0,2025,DOU,9115.0,5.0,0.0,0.0,0.0,0.0,0.0,0.0,0.0,0.0,0.0,0.0,0.0,17500.0,191.99,baia_formosa
04/2026,2,NORDESTE,NE,24,RIO GRANDE DO NORTE,RN,240145,BARAUNA,2.0,2025,DOU,28415.0,13.0,0.0,4.0,0.0,0.0,0.0,0.0,0.0,0.0,0.0,0.0,0.0,52500.0,184.76,barauna
04/2026,2,NORDESTE,NE,24,RIO GRANDE DO NORTE,RN,240150,BARCELONA,3.0,2025,DOU,4108.0,2.0,0.0,0.0,0.0,0.0,0.0,0.0,0.0,0.0,0.0,0.0,0.0,7000.0,170.39,barcelona
04/2026,2,NORDESTE,NE,24,RIO GRANDE DO NORTE,RN,240160,BENTO FERNANDES,3.0,2025,DOU,4911.0,2.0,0.0,0.0,0.0,0.0,0.0,0.0,0.0,0.0,0.0,0.0,0.0,7000.0,142.53,bento_fernandes
04/2026,2,NORDESTE,NE,24,RIO GRANDE DO NORTE,RN,240165,BODO,3.0,2025,DOU,2360.0,1.0,0.0,0.0,0.0,0.0,0.0,0.0,0.0,0.0,0.0,0.0,0.0,3500.0,148.3,bodo
04/2026,2,NORDESTE,NE,24,RIO GRANDE DO NORTE,RN,240170,BOM JESUS,2.0,2025,DOU,10308.0,5.0,0.0,0.0,0.0,0.0,0.0,0.0,0.0,0.0,0.0,0.0,0.0,17500.0,169.77,bom_jesus
04/2026,2,NORDESTE,NE,24,RIO GRANDE DO NORTE,RN,240180,BREJINHO,2.0,2025,DOU,12638.0,6.0,0.0,0.0,0.0,0.0,0.0,0.0,0.0,0.0,0.0,0.0,0.0,21000.0,166.16,brejinho
04/2026,2,NORDESTE,NE,24,RIO GRANDE DO NORTE,RN,240185,CAICARA DO NORTE,2.0,2025,DOU,6479.0,3.0,0.0,0.0,0.0,0.0,0.0,0.0,0.0,0.0,0.0,0.0,0.0,10500.0,162.06,caicara_do_norte
04/2026,2,NORDESTE,NE,24,RIO GRANDE DO NORTE,RN,240190,CAICARA DO RIO DO VENTO,3.0,2025,DOU,3360.0,2.0,0.0,0.0,0.0,0.0,0.0,0.0,0.0,0.0,0.0,0.0,0.0,7000.0,208.33,caicara_do_rio_do_vento
04/2026,2,NORDESTE,NE,24,RIO GRANDE DO NORTE,RN,240200,CAICO,1.0,2025,DOU,63338.0,28.0,1.0,0.0,0.0,0.0,0.0,0.0,0.0,0.0,1.0,726.0,726.0,101351.0,160.01,caico
04/2026,2,NORDESTE,NE,24,RIO GRANDE DO NORTE,RN,240130,CAMPO GRANDE,3.0,2025,DOU,10071.0,2.0,0.0,0.0,0.0,0.0,0.0,0.0,0.0,0.0,0.0,0.0,0.0,7000.0,69.5,campo_grande
04/2026,2,NORDESTE,NE,24,RIO GRANDE DO NORTE,RN,240210,CAMPO REDONDO,3.0,2025,DOU,10510.0,6.0,0.0,0.0,0.0,0.0,0.0,0.0,0.0,0.0,0.0,0.0,0.0,21000.0,199.8,campo_redondo
04/2026,2,NORDESTE,NE,24,RIO GRANDE DO NORTE,RN,240220,CANGUARETAMA,1.0,2025,DOU,30789.0,17.0,0.0,0.0,0.0,0.0,0.0,0.0,0.0,0.0,0.0,0.0,0.0,59500.0,193.25,canguaretama
04/2026,2,NORDESTE,NE,24,RIO GRANDE DO NORTE,RN,240230,CARAUBAS,2.0,2025,DOU,20182.0,10.0,0.0,0.0,0.0,0.0,0.0,0.0,1.0,320.0,0.0,0.0,320.0,35320.0,175.0,caraubas
04/2026,2,NORDESTE,NE,24,RIO GRANDE DO NORTE,RN,240240,CARNAUBA DOS DANTAS,2.0,2025,DOU,8296.0,3.0,0.0,0.0,0.0,0.0,0.0,0.0,0.0,0.0,0.0,0.0,0.0,10500.0,126.56,carnauba_dos_dantas
04/2026,2,NORDESTE,NE,24,RIO GRANDE DO NORTE,RN,240250,CARNAUBAIS,3.0,2025,DOU,10026.0,5.0,0.0,0.0,0.0,0.0,0.0,0.0,0.0,0.0,0.0,0.0,0.0,17500.0,174.54,carnaubais
04/2026,2,NORDESTE,NE,24,RIO GRANDE DO NORTE,RN,240260,CEARA-MIRIM,1.0,2025,DOU,83543.0,27.0,0.0,0.0,0.0,0.0,0.0,0.0,0.0,0.0,1.0,277.0,277.0,94777.0,113.44,ceara_mirim
04/2026,2,NORDESTE,NE,24,RIO GRANDE DO NORTE,RN,240270,CERRO CORA,3.0,2025,DOU,11334.0,6.0,0.0,0.0,0.0,0.0,0.0,0.0,0.0,0.0,0.0,0.0,0.0,21000.0,185.28,cerro_cora
04/2026,2,NORDESTE,NE,24,RIO GRANDE DO NORTE,RN,240280,CORONEL EZEQUIEL,3.0,2025,DOU,5233.0,3.0,0.0,0.0,0.0,0.0,0.0,0.0,0.0,0.0,0.0,0.0,0.0,10500.0,200.64,coronel_ezequiel
04/2026,2,NORDESTE,NE,24,RIO GRANDE DO NORTE,RN,240290,CORONEL JOAO PESSOA,3.0,2025,DOU,4297.0,2.0,0.0,0.0,0.0,0.0,0.0,0.0,0.0,0.0,0.0,0.0,0.0,7000.0,162.9,coronel_joao_pessoa
04/2026,2,NORDESTE,NE,24,RIO GRANDE DO NORTE,RN,240300,CRUZETA,2.0,2025,DOU,8245.0,3.0,0.0,0.0,0.0,0.0,0.0,0.0,0.0,0.0,0.0,0.0,0.0,10500.0,127.34,cruzeta
04/2026,2,NORDESTE,NE,24,RIO GRANDE DO NORTE,RN,240310,CURRAIS NOVOS,1.0,2025,DOU,42922.0,19.0,0.0,0.0,0.0,0.0,0.0,0.0,0.0,0.0,0.0,0.0,0.0,66500.0,154.93,currais_novos
04/2026,2,NORDESTE,NE,24,RIO GRANDE DO NORTE,RN,240320,DOUTOR SEVERIANO,3.0,2025,DOU,7262.0,4.0,0.0,0.0,0.0,0.0,0.0,0.0,0.0,0.0,0.0,0.0,0.0,14000.0,192.78,doutor_severiano
04/2026,2,NORDESTE,NE,24,RIO GRANDE DO NORTE,RN,240330,ENCANTO,3.0,2025,DOU,6289.0,3.0,0.0,0.0,0.0,0.0,0.0,0.0,0.0,0.0,0.0,0.0,0.0,10500.0,166.95,encanto
04/2026,2,NORDESTE,NE,24,RIO GRANDE DO NORTE,RN,240340,EQUADOR,2.0,2025,DOU,5461.0,3.0,0.0,0.0,0.0,0.0,0.0,0.0,0.0,0.0,0.0,0.0,0.0,10500.0,192.27,equador
04/2026,2,NORDESTE,NE,24,RIO GRANDE DO NORTE,RN,240350,ESPIRITO SANTO,3.0,2025,DOU,10951.0,5.0,0.0,0.0,0.0,0.0,0.0,0.0,0.0,0.0,0.0,0.0,0.0,17500.0,159.8,espirito_santo
04/2026,2,NORDESTE,NE,24,RIO GRANDE DO NORTE,RN,240360,EXTREMOZ,1.0,2025,DOU,68584.0,14.0,0.0,0.0,0.0,0.0,0.0,0.0,0.0,0.0,0.0,0.0,0.0,49000.0,71.44,extremoz
04/2026,2,NORDESTE,NE,24,RIO GRANDE DO NORTE,RN,240370,FELIPE GUERRA,3.0,2025,DOU,6472.0,3.0,0.0,0.0,0.0,0.0,0.0,0.0,0.0,0.0,0.0,0.0,0.0,10500.0,162.23,felipe_guerra
04/2026,2,NORDESTE,NE,24,RIO GRANDE DO NORTE,RN,240375,FERNANDO PEDROZA,3.0,2025,DOU,3035.0,2.0,0.0,0.0,0.0,0.0,0.0,0.0,0.0,0.0,0.0,0.0,0.0,7000.0,230.64,fernando_pedroza
04/2026,2,NORDESTE,NE,24,RIO GRANDE DO NORTE,RN,240380,FLORANIA,3.0,2025,DOU,10556.0,4.0,0.0,0.0,0.0,0.0,0.0,0.0,0.0,0.0,0.0,0.0,0.0,14000.0,132.62,florania
04/2026,2,NORDESTE,NE,24,RIO GRANDE DO NORTE,RN,240390,FRANCISCO DANTAS,3.0,2025,DOU,2758.0,1.0,0.0,0.0,0.0,0.0,0.0,0.0,0.0,0.0,0.0,0.0,0.0,3500.0,126.9,francisco_dantas
04/2026,2,NORDESTE,NE,24,RIO GRANDE DO NORTE,RN,240400,FRUTUOSO GOMES,3.0,2025,DOU,4230.0,2.0,0.0,0.0,0.0,0.0,0.0,0.0,0.0,0.0,0.0,0.0,0.0,7000.0,165.48,frutuoso_gomes
04/2026,2,NORDESTE,NE,24,RIO GRANDE DO NORTE,RN,240410,GALINHOS,3.0,2025,DOU,2159.0,1.0,0.0,0.0,0.0,0.0,0.0,0.0,0.0,0.0,0.0,0.0,0.0,3500.0,162.11,galinhos
04/2026,2,NORDESTE,NE,24,RIO GRANDE DO NORTE,RN,240420,GOIANINHA,1.0,2025,DOU,28422.0,14.0,0.0,0.0,0.0,0.0,0.0,0.0,0.0,0.0,0.0,0.0,0.0,49000.0,172.4,goianinha
04/2026,2,NORDESTE,NE,24,RIO GRANDE DO NORTE,RN,240430,GOVERNADOR DIX-SEPT ROSADO,3.0,2025,DOU,12231.0,5.0,0.0,0.0,0.0,0.0,0.0,0.0,0.0,0.0,0.0,0.0,0.0,17500.0,143.07,governador_dix_sept_rosado
04/2026,2,NORDESTE,NE,24,RIO GRANDE DO NORTE,RN,240440,GROSSOS,3.0,2025,DOU,10281.0,5.0,0.0,0.0,0.0,0.0,0.0,0.0,0.0,0.0,0.0,0.0,0.0,17500.0,170.21,grossos
04/2026,2,NORDESTE,NE,24,RIO GRANDE DO NORTE,RN,240450,GUAMARE,3.0,2025,DOU,16076.0,8.0,0.0,0.0,0.0,0.0,0.0,0.0,0.0,0.0,0.0,0.0,0.0,28000.0,174.17,guamare
04/2026,2,NORDESTE,NE,24,RIO GRANDE DO NORTE,RN,240460,IELMO MARINHO,3.0,2025,DOU,11889.0,7.0,0.0,0.0,0.0,0.0,0.0,0.0,0.0,0.0,0.0,0.0,0.0,24500.0,206.07,ielmo_marinho
04/2026,2,NORDESTE,NE,24,RIO GRANDE DO NORTE,RN,240470,IPANGUACU,3.0,2025,DOU,14560.0,8.0,0.0,0.0,0.0,0.0,0.0,0.0,0.0,0.0,0.0,0.0,0.0,28000.0,192.3,ipanguacu
04/2026,2,NORDESTE,NE,24,RIO GRANDE DO NORTE,RN,240480,IPUEIRA,3.0,2025,DOU,2090.0,1.0,0.0,0.0,0.0,0.0,0.0,0.0,0.0,0.0,0.0,0.0,0.0,3500.0,167.46,ipueira
04/2026,2,NORDESTE,NE,24,RIO GRANDE DO NORTE,RN,240485,ITAJA,2.0,2025,DOU,7551.0,4.0,0.0,0.0,0.0,0.0,0.0,0.0,0.0,0.0,0.0,0.0,0.0,14000.0,185.4,itaja
04/2026,2,NORDESTE,NE,24,RIO GRANDE DO NORTE,RN,240490,ITAU,2.0,2025,DOU,5447.0,3.0,0.0,0.0,0.0,0.0,0.0,0.0,0.0,0.0,0.0,0.0,0.0,10500.0,192.76,itau
04/2026,2,NORDESTE,NE,24,RIO GRANDE DO NORTE,RN,240500,JACANA,2.0,2025,DOU,8053.0,4.0,0.0,0.0,0.0,0.0,0.0,0.0,0.0,0.0,0.0,0.0,0.0,14000.0,173.84,jacana
04/2026,2,NORDESTE,NE,24,RIO GRANDE DO NORTE,RN,240510,JANDAIRA,3.0,2025,DOU,6752.0,3.0,0.0,0.0,0.0,0.0,0.0,0.0,0.0,0.0,0.0,0.0,0.0,10500.0,155.5,jandaira
04/2026,2,NORDESTE,NE,24,RIO GRANDE DO NORTE,RN,240520,JANDUIS,3.0,2025,DOU,4813.0,3.0,0.0,0.0,0.0,0.0,0.0,0.0,0.0,0.0,0.0,0.0,0.0,10500.0,218.15,janduis
04/2026,2,NORDESTE,NE,24,RIO GRANDE DO NORTE,RN,240530,JANUARIO CICCO,3.0,2025,DOU,8843.0,5.0,0.0,0.0,0.0,0.0,0.0,0.0,0.0,0.0,0.0,0.0,0.0,17500.0,197.89,januario_cicco
04/2026,2,NORDESTE,NE,24,RIO GRANDE DO NORTE,RN,240540,JAPI,2.0,2025,DOU,5219.0,3.0,0.0,0.0,0.0,0.0,0.0,0.0,0.0,0.0,0.0,0.0,0.0,10500.0,201.18,japi
04/2026,2,NORDESTE,NE,24,RIO GRANDE DO NORTE,RN,240550,JARDIM DE ANGICOS,3.0,2025,DOU,2488.0,1.0,0.0,0.0,0.0,0.0,0.0,0.0,0.0,0.0,0.0,0.0,0.0,3500.0,140.67,jardim_de_angicos
04/2026,2,NORDESTE,NE,24,RIO GRANDE DO NORTE,RN,240560,JARDIM DE PIRANHAS,1.0,2025,DOU,14446.0,7.0,0.0,0.0,0.0,0.0,0.0,0.0,0.0,0.0,0.0,0.0,0.0,24500.0,169.59,jardim_de_piranhas
04/2026,2,NORDESTE,NE,24,RIO GRANDE DO NORTE,RN,240570,JARDIM DO SERIDO,2.0,2025,DOU,11942.0,5.0,0.0,0.0,0.0,0.0,0.0,0.0,0.0,0.0,0.0,0.0,0.0,17500.0,146.54,jardim_do_serido
04/2026,2,NORDESTE,NE,24,RIO GRANDE DO NORTE,RN,240580,JOAO CAMARA,2.0,2025,DOU,34849.0,17.0,0.0,0.0,0.0,0.0,1.0,3.0,0.0,0.0,0.0,0.0,3.0,59503.0,170.74,joao_camara
04/2026,2,NORDESTE,NE,24,RIO GRANDE DO NORTE,RN,240590,JOAO DIAS,3.0,2025,DOU,2073.0,1.0,0.0,0.0,0.0,0.0,0.0,0.0,0.0,0.0,0.0,0.0,0.0,3500.0,168.83,joao_dias
04/2026,2,NORDESTE,NE,24,RIO GRANDE DO NORTE,RN,240600,JOSE DA PENHA,3.0,2025,DOU,5966.0,3.0,0.0,0.0,0.0,0.0,0.0,0.0,0.0,0.0,0.0,0.0,0.0,10500.0,175.99,jose_da_penha
04/2026,2,NORDESTE,NE,24,RIO GRANDE DO NORTE,RN,240610,JUCURUTU,3.0,2025,DOU,18304.0,9.0,0.0,0.0,0.0,0.0,0.0,0.0,0.0,0.0,0.0,0.0,0.0,31500.0,172.09,jucurutu
04/2026,2,NORDESTE,NE,24,RIO GRANDE DO NORTE,RN,240615,JUNDIA,3.0,2025,DOU,3868.0,2.0,0.0,0.0,0.0,0.0,0.0,0.0,0.0,0.0,0.0,0.0,0.0,7000.0,180.97,jundia
04/2026,2,NORDESTE,NE,24,RIO GRANDE DO NORTE,RN,240620,LAGOA D'ANTA,3.0,2025,DOU,6756.0,3.0,0.0,0.0,0.0,0.0,0.0,0.0,0.0,0.0,0.0,0.0,0.0,10500.0,155.41,lagoa_d_anta
04/2026,2,NORDESTE,NE,24,RIO GRANDE DO NORTE,RN,240630,LAGOA DE PEDRAS,3.0,2025,DOU,7597.0,4.0,0.0,0.0,0.0,0.0,0.0,0.0,0.0,0.0,0.0,0.0,0.0,14000.0,184.28,lagoa_de_pedras
04/2026,2,NORDESTE,NE,24,RIO GRANDE DO NORTE,RN,240640,LAGOA DE VELHOS,3.0,2025,DOU,2631.0,1.0,0.0,0.0,0.0,0.0,0.0,0.0,0.0,0.0,0.0,0.0,0.0,3500.0,133.02,lagoa_de_velhos
04/2026,2,NORDESTE,NE,24,RIO GRANDE DO NORTE,RN,240650,LAGOA NOVA,3.0,2025,DOU,16203.0,6.0,0.0,0.0,0.0,0.0,0.0,0.0,0.0,0.0,0.0,0.0,0.0,21000.0,129.6,lagoa_nova
04/2026,2,NORDESTE,NE,24,RIO GRANDE DO NORTE,RN,240660,LAGOA SALGADA,3.0,2025,DOU,8657.0,4.0,0.0,0.0,0.0,0.0,0.0,0.0,0.0,0.0,0.0,0.0,0.0,14000.0,161.71,lagoa_salgada
04/2026,2,NORDESTE,NE,24,RIO GRANDE DO NORTE,RN,240670,LAJES,2.0,2025,DOU,10094.0,6.0,0.0,0.0,0.0,0.0,0.0,0.0,0.0,0.0,0.0,0.0,0.0,21000.0,208.04,lajes
04/2026,2,NORDESTE,NE,24,RIO GRANDE DO NORTE,RN,240680,LAJES PINTADAS,3.0,2025,DOU,4950.0,2.0,0.0,0.0,0.0,0.0,0.0,0.0,0.0,0.0,0.0,0.0,0.0,7000.0,141.41,lajes_pintadas
04/2026,2,NORDESTE,NE,24,RIO GRANDE DO NORTE,RN,240690,LUCRECIA,3.0,2025,DOU,3576.0,2.0,0.0,0.0,0.0,0.0,0.0,0.0,0.0,0.0,0.0,0.0,0.0,7000.0,195.74,lucrecia
04/2026,2,NORDESTE,NE,24,RIO GRANDE DO NORTE,RN,240700,LUIS GOMES,3.0,2025,DOU,9271.0,5.0,0.0,0.0,0.0,0.0,0.0,0.0,0.0,0.0,0.0,0.0,0.0,17500.0,188.76,luis_gomes
04/2026,2,NORDESTE,NE,24,RIO GRANDE DO NORTE,RN,240710,MACAIBA,1.0,2025,DOU,87056.0,29.0,0.0,3.0,0.0,0.0,0.0,0.0,0.0,0.0,0.0,0.0,0.0,106750.0,122.62,macaiba
04/2026,2,NORDESTE,NE,24,RIO GRANDE DO NORTE,RN,240720,MACAU,2.0,2025,DOU,28350.0,11.0,0.0,0.0,0.0,0.0,0.0,0.0,0.0,0.0,0.0,0.0,0.0,38500.0,135.8,macau
04/2026,2,NORDESTE,NE,24,RIO GRANDE DO NORTE,RN,240725,MAJOR SALES,3.0,2025,DOU,4086.0,2.0,0.0,0.0,0.0,0.0,0.0,0.0,0.0,0.0,0.0,0.0,0.0,7000.0,171.31,major_sales
04/2026,2,NORDESTE,NE,24,RIO GRANDE DO NORTE,RN,240730,MARCELINO VIEIRA,3.0,2025,DOU,8083.0,5.0,0.0,0.0,0.0,0.0,0.0,0.0,0.0,0.0,0.0,0.0,0.0,17500.0,216.5,marcelino_vieira
04/2026,2,NORDESTE,NE,24,RIO GRANDE DO NORTE,RN,240740,MARTINS,3.0,2025,DOU,8415.0,4.0,0.0,0.0,0.0,0.0,0.0,0.0,0.0,0.0,0.0,0.0,0.0,14000.0,166.36,martins
04/2026,2,NORDESTE,NE,24,RIO GRANDE DO NORTE,RN,240750,MAXARANGUAPE,3.0,2025,DOU,10534.0,6.0,0.0,0.0,0.0,0.0,0.0,0.0,0.0,0.0,0.0,0.0,0.0,21000.0,199.35,maxaranguape
04/2026,2,NORDESTE,NE,24,RIO GRANDE DO NORTE,RN,240760,MESSIAS TARGINO,2.0,2025,DOU,4410.0,2.0,0.0,0.0,0.0,0.0,0.0,0.0,0.0,0.0,0.0,0.0,0.0,7000.0,158.73,messias_targino
04/2026,2,NORDESTE,NE,24,RIO GRANDE DO NORTE,RN,240770,MONTANHAS,2.0,2025,DOU,11785.0,6.0,0.0,0.0,0.0,0.0,0.0,0.0,0.0,0.0,0.0,0.0,0.0,21000.0,178.19,montanhas
04/2026,2,NORDESTE,NE,24,RIO GRANDE DO NORTE,RN,240780,MONTE ALEGRE,3.0,2025,DOU,23953.0,11.0,0.0,0.0,0.0,0.0,0.0,0.0,0.0,0.0,0.0,0.0,0.0,38500.0,160.73,monte_alegre
04/2026,2,NORDESTE,NE,24,RIO GRANDE DO NORTE,RN,240790,MONTE DAS GAMELEIRAS,3.0,2025,DOU,2345.0,1.0,0.0,0.0,0.0,0.0,0.0,0.0,0.0,0.0,0.0,0.0,0.0,3500.0,149.25,monte_das_gameleiras
04/2026,2,NORDESTE,NE,24,RIO GRANDE DO NORTE,RN,240800,MOSSORO,1.0,2025,DOU,278587.0,73.0,0.0,0.0,0.0,0.0,1.0,4.0,3.0,422.0,0.0,0.0,426.0,255926.0,91.86,mossoro
04/2026,2,NORDESTE,NE,24,RIO GRANDE DO NORTE,RN,240810,NATAL,1.0,2025,DOU,784249.0,152.0,22.0,8.0,0.0,0.0,1.0,317.0,1.0,245.0,0.0,0.0,562.0,604312.0,77.05,natal
04/2026,2,NORDESTE,NE,24,RIO GRANDE DO NORTE,RN,240820,NISIA FLORESTA,2.0,2025,DOU,34325.0,14.0,0.0,0.0,0.0,0.0,0.0,0.0,1.0,568.0,1.0,1195.0,1763.0,50763.0,147.88,nisia_floresta
04/2026,2,NORDESTE,NE,24,RIO GRANDE DO NORTE,RN,240830,NOVA CRUZ,2.0,2025,DOU,35523.0,19.0,0.0,0.0,0.0,0.0,0.0,0.0,1.0,344.0,0.0,0.0,344.0,66844.0,188.17,nova_cruz
04/2026,2,NORDESTE,NE,24,RIO GRANDE DO NORTE,RN,240840,OLHO-D'AGUA DO BORGES,3.0,2025,DOU,3736.0,2.0,0.0,0.0,0.0,0.0,0.0,0.0,0.0,0.0,0.0,0.0,0.0,7000.0,187.36,olho_d_agua_do_borges
04/2026,2,NORDESTE,NE,24,RIO GRANDE DO NORTE,RN,240850,OURO BRANCO,3.0,2025,DOU,5084.0,2.0,0.0,0.0,0.0,0.0,0.0,0.0,0.0,0.0,0.0,0.0,0.0,7000.0,137.68,ouro_branco
04/2026,2,NORDESTE,NE,24,RIO GRANDE DO NORTE,RN,240860,PARANA,3.0,2025,DOU,4048.0,2.0,0.0,0.0,0.0,0.0,0.0,0.0,0.0,0.0,0.0,0.0,0.0,7000.0,172.92,parana
04/2026,2,NORDESTE,NE,24,RIO GRANDE DO NORTE,RN,240870,PARAU,3.0,2025,DOU,3650.0,2.0,0.0,0.0,0.0,0.0,0.0,0.0,0.0,0.0,0.0,0.0,0.0,7000.0,191.78,parau
04/2026,2,NORDESTE,NE,24,RIO GRANDE DO NORTE,RN,240880,PARAZINHO,3.0,2025,DOU,4945.0,3.0,0.0,0.0,0.0,0.0,0.0,0.0,0.0,0.0,0.0,0.0,0.0,10500.0,212.33,parazinho
04/2026,2,NORDESTE,NE,24,RIO GRANDE DO NORTE,RN,240890,PARELHAS,1.0,2025,DOU,22242.0,8.0,0.0,0.0,0.0,0.0,0.0,0.0,0.0,0.0,0.0,0.0,0.0,28000.0,125.88,parelhas
04/2026,2,NORDESTE,NE,24,RIO GRANDE DO NORTE,RN,240325,PARNAMIRIM,1.0,2025,DOU,271713.0,66.0,0.0,0.0,0.0,0.0,1.0,111.0,1.0,981.0,1.0,726.0,1818.0,232818.0,85.68,parnamirim
04/2026,2,NORDESTE,NE,24,RIO GRANDE DO NORTE,RN,240910,PASSA E FICA,3.0,2025,DOU,11407.0,7.0,0.0,0.0,0.0,0.0,0.0,0.0,0.0,0.0,0.0,0.0,0.0,24500.0,214.78,passa_e_fica
04/2026,2,NORDESTE,NE,24,RIO GRANDE DO NORTE,RN,240920,PASSAGEM,3.0,2025,DOU,3233.0,2.0,0.0,0.0,0.0,0.0,0.0,0.0,0.0,0.0,0.0,0.0,0.0,7000.0,216.51,passagem
04/2026,2,NORDESTE,NE,24,RIO GRANDE DO NORTE,RN,240930,PATU,2.0,2025,DOU,11215.0,6.0,0.0,0.0,0.0,0.0,0.0,0.0,0.0,0.0,0.0,0.0,0.0,21000.0,187.24,patu
04/2026,2,NORDESTE,NE,24,RIO GRANDE DO NORTE,RN,240940,PAU DOS FERROS,1.0,2025,DOU,32123.0,13.0,2.0,0.0,0.0,0.0,0.0,0.0,0.0,0.0,1.0,446.0,446.0,51196.0,159.37,pau_dos_ferros
04/2026,2,NORDESTE,NE,24,RIO GRANDE DO NORTE,RN,240950,PEDRA GRANDE,3.0,2025,DOU,3736.0,2.0,0.0,0.0,0.0,0.0,0.0,0.0,0.0,0.0,0.0,0.0,0.0,7000.0,187.36,pedra_grande
04/2026,2,NORDESTE,NE,24,RIO GRANDE DO NORTE,RN,240960,PEDRA PRETA,3.0,2025,DOU,2495.0,2.0,0.0,0.0,0.0,0.0,0.0,0.0,0.0,0.0,0.0,0.0,0.0,7000.0,280.56,pedra_preta
04/2026,2,NORDESTE,NE,24,RIO GRANDE DO NORTE,RN,240970,PEDRO AVELINO,3.0,2025,DOU,6312.0,4.0,0.0,0.0,0.0,0.0,0.0,0.0,0.0,0.0,0.0,0.0,0.0,14000.0,221.79,pedro_avelino
04/2026,2,NORDESTE,NE,24,RIO GRANDE DO NORTE,RN,240980,PEDRO VELHO,3.0,2025,DOU,14197.0,7.0,0.0,0.0,0.0,0.0,0.0,0.0,0.0,0.0,0.0,0.0,0.0,24500.0,172.57,pedro_velho
04/2026,2,NORDESTE,NE,24,RIO GRANDE DO NORTE,RN,240990,PENDENCIAS,3.0,2025,DOU,12499.0,8.0,0.0,0.0,0.0,0.0,0.0,0.0,0.0,0.0,0.0,0.0,0.0,28000.0,224.01,pendencias
04/2026,2,NORDESTE,NE,24,RIO GRANDE DO NORTE,RN,241000,PILOES,3.0,2025,DOU,2992.0,2.0,0.0,0.0,0.0,0.0,0.0,0.0,0.0,0.0,0.0,0.0,0.0,7000.0,233.95,piloes
04/2026,2,NORDESTE,NE,24,RIO GRANDE DO NORTE,RN,241010,POCO BRANCO,3.0,2025,DOU,12565.0,8.0,0.0,0.0,0.0,0.0,0.0,0.0,0.0,0.0,0.0,0.0,0.0,28000.0,222.84,poco_branco
04/2026,2,NORDESTE,NE,24,RIO GRANDE DO NORTE,RN,241020,PORTALEGRE,3.0,2025,DOU,7859.0,4.0,0.0,0.0,0.0,0.0,0.0,0.0,0.0,0.0,0.0,0.0,0.0,14000.0,178.13,portalegre
04/2026,2,NORDESTE,NE,24,RIO GRANDE DO NORTE,RN,241025,PORTO DO MANGUE,3.0,2025,DOU,5351.0,3.0,0.0,0.0,0.0,0.0,0.0,0.0,0.0,0.0,0.0,0.0,0.0,10500.0,196.22,porto_do_mangue
04/2026,2,NORDESTE,NE,24,RIO GRANDE DO NORTE,RN,241040,PUREZA,3.0,2025,DOU,9752.0,5.0,0.0,0.0,0.0,0.0,0.0,0.0,0.0,0.0,0.0,0.0,0.0,17500.0,179.45,pureza
04/2026,2,NORDESTE,NE,24,RIO GRANDE DO NORTE,RN,241050,RAFAEL FERNANDES,3.0,2025,DOU,5682.0,3.0,0.0,0.0,0.0,0.0,0.0,0.0,0.0,0.0,0.0,0.0,0.0,10500.0,184.79,rafael_fernandes
04/2026,2,NORDESTE,NE,24,RIO GRANDE DO NORTE,RN,241060,RAFAEL GODEIRO,3.0,2025,DOU,3005.0,2.0,0.0,0.0,0.0,0.0,0.0,0.0,0.0,0.0,0.0,0.0,0.0,7000.0,232.94,rafael_godeiro
04/2026,2,NORDESTE,NE,24,RIO GRANDE DO NORTE,RN,241070,RIACHO DA CRUZ,3.0,2025,DOU,2724.0,2.0,0.0,0.0,0.0,0.0,0.0,0.0,0.0,0.0,0.0,0.0,0.0,7000.0,256.97,riacho_da_cruz
04/2026,2,NORDESTE,NE,24,RIO GRANDE DO NORTE,RN,241080,RIACHO DE SANTANA,3.0,2025,DOU,4245.0,2.0,0.0,0.0,0.0,0.0,0.0,0.0,0.0,0.0,0.0,0.0,0.0,7000.0,164.89,riacho_de_santana
04/2026,2,NORDESTE,NE,24,RIO GRANDE DO NORTE,RN,241090,RIACHUELO,3.0,2025,DOU,7646.0,4.0,0.0,0.0,0.0,0.0,0.0,0.0,0.0,0.0,0.0,0.0,0.0,14000.0,183.1,riachuelo
04/2026,2,NORDESTE,NE,24,RIO GRANDE DO NORTE,RN,240895,RIO DO FOGO,3.0,2025,DOU,10692.0,5.0,0.0,0.0,0.0,0.0,0.0,0.0,0.0,0.0,0.0,0.0,0.0,17500.0,163.67,rio_do_fogo
04/2026,2,NORDESTE,NE,24,RIO GRANDE DO NORTE,RN,241100,RODOLFO FERNANDES,2.0,2025,DOU,4345.0,2.0,0.0,0.0,0.0,0.0,0.0,0.0,0.0,0.0,0.0,0.0,0.0,7000.0,161.1,rodolfo_fernandes
04/2026,2,NORDESTE,NE,24,RIO GRANDE DO NORTE,RN,241110,RUY BARBOSA,3.0,2025,DOU,3253.0,2.0,0.0,0.0,0.0,0.0,0.0,0.0,0.0,0.0,0.0,0.0,0.0,7000.0,215.18,ruy_barbosa
04/2026,2,NORDESTE,NE,24,RIO GRANDE DO NORTE,RN,241120,SANTA CRUZ,1.0,2025,DOU,39101.0,12.0,0.0,0.0,0.0,0.0,0.0,0.0,0.0,0.0,0.0,0.0,0.0,42000.0,107.41,santa_cruz
04/2026,2,NORDESTE,NE,24,RIO GRANDE DO NORTE,RN,240933,SANTA MARIA,3.0,2025,DOU,5000.0,3.0,0.0,0.0,0.0,0.0,0.0,0.0,0.0,0.0,0.0,0.0,0.0,10500.0,210.0,santa_maria
04/2026,2,NORDESTE,NE,24,RIO GRANDE DO NORTE,RN,241140,SANTANA DO MATOS,3.0,2025,DOU,12722.0,7.0,0.0,0.0,0.0,0.0,0.0,0.0,0.0,0.0,0.0,0.0,0.0,24500.0,192.57,santana_do_matos
04/2026,2,NORDESTE,NE,24,RIO GRANDE DO NORTE,RN,241142,SANTANA DO SERIDO,3.0,2025,DOU,2796.0,1.0,0.0,0.0,0.0,0.0,0.0,0.0,0.0,0.0,0.0,0.0,0.0,3500.0,125.17,santana_do_serido
04/2026,2,NORDESTE,NE,24,RIO GRANDE DO NORTE,RN,241150,SANTO ANTONIO,3.0,2025,DOU,22793.0,12.0,0.0,0.0,0.0,0.0,0.0,0.0,0.0,0.0,0.0,0.0,0.0,42000.0,184.26,santo_antonio
04/2026,2,NORDESTE,NE,24,RIO GRANDE DO NORTE,RN,241160,SAO BENTO DO NORTE,2.0,2025,DOU,3442.0,2.0,0.0,0.0,0.0,0.0,0.0,0.0,0.0,0.0,0.0,0.0,0.0,7000.0,203.37,sao_bento_do_norte
04/2026,2,NORDESTE,NE,24,RIO GRANDE DO NORTE,RN,241170,SAO BENTO DO TRAIRI,3.0,2025,DOU,3890.0,2.0,0.0,0.0,0.0,0.0,0.0,0.0,0.0,0.0,0.0,0.0,0.0,7000.0,179.94,sao_bento_do_trairi
04/2026,2,NORDESTE,NE,24,RIO GRANDE DO NORTE,RN,241180,SAO FERNANDO,3.0,2025,DOU,3606.0,2.0,0.0,0.0,0.0,0.0,0.0,0.0,0.0,0.0,0.0,0.0,0.0,7000.0,194.12,sao_fernando
04/2026,2,NORDESTE,NE,24,RIO GRANDE DO NORTE,RN,241190,SAO FRANCISCO DO OESTE,2.0,2025,DOU,4319.0,2.0,0.0,0.0,0.0,0.0,0.0,0.0,0.0,0.0,0.0,0.0,0.0,7000.0,162.07,sao_francisco_do_oeste
04/2026,2,NORDESTE,NE,24,RIO GRANDE DO NORTE,RN,241200,SAO GONCALO DO AMARANTE,1.0,2025,DOU,124495.0,38.0,0.0,0.0,0.0,0.0,0.0,0.0,0.0,0.0,0.0,0.0,0.0,133000.0,106.83,sao_goncalo_do_amarante
04/2026,2,NORDESTE,NE,24,RIO GRANDE DO NORTE,RN,241210,SAO JOAO DO SABUGI,2.0,2025,DOU,6136.0,3.0,0.0,0.0,0.0,0.0,0.0,0.0,0.0,0.0,0.0,0.0,0.0,10500.0,171.12,sao_joao_do_sabugi
04/2026,2,NORDESTE,NE,24,RIO GRANDE DO NORTE,RN,241220,SAO JOSE DE MIPIBU,2.0,2025,DOU,50053.0,22.0,0.0,0.0,0.0,0.0,0.0,0.0,0.0,0.0,0.0,0.0,0.0,77000.0,153.83,sao_jose_de_mipibu
04/2026,2,NORDESTE,NE,24,RIO GRANDE DO NORTE,RN,241230,SAO JOSE DO CAMPESTRE,1.0,2025,DOU,11298.0,6.0,0.0,0.0,0.0,0.0,0.0,0.0,0.0,0.0,0.0,0.0,0.0,21000.0,185.87,sao_jose_do_campestre
04/2026,2,NORDESTE,NE,24,RIO GRANDE DO NORTE,RN,241240,SAO JOSE DO SERIDO,2.0,2025,DOU,4733.0,2.0,0.0,0.0,0.0,0.0,0.0,0.0,0.0,0.0,0.0,0.0,0.0,7000.0,147.89,sao_jose_do_serido
04/2026,2,NORDESTE,NE,24,RIO GRANDE DO NORTE,RN,241250,SAO MIGUEL,2.0,2025,DOU,24422.0,8.0,0.0,0.0,0.0,0.0,0.0,0.0,0.0,0.0,0.0,0.0,0.0,28000.0,114.65,sao_miguel
04/2026,2,NORDESTE,NE,24,RIO GRANDE DO NORTE,RN,241255,SAO MIGUEL DO GOSTOSO,3.0,2025,DOU,10636.0,5.0,0.0,0.0,0.0,0.0,0.0,0.0,0.0,0.0,0.0,0.0,0.0,17500.0,164.53,sao_miguel_do_gostoso
04/2026,2,NORDESTE,NE,24,RIO GRANDE DO NORTE,RN,241260,SAO PAULO DO POTENGI,2.0,2025,DOU,17371.0,8.0,0.0,2.0,0.0,0.0,0.0,0.0,0.0,0.0,0.0,0.0,0.0,31500.0,181.33,sao_paulo_do_potengi
04/2026,2,NORDESTE,NE,24,RIO GRANDE DO NORTE,RN,241270,SAO PEDRO,3.0,2025,DOU,5890.0,3.0,0.0,0.0,0.0,0.0,0.0,0.0,0.0,0.0,0.0,0.0,0.0,10500.0,178.26,sao_pedro
04/2026,2,NORDESTE,NE,24,RIO GRANDE DO NORTE,RN,241280,SAO RAFAEL,3.0,2025,DOU,7889.0,4.0,0.0,0.0,0.0,0.0,0.0,0.0,0.0,0.0,0.0,0.0,0.0,14000.0,177.46,sao_rafael
04/2026,2,NORDESTE,NE,24,RIO GRANDE DO NORTE,RN,241290,SAO TOME,3.0,2025,DOU,10161.0,5.0,0.0,0.0,0.0,0.0,0.0,0.0,0.0,0.0,0.0,0.0,0.0,17500.0,172.22,sao_tome
04/2026,2,NORDESTE,NE,24,RIO GRANDE DO NORTE,RN,241300,SAO VICENTE,3.0,2025,DOU,6530.0,3.0,0.0,0.0,0.0,0.0,0.0,0.0,0.0,0.0,0.0,0.0,0.0,10500.0,160.79,sao_vicente
04/2026,2,NORDESTE,NE,24,RIO GRANDE DO NORTE,RN,241310,SENADOR ELOI DE SOUZA,3.0,2025,DOU,6027.0,3.0,0.0,0.0,0.0,0.0,0.0,0.0,0.0,0.0,0.0,0.0,0.0,10500.0,174.21,senador_eloi_de_souza
04/2026,2,NORDESTE,NE,24,RIO GRANDE DO NORTE,RN,241320,SENADOR GEORGINO AVELINO,3.0,2025,DOU,4202.0,2.0,0.0,0.0,0.0,0.0,0.0,0.0,0.0,0.0,0.0,0.0,0.0,7000.0,166.58,senador_georgino_avelino
04/2026,2,NORDESTE,NE,24,RIO GRANDE DO NORTE,RN,241030,SERRA CAIADA,3.0,2025,DOU,11203.0,5.0,0.0,0.0,0.0,0.0,0.0,0.0,0.0,0.0,0.0,0.0,0.0,17500.0,156.2,serra_caiada
04/2026,2,NORDESTE,NE,24,RIO GRANDE DO NORTE,RN,241330,SERRA DE SAO BENTO,3.0,2025,DOU,5866.0,3.0,0.0,0.0,0.0,0.0,0.0,0.0,0.0,0.0,0.0,0.0,0.0,10500.0,178.99,serra_de_sao_bento
04/2026,2,NORDESTE,NE,24,RIO GRANDE DO NORTE,RN,241335,SERRA DO MEL,3.0,2025,DOU,13819.0,6.0,0.0,0.0,0.0,0.0,0.0,0.0,0.0,0.0,0.0,0.0,0.0,21000.0,151.96,serra_do_mel
04/2026,2,NORDESTE,NE,24,RIO GRANDE DO NORTE,RN,241340,SERRA NEGRA DO NORTE,3.0,2025,DOU,7800.0,4.0,0.0,0.0,0.0,0.0,0.0,0.0,0.0,0.0,0.0,0.0,0.0,14000.0,179.48,serra_negra_do_norte
04/2026,2,NORDESTE,NE,24,RIO GRANDE DO NORTE,RN,241350,SERRINHA,3.0,2025,DOU,6608.0,3.0,0.0,0.0,0.0,0.0,0.0,0.0,0.0,0.0,0.0,0.0,0.0,10500.0,158.89,serrinha
04/2026,2,NORDESTE,NE,24,RIO GRANDE DO NORTE,RN,241355,SERRINHA DOS PINTOS,3.0,2025,DOU,4810.0,2.0,0.0,0.0,0.0,0.0,0.0,0.0,0.0,0.0,0.0,0.0,0.0,7000.0,145.53,serrinha_dos_pintos
04/2026,2,NORDESTE,NE,24,RIO GRANDE DO NORTE,RN,241360,SEVERIANO MELO,3.0,2025,DOU,5616.0,4.0,0.0,0.0,0.0,0.0,0.0,0.0,0.0,0.0,0.0,0.0,0.0,14000.0,249.28,severiano_melo
04/2026,2,NORDESTE,NE,24,RIO GRANDE DO NORTE,RN,241370,SITIO NOVO,3.0,2025,DOU,4746.0,3.0,0.0,0.0,0.0,0.0,0.0,0.0,0.0,0.0,0.0,0.0,0.0,10500.0,221.23,sitio_novo
04/2026,2,NORDESTE,NE,24,RIO GRANDE DO NORTE,RN,241380,TABOLEIRO GRANDE,3.0,2025,DOU,2409.0,1.0,0.0,0.0,0.0,0.0,0.0,0.0,0.0,0.0,0.0,0.0,0.0,3500.0,145.28,taboleiro_grande
04/2026,2,NORDESTE,NE,24,RIO GRANDE DO NORTE,RN,241390,TAIPU,3.0,2025,DOU,11708.0,6.0,0.0,0.0,0.0,0.0,0.0,0.0,0.0,0.0,0.0,0.0,0.0,21000.0,179.36,taipu
04/2026,2,NORDESTE,NE,24,RIO GRANDE DO NORTE,RN,241400,TANGARA,3.0,2025,DOU,13583.0,8.0,0.0,0.0,0.0,0.0,0.0,0.0,0.0,0.0,0.0,0.0,0.0,28000.0,206.14,tangara
04/2026,2,NORDESTE,NE,24,RIO GRANDE DO NORTE,RN,241410,TENENTE ANANIAS,3.0,2025,DOU,10610.0,5.0,0.0,0.0,0.0,0.0,0.0,0.0,0.0,0.0,0.0,0.0,0.0,17500.0,164.93,tenente_ananias
04/2026,2,NORDESTE,NE,24,RIO GRANDE DO NORTE,RN,241415,TENENTE LAURENTINO CRUZ,3.0,2025,DOU,6152.0,3.0,0.0,0.0,0.0,0.0,0.0,0.0,0.0,0.0,0.0,0.0,0.0,10500.0,170.67,tenente_laurentino_cruz
04/2026,2,NORDESTE,NE,24,RIO GRANDE DO NORTE,RN,241105,TIBAU,3.0,2025,DOU,5748.0,2.0,0.0,1.0,0.0,0.0,0.0,0.0,0.0,0.0,0.0,0.0,0.0,8750.0,152.22,tibau
04/2026,2,NORDESTE,NE,24,RIO GRANDE DO NORTE,RN,241420,TIBAU DO SUL,3.0,2025,DOU,18080.0,8.0,0.0,0.0,0.0,0.0,0.0,0.0,0.0,0.0,0.0,0.0,0.0,28000.0,154.86,tibau_do_sul
04/2026,2,NORDESTE,NE,24,RIO GRANDE DO NORTE,RN,241430,TIMBAUBA DOS BATISTAS,3.0,2025,DOU,2424.0,1.0,0.0,0.0,0.0,0.0,0.0,0.0,0.0,0.0,0.0,0.0,0.0,3500.0,144.38,timbauba_dos_batistas
04/2026,2,NORDESTE,NE,24,RIO GRANDE DO NORTE,RN,241440,TOUROS,3.0,2025,DOU,34767.0,17.0,0.0,0.0,0.0,0.0,0.0,0.0,0.0,0.0,0.0,0.0,0.0,59500.0,171.13,touros
04/2026,2,NORDESTE,NE,24,RIO GRANDE DO NORTE,RN,241445,TRIUNFO POTIGUAR,3.0,2025,DOU,3477.0,2.0,0.0,0.0,0.0,0.0,0.0,0.0,0.0,0.0,0.0,0.0,0.0,7000.0,201.32,triunfo_potiguar
04/2026,2,NORDESTE,NE,24,RIO GRANDE DO NORTE,RN,241450,UMARIZAL,2.0,2025,DOU,10655.0,5.0,0.0,0.0,0.0,0.0,0.0,0.0,0.0,0.0,0.0,0.0,0.0,17500.0,164.24,umarizal
04/2026,2,NORDESTE,NE,24,RIO GRANDE DO NORTE,RN,241460,UPANEMA,3.0,2025,DOU,14048.0,7.0,0.0,0.0,0.0,0.0,0.0,0.0,0.0,0.0,0.0,0.0,0.0,24500.0,174.4,upanema
04/2026,2,NORDESTE,NE,24,RIO GRANDE DO NORTE,RN,241470,VARZEA,2.0,2025,DOU,5387.0,3.0,0.0,0.0,0.0,0.0,0.0,0.0,0.0,0.0,0.0,0.0,0.0,10500.0,194.91,varzea
04/2026,2,NORDESTE,NE,24,RIO GRANDE DO NORTE,RN,241475,VENHA-VER,3.0,2025,DOU,3005.0,2.0,0.0,0.0,0.0,0.0,0.0,0.0,0.0,0.0,0.0,0.0,0.0,7000.0,232.94,venha_ver
04/2026,2,NORDESTE,NE,24,RIO GRANDE DO NORTE,RN,241480,VERA CRUZ,3.0,2025,DOU,11053.0,6.0,0.0,0.0,0.0,0.0,0.0,0.0,0.0,0.0,0.0,0.0,0.0,21000.0,189.99,vera_cruz
04/2026,2,NORDESTE,NE,24,RIO GRANDE DO NORTE,RN,241490,VICOSA,3.0,2025,DOU,1900.0,1.0,0.0,0.0,0.0,0.0,0.0,0.0,0.0,0.0,0.0,0.0,0.0,3500.0,184.21,vicosa
04/2026,2,NORDESTE,NE,24,RIO GRANDE DO NORTE,RN,241500,VILA FLOR,3.0,2025,DOU,3304.0,2.0,0.0,0.0,0.0,0.0,0.0,0.0,0.0,0.0,0.0,0.0,0.0,7000.0,211.86,vila_flor
04/2026,1,NORTE,N,11,RONDONIA,RO,110001,ALTA FLORESTA D'OESTE,2.0,2025,DOU,22787.0,7.0,0.0,0.0,0.0,0.0,0.0,0.0,1.0,96.0,0.0,0.0,96.0,24596.0,107.93,alta_floresta_d_oeste
04/2026,1,NORTE,N,11,RONDONIA,RO,110037,ALTO ALEGRE DOS PARECIS,3.0,2025,DOU,12237.0,6.0,0.0,0.0,0.0,0.0,0.0,0.0,0.0,0.0,0.0,0.0,0.0,21000.0,171.61,alto_alegre_dos_parecis
04/2026,1,NORTE,N,11,RONDONIA,RO,110040,ALTO PARAISO,3.0,2025,DOU,17467.0,6.0,1.0,0.0,0.0,0.0,0.0,0.0,0.0,0.0,0.0,0.0,0.0,23625.0,135.25,alto_paraiso
04/2026,1,NORTE,N,11,RONDONIA,RO,110034,ALVORADA D'OESTE,3.0,2025,DOU,13720.0,5.0,0.0,0.0,0.0,0.0,0.0,0.0,0.0,0.0,0.0,0.0,0.0,17500.0,127.55,alvorada_d_oeste
04/2026,1,NORTE,N,11,RONDONIA,RO,110002,ARIQUEMES,1.0,2025,DOU,109170.0,25.0,0.0,0.0,0.0,0.0,0.0,0.0,0.0,0.0,0.0,0.0,0.0,87500.0,80.15,ariquemes
04/2026,1,NORTE,N,11,RONDONIA,RO,110045,BURITIS,4.0,2025,DOU,30649.0,10.0,0.0,0.0,0.0,0.0,0.0,0.0,1.0,209.0,0.0,0.0,209.0,35209.0,114.87,buritis
04/2026,1,NORTE,N,11,RONDONIA,RO,110003,CABIXI,3.0,2025,DOU,5664.0,3.0,0.0,0.0,0.0,0.0,0.0,0.0,0.0,0.0,0.0,0.0,0.0,10500.0,185.38,cabixi
04/2026,1,NORTE,N,11,RONDONIA,RO,110060,CACAULANDIA,3.0,2025,DOU,4292.0,3.0,0.0,0.0,0.0,0.0,0.0,0.0,0.0,0.0,0.0,0.0,0.0,10500.0,244.64,cacaulandia
04/2026,1,NORTE,N,11,RONDONIA,RO,110004,CACOAL,1.0,2025,DOU,98280.0,22.0,0.0,0.0,0.0,0.0,0.0,0.0,1.0,848.0,0.0,0.0,848.0,77848.0,79.21,cacoal
04/2026,1,NORTE,N,11,RONDONIA,RO,110070,CAMPO NOVO DE RONDONIA,3.0,2025,DOU,9095.0,5.0,0.0,0.0,0.0,0.0,0.0,0.0,0.0,0.0,0.0,0.0,0.0,17500.0,192.41,campo_novo_de_rondonia
04/2026,1,NORTE,N,11,RONDONIA,RO,110080,CANDEIAS DO JAMARI,1.0,2025,DOU,24313.0,8.0,1.0,0.0,0.0,0.0,0.0,0.0,0.0,0.0,0.0,0.0,0.0,30625.0,125.96,candeias_do_jamari
04/2026,1,NORTE,N,11,RONDONIA,RO,110090,CASTANHEIRAS,3.0,2025,DOU,3450.0,2.0,0.0,0.0,0.0,0.0,0.0,0.0,0.0,0.0,0.0,0.0,0.0,7000.0,202.89,castanheiras
04/2026,1,NORTE,N,11,RONDONIA,RO,110005,CEREJEIRAS,1.0,2025,DOU,16966.0,6.0,0.0,0.0,0.0,0.0,0.0,0.0,0.0,0.0,0.0,0.0,0.0,21000.0,123.77,cerejeiras
04/2026,1,NORTE,N,11,RONDONIA,RO,110092,CHUPINGUAIA,5.0,2025,DOU,10191.0,5.0,0.0,0.0,0.0,0.0,0.0,0.0,0.0,0.0,0.0,0.0,0.0,17500.0,171.72,chupinguaia
04/2026,1,NORTE,N,11,RONDONIA,RO,110006,COLORADO DO OESTE,2.0,2025,DOU,16508.0,5.0,0.0,0.0,0.0,0.0,0.0,0.0,0.0,0.0,0.0,0.0,0.0,17500.0,106.0,colorado_do_oeste
04/2026,1,NORTE,N,11,RONDONIA,RO,110007,CORUMBIARA,5.0,2025,DOU,7968.0,5.0,0.0,0.0,0.0,0.0,0.0,0.0,0.0,0.0,0.0,0.0,0.0,17500.0,219.62,corumbiara
04/2026,1,NORTE,N,11,RONDONIA,RO,110008,COSTA MARQUES,5.0,2025,DOU,13510.0,5.0,0.0,0.0,0.0,0.0,0.0,0.0,1.0,0.0,0.0,0.0,0.0,17500.0,129.53,costa_marques
04/2026,1,NORTE,N,11,RONDONIA,RO,110094,CUJUBIM,2.0,2025,DOU,15877.0,4.0,0.0,0.0,0.0,0.0,0.0,0.0,0.0,0.0,0.0,0.0,0.0,14000.0,88.17,cujubim
04/2026,1,NORTE,N,11,RONDONIA,RO,110009,ESPIGAO D'OESTE,2.0,2025,DOU,32842.0,7.0,0.0,0.0,0.0,0.0,0.0,0.0,0.0,0.0,0.0,0.0,0.0,24500.0,74.59,espigao_d_oeste
04/2026,1,NORTE,N,11,RONDONIA,RO,110100,GOVERNADOR JORGE TEIXEIRA,3.0,2025,DOU,8340.0,4.0,0.0,0.0,0.0,0.0,0.0,0.0,0.0,0.0,0.0,0.0,0.0,14000.0,167.86,governador_jorge_teixeira
04/2026,1,NORTE,N,11,RONDONIA,RO,110010,GUAJARA-MIRIM,1.0,2025,DOU,43594.0,15.0,0.0,0.0,0.0,0.0,0.0,0.0,1.0,729.0,0.0,0.0,729.0,53229.0,122.1,guajara_mirim
04/2026,1,NORTE,N,11,RONDONIA,RO,110110,ITAPUA DO OESTE,3.0,2025,DOU,9228.0,3.0,0.0,0.0,0.0,0.0,0.0,0.0,0.0,0.0,0.0,0.0,0.0,10500.0,113.78,itapua_do_oeste
04/2026,1,NORTE,N,11,RONDONIA,RO,110011,JARU,1.0,2025,DOU,55682.0,18.0,0.0,0.0,0.0,0.0,0.0,0.0,1.0,415.0,0.0,0.0,415.0,63415.0,113.88,jaru
04/2026,1,NORTE,N,11,RONDONIA,RO,110012,JI-PARANA,1.0,2025,DOU,140101.0,31.0,6.0,0.0,0.0,0.0,0.0,0.0,2.0,851.0,0.0,0.0,851.0,125101.0,89.29,ji_parana
04/2026,1,NORTE,N,11,RONDONIA,RO,110013,MACHADINHO D'OESTE,5.0,2025,DOU,34149.0,9.0,0.0,0.0,0.0,0.0,0.0,0.0,0.0,0.0,0.0,0.0,0.0,31500.0,92.24,machadinho_d_oeste
04/2026,1,NORTE,N,11,RONDONIA,RO,110120,MINISTRO ANDREAZZA,3.0,2025,DOU,6519.0,3.0,0.0,0.0,0.0,0.0,0.0,0.0,0.0,0.0,0.0,0.0,0.0,10500.0,161.06,ministro_andreazza
04/2026,1,NORTE,N,11,RONDONIA,RO,110130,MIRANTE DA SERRA,3.0,2025,DOU,9657.0,5.0,0.0,0.0,0.0,0.0,0.0,0.0,0.0,0.0,0.0,0.0,0.0,17500.0,181.21,mirante_da_serra
04/2026,1,NORTE,N,11,RONDONIA,RO,110140,MONTE NEGRO,3.0,2025,DOU,12168.0,6.0,0.0,2.0,0.0,0.0,0.0,0.0,0.0,0.0,0.0,0.0,0.0,24500.0,201.34,monte_negro
04/2026,1,NORTE,N,11,RONDONIA,RO,110014,NOVA BRASILANDIA D'OESTE,3.0,2025,DOU,16374.0,5.0,0.0,0.0,0.0,0.0,0.0,0.0,0.0,0.0,0.0,0.0,0.0,17500.0,106.87,nova_brasilandia_d_oeste
04/2026,1,NORTE,N,11,RONDONIA,RO,110033,NOVA MAMORE,5.0,2025,DOU,28701.0,10.0,1.0,0.0,0.0,0.0,0.0,0.0,0.0,0.0,0.0,0.0,0.0,37625.0,131.09,nova_mamore
04/2026,1,NORTE,N,11,RONDONIA,RO,110143,NOVA UNIAO,3.0,2025,DOU,6541.0,4.0,0.0,0.0,0.0,0.0,0.0,0.0,0.0,0.0,0.0,0.0,0.0,14000.0,214.03,nova_uniao
04/2026,1,NORTE,N,11,RONDONIA,RO,110050,NOVO HORIZONTE DO OESTE,3.0,2025,DOU,7972.0,4.0,0.0,0.0,0.0,0.0,0.0,0.0,0.0,0.0,0.0,0.0,0.0,14000.0,175.61,novo_horizonte_do_oeste
04/2026,1,NORTE,N,11,RONDONIA,RO,110015,OURO PRETO DO OESTE,1.0,2025,DOU,38684.0,12.0,0.0,0.0,0.0,0.0,0.0,0.0,1.0,278.0,0.0,0.0,278.0,42278.0,109.29,ouro_preto_do_oeste
04/2026,1,NORTE,N,11,RONDONIA,RO,110145,PARECIS,3.0,2025,DOU,4372.0,2.0,0.0,0.0,0.0,0.0,0.0,0.0,0.0,0.0,0.0,0.0,0.0,7000.0,160.1,parecis
04/2026,1,NORTE,N,11,RONDONIA,RO,110018,PIMENTA BUENO,1.0,2025,DOU,39220.0,17.0,0.0,0.0,0.0,0.0,0.0,0.0,1.0,730.0,0.0,0.0,730.0,60230.0,153.56,pimenta_bueno
04/2026,1,NORTE,N,11,RONDONIA,RO,110146,PIMENTEIRAS DO OESTE,5.0,2025,DOU,2309.0,1.0,0.0,0.0,0.0,0.0,0.0,0.0,0.0,0.0,0.0,0.0,0.0,3500.0,151.58,pimenteiras_do_oeste
04/2026,1,NORTE,N,11,RONDONIA,RO,110020,PORTO VELHO,1.0,2025,DOU,517709.0,89.0,5.0,2.0,6.0,9698.0,1.0,375.0,1.0,9.0,1.0,4973.0,15055.0,343180.0,66.28,porto_velho
04/2026,1,NORTE,N,11,RONDONIA,RO,110025,PRESIDENTE MEDICI,2.0,2025,DOU,20443.0,8.0,0.0,0.0,0.0,0.0,0.0,0.0,0.0,0.0,0.0,0.0,0.0,28000.0,136.96,presidente_medici
04/2026,1,NORTE,N,11,RONDONIA,RO,110147,PRIMAVERA DE RONDONIA,3.0,2025,DOU,3268.0,2.0,0.0,0.0,0.0,0.0,0.0,0.0,0.0,0.0,0.0,0.0,0.0,7000.0,214.19,primavera_de_rondonia
04/2026,1,NORTE,N,11,RONDONIA,RO,110026,RIO CRESPO,3.0,2025,DOU,3767.0,2.0,0.0,0.0,0.0,0.0,0.0,0.0,0.0,0.0,0.0,0.0,0.0,7000.0,185.82,rio_crespo
04/2026,1,NORTE,N,11,RONDONIA,RO,110028,ROLIM DE MOURA,1.0,2025,DOU,62959.0,16.0,0.0,0.0,0.0,0.0,0.0,0.0,3.0,603.0,0.0,0.0,603.0,56603.0,89.9,rolim_de_moura
04/2026,1,NORTE,N,11,RONDONIA,RO,110029,SANTA LUZIA D'OESTE,3.0,2025,DOU,7837.0,4.0,0.0,0.0,0.0,0.0,0.0,0.0,0.0,0.0,0.0,0.0,0.0,14000.0,178.63,santa_luzia_d_oeste
04/2026,1,NORTE,N,11,RONDONIA,RO,110148,SAO FELIPE D'OESTE,3.0,2025,DOU,5588.0,2.0,0.0,0.0,0.0,0.0,0.0,0.0,0.0,0.0,0.0,0.0,0.0,7000.0,125.26,sao_felipe_d_oeste
04/2026,1,NORTE,N,11,RONDONIA,RO,110149,SAO FRANCISCO DO GUAPORE,5.0,2025,DOU,17557.0,8.0,0.0,0.0,0.0,0.0,0.0,0.0,0.0,0.0,0.0,0.0,0.0,28000.0,159.48,sao_francisco_do_guapore
04/2026,1,NORTE,N,11,RONDONIA,RO,110032,SAO MIGUEL DO GUAPORE,5.0,2025,DOU,22305.0,5.0,0.0,0.0,0.0,0.0,0.0,0.0,0.0,0.0,0.0,0.0,0.0,17500.0,78.45,sao_miguel_do_guapore
04/2026,1,NORTE,N,11,RONDONIA,RO,110150,SERINGUEIRAS,5.0,2025,DOU,12965.0,4.0,0.0,0.0,0.0,0.0,0.0,0.0,0.0,0.0,0.0,0.0,0.0,14000.0,107.98,seringueiras
04/2026,1,NORTE,N,11,RONDONIA,RO,110155,TEIXEIROPOLIS,3.0,2025,DOU,4521.0,2.0,0.0,0.0,0.0,0.0,0.0,0.0,0.0,0.0,0.0,0.0,0.0,7000.0,154.83,teixeiropolis
04/2026,1,NORTE,N,11,RONDONIA,RO,110160,THEOBROMA,3.0,2025,DOU,8459.0,5.0,0.0,0.0,0.0,0.0,0.0,0.0,0.0,0.0,0.0,0.0,0.0,17500.0,206.88,theobroma
04/2026,1,NORTE,N,11,RONDONIA,RO,110170,URUPA,3.0,2025,DOU,11314.0,4.0,0.0,0.0,0.0,0.0,0.0,0.0,0.0,0.0,0.0,0.0,0.0,14000.0,123.74,urupa
04/2026,1,NORTE,N,11,RONDONIA,RO,110175,VALE DO ANARI,5.0,2025,DOU,8220.0,3.0,0.0,0.0,0.0,0.0,0.0,0.0,0.0,0.0,0.0,0.0,0.0,10500.0,127.73,vale_do_anari
04/2026,1,NORTE,N,11,RONDONIA,RO,110180,VALE DO PARAISO,3.0,2025,DOU,6790.0,3.0,0.0,0.0,0.0,0.0,0.0,0.0,0.0,0.0,0.0,0.0,0.0,10500.0,154.63,vale_do_paraiso
04/2026,1,NORTE,N,11,RONDONIA,RO,110030,VILHENA,1.0,2025,DOU,109651.0,31.0,1.0,0.0,0.0,0.0,0.0,0.0,3.0,1.0,0.0,0.0,1.0,111126.0,101.34,vilhena
04/2026,1,NORTE,N,14,RORAIMA,RR,140005,ALTO ALEGRE,3.0,2025,DOU,23589.0,7.0,3.0,0.0,0.0,0.0,0.0,0.0,0.0,0.0,0.0,0.0,0.0,32375.0,137.24,alto_alegre
04/2026,1,NORTE,N,14,RORAIMA,RR,140002,AMAJARI,3.0,2025,DOU,16112.0,5.0,0.0,0.0,0.0,0.0,0.0,0.0,0.0,0.0,0.0,0.0,0.0,17500.0,108.61,amajari
04/2026,1,NORTE,N,14,RORAIMA,RR,140010,BOA VISTA,1.0,2025,DOU,485477.0,150.0,0.0,0.0,0.0,0.0,2.0,705.0,5.0,3605.0,1.0,1456.0,5766.0,530766.0,109.32,boa_vista
04/2026,1,NORTE,N,14,RORAIMA,RR,140015,BONFIM,3.0,2025,DOU,15570.0,7.0,0.0,0.0,0.0,0.0,0.0,0.0,0.0,0.0,0.0,0.0,0.0,24500.0,157.35,bonfim
04/2026,1,NORTE,N,14,RORAIMA,RR,140017,CANTA,3.0,2025,DOU,21102.0,10.0,0.0,0.0,0.0,0.0,0.0,0.0,0.0,0.0,0.0,0.0,0.0,35000.0,165.86,canta
04/2026,1,NORTE,N,14,RORAIMA,RR,140020,CARACARAI,3.0,2025,DOU,22750.0,9.0,0.0,0.0,1.0,1597.0,0.0,0.0,0.0,0.0,0.0,0.0,1597.0,33097.0,145.48,caracarai
04/2026,1,NORTE,N,14,RORAIMA,RR,140023,CAROEBE,5.0,2025,DOU,12004.0,5.0,0.0,0.0,0.0,0.0,0.0,0.0,0.0,0.0,0.0,0.0,0.0,17500.0,145.78,caroebe
04/2026,1,NORTE,N,14,RORAIMA,RR,140028,IRACEMA,3.0,2025,DOU,10937.0,5.0,0.0,0.0,0.0,0.0,0.0,0.0,0.0,0.0,0.0,0.0,0.0,17500.0,160.0,iracema
04/2026,1,NORTE,N,14,RORAIMA,RR,140030,MUCAJAI,3.0,2025,DOU,20006.0,9.0,0.0,0.0,0.0,0.0,0.0,0.0,0.0,0.0,0.0,0.0,0.0,31500.0,157.45,mucajai
04/2026,1,NORTE,N,14,RORAIMA,RR,140040,NORMANDIA,3.0,2025,DOU,16323.0,5.0,0.0,0.0,0.0,0.0,0.0,0.0,0.0,0.0,0.0,0.0,0.0,17500.0,107.21,normandia
04/2026,1,NORTE,N,14,RORAIMA,RR,140045,PACARAIMA,5.0,2025,DOU,23112.0,11.0,0.0,0.0,0.0,0.0,0.0,0.0,0.0,0.0,0.0,0.0,0.0,38500.0,166.58,pacaraima
04/2026,1,NORTE,N,14,RORAIMA,RR,140047,RORAINOPOLIS,5.0,2025,DOU,37787.0,14.0,0.0,0.0,2.0,1099.0,0.0,0.0,0.0,0.0,0.0,0.0,1099.0,50099.0,132.58,rorainopolis
04/2026,1,NORTE,N,14,RORAIMA,RR,140050,SAO JOAO DA BALIZA,5.0,2025,DOU,9969.0,3.0,0.0,0.0,0.0,0.0,0.0,0.0,0.0,0.0,0.0,0.0,0.0,10500.0,105.32,sao_joao_da_baliza
04/2026,1,NORTE,N,14,RORAIMA,RR,140060,SAO LUIZ DO ANAUA,5.0,2025,DOU,7848.0,4.0,0.0,0.0,0.0,0.0,0.0,0.0,0.0,0.0,0.0,0.0,0.0,14000.0,178.38,sao_luiz_do_anaua
04/2026,1,NORTE,N,14,RORAIMA,RR,140070,UIRAMUTA,5.0,2025,DOU,16186.0,5.0,0.0,0.0,0.0,0.0,0.0,0.0,0.0,0.0,0.0,0.0,0.0,17500.0,108.11,uiramuta
04/2026,4,SUL,S,43,RIO GRANDE DO SUL,RS,430003,ACEGUA,1.0,2025,DOU,4251.0,1.0,2.0,0.0,0.0,0.0,0.0,0.0,0.0,0.0,0.0,0.0,0.0,8750.0,205.83,acegua
04/2026,4,SUL,S,43,RIO GRANDE DO SUL,RS,430005,AGUA SANTA,3.0,2025,DOU,4003.0,1.0,0.0,0.0,0.0,0.0,0.0,0.0,0.0,0.0,0.0,0.0,0.0,3500.0,87.43,agua_santa
04/2026,4,SUL,S,43,RIO GRANDE DO SUL,RS,430010,AGUDO,3.0,2025,DOU,16341.0,3.0,1.0,0.0,0.0,0.0,0.0,0.0,0.0,0.0,0.0,0.0,0.0,13125.0,80.31,agudo
04/2026,4,SUL,S,43,RIO GRANDE DO SUL,RS,430020,AJURICABA,3.0,2025,DOU,6843.0,3.0,0.0,0.0,0.0,0.0,0.0,0.0,0.0,0.0,0.0,0.0,0.0,10500.0,153.44,ajuricaba
04/2026,4,SUL,S,43,RIO GRANDE DO SUL,RS,430030,ALECRIM,3.0,2025,DOU,6219.0,3.0,0.0,0.0,0.0,0.0,0.0,0.0,0.0,0.0,0.0,0.0,0.0,10500.0,168.83,alecrim
04/2026,4,SUL,S,43,RIO GRANDE DO SUL,RS,430040,ALEGRETE,1.0,2025,DOU,74285.0,19.0,0.0,0.0,0.0,0.0,0.0,0.0,0.0,0.0,0.0,0.0,0.0,66500.0,89.52,alegrete
04/2026,4,SUL,S,43,RIO GRANDE DO SUL,RS,430045,ALEGRIA,3.0,2025,DOU,3705.0,1.0,0.0,2.0,0.0,0.0,0.0,0.0,0.0,0.0,0.0,0.0,0.0,7000.0,188.93,alegria
04/2026,4,SUL,S,43,RIO GRANDE DO SUL,RS,430047,ALMIRANTE TAMANDARE DO SUL,3.0,2025,DOU,2007.0,1.0,0.0,0.0,0.0,0.0,0.0,0.0,0.0,0.0,0.0,0.0,0.0,3500.0,174.38,almirante_tamandare_do_sul
04/2026,4,SUL,S,43,RIO GRANDE DO SUL,RS,430050,ALPESTRE,3.0,2025,DOU,7235.0,4.0,0.0,0.0,0.0,0.0,0.0,0.0,0.0,0.0,0.0,0.0,0.0,14000.0,193.5,alpestre
04/2026,4,SUL,S,43,RIO GRANDE DO SUL,RS,430055,ALTO ALEGRE,3.0,2025,DOU,1837.0,1.0,0.0,0.0,0.0,0.0,0.0,0.0,0.0,0.0,0.0,0.0,0.0,3500.0,190.52,alto_alegre
04/2026,4,SUL,S,43,RIO GRANDE DO SUL,RS,430057,ALTO FELIZ,3.0,2025,DOU,3145.0,1.0,1.0,0.0,0.0,0.0,0.0,0.0,0.0,0.0,0.0,0.0,0.0,6125.0,194.75,alto_feliz
04/2026,4,SUL,S,43,RIO GRANDE DO SUL,RS,430060,ALVORADA,1.0,2025,DOU,194062.0,41.0,0.0,0.0,0.0,0.0,0.0,0.0,0.0,0.0,0.0,0.0,0.0,143500.0,73.94,alvorada
04/2026,4,SUL,S,43,RIO GRANDE DO SUL,RS,430063,AMARAL FERRADOR,3.0,2025,DOU,5384.0,2.0,0.0,0.0,0.0,0.0,0.0,0.0,0.0,0.0,0.0,0.0,0.0,7000.0,130.01,amaral_ferrador
04/2026,4,SUL,S,43,RIO GRANDE DO SUL,RS,430064,AMETISTA DO SUL,3.0,2025,DOU,7826.0,4.0,0.0,0.0,0.0,0.0,0.0,0.0,0.0,0.0,0.0,0.0,0.0,14000.0,178.89,ametista_do_sul
04/2026,4,SUL,S,43,RIO GRANDE DO SUL,RS,430066,ANDRE DA ROCHA,3.0,2025,DOU,1156.0,1.0,0.0,0.0,0.0,0.0,0.0,0.0,0.0,0.0,0.0,0.0,0.0,3500.0,302.76,andre_da_rocha
04/2026,4,SUL,S,43,RIO GRANDE DO SUL,RS,430070,ANTA GORDA,3.0,2025,DOU,6080.0,2.0,0.0,0.0,0.0,0.0,0.0,0.0,0.0,0.0,0.0,0.0,0.0,7000.0,115.13,anta_gorda
04/2026,4,SUL,S,43,RIO GRANDE DO SUL,RS,430080,ANTONIO PRADO,3.0,2025,DOU,13332.0,6.0,0.0,0.0,0.0,0.0,0.0,0.0,0.0,0.0,0.0,0.0,0.0,21000.0,157.51,antonio_prado
04/2026,4,SUL,S,43,RIO GRANDE DO SUL,RS,430085,ARAMBARE,3.0,2025,DOU,4215.0,2.0,0.0,0.0,0.0,0.0,0.0,0.0,0.0,0.0,0.0,0.0,0.0,7000.0,166.07,arambare
04/2026,4,SUL,S,43,RIO GRANDE DO SUL,RS,430087,ARARICA,1.0,2025,DOU,8831.0,3.0,1.0,0.0,0.0,0.0,0.0,0.0,0.0,0.0,0.0,0.0,0.0,13125.0,148.62,ararica
04/2026,4,SUL,S,43,RIO GRANDE DO SUL,RS,430090,ARATIBA,3.0,2025,DOU,6618.0,2.0,0.0,0.0,0.0,0.0,0.0,0.0,0.0,0.0,0.0,0.0,0.0,7000.0,105.77,aratiba
04/2026,4,SUL,S,43,RIO GRANDE DO SUL,RS,430100,ARROIO DO MEIO,1.0,2025,DOU,22523.0,6.0,0.0,0.0,0.0,0.0,0.0,0.0,0.0,0.0,0.0,0.0,0.0,21000.0,93.23,arroio_do_meio
04/2026,4,SUL,S,43,RIO GRANDE DO SUL,RS,430107,ARROIO DO PADRE,1.0,2025,DOU,2650.0,1.0,0.0,0.0,0.0,0.0,0.0,0.0,0.0,0.0,0.0,0.0,0.0,3500.0,132.07,arroio_do_padre
04/2026,4,SUL,S,43,RIO GRANDE DO SUL,RS,430105,ARROIO DO SAL,3.0,2025,DOU,11418.0,4.0,0.0,1.0,0.0,0.0,0.0,0.0,0.0,0.0,0.0,0.0,0.0,15750.0,137.94,arroio_do_sal
04/2026,4,SUL,S,43,RIO GRANDE DO SUL,RS,430120,ARROIO DO TIGRE,3.0,2025,DOU,12291.0,3.0,1.0,1.0,0.0,0.0,0.0,0.0,0.0,0.0,0.0,0.0,0.0,14875.0,121.02,arroio_do_tigre
04/2026,4,SUL,S,43,RIO GRANDE DO SUL,RS,430110,ARROIO DOS RATOS,1.0,2025,DOU,14934.0,5.0,0.0,0.0,0.0,0.0,0.0,0.0,1.0,53.0,0.0,0.0,53.0,17553.0,117.53,arroio_dos_ratos
04/2026,4,SUL,S,43,RIO GRANDE DO SUL,RS,430130,ARROIO GRANDE,1.0,2025,DOU,17879.0,7.0,2.0,0.0,0.0,0.0,0.0,0.0,0.0,0.0,0.0,0.0,0.0,29750.0,166.39,arroio_grande
04/2026,4,SUL,S,43,RIO GRANDE DO SUL,RS,430140,ARVOREZINHA,3.0,2025,DOU,10547.0,4.0,0.0,0.0,0.0,0.0,0.0,0.0,0.0,0.0,0.0,0.0,0.0,14000.0,132.73,arvorezinha
04/2026,4,SUL,S,43,RIO GRANDE DO SUL,RS,430150,AUGUSTO PESTANA,3.0,2025,DOU,7303.0,3.0,0.0,0.0,0.0,0.0,0.0,0.0,0.0,0.0,0.0,0.0,0.0,10500.0,143.77,augusto_pestana
04/2026,4,SUL,S,43,RIO GRANDE DO SUL,RS,430155,AUREA,3.0,2025,DOU,3458.0,2.0,0.0,0.0,0.0,0.0,0.0,0.0,0.0,0.0,0.0,0.0,0.0,7000.0,202.42,aurea
04/2026,4,SUL,S,43,RIO GRANDE DO SUL,RS,430160,BAGE,1.0,2025,DOU,121928.0,27.0,0.0,1.0,0.0,0.0,0.0,0.0,1.0,708.0,0.0,0.0,708.0,96958.0,79.52,bage
04/2026,4,SUL,S,43,RIO GRANDE DO SUL,RS,430163,BALNEARIO PINHAL,2.0,2025,DOU,15413.0,7.0,0.0,0.0,0.0,0.0,0.0,0.0,0.0,0.0,0.0,0.0,0.0,24500.0,158.95,balneario_pinhal
04/2026,4,SUL,S,43,RIO GRANDE DO SUL,RS,430165,BARAO,3.0,2025,DOU,6496.0,2.0,1.0,1.0,0.0,0.0,0.0,0.0,0.0,0.0,0.0,0.0,0.0,11375.0,175.1,barao
04/2026,4,SUL,S,43,RIO GRANDE DO SUL,RS,430170,BARAO DE COTEGIPE,3.0,2025,DOU,7320.0,3.0,0.0,0.0,0.0,0.0,0.0,0.0,0.0,0.0,0.0,0.0,0.0,10500.0,143.44,barao_de_cotegipe
04/2026,4,SUL,S,43,RIO GRANDE DO SUL,RS,430175,BARAO DO TRIUNFO,3.0,2025,DOU,5972.0,1.0,0.0,1.0,0.0,0.0,0.0,0.0,0.0,0.0,0.0,0.0,0.0,5250.0,87.91,barao_do_triunfo
04/2026,4,SUL,S,43,RIO GRANDE DO SUL,RS,430185,BARRA DO GUARITA,3.0,2025,DOU,3231.0,1.0,0.0,1.0,0.0,0.0,0.0,0.0,0.0,0.0,0.0,0.0,0.0,5250.0,162.48,barra_do_guarita
04/2026,4,SUL,S,43,RIO GRANDE DO SUL,RS,430187,BARRA DO QUARAI,3.0,2025,DOU,4340.0,2.0,0.0,0.0,0.0,0.0,0.0,0.0,0.0,0.0,0.0,0.0,0.0,7000.0,161.29,barra_do_quarai
04/2026,4,SUL,S,43,RIO GRANDE DO SUL,RS,430190,BARRA DO RIBEIRO,3.0,2025,DOU,12473.0,3.0,0.0,0.0,0.0,0.0,0.0,0.0,0.0,0.0,0.0,0.0,0.0,10500.0,84.18,barra_do_ribeiro
04/2026,4,SUL,S,43,RIO GRANDE DO SUL,RS,430192,BARRA DO RIO AZUL,3.0,2025,DOU,1721.0,1.0,0.0,0.0,0.0,0.0,0.0,0.0,0.0,0.0,0.0,0.0,0.0,3500.0,203.37,barra_do_rio_azul
04/2026,4,SUL,S,43,RIO GRANDE DO SUL,RS,430195,BARRA FUNDA,3.0,2025,DOU,2557.0,1.0,0.0,0.0,0.0,0.0,0.0,0.0,0.0,0.0,0.0,0.0,0.0,3500.0,136.87,barra_funda
04/2026,4,SUL,S,43,RIO GRANDE DO SUL,RS,430180,BARRACAO,3.0,2025,DOU,4915.0,2.0,0.0,0.0,0.0,0.0,0.0,0.0,0.0,0.0,0.0,0.0,0.0,7000.0,142.42,barracao
04/2026,4,SUL,S,43,RIO GRANDE DO SUL,RS,430200,BARROS CASSAL,3.0,2025,DOU,9425.0,4.0,0.0,1.0,0.0,0.0,0.0,0.0,0.0,0.0,0.0,0.0,0.0,15750.0,167.1,barros_cassal
04/2026,4,SUL,S,43,RIO GRANDE DO SUL,RS,430205,BENJAMIN CONSTANT DO SUL,3.0,2025,DOU,2118.0,1.0,0.0,0.0,0.0,0.0,0.0,0.0,0.0,0.0,0.0,0.0,0.0,3500.0,165.25,benjamin_constant_do_sul
04/2026,4,SUL,S,43,RIO GRANDE DO SUL,RS,430210,BENTO GONCALVES,1.0,2025,DOU,127977.0,18.0,4.0,3.0,0.0,0.0,0.0,0.0,1.0,15.0,0.0,0.0,15.0,78765.0,61.54,bento_goncalves
04/2026,4,SUL,S,43,RIO GRANDE DO SUL,RS,430215,BOA VISTA DAS MISSOES,3.0,2025,DOU,1968.0,1.0,0.0,0.0,0.0,0.0,0.0,0.0,0.0,0.0,0.0,0.0,0.0,3500.0,177.84,boa_vista_das_missoes
04/2026,4,SUL,S,43,RIO GRANDE DO SUL,RS,430220,BOA VISTA DO BURICA,3.0,2025,DOU,7129.0,3.0,0.0,0.0,0.0,0.0,0.0,0.0,0.0,0.0,0.0,0.0,0.0,10500.0,147.28,boa_vista_do_burica
04/2026,4,SUL,S,43,RIO GRANDE DO SUL,RS,430222,BOA VISTA DO CADEADO,3.0,2025,DOU,2269.0,1.0,1.0,0.0,0.0,0.0,0.0,0.0,0.0,0.0,0.0,0.0,0.0,6125.0,269.94,boa_vista_do_cadeado
04/2026,4,SUL,S,43,RIO GRANDE DO SUL,RS,430225,BOA VISTA DO SUL,3.0,2025,DOU,2815.0,0.0,0.0,0.0,0.0,0.0,0.0,0.0,0.0,0.0,0.0,0.0,0.0,0.0,0.0,boa_vista_do_sul
04/2026,4,SUL,S,43,RIO GRANDE DO SUL,RS,430230,BOM JESUS,3.0,2025,DOU,11429.0,4.0,0.0,0.0,0.0,0.0,0.0,0.0,0.0,0.0,0.0,0.0,0.0,14000.0,122.49,bom_jesus
04/2026,4,SUL,S,43,RIO GRANDE DO SUL,RS,430235,BOM PRINCIPIO,3.0,2025,DOU,13665.0,4.0,0.0,0.0,0.0,0.0,0.0,0.0,0.0,0.0,0.0,0.0,0.0,14000.0,102.45,bom_principio
04/2026,4,SUL,S,43,RIO GRANDE DO SUL,RS,430237,BOM PROGRESSO,3.0,2025,DOU,2132.0,1.0,0.0,0.0,0.0,0.0,0.0,0.0,0.0,0.0,0.0,0.0,0.0,3500.0,164.16,bom_progresso
04/2026,4,SUL,S,43,RIO GRANDE DO SUL,RS,430240,BOM RETIRO DO SUL,1.0,2025,DOU,12587.0,4.0,2.0,1.0,0.0,0.0,0.0,0.0,0.0,0.0,0.0,0.0,0.0,21000.0,166.83,bom_retiro_do_sul
04/2026,4,SUL,S,43,RIO GRANDE DO SUL,RS,430245,BOQUEIRAO DO LEAO,3.0,2025,DOU,6202.0,3.0,0.0,0.0,0.0,0.0,0.0,0.0,0.0,0.0,0.0,0.0,0.0,10500.0,169.3,boqueirao_do_leao
04/2026,4,SUL,S,43,RIO GRANDE DO SUL,RS,430250,BOSSOROCA,3.0,2025,DOU,5978.0,3.0,0.0,0.0,0.0,0.0,0.0,0.0,0.0,0.0,0.0,0.0,0.0,10500.0,175.64,bossoroca
04/2026,4,SUL,S,43,RIO GRANDE DO SUL,RS,430258,BOZANO,3.0,2025,DOU,2195.0,1.0,0.0,0.0,0.0,0.0,0.0,0.0,0.0,0.0,0.0,0.0,0.0,3500.0,159.45,bozano
04/2026,4,SUL,S,43,RIO GRANDE DO SUL,RS,430260,BRAGA,3.0,2025,DOU,3322.0,2.0,0.0,0.0,0.0,0.0,0.0,0.0,0.0,0.0,0.0,0.0,0.0,7000.0,210.71,braga
04/2026,4,SUL,S,43,RIO GRANDE DO SUL,RS,430265,BROCHIER,3.0,2025,DOU,5083.0,1.0,1.0,0.0,0.0,0.0,0.0,0.0,0.0,0.0,0.0,0.0,0.0,6125.0,120.49,brochier
04/2026,4,SUL,S,43,RIO GRANDE DO SUL,RS,430270,BUTIA,1.0,2025,DOU,19421.0,7.0,0.0,1.0,0.0,0.0,0.0,0.0,0.0,0.0,0.0,0.0,0.0,26250.0,135.16,butia
04/2026,4,SUL,S,43,RIO GRANDE DO SUL,RS,430280,CACAPAVA DO SUL,2.0,2025,DOU,33501.0,5.0,1.0,0.0,0.0,0.0,0.0,0.0,0.0,0.0,0.0,0.0,0.0,20125.0,60.07,cacapava_do_sul
04/2026,4,SUL,S,43,RIO GRANDE DO SUL,RS,430290,CACEQUI,3.0,2025,DOU,11300.0,6.0,0.0,0.0,0.0,0.0,0.0,0.0,0.0,0.0,0.0,0.0,0.0,21000.0,185.84,cacequi
04/2026,4,SUL,S,43,RIO GRANDE DO SUL,RS,430300,CACHOEIRA DO SUL,1.0,2025,DOU,82222.0,11.0,9.0,0.0,0.0,0.0,0.0,0.0,0.0,0.0,0.0,0.0,0.0,62125.0,75.55,cachoeira_do_sul
04/2026,4,SUL,S,43,RIO GRANDE DO SUL,RS,430310,CACHOEIRINHA,1.0,2025,DOU,141503.0,15.0,2.0,22.0,0.0,0.0,0.0,0.0,0.0,0.0,0.0,0.0,0.0,96250.0,68.01,cachoeirinha
04/2026,4,SUL,S,43,RIO GRANDE DO SUL,RS,430320,CACIQUE DOBLE,3.0,2025,DOU,4692.0,2.0,0.0,0.0,0.0,0.0,0.0,0.0,0.0,0.0,0.0,0.0,0.0,7000.0,149.19,cacique_doble
04/2026,4,SUL,S,43,RIO GRANDE DO SUL,RS,430330,CAIBATE,3.0,2025,DOU,4795.0,2.0,0.0,0.0,0.0,0.0,0.0,0.0,0.0,0.0,0.0,0.0,0.0,7000.0,145.98,caibate
04/2026,4,SUL,S,43,RIO GRANDE DO SUL,RS,430340,CAICARA,3.0,2025,DOU,4931.0,2.0,0.0,0.0,0.0,0.0,0.0,0.0,0.0,0.0,0.0,0.0,0.0,7000.0,141.95,caicara
04/2026,4,SUL,S,43,RIO GRANDE DO SUL,RS,430350,CAMAQUA,1.0,2025,DOU,63961.0,19.0,5.0,0.0,0.0,0.0,0.0,0.0,1.0,736.0,0.0,0.0,736.0,80361.0,125.64,camaqua
04/2026,4,SUL,S,43,RIO GRANDE DO SUL,RS,430355,CAMARGO,3.0,2025,DOU,3060.0,1.0,0.0,0.0,0.0,0.0,0.0,0.0,0.0,0.0,0.0,0.0,0.0,3500.0,114.37,camargo
04/2026,4,SUL,S,43,RIO GRANDE DO SUL,RS,430360,CAMBARA DO SUL,3.0,2025,DOU,6490.0,3.0,0.0,0.0,0.0,0.0,0.0,0.0,0.0,0.0,0.0,0.0,0.0,10500.0,161.78,cambara_do_sul
04/2026,4,SUL,S,43,RIO GRANDE DO SUL,RS,430367,CAMPESTRE DA SERRA,3.0,2025,DOU,3311.0,1.0,0.0,0.0,0.0,0.0,0.0,0.0,0.0,0.0,0.0,0.0,0.0,3500.0,105.7,campestre_da_serra
04/2026,4,SUL,S,43,RIO GRANDE DO SUL,RS,430370,CAMPINA DAS MISSOES,3.0,2025,DOU,5999.0,2.0,0.0,0.0,0.0,0.0,0.0,0.0,0.0,0.0,0.0,0.0,0.0,7000.0,116.68,campina_das_missoes
04/2026,4,SUL,S,43,RIO GRANDE DO SUL,RS,430380,CAMPINAS DO SUL,3.0,2025,DOU,5388.0,3.0,0.0,0.0,0.0,0.0,0.0,0.0,0.0,0.0,0.0,0.0,0.0,10500.0,194.87,campinas_do_sul
04/2026,4,SUL,S,43,RIO GRANDE DO SUL,RS,430390,CAMPO BOM,1.0,2025,DOU,64719.0,15.0,3.0,2.0,0.0,0.0,0.0,0.0,0.0,0.0,0.0,0.0,0.0,63875.0,98.69,campo_bom
04/2026,4,SUL,S,43,RIO GRANDE DO SUL,RS,430400,CAMPO NOVO,3.0,2025,DOU,5063.0,2.0,0.0,0.0,0.0,0.0,0.0,0.0,0.0,0.0,0.0,0.0,0.0,7000.0,138.25,campo_novo
04/2026,4,SUL,S,43,RIO GRANDE DO SUL,RS,430410,CAMPOS BORGES,3.0,2025,DOU,3695.0,2.0,0.0,0.0,0.0,0.0,0.0,0.0,0.0,0.0,0.0,0.0,0.0,7000.0,189.44,campos_borges
04/2026,4,SUL,S,43,RIO GRANDE DO SUL,RS,430420,CANDELARIA,3.0,2025,DOU,29775.0,3.0,1.0,12.0,0.0,0.0,0.0,0.0,0.0,0.0,0.0,0.0,0.0,34125.0,114.6,candelaria
04/2026,4,SUL,S,43,RIO GRANDE DO SUL,RS,430430,CANDIDO GODOI,3.0,2025,DOU,6419.0,2.0,0.0,0.0,0.0,0.0,0.0,0.0,0.0,0.0,0.0,0.0,0.0,7000.0,109.05,candido_godoi
04/2026,4,SUL,S,43,RIO GRANDE DO SUL,RS,430435,CANDIOTA,1.0,2025,DOU,11012.0,4.0,0.0,1.0,0.0,0.0,0.0,0.0,0.0,0.0,0.0,0.0,0.0,15750.0,143.02,candiota
04/2026,4,SUL,S,43,RIO GRANDE DO SUL,RS,430440,CANELA,1.0,2025,DOU,50715.0,6.0,0.0,2.0,0.0,0.0,0.0,0.0,0.0,0.0,0.0,0.0,0.0,24500.0,48.3,canela
04/2026,4,SUL,S,43,RIO GRANDE DO SUL,RS,430450,CANGUCU,3.0,2025,DOU,50968.0,7.0,0.0,7.0,0.0,0.0,0.0,0.0,0.0,0.0,0.0,0.0,0.0,36750.0,72.1,cangucu
04/2026,4,SUL,S,43,RIO GRANDE DO SUL,RS,430460,CANOAS,1.0,2025,DOU,359840.0,83.0,9.0,3.0,0.0,0.0,1.0,665.0,3.0,3506.0,0.0,0.0,4171.0,323546.0,89.91,canoas
04/2026,4,SUL,S,43,RIO GRANDE DO SUL,RS,430461,CANUDOS DO VALE,3.0,2025,DOU,1686.0,1.0,0.0,0.0,0.0,0.0,0.0,0.0,0.0,0.0,0.0,0.0,0.0,3500.0,207.59,canudos_do_vale
04/2026,4,SUL,S,43,RIO GRANDE DO SUL,RS,430462,CAPAO BONITO DO SUL,3.0,2025,DOU,1769.0,1.0,0.0,0.0,0.0,0.0,0.0,0.0,0.0,0.0,0.0,0.0,0.0,3500.0,197.85,capao_bonito_do_sul
04/2026,4,SUL,S,43,RIO GRANDE DO SUL,RS,430463,CAPAO DA CANOA,1.0,2025,DOU,66234.0,10.0,4.0,0.0,0.0,0.0,0.0,0.0,0.0,0.0,0.0,0.0,0.0,45500.0,68.69,capao_da_canoa
04/2026,4,SUL,S,43,RIO GRANDE DO SUL,RS,430465,CAPAO DO CIPO,3.0,2025,DOU,3187.0,2.0,0.0,0.0,0.0,0.0,0.0,0.0,0.0,0.0,0.0,0.0,0.0,7000.0,219.64,capao_do_cipo
04/2026,4,SUL,S,43,RIO GRANDE DO SUL,RS,430466,CAPAO DO LEAO,1.0,2025,DOU,27416.0,6.0,3.0,0.0,0.0,0.0,0.0,0.0,0.0,0.0,0.0,0.0,0.0,28875.0,105.32,capao_do_leao
04/2026,4,SUL,S,43,RIO GRANDE DO SUL,RS,430468,CAPELA DE SANTANA,1.0,2025,DOU,11424.0,4.0,4.0,0.0,0.0,0.0,0.0,0.0,0.0,0.0,0.0,0.0,0.0,24500.0,214.46,capela_de_santana
04/2026,4,SUL,S,43,RIO GRANDE DO SUL,RS,430469,CAPITAO,3.0,2025,DOU,2994.0,1.0,0.0,0.0,0.0,0.0,0.0,0.0,0.0,0.0,0.0,0.0,0.0,3500.0,116.9,capitao
04/2026,4,SUL,S,43,RIO GRANDE DO SUL,RS,430467,CAPIVARI DO SUL,3.0,2025,DOU,4080.0,1.0,1.0,0.0,0.0,0.0,0.0,0.0,0.0,0.0,0.0,0.0,0.0,6125.0,150.12,capivari_do_sul
04/2026,4,SUL,S,43,RIO GRANDE DO SUL,RS,430471,CARAA,3.0,2025,DOU,7555.0,3.0,0.0,0.0,0.0,0.0,0.0,0.0,0.0,0.0,0.0,0.0,0.0,10500.0,138.98,caraa
04/2026,4,SUL,S,43,RIO GRANDE DO SUL,RS,430470,CARAZINHO,1.0,2025,DOU,63670.0,14.0,0.0,2.0,0.0,0.0,0.0,0.0,1.0,151.0,0.0,0.0,151.0,52651.0,82.69,carazinho
04/2026,4,SUL,S,43,RIO GRANDE DO SUL,RS,430480,CARLOS BARBOSA,1.0,2025,DOU,31585.0,2.0,0.0,4.0,0.0,0.0,0.0,0.0,0.0,0.0,0.0,0.0,0.0,14000.0,44.32,carlos_barbosa
04/2026,4,SUL,S,43,RIO GRANDE DO SUL,RS,430485,CARLOS GOMES,3.0,2025,DOU,1384.0,1.0,0.0,0.0,0.0,0.0,0.0,0.0,0.0,0.0,0.0,0.0,0.0,3500.0,252.89,carlos_gomes
04/2026,4,SUL,S,43,RIO GRANDE DO SUL,RS,430490,CASCA,3.0,2025,DOU,9698.0,3.0,0.0,0.0,0.0,0.0,0.0,0.0,0.0,0.0,0.0,0.0,0.0,10500.0,108.26,casca
04/2026,4,SUL,S,43,RIO GRANDE DO SUL,RS,430495,CASEIROS,3.0,2025,DOU,3064.0,1.0,0.0,0.0,0.0,0.0,0.0,0.0,0.0,0.0,0.0,0.0,0.0,3500.0,114.22,caseiros
04/2026,4,SUL,S,43,RIO GRANDE DO SUL,RS,430500,CATUIPE,3.0,2025,DOU,8834.0,4.0,0.0,0.0,0.0,0.0,0.0,0.0,0.0,0.0,0.0,0.0,0.0,14000.0,158.47,catuipe
04/2026,4,SUL,S,43,RIO GRANDE DO SUL,RS,430510,CAXIAS DO SUL,1.0,2025,DOU,479599.0,53.0,6.0,28.0,0.0,0.0,2.0,1173.0,2.0,2678.0,0.0,0.0,3851.0,254101.0,52.98,caxias_do_sul
04/2026,4,SUL,S,43,RIO GRANDE DO SUL,RS,430511,CENTENARIO,3.0,2025,DOU,2777.0,1.0,0.0,0.0,0.0,0.0,0.0,0.0,0.0,0.0,0.0,0.0,0.0,3500.0,126.03,centenario
04/2026,4,SUL,S,43,RIO GRANDE DO SUL,RS,430512,CERRITO,3.0,2025,DOU,5910.0,3.0,0.0,0.0,0.0,0.0,0.0,0.0,0.0,0.0,0.0,0.0,0.0,10500.0,177.66,cerrito
04/2026,4,SUL,S,43,RIO GRANDE DO SUL,RS,430513,CERRO BRANCO,3.0,2025,DOU,3859.0,2.0,0.0,0.0,0.0,0.0,0.0,0.0,0.0,0.0,0.0,0.0,0.0,7000.0,181.39,cerro_branco
04/2026,4,SUL,S,43,RIO GRANDE DO SUL,RS,430515,CERRO GRANDE,3.0,2025,DOU,2428.0,1.0,0.0,0.0,0.0,0.0,0.0,0.0,0.0,0.0,0.0,0.0,0.0,3500.0,144.15,cerro_grande
04/2026,4,SUL,S,43,RIO GRANDE DO SUL,RS,430517,CERRO GRANDE DO SUL,3.0,2025,DOU,9333.0,3.0,0.0,0.0,0.0,0.0,0.0,0.0,0.0,0.0,0.0,0.0,0.0,10500.0,112.5,cerro_grande_do_sul
04/2026,4,SUL,S,43,RIO GRANDE DO SUL,RS,430520,CERRO LARGO,2.0,2025,DOU,14014.0,4.0,0.0,0.0,0.0,0.0,0.0,0.0,0.0,0.0,0.0,0.0,0.0,14000.0,99.9,cerro_largo
04/2026,4,SUL,S,43,RIO GRANDE DO SUL,RS,430530,CHAPADA,3.0,2025,DOU,9751.0,4.0,0.0,0.0,0.0,0.0,0.0,0.0,0.0,0.0,0.0,0.0,0.0,14000.0,143.57,chapada
04/2026,4,SUL,S,43,RIO GRANDE DO SUL,RS,430535,CHARQUEADAS,1.0,2025,DOU,36110.0,12.0,0.0,0.0,0.0,0.0,0.0,0.0,9.0,4155.0,1.0,850.0,5005.0,47005.0,130.17,charqueadas
04/2026,4,SUL,S,43,RIO GRANDE DO SUL,RS,430537,CHARRUA,3.0,2025,DOU,2800.0,1.0,0.0,0.0,0.0,0.0,0.0,0.0,0.0,0.0,0.0,0.0,0.0,3500.0,125.0,charrua
04/2026,4,SUL,S,43,RIO GRANDE DO SUL,RS,430540,CHIAPETTA,3.0,2025,DOU,3991.0,2.0,0.0,0.0,0.0,0.0,0.0,0.0,0.0,0.0,0.0,0.0,0.0,7000.0,175.39,chiapetta
04/2026,4,SUL,S,43,RIO GRANDE DO SUL,RS,430543,CHUI,4.0,2025,DOU,6409.0,1.0,0.0,0.0,0.0,0.0,0.0,0.0,0.0,0.0,0.0,0.0,0.0,3500.0,54.61,chui
04/2026,4,SUL,S,43,RIO GRANDE DO SUL,RS,430544,CHUVISCA,3.0,2025,DOU,4682.0,2.0,2.0,0.0,0.0,0.0,0.0,0.0,0.0,0.0,0.0,0.0,0.0,12250.0,261.64,chuvisca
04/2026,4,SUL,S,43,RIO GRANDE DO SUL,RS,430545,CIDREIRA,2.0,2025,DOU,17583.0,4.0,0.0,0.0,0.0,0.0,0.0,0.0,0.0,0.0,0.0,0.0,0.0,14000.0,79.62,cidreira
04/2026,4,SUL,S,43,RIO GRANDE DO SUL,RS,430550,CIRIACO,3.0,2025,DOU,4208.0,2.0,0.0,0.0,0.0,0.0,0.0,0.0,0.0,0.0,0.0,0.0,0.0,7000.0,166.34,ciriaco
04/2026,4,SUL,S,43,RIO GRANDE DO SUL,RS,430558,COLINAS,3.0,2025,DOU,2474.0,1.0,0.0,0.0,0.0,0.0,0.0,0.0,0.0,0.0,0.0,0.0,0.0,3500.0,141.47,colinas
04/2026,4,SUL,S,43,RIO GRANDE DO SUL,RS,430560,COLORADO,3.0,2025,DOU,3316.0,2.0,0.0,0.0,0.0,0.0,0.0,0.0,0.0,0.0,0.0,0.0,0.0,7000.0,211.09,colorado
04/2026,4,SUL,S,43,RIO GRANDE DO SUL,RS,430570,CONDOR,3.0,2025,DOU,6538.0,3.0,0.0,0.0,0.0,0.0,0.0,0.0,0.0,0.0,0.0,0.0,0.0,10500.0,160.59,condor
04/2026,4,SUL,S,43,RIO GRANDE DO SUL,RS,430580,CONSTANTINA,3.0,2025,DOU,10631.0,4.0,0.0,0.0,0.0,0.0,0.0,0.0,0.0,0.0,0.0,0.0,0.0,14000.0,131.69,constantina
04/2026,4,SUL,S,43,RIO GRANDE DO SUL,RS,430583,COQUEIRO BAIXO,3.0,2025,DOU,1308.0,1.0,0.0,0.0,0.0,0.0,0.0,0.0,0.0,0.0,0.0,0.0,0.0,3500.0,267.58,coqueiro_baixo
04/2026,4,SUL,S,43,RIO GRANDE DO SUL,RS,430585,COQUEIROS DO SUL,3.0,2025,DOU,2248.0,1.0,0.0,0.0,0.0,0.0,0.0,0.0,0.0,0.0,0.0,0.0,0.0,3500.0,155.69,coqueiros_do_sul
04/2026,4,SUL,S,43,RIO GRANDE DO SUL,RS,430587,CORONEL BARROS,3.0,2025,DOU,2896.0,1.0,0.0,0.0,0.0,0.0,0.0,0.0,0.0,0.0,0.0,0.0,0.0,3500.0,120.85,coronel_barros
04/2026,4,SUL,S,43,RIO GRANDE DO SUL,RS,430590,CORONEL BICACO,3.0,2025,DOU,6214.0,4.0,0.0,0.0,0.0,0.0,0.0,0.0,0.0,0.0,0.0,0.0,0.0,14000.0,225.29,coronel_bicaco
04/2026,4,SUL,S,43,RIO GRANDE DO SUL,RS,430593,CORONEL PILAR,3.0,2025,DOU,1637.0,1.0,0.0,0.0,0.0,0.0,0.0,0.0,0.0,0.0,0.0,0.0,0.0,3500.0,213.8,coronel_pilar
04/2026,4,SUL,S,43,RIO GRANDE DO SUL,RS,430595,COTIPORA,3.0,2025,DOU,3926.0,2.0,0.0,0.0,0.0,0.0,0.0,0.0,0.0,0.0,0.0,0.0,0.0,7000.0,178.29,cotipora
04/2026,4,SUL,S,43,RIO GRANDE DO SUL,RS,430597,COXILHA,3.0,2025,DOU,2718.0,1.0,0.0,0.0,0.0,0.0,0.0,0.0,0.0,0.0,0.0,0.0,0.0,3500.0,128.77,coxilha
04/2026,4,SUL,S,43,RIO GRANDE DO SUL,RS,430600,CRISSIUMAL,3.0,2025,DOU,13116.0,5.0,0.0,0.0,0.0,0.0,0.0,0.0,0.0,0.0,0.0,0.0,0.0,17500.0,133.42,crissiumal
04/2026,4,SUL,S,43,RIO GRANDE DO SUL,RS,430605,CRISTAL,3.0,2025,DOU,7455.0,4.0,0.0,0.0,0.0,0.0,0.0,0.0,0.0,0.0,0.0,0.0,0.0,14000.0,187.79,cristal
04/2026,4,SUL,S,43,RIO GRANDE DO SUL,RS,430607,CRISTAL DO SUL,3.0,2025,DOU,2745.0,1.0,0.0,0.0,0.0,0.0,0.0,0.0,0.0,0.0,0.0,0.0,0.0,3500.0,127.5,cristal_do_sul
04/2026,4,SUL,S,43,RIO GRANDE DO SUL,RS,430610,CRUZ ALTA,1.0,2025,DOU,60454.0,21.0,0.0,1.0,0.0,0.0,0.0,0.0,0.0,0.0,0.0,0.0,0.0,75250.0,124.47,cruz_alta
04/2026,4,SUL,S,43,RIO GRANDE DO SUL,RS,430613,CRUZALTENSE,3.0,2025,DOU,1650.0,1.0,0.0,0.0,0.0,0.0,0.0,0.0,0.0,0.0,0.0,0.0,0.0,3500.0,212.12,cruzaltense
04/2026,4,SUL,S,43,RIO GRANDE DO SUL,RS,430620,CRUZEIRO DO SUL,1.0,2025,DOU,12574.0,2.0,3.0,0.0,0.0,0.0,0.0,0.0,0.0,0.0,0.0,0.0,0.0,14875.0,118.29,cruzeiro_do_sul
04/2026,4,SUL,S,43,RIO GRANDE DO SUL,RS,430630,DAVID CANABARRO,3.0,2025,DOU,4400.0,2.0,0.0,0.0,0.0,0.0,0.0,0.0,0.0,0.0,0.0,0.0,0.0,7000.0,159.09,david_canabarro
04/2026,4,SUL,S,43,RIO GRANDE DO SUL,RS,430632,DERRUBADAS,3.0,2025,DOU,2793.0,1.0,0.0,0.0,0.0,0.0,0.0,0.0,0.0,0.0,0.0,0.0,0.0,3500.0,125.31,derrubadas
04/2026,4,SUL,S,43,RIO GRANDE DO SUL,RS,430635,DEZESSEIS DE NOVEMBRO,3.0,2025,DOU,2540.0,1.0,0.0,0.0,0.0,0.0,0.0,0.0,0.0,0.0,0.0,0.0,0.0,3500.0,137.79,dezesseis_de_novembro
04/2026,4,SUL,S,43,RIO GRANDE DO SUL,RS,430637,DILERMANDO DE AGUIAR,3.0,2025,DOU,2856.0,1.0,0.0,0.0,0.0,0.0,0.0,0.0,0.0,0.0,0.0,0.0,0.0,3500.0,122.54,dilermando_de_aguiar
04/2026,4,SUL,S,43,RIO GRANDE DO SUL,RS,430640,DOIS IRMAOS,1.0,2025,DOU,31804.0,9.0,2.0,0.0,0.0,0.0,0.0,0.0,0.0,0.0,0.0,0.0,0.0,36750.0,115.55,dois_irmaos
04/2026,4,SUL,S,43,RIO GRANDE DO SUL,RS,430642,DOIS IRMAOS DAS MISSOES,3.0,2025,DOU,2132.0,1.0,0.0,0.0,0.0,0.0,0.0,0.0,0.0,0.0,0.0,0.0,0.0,3500.0,164.16,dois_irmaos_das_missoes
04/2026,4,SUL,S,43,RIO GRANDE DO SUL,RS,430645,DOIS LAJEADOS,3.0,2025,DOU,3156.0,1.0,0.0,0.0,0.0,0.0,0.0,0.0,0.0,0.0,0.0,0.0,0.0,3500.0,110.89,dois_lajeados
04/2026,4,SUL,S,43,RIO GRANDE DO SUL,RS,430650,DOM FELICIANO,3.0,2025,DOU,13280.0,4.0,0.0,1.0,0.0,0.0,0.0,0.0,0.0,0.0,0.0,0.0,0.0,15750.0,118.59,dom_feliciano
04/2026,4,SUL,S,43,RIO GRANDE DO SUL,RS,430660,DOM PEDRITO,1.0,2025,DOU,38080.0,8.0,1.0,0.0,0.0,0.0,0.0,0.0,1.0,329.0,0.0,0.0,329.0,30954.0,81.28,dom_pedrito
04/2026,4,SUL,S,43,RIO GRANDE DO SUL,RS,430655,DOM PEDRO DE ALCANTARA,3.0,2025,DOU,2617.0,1.0,0.0,0.0,0.0,0.0,0.0,0.0,0.0,0.0,0.0,0.0,0.0,3500.0,133.74,dom_pedro_de_alcantara
04/2026,4,SUL,S,43,RIO GRANDE DO SUL,RS,430670,DONA FRANCISCA,3.0,2025,DOU,3133.0,1.0,0.0,0.0,0.0,0.0,0.0,0.0,0.0,0.0,0.0,0.0,0.0,3500.0,111.71,dona_francisca
04/2026,4,SUL,S,43,RIO GRANDE DO SUL,RS,430673,DOUTOR MAURICIO CARDOSO,3.0,2025,DOU,4534.0,3.0,0.0,0.0,0.0,0.0,0.0,0.0,0.0,0.0,0.0,0.0,0.0,10500.0,231.58,doutor_mauricio_cardoso
04/2026,4,SUL,S,43,RIO GRANDE DO SUL,RS,430675,DOUTOR RICARDO,3.0,2025,DOU,1924.0,1.0,0.0,0.0,0.0,0.0,0.0,0.0,0.0,0.0,0.0,0.0,0.0,3500.0,181.91,doutor_ricardo
04/2026,4,SUL,S,43,RIO GRANDE DO SUL,RS,430676,ELDORADO DO SUL,1.0,2025,DOU,41012.0,14.0,0.0,0.0,0.0,0.0,0.0,0.0,0.0,0.0,0.0,0.0,0.0,49000.0,119.47,eldorado_do_sul
04/2026,4,SUL,S,43,RIO GRANDE DO SUL,RS,430680,ENCANTADO,1.0,2025,DOU,23520.0,7.0,0.0,0.0,0.0,0.0,0.0,0.0,1.0,1.0,0.0,0.0,1.0,24501.0,104.17,encantado
04/2026,4,SUL,S,43,RIO GRANDE DO SUL,RS,430690,ENCRUZILHADA DO SUL,2.0,2025,DOU,24275.0,4.0,1.0,0.0,0.0,0.0,0.0,0.0,0.0,0.0,0.0,0.0,0.0,16625.0,68.48,encruzilhada_do_sul
04/2026,4,SUL,S,43,RIO GRANDE DO SUL,RS,430692,ENGENHO VELHO,3.0,2025,DOU,1315.0,1.0,0.0,0.0,0.0,0.0,0.0,0.0,0.0,0.0,0.0,0.0,0.0,3500.0,266.15,engenho_velho
04/2026,4,SUL,S,43,RIO GRANDE DO SUL,RS,430695,ENTRE RIOS DO SUL,3.0,2025,DOU,2727.0,1.0,0.0,0.0,0.0,0.0,0.0,0.0,0.0,0.0,0.0,0.0,0.0,3500.0,128.34,entre_rios_do_sul
04/2026,4,SUL,S,43,RIO GRANDE DO SUL,RS,430693,ENTRE-IJUIS,1.0,2025,DOU,9367.0,3.0,0.0,0.0,0.0,0.0,0.0,0.0,0.0,0.0,0.0,0.0,0.0,10500.0,112.09,entre_ijuis
04/2026,4,SUL,S,43,RIO GRANDE DO SUL,RS,430697,EREBANGO,3.0,2025,DOU,3122.0,1.0,0.0,0.0,0.0,0.0,0.0,0.0,0.0,0.0,0.0,0.0,0.0,3500.0,112.1,erebango
04/2026,4,SUL,S,43,RIO GRANDE DO SUL,RS,430700,ERECHIM,1.0,2025,DOU,109609.0,30.0,0.0,10.0,0.0,0.0,0.0,0.0,0.0,0.0,1.0,874.0,874.0,123374.0,112.55,erechim
04/2026,4,SUL,S,43,RIO GRANDE DO SUL,RS,430705,ERNESTINA,3.0,2025,DOU,3097.0,1.0,0.0,0.0,0.0,0.0,0.0,0.0,0.0,0.0,0.0,0.0,0.0,3500.0,113.01,ernestina
04/2026,4,SUL,S,43,RIO GRANDE DO SUL,RS,430720,ERVAL GRANDE,3.0,2025,DOU,5027.0,3.0,0.0,0.0,0.0,0.0,0.0,0.0,0.0,0.0,0.0,0.0,0.0,10500.0,208.87,erval_grande
04/2026,4,SUL,S,43,RIO GRANDE DO SUL,RS,430730,ERVAL SECO,3.0,2025,DOU,6892.0,3.0,1.0,0.0,0.0,0.0,0.0,0.0,0.0,0.0,0.0,0.0,0.0,13125.0,190.43,erval_seco
04/2026,4,SUL,S,43,RIO GRANDE DO SUL,RS,430740,ESMERALDA,3.0,2025,DOU,3264.0,1.0,0.0,0.0,0.0,0.0,0.0,0.0,0.0,0.0,0.0,0.0,0.0,3500.0,107.23,esmeralda
04/2026,4,SUL,S,43,RIO GRANDE DO SUL,RS,430745,ESPERANCA DO SUL,3.0,2025,DOU,3293.0,2.0,0.0,0.0,0.0,0.0,0.0,0.0,0.0,0.0,0.0,0.0,0.0,7000.0,212.57,esperanca_do_sul
04/2026,4,SUL,S,43,RIO GRANDE DO SUL,RS,430750,ESPUMOSO,2.0,2025,DOU,15478.0,4.0,0.0,2.0,0.0,0.0,0.0,0.0,0.0,0.0,0.0,0.0,0.0,17500.0,113.06,espumoso
04/2026,4,SUL,S,43,RIO GRANDE DO SUL,RS,430755,ESTACAO,1.0,2025,DOU,5685.0,3.0,0.0,0.0,0.0,0.0,0.0,0.0,0.0,0.0,0.0,0.0,0.0,10500.0,184.69,estacao
04/2026,4,SUL,S,43,RIO GRANDE DO SUL,RS,430760,ESTANCIA VELHA,1.0,2025,DOU,49499.0,11.0,0.0,0.0,0.0,0.0,0.0,0.0,0.0,0.0,0.0,0.0,0.0,38500.0,77.77,estancia_velha
04/2026,4,SUL,S,43,RIO GRANDE DO SUL,RS,430770,ESTEIO,1.0,2025,DOU,78144.0,15.0,5.0,3.0,0.0,0.0,0.0,0.0,0.0,0.0,0.0,0.0,0.0,70875.0,90.69,esteio
04/2026,4,SUL,S,43,RIO GRANDE DO SUL,RS,430780,ESTRELA,1.0,2025,DOU,33263.0,5.0,2.0,2.0,0.0,0.0,0.0,0.0,0.0,0.0,0.0,0.0,0.0,26250.0,78.91,estrela
04/2026,4,SUL,S,43,RIO GRANDE DO SUL,RS,430781,ESTRELA VELHA,3.0,2025,DOU,3115.0,2.0,0.0,0.0,0.0,0.0,0.0,0.0,0.0,0.0,0.0,0.0,0.0,7000.0,224.71,estrela_velha
04/2026,4,SUL,S,43,RIO GRANDE DO SUL,RS,430783,EUGENIO DE CASTRO,3.0,2025,DOU,2683.0,1.0,0.0,0.0,0.0,0.0,0.0,0.0,0.0,0.0,0.0,0.0,0.0,3500.0,130.45,eugenio_de_castro
04/2026,4,SUL,S,43,RIO GRANDE DO SUL,RS,430786,FAGUNDES VARELA,3.0,2025,DOU,2620.0,1.0,0.0,0.0,0.0,0.0,0.0,0.0,0.0,0.0,0.0,0.0,0.0,3500.0,133.58,fagundes_varela
04/2026,4,SUL,S,43,RIO GRANDE DO SUL,RS,430790,FARROUPILHA,1.0,2025,DOU,72552.0,10.0,0.0,5.0,0.0,0.0,0.0,0.0,0.0,0.0,0.0,0.0,0.0,43750.0,60.3,farroupilha
04/2026,4,SUL,S,43,RIO GRANDE DO SUL,RS,430800,FAXINAL DO SOTURNO,3.0,2025,DOU,6846.0,3.0,0.0,0.0,0.0,0.0,0.0,0.0,0.0,0.0,0.0,0.0,0.0,10500.0,153.37,faxinal_do_soturno
04/2026,4,SUL,S,43,RIO GRANDE DO SUL,RS,430805,FAXINALZINHO,3.0,2025,DOU,2572.0,1.0,0.0,0.0,0.0,0.0,0.0,0.0,0.0,0.0,0.0,0.0,0.0,3500.0,136.08,faxinalzinho
04/2026,4,SUL,S,43,RIO GRANDE DO SUL,RS,430807,FAZENDA VILANOVA,1.0,2025,DOU,4405.0,2.0,0.0,0.0,0.0,0.0,0.0,0.0,0.0,0.0,0.0,0.0,0.0,7000.0,158.91,fazenda_vilanova
04/2026,4,SUL,S,43,RIO GRANDE DO SUL,RS,430810,FELIZ,3.0,2025,DOU,13994.0,7.0,0.0,0.0,0.0,0.0,0.0,0.0,0.0,0.0,0.0,0.0,0.0,24500.0,175.07,feliz
04/2026,4,SUL,S,43,RIO GRANDE DO SUL,RS,430820,FLORES DA CUNHA,2.0,2025,DOU,32015.0,5.0,3.0,5.0,0.0,0.0,0.0,0.0,0.0,0.0,0.0,0.0,0.0,34125.0,106.59,flores_da_cunha
04/2026,4,SUL,S,43,RIO GRANDE DO SUL,RS,430825,FLORIANO PEIXOTO,3.0,2025,DOU,1690.0,1.0,0.0,0.0,0.0,0.0,0.0,0.0,0.0,0.0,0.0,0.0,0.0,3500.0,207.1,floriano_peixoto
04/2026,4,SUL,S,43,RIO GRANDE DO SUL,RS,430830,FONTOURA XAVIER,3.0,2025,DOU,9710.0,5.0,0.0,0.0,0.0,0.0,0.0,0.0,0.0,0.0,0.0,0.0,0.0,17500.0,180.22,fontoura_xavier
04/2026,4,SUL,S,43,RIO GRANDE DO SUL,RS,430840,FORMIGUEIRO,3.0,2025,DOU,6527.0,3.0,0.0,0.0,0.0,0.0,0.0,0.0,0.0,0.0,0.0,0.0,0.0,10500.0,160.87,formigueiro
04/2026,4,SUL,S,43,RIO GRANDE DO SUL,RS,430843,FORQUETINHA,1.0,2025,DOU,2441.0,1.0,0.0,0.0,0.0,0.0,0.0,0.0,0.0,0.0,0.0,0.0,0.0,3500.0,143.38,forquetinha
04/2026,4,SUL,S,43,RIO GRANDE DO SUL,RS,430845,FORTALEZA DOS VALOS,3.0,2025,DOU,4569.0,2.0,0.0,0.0,0.0,0.0,0.0,0.0,0.0,0.0,0.0,0.0,0.0,7000.0,153.2,fortaleza_dos_valos
04/2026,4,SUL,S,43,RIO GRANDE DO SUL,RS,430850,FREDERICO WESTPHALEN,1.0,2025,DOU,33726.0,7.0,3.0,0.0,0.0,0.0,0.0,0.0,1.0,263.0,0.0,0.0,263.0,32638.0,96.77,frederico_westphalen
04/2026,4,SUL,S,43,RIO GRANDE DO SUL,RS,430860,GARIBALDI,1.0,2025,DOU,35563.0,3.0,3.0,0.0,0.0,0.0,0.0,0.0,0.0,0.0,0.0,0.0,0.0,18375.0,51.66,garibaldi
04/2026,4,SUL,S,43,RIO GRANDE DO SUL,RS,430865,GARRUCHOS,5.0,2025,DOU,2724.0,2.0,0.0,0.0,0.0,0.0,0.0,0.0,0.0,0.0,0.0,0.0,0.0,7000.0,256.97,garruchos
04/2026,4,SUL,S,43,RIO GRANDE DO SUL,RS,430870,GAURAMA,3.0,2025,DOU,5779.0,3.0,0.0,0.0,0.0,0.0,0.0,0.0,0.0,0.0,0.0,0.0,0.0,10500.0,181.69,gaurama
04/2026,4,SUL,S,43,RIO GRANDE DO SUL,RS,430880,GENERAL CAMARA,3.0,2025,DOU,7743.0,3.0,0.0,0.0,0.0,0.0,0.0,0.0,0.0,0.0,0.0,0.0,0.0,10500.0,135.6,general_camara
04/2026,4,SUL,S,43,RIO GRANDE DO SUL,RS,430885,GENTIL,3.0,2025,DOU,1784.0,1.0,0.0,0.0,0.0,0.0,0.0,0.0,0.0,0.0,0.0,0.0,0.0,3500.0,196.18,gentil
04/2026,4,SUL,S,43,RIO GRANDE DO SUL,RS,430890,GETULIO VARGAS,1.0,2025,DOU,16955.0,7.0,0.0,0.0,0.0,0.0,0.0,0.0,0.0,0.0,0.0,0.0,0.0,24500.0,144.5,getulio_vargas
04/2026,4,SUL,S,43,RIO GRANDE DO SUL,RS,430900,GIRUA,2.0,2025,DOU,16273.0,6.0,0.0,0.0,0.0,0.0,0.0,0.0,0.0,0.0,0.0,0.0,0.0,21000.0,129.04,girua
04/2026,4,SUL,S,43,RIO GRANDE DO SUL,RS,430905,GLORINHA,1.0,2025,DOU,7851.0,2.0,0.0,0.0,0.0,0.0,0.0,0.0,0.0,0.0,0.0,0.0,0.0,7000.0,89.16,glorinha
04/2026,4,SUL,S,43,RIO GRANDE DO SUL,RS,430910,GRAMADO,1.0,2025,DOU,41705.0,6.0,7.0,2.0,0.0,0.0,0.0,0.0,0.0,0.0,0.0,0.0,0.0,42875.0,102.8,gramado
04/2026,4,SUL,S,43,RIO GRANDE DO SUL,RS,430912,GRAMADO DOS LOUREIROS,3.0,2025,DOU,2047.0,1.0,0.0,0.0,0.0,0.0,0.0,0.0,0.0,0.0,0.0,0.0,0.0,3500.0,170.98,gramado_dos_loureiros
04/2026,4,SUL,S,43,RIO GRANDE DO SUL,RS,430915,GRAMADO XAVIER,3.0,2025,DOU,3350.0,1.0,2.0,0.0,0.0,0.0,0.0,0.0,0.0,0.0,0.0,0.0,0.0,8750.0,261.19,gramado_xavier
04/2026,4,SUL,S,43,RIO GRANDE DO SUL,RS,430920,GRAVATAI,1.0,2025,DOU,275430.0,58.0,6.0,17.0,0.0,0.0,0.0,0.0,0.0,0.0,0.0,0.0,0.0,248500.0,90.22,gravatai
04/2026,4,SUL,S,43,RIO GRANDE DO SUL,RS,430925,GUABIJU,3.0,2025,DOU,1441.0,1.0,0.0,0.0,0.0,0.0,0.0,0.0,0.0,0.0,0.0,0.0,0.0,3500.0,242.88,guabiju
04/2026,4,SUL,S,43,RIO GRANDE DO SUL,RS,430930,GUAIBA,1.0,2025,DOU,95946.0,11.0,16.0,0.0,0.0,0.0,0.0,0.0,1.0,723.0,0.0,0.0,723.0,81223.0,84.65,guaiba
04/2026,4,SUL,S,43,RIO GRANDE DO SUL,RS,430940,GUAPORE,1.0,2025,DOU,26168.0,7.0,0.0,0.0,0.0,0.0,0.0,0.0,0.0,0.0,1.0,353.0,353.0,24853.0,94.97,guapore
04/2026,4,SUL,S,43,RIO GRANDE DO SUL,RS,430950,GUARANI DAS MISSOES,3.0,2025,DOU,7547.0,3.0,0.0,0.0,0.0,0.0,0.0,0.0,0.0,0.0,0.0,0.0,0.0,10500.0,139.12,guarani_das_missoes
04/2026,4,SUL,S,43,RIO GRANDE DO SUL,RS,430955,HARMONIA,3.0,2025,DOU,5535.0,2.0,0.0,0.0,0.0,0.0,0.0,0.0,0.0,0.0,0.0,0.0,0.0,7000.0,126.46,harmonia
04/2026,4,SUL,S,43,RIO GRANDE DO SUL,RS,430710,HERVAL,3.0,2025,DOU,6302.0,3.0,0.0,0.0,0.0,0.0,0.0,0.0,0.0,0.0,0.0,0.0,0.0,10500.0,166.61,herval
04/2026,4,SUL,S,43,RIO GRANDE DO SUL,RS,430957,HERVEIRAS,3.0,2025,DOU,2604.0,1.0,0.0,0.0,0.0,0.0,0.0,0.0,0.0,0.0,0.0,0.0,0.0,3500.0,134.4,herveiras
04/2026,4,SUL,S,43,RIO GRANDE DO SUL,RS,430960,HORIZONTINA,1.0,2025,DOU,19252.0,6.0,0.0,0.0,0.0,0.0,0.0,0.0,0.0,0.0,0.0,0.0,0.0,21000.0,109.07,horizontina
04/2026,4,SUL,S,43,RIO GRANDE DO SUL,RS,430965,HULHA NEGRA,1.0,2025,DOU,6102.0,2.0,1.0,0.0,0.0,0.0,0.0,0.0,0.0,0.0,0.0,0.0,0.0,9625.0,157.73,hulha_negra
04/2026,4,SUL,S,43,RIO GRANDE DO SUL,RS,430970,HUMAITA,3.0,2025,DOU,4772.0,2.0,0.0,0.0,0.0,0.0,0.0,0.0,0.0,0.0,0.0,0.0,0.0,7000.0,146.68,humaita
04/2026,4,SUL,S,43,RIO GRANDE DO SUL,RS,430975,IBARAMA,3.0,2025,DOU,3787.0,2.0,0.0,0.0,0.0,0.0,0.0,0.0,0.0,0.0,0.0,0.0,0.0,7000.0,184.84,ibarama
04/2026,4,SUL,S,43,RIO GRANDE DO SUL,RS,430980,IBIACA,3.0,2025,DOU,4617.0,1.0,0.0,0.0,0.0,0.0,0.0,0.0,0.0,0.0,0.0,0.0,0.0,3500.0,75.8,ibiaca
04/2026,4,SUL,S,43,RIO GRANDE DO SUL,RS,430990,IBIRAIARAS,3.0,2025,DOU,6827.0,3.0,0.0,0.0,0.0,0.0,0.0,0.0,0.0,0.0,0.0,0.0,0.0,10500.0,153.8,ibiraiaras
04/2026,4,SUL,S,43,RIO GRANDE DO SUL,RS,430995,IBIRAPUITA,3.0,2025,DOU,3789.0,2.0,0.0,0.0,0.0,0.0,0.0,0.0,0.0,0.0,0.0,0.0,0.0,7000.0,184.74,ibirapuita
04/2026,4,SUL,S,43,RIO GRANDE DO SUL,RS,431000,IBIRUBA,2.0,2025,DOU,22106.0,6.0,0.0,0.0,0.0,0.0,0.0,0.0,0.0,0.0,0.0,0.0,0.0,21000.0,94.99,ibiruba
04/2026,4,SUL,S,43,RIO GRANDE DO SUL,RS,431010,IGREJINHA,1.0,2025,DOU,34776.0,11.0,2.0,0.0,0.0,0.0,0.0,0.0,0.0,0.0,0.0,0.0,0.0,43750.0,125.8,igrejinha
04/2026,4,SUL,S,43,RIO GRANDE DO SUL,RS,431020,IJUI,1.0,2025,DOU,87848.0,19.0,4.0,0.0,0.0,0.0,0.0,0.0,1.0,916.0,0.0,0.0,916.0,77916.0,88.69,ijui
04/2026,4,SUL,S,43,RIO GRANDE DO SUL,RS,431030,ILOPOLIS,3.0,2025,DOU,4245.0,2.0,0.0,0.0,0.0,0.0,0.0,0.0,0.0,0.0,0.0,0.0,0.0,7000.0,164.89,ilopolis
04/2026,4,SUL,S,43,RIO GRANDE DO SUL,RS,431033,IMBE,1.0,2025,DOU,28027.0,7.0,0.0,6.0,0.0,0.0,0.0,0.0,0.0,0.0,0.0,0.0,0.0,35000.0,124.87,imbe
04/2026,4,SUL,S,43,RIO GRANDE DO SUL,RS,431036,IMIGRANTE,3.0,2025,DOU,3149.0,1.0,0.0,1.0,0.0,0.0,0.0,0.0,0.0,0.0,0.0,0.0,0.0,5250.0,166.71,imigrante
04/2026,4,SUL,S,43,RIO GRANDE DO SUL,RS,431040,INDEPENDENCIA,3.0,2025,DOU,6557.0,2.0,0.0,0.0,0.0,0.0,0.0,0.0,0.0,0.0,0.0,0.0,0.0,7000.0,106.75,independencia
04/2026,4,SUL,S,43,RIO GRANDE DO SUL,RS,431041,INHACORA,3.0,2025,DOU,2047.0,1.0,0.0,0.0,0.0,0.0,0.0,0.0,0.0,0.0,0.0,0.0,0.0,3500.0,170.98,inhacora
04/2026,4,SUL,S,43,RIO GRANDE DO SUL,RS,431043,IPE,3.0,2025,DOU,5490.0,3.0,0.0,0.0,0.0,0.0,0.0,0.0,0.0,0.0,0.0,0.0,0.0,10500.0,191.25,ipe
04/2026,4,SUL,S,43,RIO GRANDE DO SUL,RS,431046,IPIRANGA DO SUL,3.0,2025,DOU,1748.0,1.0,0.0,0.0,0.0,0.0,0.0,0.0,0.0,0.0,0.0,0.0,0.0,3500.0,200.22,ipiranga_do_sul
04/2026,4,SUL,S,43,RIO GRANDE DO SUL,RS,431050,IRAI,3.0,2025,DOU,7619.0,3.0,0.0,0.0,0.0,0.0,0.0,0.0,1.0,100.0,0.0,0.0,100.0,10600.0,139.12,irai
04/2026,4,SUL,S,43,RIO GRANDE DO SUL,RS,431053,ITAARA,1.0,2025,DOU,5712.0,2.0,0.0,0.0,0.0,0.0,0.0,0.0,0.0,0.0,0.0,0.0,0.0,7000.0,122.54,itaara
04/2026,4,SUL,S,43,RIO GRANDE DO SUL,RS,431055,ITACURUBI,3.0,2025,DOU,3038.0,2.0,0.0,0.0,0.0,0.0,0.0,0.0,0.0,0.0,0.0,0.0,0.0,7000.0,230.41,itacurubi
04/2026,4,SUL,S,43,RIO GRANDE DO SUL,RS,431057,ITAPUCA,3.0,2025,DOU,1963.0,1.0,0.0,0.0,0.0,0.0,0.0,0.0,0.0,0.0,0.0,0.0,0.0,3500.0,178.29,itapuca
04/2026,4,SUL,S,43,RIO GRANDE DO SUL,RS,431060,ITAQUI,1.0,2025,DOU,36811.0,9.0,1.0,0.0,0.0,0.0,0.0,0.0,0.0,0.0,0.0,0.0,0.0,34125.0,92.7,itaqui
04/2026,4,SUL,S,43,RIO GRANDE DO SUL,RS,431065,ITATI,3.0,2025,DOU,2696.0,1.0,0.0,0.0,0.0,0.0,0.0,0.0,0.0,0.0,0.0,0.0,0.0,3500.0,129.82,itati
04/2026,4,SUL,S,43,RIO GRANDE DO SUL,RS,431070,ITATIBA DO SUL,3.0,2025,DOU,3240.0,2.0,0.0,0.0,0.0,0.0,0.0,0.0,0.0,0.0,0.0,0.0,0.0,7000.0,216.04,itatiba_do_sul
04/2026,4,SUL,S,43,RIO GRANDE DO SUL,RS,431075,IVORA,3.0,2025,DOU,1962.0,1.0,0.0,0.0,0.0,0.0,0.0,0.0,0.0,0.0,0.0,0.0,0.0,3500.0,178.38,ivora
04/2026,4,SUL,S,43,RIO GRANDE DO SUL,RS,431080,IVOTI,1.0,2025,DOU,23566.0,1.0,4.0,1.0,0.0,0.0,0.0,0.0,0.0,0.0,0.0,0.0,0.0,15750.0,66.83,ivoti
04/2026,4,SUL,S,43,RIO GRANDE DO SUL,RS,431085,JABOTICABA,3.0,2025,DOU,3847.0,2.0,0.0,0.0,0.0,0.0,0.0,0.0,0.0,0.0,0.0,0.0,0.0,7000.0,181.95,jaboticaba
04/2026,4,SUL,S,43,RIO GRANDE DO SUL,RS,431087,JACUIZINHO,3.0,2025,DOU,2066.0,1.0,0.0,0.0,0.0,0.0,0.0,0.0,0.0,0.0,0.0,0.0,0.0,3500.0,169.4,jacuizinho
04/2026,4,SUL,S,43,RIO GRANDE DO SUL,RS,431090,JACUTINGA,3.0,2025,DOU,3398.0,2.0,0.0,0.0,0.0,0.0,0.0,0.0,0.0,0.0,0.0,0.0,0.0,7000.0,206.0,jacutinga
04/2026,4,SUL,S,43,RIO GRANDE DO SUL,RS,431100,JAGUARAO,1.0,2025,DOU,27396.0,8.0,0.0,0.0,0.0,0.0,0.0,0.0,1.0,20.0,0.0,0.0,20.0,28020.0,102.27,jaguarao
04/2026,4,SUL,S,43,RIO GRANDE DO SUL,RS,431110,JAGUARI,3.0,2025,DOU,10771.0,4.0,0.0,1.0,0.0,0.0,0.0,0.0,0.0,0.0,0.0,0.0,0.0,15750.0,146.22,jaguari
04/2026,4,SUL,S,43,RIO GRANDE DO SUL,RS,431112,JAQUIRANA,3.0,2025,DOU,3751.0,2.0,0.0,0.0,0.0,0.0,0.0,0.0,0.0,0.0,0.0,0.0,0.0,7000.0,186.61,jaquirana
04/2026,4,SUL,S,43,RIO GRANDE DO SUL,RS,431113,JARI,3.0,2025,DOU,3412.0,1.0,0.0,0.0,0.0,0.0,0.0,0.0,0.0,0.0,0.0,0.0,0.0,3500.0,102.57,jari
04/2026,4,SUL,S,43,RIO GRANDE DO SUL,RS,431115,JOIA,3.0,2025,DOU,7294.0,3.0,0.0,0.0,0.0,0.0,0.0,0.0,0.0,0.0,0.0,0.0,0.0,10500.0,143.95,joia
04/2026,4,SUL,S,43,RIO GRANDE DO SUL,RS,431120,JULIO DE CASTILHOS,1.0,2025,DOU,18545.0,6.0,0.0,1.0,0.0,0.0,0.0,0.0,1.0,111.0,0.0,0.0,111.0,22861.0,123.27,julio_de_castilhos
04/2026,4,SUL,S,43,RIO GRANDE DO SUL,RS,431123,LAGOA BONITA DO SUL,3.0,2025,DOU,2283.0,1.0,0.0,0.0,0.0,0.0,0.0,0.0,0.0,0.0,0.0,0.0,0.0,3500.0,153.3,lagoa_bonita_do_sul
04/2026,4,SUL,S,43,RIO GRANDE DO SUL,RS,431127,LAGOA DOS TRES CANTOS,3.0,2025,DOU,1781.0,1.0,0.0,0.0,0.0,0.0,0.0,0.0,0.0,0.0,0.0,0.0,0.0,3500.0,196.51,lagoa_dos_tres_cantos
04/2026,4,SUL,S,43,RIO GRANDE DO SUL,RS,431130,LAGOA VERMELHA,1.0,2025,DOU,28622.0,8.0,2.0,0.0,0.0,0.0,0.0,0.0,1.0,499.0,0.0,0.0,499.0,33749.0,117.91,lagoa_vermelha
04/2026,4,SUL,S,43,RIO GRANDE DO SUL,RS,431125,LAGOAO,3.0,2025,DOU,5421.0,2.0,0.0,0.0,0.0,0.0,0.0,0.0,0.0,0.0,0.0,0.0,0.0,7000.0,129.12,lagoao
04/2026,4,SUL,S,43,RIO GRANDE DO SUL,RS,431140,LAJEADO,1.0,2025,DOU,96879.0,22.0,0.0,0.0,0.0,0.0,0.0,0.0,1.0,1347.0,0.0,0.0,1347.0,78347.0,80.87,lajeado
04/2026,4,SUL,S,43,RIO GRANDE DO SUL,RS,431142,LAJEADO DO BUGRE,3.0,2025,DOU,2661.0,1.0,0.0,0.0,0.0,0.0,0.0,0.0,0.0,0.0,0.0,0.0,0.0,3500.0,131.52,lajeado_do_bugre
04/2026,4,SUL,S,43,RIO GRANDE DO SUL,RS,431150,LAVRAS DO SUL,2.0,2025,DOU,7290.0,4.0,0.0,0.0,0.0,0.0,0.0,0.0,1.0,24.0,0.0,0.0,24.0,14024.0,192.37,lavras_do_sul
04/2026,4,SUL,S,43,RIO GRANDE DO SUL,RS,431160,LIBERATO SALZANO,3.0,2025,DOU,4845.0,2.0,0.0,0.0,0.0,0.0,0.0,0.0,0.0,0.0,0.0,0.0,0.0,7000.0,144.47,liberato_salzano
04/2026,4,SUL,S,43,RIO GRANDE DO SUL,RS,431162,LINDOLFO COLLOR,1.0,2025,DOU,6420.0,2.0,0.0,0.0,0.0,0.0,0.0,0.0,0.0,0.0,0.0,0.0,0.0,7000.0,109.03,lindolfo_collor
04/2026,4,SUL,S,43,RIO GRANDE DO SUL,RS,431164,LINHA NOVA,3.0,2025,DOU,1721.0,1.0,0.0,0.0,0.0,0.0,0.0,0.0,0.0,0.0,0.0,0.0,0.0,3500.0,203.37,linha_nova
04/2026,4,SUL,S,43,RIO GRANDE DO SUL,RS,431171,MACAMBARA,5.0,2025,DOU,4485.0,2.0,1.0,0.0,0.0,0.0,0.0,0.0,0.0,0.0,0.0,0.0,0.0,9625.0,214.6,macambara
04/2026,4,SUL,S,43,RIO GRANDE DO SUL,RS,431170,MACHADINHO,3.0,2025,DOU,5867.0,2.0,0.0,0.0,0.0,0.0,0.0,0.0,0.0,0.0,0.0,0.0,0.0,7000.0,119.31,machadinho
04/2026,4,SUL,S,43,RIO GRANDE DO SUL,RS,431173,MAMPITUBA,3.0,2025,DOU,3203.0,1.0,0.0,0.0,0.0,0.0,0.0,0.0,0.0,0.0,0.0,0.0,0.0,3500.0,109.27,mampituba
04/2026,4,SUL,S,43,RIO GRANDE DO SUL,RS,431175,MANOEL VIANA,2.0,2025,DOU,6915.0,2.0,2.0,1.0,0.0,0.0,0.0,0.0,0.0,0.0,0.0,0.0,0.0,14000.0,202.45,manoel_viana
04/2026,4,SUL,S,43,RIO GRANDE DO SUL,RS,431177,MAQUINE,3.0,2025,DOU,7593.0,4.0,0.0,0.0,0.0,0.0,0.0,0.0,0.0,0.0,0.0,0.0,0.0,14000.0,184.38,maquine
04/2026,4,SUL,S,43,RIO GRANDE DO SUL,RS,431179,MARATA,3.0,2025,DOU,2521.0,1.0,0.0,0.0,0.0,0.0,0.0,0.0,0.0,0.0,0.0,0.0,0.0,3500.0,138.83,marata
04/2026,4,SUL,S,43,RIO GRANDE DO SUL,RS,431180,MARAU,1.0,2025,DOU,46748.0,12.0,0.0,0.0,0.0,0.0,0.0,0.0,0.0,0.0,0.0,0.0,0.0,42000.0,89.84,marau
04/2026,4,SUL,S,43,RIO GRANDE DO SUL,RS,431190,MARCELINO RAMOS,3.0,2025,DOU,4382.0,2.0,0.0,0.0,0.0,0.0,0.0,0.0,0.0,0.0,0.0,0.0,0.0,7000.0,159.74,marcelino_ramos
04/2026,4,SUL,S,43,RIO GRANDE DO SUL,RS,431198,MARIANA PIMENTEL,3.0,2025,DOU,4005.0,1.0,1.0,1.0,0.0,0.0,0.0,0.0,0.0,0.0,0.0,0.0,0.0,7875.0,196.62,mariana_pimentel
04/2026,4,SUL,S,43,RIO GRANDE DO SUL,RS,431200,MARIANO MORO,3.0,2025,DOU,1884.0,1.0,0.0,0.0,0.0,0.0,0.0,0.0,0.0,0.0,0.0,0.0,0.0,3500.0,185.77,mariano_moro
04/2026,4,SUL,S,43,RIO GRANDE DO SUL,RS,431205,MARQUES DE SOUZA,3.0,2025,DOU,4050.0,2.0,0.0,0.0,0.0,0.0,0.0,0.0,0.0,0.0,0.0,0.0,0.0,7000.0,172.83,marques_de_souza
04/2026,4,SUL,S,43,RIO GRANDE DO SUL,RS,431210,MATA,3.0,2025,DOU,4782.0,2.0,0.0,0.0,0.0,0.0,0.0,0.0,0.0,0.0,0.0,0.0,0.0,7000.0,146.38,mata
04/2026,4,SUL,S,43,RIO GRANDE DO SUL,RS,431213,MATO CASTELHANO,3.0,2025,DOU,2611.0,1.0,0.0,0.0,0.0,0.0,0.0,0.0,0.0,0.0,0.0,0.0,0.0,3500.0,134.04,mato_castelhano
04/2026,4,SUL,S,43,RIO GRANDE DO SUL,RS,431215,MATO LEITAO,3.0,2025,DOU,5001.0,2.0,0.0,0.0,0.0,0.0,0.0,0.0,0.0,0.0,0.0,0.0,0.0,7000.0,139.97,mato_leitao
04/2026,4,SUL,S,43,RIO GRANDE DO SUL,RS,431217,MATO QUEIMADO,3.0,2025,DOU,1833.0,1.0,0.0,0.0,0.0,0.0,0.0,0.0,0.0,0.0,0.0,0.0,0.0,3500.0,190.94,mato_queimado
04/2026,4,SUL,S,43,RIO GRANDE DO SUL,RS,431220,MAXIMILIANO DE ALMEIDA,3.0,2025,DOU,4251.0,2.0,0.0,0.0,0.0,0.0,0.0,0.0,0.0,0.0,0.0,0.0,0.0,7000.0,164.66,maximiliano_de_almeida
04/2026,4,SUL,S,43,RIO GRANDE DO SUL,RS,431225,MINAS DO LEAO,3.0,2025,DOU,7661.0,3.0,0.0,0.0,0.0,0.0,0.0,0.0,0.0,0.0,0.0,0.0,0.0,10500.0,137.05,minas_do_leao
04/2026,4,SUL,S,43,RIO GRANDE DO SUL,RS,431230,MIRAGUAI,3.0,2025,DOU,4501.0,2.0,0.0,0.0,0.0,0.0,0.0,0.0,0.0,0.0,0.0,0.0,0.0,7000.0,155.52,miraguai
04/2026,4,SUL,S,43,RIO GRANDE DO SUL,RS,431235,MONTAURI,3.0,2025,DOU,1530.0,1.0,0.0,0.0,0.0,0.0,0.0,0.0,0.0,0.0,0.0,0.0,0.0,3500.0,228.75,montauri
04/2026,4,SUL,S,43,RIO GRANDE DO SUL,RS,431237,MONTE ALEGRE DOS CAMPOS,3.0,2025,DOU,3251.0,2.0,0.0,0.0,0.0,0.0,0.0,0.0,0.0,0.0,0.0,0.0,0.0,7000.0,215.31,monte_alegre_dos_campos
04/2026,4,SUL,S,43,RIO GRANDE DO SUL,RS,431238,MONTE BELO DO SUL,1.0,2025,DOU,2608.0,1.0,0.0,0.0,0.0,0.0,0.0,0.0,0.0,0.0,0.0,0.0,0.0,3500.0,134.2,monte_belo_do_sul
04/2026,4,SUL,S,43,RIO GRANDE DO SUL,RS,431240,MONTENEGRO,1.0,2025,DOU,66352.0,12.0,3.0,10.0,0.0,0.0,0.0,0.0,4.0,1754.0,0.0,0.0,1754.0,69129.0,104.18,montenegro
04/2026,4,SUL,S,43,RIO GRANDE DO SUL,RS,431242,MORMACO,3.0,2025,DOU,2815.0,1.0,0.0,0.0,0.0,0.0,0.0,0.0,0.0,0.0,0.0,0.0,0.0,3500.0,124.33,mormaco
04/2026,4,SUL,S,43,RIO GRANDE DO SUL,RS,431244,MORRINHOS DO SUL,3.0,2025,DOU,3133.0,1.0,0.0,0.0,0.0,0.0,0.0,0.0,0.0,0.0,0.0,0.0,0.0,3500.0,111.71,morrinhos_do_sul
04/2026,4,SUL,S,43,RIO GRANDE DO SUL,RS,431245,MORRO REDONDO,3.0,2025,DOU,6168.0,3.0,0.0,0.0,0.0,0.0,0.0,0.0,0.0,0.0,0.0,0.0,0.0,10500.0,170.23,morro_redondo
04/2026,4,SUL,S,43,RIO GRANDE DO SUL,RS,431247,MORRO REUTER,1.0,2025,DOU,6167.0,2.0,0.0,0.0,0.0,0.0,0.0,0.0,0.0,0.0,0.0,0.0,0.0,7000.0,113.5,morro_reuter
04/2026,4,SUL,S,43,RIO GRANDE DO SUL,RS,431250,MOSTARDAS,3.0,2025,DOU,12347.0,3.0,1.0,0.0,0.0,0.0,0.0,0.0,0.0,0.0,0.0,0.0,0.0,13125.0,106.3,mostardas
04/2026,4,SUL,S,43,RIO GRANDE DO SUL,RS,431260,MUCUM,3.0,2025,DOU,4692.0,2.0,0.0,0.0,0.0,0.0,0.0,0.0,0.0,0.0,0.0,0.0,0.0,7000.0,149.19,mucum
04/2026,4,SUL,S,43,RIO GRANDE DO SUL,RS,431261,MUITOS CAPOES,3.0,2025,DOU,2937.0,1.0,0.0,0.0,0.0,0.0,0.0,0.0,0.0,0.0,0.0,0.0,0.0,3500.0,119.16,muitos_capoes
04/2026,4,SUL,S,43,RIO GRANDE DO SUL,RS,431262,MULITERNO,3.0,2025,DOU,1754.0,1.0,0.0,0.0,0.0,0.0,0.0,0.0,0.0,0.0,0.0,0.0,0.0,3500.0,199.54,muliterno
04/2026,4,SUL,S,43,RIO GRANDE DO SUL,RS,431265,NAO-ME-TOQUE,1.0,2025,DOU,18335.0,5.0,1.0,1.0,0.0,0.0,0.0,0.0,0.0,0.0,0.0,0.0,0.0,21875.0,119.3,nao_me_toque
04/2026,4,SUL,S,43,RIO GRANDE DO SUL,RS,431267,NICOLAU VERGUEIRO,3.0,2025,DOU,1982.0,1.0,0.0,0.0,0.0,0.0,0.0,0.0,0.0,0.0,0.0,0.0,0.0,3500.0,176.58,nicolau_vergueiro
04/2026,4,SUL,S,43,RIO GRANDE DO SUL,RS,431270,NONOAI,2.0,2025,DOU,14074.0,5.0,0.0,0.0,0.0,0.0,0.0,0.0,0.0,0.0,0.0,0.0,0.0,17500.0,124.34,nonoai
04/2026,4,SUL,S,43,RIO GRANDE DO SUL,RS,431275,NOVA ALVORADA,3.0,2025,DOU,3229.0,2.0,0.0,0.0,0.0,0.0,0.0,0.0,0.0,0.0,0.0,0.0,0.0,7000.0,216.78,nova_alvorada
04/2026,4,SUL,S,43,RIO GRANDE DO SUL,RS,431280,NOVA ARACA,3.0,2025,DOU,5098.0,1.0,1.0,0.0,0.0,0.0,0.0,0.0,0.0,0.0,0.0,0.0,0.0,6125.0,120.14,nova_araca
04/2026,4,SUL,S,43,RIO GRANDE DO SUL,RS,431290,NOVA BASSANO,3.0,2025,DOU,9867.0,3.0,0.0,0.0,0.0,0.0,0.0,0.0,0.0,0.0,0.0,0.0,0.0,10500.0,106.41,nova_bassano
04/2026,4,SUL,S,43,RIO GRANDE DO SUL,RS,431295,NOVA BOA VISTA,3.0,2025,DOU,2089.0,1.0,0.0,0.0,0.0,0.0,0.0,0.0,0.0,0.0,0.0,0.0,0.0,3500.0,167.54,nova_boa_vista
04/2026,4,SUL,S,43,RIO GRANDE DO SUL,RS,431300,NOVA BRESCIA,3.0,2025,DOU,3104.0,1.0,0.0,0.0,0.0,0.0,0.0,0.0,0.0,0.0,0.0,0.0,0.0,3500.0,112.75,nova_brescia
04/2026,4,SUL,S,43,RIO GRANDE DO SUL,RS,431301,NOVA CANDELARIA,3.0,2025,DOU,3138.0,1.0,0.0,0.0,0.0,0.0,0.0,0.0,0.0,0.0,0.0,0.0,0.0,3500.0,111.53,nova_candelaria
04/2026,4,SUL,S,43,RIO GRANDE DO SUL,RS,431303,NOVA ESPERANCA DO SUL,2.0,2025,DOU,4976.0,3.0,0.0,0.0,0.0,0.0,0.0,0.0,0.0,0.0,0.0,0.0,0.0,10500.0,211.01,nova_esperanca_do_sul
04/2026,4,SUL,S,43,RIO GRANDE DO SUL,RS,431306,NOVA HARTZ,1.0,2025,DOU,20558.0,7.0,0.0,0.0,0.0,0.0,0.0,0.0,0.0,0.0,0.0,0.0,0.0,24500.0,119.17,nova_hartz
04/2026,4,SUL,S,43,RIO GRANDE DO SUL,RS,431308,NOVA PADUA,3.0,2025,DOU,2389.0,0.0,0.0,1.0,0.0,0.0,0.0,0.0,0.0,0.0,0.0,0.0,0.0,1750.0,73.25,nova_padua
04/2026,4,SUL,S,43,RIO GRANDE DO SUL,RS,431310,NOVA PALMA,3.0,2025,DOU,5676.0,3.0,0.0,0.0,0.0,0.0,0.0,0.0,0.0,0.0,0.0,0.0,0.0,10500.0,184.98,nova_palma
04/2026,4,SUL,S,43,RIO GRANDE DO SUL,RS,431320,NOVA PETROPOLIS,3.0,2025,DOU,23934.0,9.0,0.0,0.0,0.0,0.0,0.0,0.0,0.0,0.0,0.0,0.0,0.0,31500.0,131.61,nova_petropolis
04/2026,4,SUL,S,43,RIO GRANDE DO SUL,RS,431330,NOVA PRATA,1.0,2025,DOU,26637.0,6.0,0.0,3.0,0.0,0.0,0.0,0.0,1.0,254.0,0.0,0.0,254.0,26504.0,99.5,nova_prata
04/2026,4,SUL,S,43,RIO GRANDE DO SUL,RS,431333,NOVA RAMADA,3.0,2025,DOU,2198.0,1.0,0.0,0.0,0.0,0.0,0.0,0.0,0.0,0.0,0.0,0.0,0.0,3500.0,159.23,nova_ramada
04/2026,4,SUL,S,43,RIO GRANDE DO SUL,RS,431335,NOVA ROMA DO SUL,3.0,2025,DOU,3545.0,1.0,0.0,1.0,0.0,0.0,0.0,0.0,0.0,0.0,0.0,0.0,0.0,5250.0,148.09,nova_roma_do_sul
04/2026,4,SUL,S,43,RIO GRANDE DO SUL,RS,431337,NOVA SANTA RITA,1.0,2025,DOU,30189.0,8.0,2.0,0.0,0.0,0.0,0.0,0.0,0.0,0.0,0.0,0.0,0.0,33250.0,110.13,nova_santa_rita
04/2026,4,SUL,S,43,RIO GRANDE DO SUL,RS,431349,NOVO BARREIRO,3.0,2025,DOU,4375.0,2.0,0.0,0.0,0.0,0.0,0.0,0.0,0.0,0.0,0.0,0.0,0.0,7000.0,160.0,novo_barreiro
04/2026,4,SUL,S,43,RIO GRANDE DO SUL,RS,431339,NOVO CABRAIS,3.0,2025,DOU,3633.0,2.0,0.0,0.0,0.0,0.0,0.0,0.0,0.0,0.0,0.0,0.0,0.0,7000.0,192.67,novo_cabrais
04/2026,4,SUL,S,43,RIO GRANDE DO SUL,RS,431340,NOVO HAMBURGO,1.0,2025,DOU,235802.0,48.0,11.0,3.0,0.0,0.0,1.0,219.0,1.0,2.0,0.0,0.0,221.0,202346.0,85.81,novo_hamburgo
04/2026,4,SUL,S,43,RIO GRANDE DO SUL,RS,431342,NOVO MACHADO,3.0,2025,DOU,3239.0,2.0,0.0,0.0,0.0,0.0,0.0,0.0,0.0,0.0,0.0,0.0,0.0,7000.0,216.11,novo_machado
04/2026,4,SUL,S,43,RIO GRANDE DO SUL,RS,431344,NOVO TIRADENTES,3.0,2025,DOU,2187.0,1.0,0.0,0.0,0.0,0.0,0.0,0.0,0.0,0.0,0.0,0.0,0.0,3500.0,160.03,novo_tiradentes
04/2026,4,SUL,S,43,RIO GRANDE DO SUL,RS,431346,NOVO XINGU,3.0,2025,DOU,1677.0,1.0,0.0,0.0,0.0,0.0,0.0,0.0,0.0,0.0,0.0,0.0,0.0,3500.0,208.7,novo_xingu
04/2026,4,SUL,S,43,RIO GRANDE DO SUL,RS,431350,OSORIO,1.0,2025,DOU,48999.0,10.0,0.0,4.0,0.0,0.0,0.0,0.0,2.0,1550.0,0.0,0.0,1550.0,43550.0,88.87,osorio
04/2026,4,SUL,S,43,RIO GRANDE DO SUL,RS,431360,PAIM FILHO,3.0,2025,DOU,3685.0,2.0,0.0,0.0,0.0,0.0,0.0,0.0,0.0,0.0,0.0,0.0,0.0,7000.0,189.95,paim_filho
04/2026,4,SUL,S,43,RIO GRANDE DO SUL,RS,431365,PALMARES DO SUL,3.0,2025,DOU,13189.0,3.0,1.0,1.0,0.0,0.0,0.0,0.0,0.0,0.0,0.0,0.0,0.0,14875.0,112.78,palmares_do_sul
04/2026,4,SUL,S,43,RIO GRANDE DO SUL,RS,431370,PALMEIRA DAS MISSOES,1.0,2025,DOU,34227.0,11.0,0.0,0.0,0.0,0.0,0.0,0.0,1.0,119.0,0.0,0.0,119.0,38619.0,112.83,palmeira_das_missoes
04/2026,4,SUL,S,43,RIO GRANDE DO SUL,RS,431380,PALMITINHO,3.0,2025,DOU,8042.0,3.0,0.0,0.0,0.0,0.0,0.0,0.0,0.0,0.0,0.0,0.0,0.0,10500.0,130.56,palmitinho
04/2026,4,SUL,S,43,RIO GRANDE DO SUL,RS,431390,PANAMBI,1.0,2025,DOU,45102.0,12.0,1.0,0.0,0.0,0.0,0.0,0.0,0.0,0.0,0.0,0.0,0.0,44625.0,98.94,panambi
04/2026,4,SUL,S,43,RIO GRANDE DO SUL,RS,431395,PANTANO GRANDE,3.0,2025,DOU,10443.0,3.0,1.0,0.0,0.0,0.0,0.0,0.0,0.0,0.0,0.0,0.0,0.0,13125.0,125.68,pantano_grande
04/2026,4,SUL,S,43,RIO GRANDE DO SUL,RS,431400,PARAI,3.0,2025,DOU,7362.0,2.0,0.0,0.0,0.0,0.0,0.0,0.0,0.0,0.0,0.0,0.0,0.0,7000.0,95.08,parai
04/2026,4,SUL,S,43,RIO GRANDE DO SUL,RS,431402,PARAISO DO SUL,3.0,2025,DOU,6627.0,1.0,3.0,0.0,0.0,0.0,0.0,0.0,0.0,0.0,0.0,0.0,0.0,11375.0,171.64,paraiso_do_sul
04/2026,4,SUL,S,43,RIO GRANDE DO SUL,RS,431403,PARECI NOVO,3.0,2025,DOU,4441.0,2.0,0.0,0.0,0.0,0.0,0.0,0.0,0.0,0.0,0.0,0.0,0.0,7000.0,157.62,pareci_novo
04/2026,4,SUL,S,43,RIO GRANDE DO SUL,RS,431405,PAROBE,1.0,2025,DOU,53569.0,20.0,0.0,0.0,0.0,0.0,0.0,0.0,0.0,0.0,0.0,0.0,0.0,70000.0,130.67,parobe
04/2026,4,SUL,S,43,RIO GRANDE DO SUL,RS,431406,PASSA SETE,3.0,2025,DOU,4024.0,2.0,0.0,1.0,0.0,0.0,0.0,0.0,0.0,0.0,0.0,0.0,0.0,8750.0,217.44,passa_sete
04/2026,4,SUL,S,43,RIO GRANDE DO SUL,RS,431407,PASSO DO SOBRADO,3.0,2025,DOU,6155.0,2.0,2.0,0.0,0.0,0.0,0.0,0.0,0.0,0.0,0.0,0.0,0.0,12250.0,199.02,passo_do_sobrado
04/2026,4,SUL,S,43,RIO GRANDE DO SUL,RS,431410,PASSO FUNDO,1.0,2025,DOU,214811.0,25.0,17.0,6.0,0.0,0.0,0.0,0.0,1.0,1110.0,0.0,0.0,1110.0,143735.0,66.91,passo_fundo
04/2026,4,SUL,S,43,RIO GRANDE DO SUL,RS,431413,PAULO BENTO,3.0,2025,DOU,2188.0,1.0,0.0,0.0,0.0,0.0,0.0,0.0,0.0,0.0,0.0,0.0,0.0,3500.0,159.96,paulo_bento
04/2026,4,SUL,S,43,RIO GRANDE DO SUL,RS,431415,PAVERAMA,3.0,2025,DOU,8146.0,3.0,1.0,0.0,0.0,0.0,0.0,0.0,0.0,0.0,0.0,0.0,0.0,13125.0,161.12,paverama
04/2026,4,SUL,S,43,RIO GRANDE DO SUL,RS,431417,PEDRAS ALTAS,3.0,2025,DOU,2099.0,1.0,0.0,0.0,0.0,0.0,0.0,0.0,0.0,0.0,0.0,0.0,0.0,3500.0,166.74,pedras_altas
04/2026,4,SUL,S,43,RIO GRANDE DO SUL,RS,431420,PEDRO OSORIO,3.0,2025,DOU,7631.0,2.0,0.0,0.0,0.0,0.0,0.0,0.0,0.0,0.0,0.0,0.0,0.0,7000.0,91.73,pedro_osorio
04/2026,4,SUL,S,43,RIO GRANDE DO SUL,RS,431430,PEJUCARA,3.0,2025,DOU,3817.0,2.0,0.0,0.0,0.0,0.0,0.0,0.0,0.0,0.0,0.0,0.0,0.0,7000.0,183.39,pejucara
04/2026,4,SUL,S,43,RIO GRANDE DO SUL,RS,431440,PELOTAS,1.0,2025,DOU,336150.0,79.0,14.0,3.0,0.0,0.0,1.0,765.0,0.0,0.0,1.0,1947.0,2712.0,321212.0,95.55,pelotas
04/2026,4,SUL,S,43,RIO GRANDE DO SUL,RS,431442,PICADA CAFE,1.0,2025,DOU,5473.0,3.0,0.0,0.0,0.0,0.0,0.0,0.0,0.0,0.0,0.0,0.0,0.0,10500.0,191.85,picada_cafe
04/2026,4,SUL,S,43,RIO GRANDE DO SUL,RS,431445,PINHAL,3.0,2025,DOU,3039.0,1.0,0.0,0.0,0.0,0.0,0.0,0.0,0.0,0.0,0.0,0.0,0.0,3500.0,115.16,pinhal
04/2026,4,SUL,S,43,RIO GRANDE DO SUL,RS,431446,PINHAL DA SERRA,3.0,2025,DOU,2300.0,1.0,0.0,0.0,0.0,0.0,0.0,0.0,0.0,0.0,0.0,0.0,0.0,3500.0,152.17,pinhal_da_serra
04/2026,4,SUL,S,43,RIO GRANDE DO SUL,RS,431447,PINHAL GRANDE,3.0,2025,DOU,3861.0,2.0,0.0,0.0,0.0,0.0,0.0,0.0,0.0,0.0,0.0,0.0,0.0,7000.0,181.3,pinhal_grande
04/2026,4,SUL,S,43,RIO GRANDE DO SUL,RS,431449,PINHEIRINHO DO VALE,3.0,2025,DOU,4638.0,2.0,0.0,0.0,0.0,0.0,0.0,0.0,0.0,0.0,0.0,0.0,0.0,7000.0,150.92,pinheirinho_do_vale
04/2026,4,SUL,S,43,RIO GRANDE DO SUL,RS,431450,PINHEIRO MACHADO,3.0,2025,DOU,11395.0,5.0,0.0,0.0,0.0,0.0,0.0,0.0,0.0,0.0,0.0,0.0,0.0,17500.0,153.57,pinheiro_machado
04/2026,4,SUL,S,43,RIO GRANDE DO SUL,RS,431454,PINTO BANDEIRA,3.0,2025,DOU,2785.0,1.0,0.0,0.0,0.0,0.0,0.0,0.0,0.0,0.0,0.0,0.0,0.0,3500.0,125.67,pinto_bandeira
04/2026,4,SUL,S,43,RIO GRANDE DO SUL,RS,431455,PIRAPO,3.0,2025,DOU,2255.0,1.0,0.0,0.0,0.0,0.0,0.0,0.0,0.0,0.0,0.0,0.0,0.0,3500.0,155.21,pirapo
04/2026,4,SUL,S,43,RIO GRANDE DO SUL,RS,431460,PIRATINI,3.0,2025,DOU,17770.0,4.0,0.0,2.0,0.0,0.0,0.0,0.0,0.0,0.0,0.0,0.0,0.0,17500.0,98.48,piratini
04/2026,4,SUL,S,43,RIO GRANDE DO SUL,RS,431470,PLANALTO,3.0,2025,DOU,10624.0,5.0,0.0,0.0,0.0,0.0,0.0,0.0,0.0,0.0,0.0,0.0,0.0,17500.0,164.72,planalto
04/2026,4,SUL,S,43,RIO GRANDE DO SUL,RS,431475,POCO DAS ANTAS,3.0,2025,DOU,2224.0,1.0,0.0,0.0,0.0,0.0,0.0,0.0,0.0,0.0,0.0,0.0,0.0,3500.0,157.37,poco_das_antas
04/2026,4,SUL,S,43,RIO GRANDE DO SUL,RS,431477,PONTAO,3.0,2025,DOU,3345.0,2.0,0.0,0.0,0.0,0.0,0.0,0.0,0.0,0.0,0.0,0.0,0.0,7000.0,209.26,pontao
04/2026,4,SUL,S,43,RIO GRANDE DO SUL,RS,431478,PONTE PRETA,3.0,2025,DOU,1602.0,1.0,0.0,0.0,0.0,0.0,0.0,0.0,0.0,0.0,0.0,0.0,0.0,3500.0,218.47,ponte_preta
04/2026,4,SUL,S,43,RIO GRANDE DO SUL,RS,431480,PORTAO,1.0,2025,DOU,35273.0,5.0,1.0,0.0,0.0,0.0,0.0,0.0,0.0,0.0,0.0,0.0,0.0,20125.0,57.05,portao
04/2026,4,SUL,S,43,RIO GRANDE DO SUL,RS,431490,PORTO ALEGRE,1.0,2025,DOU,1388794.0,340.0,37.0,12.0,0.0,0.0,9.0,4018.0,3.0,1923.0,3.0,3085.0,9026.0,1317151.0,94.84,porto_alegre
04/2026,4,SUL,S,43,RIO GRANDE DO SUL,RS,431500,PORTO LUCENA,3.0,2025,DOU,4414.0,2.0,0.0,0.0,0.0,0.0,0.0,0.0,0.0,0.0,0.0,0.0,0.0,7000.0,158.58,porto_lucena
04/2026,4,SUL,S,43,RIO GRANDE DO SUL,RS,431505,PORTO MAUA,3.0,2025,DOU,2173.0,1.0,0.0,0.0,0.0,0.0,0.0,0.0,0.0,0.0,0.0,0.0,0.0,3500.0,161.06,porto_maua
04/2026,4,SUL,S,43,RIO GRANDE DO SUL,RS,431507,PORTO VERA CRUZ,3.0,2025,DOU,1582.0,1.0,0.0,0.0,0.0,0.0,0.0,0.0,0.0,0.0,0.0,0.0,0.0,3500.0,221.23,porto_vera_cruz
04/2026,4,SUL,S,43,RIO GRANDE DO SUL,RS,431510,PORTO XAVIER,3.0,2025,DOU,10127.0,3.0,0.0,0.0,0.0,0.0,0.0,0.0,0.0,0.0,0.0,0.0,0.0,10500.0,103.68,porto_xavier
04/2026,4,SUL,S,43,RIO GRANDE DO SUL,RS,431513,POUSO NOVO,3.0,2025,DOU,1771.0,1.0,0.0,0.0,0.0,0.0,0.0,0.0,0.0,0.0,0.0,0.0,0.0,3500.0,197.62,pouso_novo
04/2026,4,SUL,S,43,RIO GRANDE DO SUL,RS,431514,PRESIDENTE LUCENA,1.0,2025,DOU,3166.0,1.0,0.0,0.0,0.0,0.0,0.0,0.0,0.0,0.0,0.0,0.0,0.0,3500.0,110.54,presidente_lucena
04/2026,4,SUL,S,43,RIO GRANDE DO SUL,RS,431515,PROGRESSO,3.0,2025,DOU,5423.0,2.0,0.0,0.0,0.0,0.0,0.0,0.0,0.0,0.0,0.0,0.0,0.0,7000.0,129.07,progresso
04/2026,4,SUL,S,43,RIO GRANDE DO SUL,RS,431517,PROTASIO ALVES,3.0,2025,DOU,2070.0,1.0,0.0,0.0,0.0,0.0,0.0,0.0,0.0,0.0,0.0,0.0,0.0,3500.0,169.08,protasio_alves
04/2026,4,SUL,S,43,RIO GRANDE DO SUL,RS,431520,PUTINGA,3.0,2025,DOU,3809.0,2.0,0.0,0.0,0.0,0.0,0.0,0.0,0.0,0.0,0.0,0.0,0.0,7000.0,183.77,putinga
04/2026,4,SUL,S,43,RIO GRANDE DO SUL,RS,431530,QUARAI,1.0,2025,DOU,23995.0,8.0,0.0,0.0,0.0,0.0,0.0,0.0,0.0,0.0,0.0,0.0,0.0,28000.0,116.69,quarai
04/2026,4,SUL,S,43,RIO GRANDE DO SUL,RS,431531,QUATRO IRMAOS,3.0,2025,DOU,1577.0,1.0,0.0,0.0,0.0,0.0,0.0,0.0,0.0,0.0,0.0,0.0,0.0,3500.0,221.94,quatro_irmaos
04/2026,4,SUL,S,43,RIO GRANDE DO SUL,RS,431532,QUEVEDOS,3.0,2025,DOU,2553.0,1.0,0.0,0.0,0.0,0.0,0.0,0.0,0.0,0.0,0.0,0.0,0.0,3500.0,137.09,quevedos
04/2026,4,SUL,S,43,RIO GRANDE DO SUL,RS,431535,QUINZE DE NOVEMBRO,3.0,2025,DOU,4003.0,2.0,0.0,0.0,0.0,0.0,0.0,0.0,0.0,0.0,0.0,0.0,0.0,7000.0,174.86,quinze_de_novembro
04/2026,4,SUL,S,43,RIO GRANDE DO SUL,RS,431540,REDENTORA,3.0,2025,DOU,9931.0,4.0,0.0,0.0,0.0,0.0,0.0,0.0,0.0,0.0,0.0,0.0,0.0,14000.0,140.97,redentora
04/2026,4,SUL,S,43,RIO GRANDE DO SUL,RS,431545,RELVADO,3.0,2025,DOU,1826.0,1.0,0.0,0.0,0.0,0.0,0.0,0.0,0.0,0.0,0.0,0.0,0.0,3500.0,191.67,relvado
04/2026,4,SUL,S,43,RIO GRANDE DO SUL,RS,431550,RESTINGA SECA,3.0,2025,DOU,15205.0,7.0,2.0,0.0,0.0,0.0,0.0,0.0,0.0,0.0,0.0,0.0,0.0,29750.0,195.65,restinga_seca
04/2026,4,SUL,S,43,RIO GRANDE DO SUL,RS,431555,RIO DOS INDIOS,3.0,2025,DOU,2866.0,1.0,0.0,0.0,0.0,0.0,0.0,0.0,0.0,0.0,0.0,0.0,0.0,3500.0,122.12,rio_dos_indios
04/2026,4,SUL,S,43,RIO GRANDE DO SUL,RS,431560,RIO GRANDE,1.0,2025,DOU,198935.0,53.0,10.0,0.0,0.0,0.0,1.0,232.0,0.0,0.0,1.0,1211.0,1443.0,213193.0,107.16,rio_grande
04/2026,4,SUL,S,43,RIO GRANDE DO SUL,RS,431570,RIO PARDO,2.0,2025,DOU,35641.0,6.0,1.0,6.0,0.0,0.0,0.0,0.0,1.0,125.0,0.0,0.0,125.0,34250.0,96.09,rio_pardo
04/2026,4,SUL,S,43,RIO GRANDE DO SUL,RS,431575,RIOZINHO,3.0,2025,DOU,4574.0,2.0,0.0,0.0,0.0,0.0,0.0,0.0,0.0,0.0,0.0,0.0,0.0,7000.0,153.03,riozinho
04/2026,4,SUL,S,43,RIO GRANDE DO SUL,RS,431580,ROCA SALES,3.0,2025,DOU,10646.0,3.0,3.0,3.0,0.0,0.0,0.0,0.0,0.0,0.0,0.0,0.0,0.0,23625.0,221.91,roca_sales
04/2026,4,SUL,S,43,RIO GRANDE DO SUL,RS,431590,RODEIO BONITO,3.0,2025,DOU,6831.0,3.0,0.0,0.0,0.0,0.0,0.0,0.0,0.0,0.0,0.0,0.0,0.0,10500.0,153.71,rodeio_bonito
04/2026,4,SUL,S,43,RIO GRANDE DO SUL,RS,431595,ROLADOR,3.0,2025,DOU,2330.0,1.0,0.0,0.0,0.0,0.0,0.0,0.0,0.0,0.0,0.0,0.0,0.0,3500.0,150.21,rolador
04/2026,4,SUL,S,43,RIO GRANDE DO SUL,RS,431600,ROLANTE,2.0,2025,DOU,21752.0,7.0,0.0,0.0,0.0,0.0,0.0,0.0,0.0,0.0,0.0,0.0,0.0,24500.0,112.63,rolante
04/2026,4,SUL,S,43,RIO GRANDE DO SUL,RS,431610,RONDA ALTA,3.0,2025,DOU,9969.0,5.0,0.0,0.0,0.0,0.0,0.0,0.0,0.0,0.0,0.0,0.0,0.0,17500.0,175.54,ronda_alta
04/2026,4,SUL,S,43,RIO GRANDE DO SUL,RS,431620,RONDINHA,3.0,2025,DOU,5078.0,2.0,0.0,2.0,0.0,0.0,0.0,0.0,0.0,0.0,0.0,0.0,0.0,10500.0,206.77,rondinha
04/2026,4,SUL,S,43,RIO GRANDE DO SUL,RS,431630,ROQUE GONZALES,3.0,2025,DOU,6693.0,2.0,0.0,0.0,0.0,0.0,0.0,0.0,0.0,0.0,0.0,0.0,0.0,7000.0,104.58,roque_gonzales
04/2026,4,SUL,S,43,RIO GRANDE DO SUL,RS,431640,ROSARIO DO SUL,1.0,2025,DOU,37674.0,7.0,3.0,0.0,0.0,0.0,0.0,0.0,0.0,0.0,0.0,0.0,0.0,32375.0,85.93,rosario_do_sul
04/2026,4,SUL,S,43,RIO GRANDE DO SUL,RS,431642,SAGRADA FAMILIA,3.0,2025,DOU,2528.0,1.0,0.0,0.0,0.0,0.0,0.0,0.0,0.0,0.0,0.0,0.0,0.0,3500.0,138.44,sagrada_familia
04/2026,4,SUL,S,43,RIO GRANDE DO SUL,RS,431643,SALDANHA MARINHO,3.0,2025,DOU,2619.0,1.0,0.0,0.0,0.0,0.0,0.0,0.0,0.0,0.0,0.0,0.0,0.0,3500.0,133.63,saldanha_marinho
04/2026,4,SUL,S,43,RIO GRANDE DO SUL,RS,431645,SALTO DO JACUI,2.0,2025,DOU,10357.0,4.0,1.0,0.0,0.0,0.0,0.0,0.0,0.0,0.0,0.0,0.0,0.0,16625.0,160.51,salto_do_jacui
04/2026,4,SUL,S,43,RIO GRANDE DO SUL,RS,431647,SALVADOR DAS MISSOES,3.0,2025,DOU,2955.0,1.0,0.0,0.0,0.0,0.0,0.0,0.0,0.0,0.0,0.0,0.0,0.0,3500.0,118.44,salvador_das_missoes
04/2026,4,SUL,S,43,RIO GRANDE DO SUL,RS,431650,SALVADOR DO SUL,3.0,2025,DOU,7184.0,2.0,0.0,0.0,0.0,0.0,0.0,0.0,0.0,0.0,0.0,0.0,0.0,7000.0,97.43,salvador_do_sul
04/2026,4,SUL,S,43,RIO GRANDE DO SUL,RS,431660,SANANDUVA,2.0,2025,DOU,16770.0,4.0,0.0,1.0,0.0,0.0,0.0,0.0,0.0,0.0,0.0,0.0,0.0,15750.0,93.91,sananduva
04/2026,4,SUL,S,43,RIO GRANDE DO SUL,RS,431710,SANT'ANA DO LIVRAMENTO,1.0,2025,DOU,87329.0,15.0,3.0,0.0,0.0,0.0,0.0,0.0,0.0,0.0,0.0,0.0,0.0,60375.0,69.13,sant_ana_do_livramento
04/2026,4,SUL,S,43,RIO GRANDE DO SUL,RS,431670,SANTA BARBARA DO SUL,3.0,2025,DOU,8269.0,3.0,0.0,0.0,0.0,0.0,0.0,0.0,0.0,0.0,0.0,0.0,0.0,10500.0,126.98,santa_barbara_do_sul
04/2026,4,SUL,S,43,RIO GRANDE DO SUL,RS,431673,SANTA CECILIA DO SUL,3.0,2025,DOU,1710.0,1.0,0.0,0.0,0.0,0.0,0.0,0.0,0.0,0.0,0.0,0.0,0.0,3500.0,204.67,santa_cecilia_do_sul
04/2026,4,SUL,S,43,RIO GRANDE DO SUL,RS,431675,SANTA CLARA DO SUL,1.0,2025,DOU,7079.0,2.0,2.0,0.0,0.0,0.0,0.0,0.0,0.0,0.0,0.0,0.0,0.0,12250.0,173.04,santa_clara_do_sul
04/2026,4,SUL,S,43,RIO GRANDE DO SUL,RS,431680,SANTA CRUZ DO SUL,1.0,2025,DOU,138270.0,29.0,7.0,0.0,0.0,0.0,0.0,0.0,0.0,0.0,1.0,1068.0,1068.0,120943.0,87.46,santa_cruz_do_sul
04/2026,4,SUL,S,43,RIO GRANDE DO SUL,RS,431697,SANTA MARGARIDA DO SUL,3.0,2025,DOU,2661.0,1.0,0.0,0.0,0.0,0.0,0.0,0.0,0.0,0.0,0.0,0.0,0.0,3500.0,131.52,santa_margarida_do_sul
04/2026,4,SUL,S,43,RIO GRANDE DO SUL,RS,431690,SANTA MARIA,1.0,2025,DOU,282395.0,30.0,20.0,1.0,0.0,0.0,1.0,0.0,1.0,1899.0,0.0,0.0,1899.0,161149.0,57.06,santa_maria
04/2026,4,SUL,S,43,RIO GRANDE DO SUL,RS,431695,SANTA MARIA DO HERVAL,3.0,2025,DOU,6486.0,2.0,0.0,0.0,0.0,0.0,0.0,0.0,0.0,0.0,0.0,0.0,0.0,7000.0,107.92,santa_maria_do_herval
04/2026,4,SUL,S,43,RIO GRANDE DO SUL,RS,431720,SANTA ROSA,1.0,2025,DOU,79488.0,21.0,0.0,1.0,0.0,0.0,0.0,0.0,0.0,0.0,1.0,729.0,729.0,75979.0,95.58,santa_rosa
04/2026,4,SUL,S,43,RIO GRANDE DO SUL,RS,431725,SANTA TEREZA,3.0,2025,DOU,1529.0,1.0,0.0,0.0,0.0,0.0,0.0,0.0,0.0,0.0,0.0,0.0,0.0,3500.0,228.9,santa_tereza
04/2026,4,SUL,S,43,RIO GRANDE DO SUL,RS,431730,SANTA VITORIA DO PALMAR,1.0,2025,DOU,31965.0,14.0,0.0,0.0,0.0,0.0,0.0,0.0,1.0,152.0,0.0,0.0,152.0,49152.0,153.76,santa_vitoria_do_palmar
04/2026,4,SUL,S,43,RIO GRANDE DO SUL,RS,431700,SANTANA DA BOA VISTA,3.0,2025,DOU,7128.0,2.0,0.0,0.0,0.0,0.0,0.0,0.0,0.0,0.0,0.0,0.0,0.0,7000.0,98.2,santana_da_boa_vista
04/2026,4,SUL,S,43,RIO GRANDE DO SUL,RS,431740,SANTIAGO,1.0,2025,DOU,50336.0,11.0,0.0,0.0,0.0,0.0,0.0,0.0,1.0,0.0,0.0,0.0,0.0,38500.0,76.48,santiago
04/2026,4,SUL,S,43,RIO GRANDE DO SUL,RS,431750,SANTO ANGELO,1.0,2025,DOU,79146.0,14.0,7.0,0.0,0.0,0.0,0.0,0.0,1.0,869.0,0.0,0.0,869.0,68244.0,86.22,santo_angelo
04/2026,4,SUL,S,43,RIO GRANDE DO SUL,RS,431760,SANTO ANTONIO DA PATRULHA,3.0,2025,DOU,44431.0,9.0,1.0,2.0,0.0,0.0,0.0,0.0,0.0,0.0,0.0,0.0,0.0,37625.0,84.68,santo_antonio_da_patrulha
04/2026,4,SUL,S,43,RIO GRANDE DO SUL,RS,431770,SANTO ANTONIO DAS MISSOES,3.0,2025,DOU,10485.0,4.0,0.0,0.0,0.0,0.0,0.0,0.0,0.0,0.0,0.0,0.0,0.0,14000.0,133.52,santo_antonio_das_missoes
04/2026,4,SUL,S,43,RIO GRANDE DO SUL,RS,431755,SANTO ANTONIO DO PALMA,3.0,2025,DOU,2134.0,1.0,0.0,0.0,0.0,0.0,0.0,0.0,0.0,0.0,0.0,0.0,0.0,3500.0,164.01,santo_antonio_do_palma
04/2026,4,SUL,S,43,RIO GRANDE DO SUL,RS,431775,SANTO ANTONIO DO PLANALTO,3.0,2025,DOU,2138.0,1.0,0.0,0.0,0.0,0.0,0.0,0.0,0.0,0.0,0.0,0.0,0.0,3500.0,163.7,santo_antonio_do_planalto
04/2026,4,SUL,S,43,RIO GRANDE DO SUL,RS,431780,SANTO AUGUSTO,1.0,2025,DOU,14196.0,6.0,0.0,0.0,0.0,0.0,0.0,0.0,0.0,0.0,0.0,0.0,0.0,21000.0,147.92,santo_augusto
04/2026,4,SUL,S,43,RIO GRANDE DO SUL,RS,431790,SANTO CRISTO,3.0,2025,DOU,15667.0,5.0,0.0,0.0,0.0,0.0,0.0,0.0,0.0,0.0,0.0,0.0,0.0,17500.0,111.69,santo_cristo
04/2026,4,SUL,S,43,RIO GRANDE DO SUL,RS,431795,SANTO EXPEDITO DO SUL,3.0,2025,DOU,2395.0,1.0,0.0,0.0,0.0,0.0,0.0,0.0,0.0,0.0,0.0,0.0,0.0,3500.0,146.13,santo_expedito_do_sul
04/2026,4,SUL,S,43,RIO GRANDE DO SUL,RS,431800,SAO BORJA,1.0,2025,DOU,61311.0,19.0,0.0,0.0,0.0,0.0,0.0,0.0,1.0,480.0,0.0,0.0,480.0,66980.0,109.24,sao_borja
04/2026,4,SUL,S,43,RIO GRANDE DO SUL,RS,431805,SAO DOMINGOS DO SUL,3.0,2025,DOU,2806.0,1.0,0.0,0.0,0.0,0.0,0.0,0.0,0.0,0.0,0.0,0.0,0.0,3500.0,124.73,sao_domingos_do_sul
04/2026,4,SUL,S,43,RIO GRANDE DO SUL,RS,431810,SAO FRANCISCO DE ASSIS,2.0,2025,DOU,17934.0,5.0,0.0,0.0,0.0,0.0,0.0,0.0,0.0,0.0,0.0,0.0,0.0,17500.0,97.58,sao_francisco_de_assis
04/2026,4,SUL,S,43,RIO GRANDE DO SUL,RS,431820,SAO FRANCISCO DE PAULA,2.0,2025,DOU,22388.0,7.0,0.0,0.0,0.0,0.0,0.0,0.0,0.0,0.0,0.0,0.0,0.0,24500.0,109.43,sao_francisco_de_paula
04/2026,4,SUL,S,43,RIO GRANDE DO SUL,RS,431830,SAO GABRIEL,1.0,2025,DOU,60090.0,19.0,1.0,0.0,0.0,0.0,0.0,0.0,1.0,466.0,0.0,0.0,466.0,69591.0,115.81,sao_gabriel
04/2026,4,SUL,S,43,RIO GRANDE DO SUL,RS,431840,SAO JERONIMO,1.0,2025,DOU,21412.0,6.0,0.0,0.0,0.0,0.0,0.0,0.0,0.0,0.0,0.0,0.0,0.0,21000.0,98.07,sao_jeronimo
04/2026,4,SUL,S,43,RIO GRANDE DO SUL,RS,431842,SAO JOAO DA URTIGA,3.0,2025,DOU,4547.0,2.0,0.0,0.0,0.0,0.0,0.0,0.0,0.0,0.0,0.0,0.0,0.0,7000.0,153.94,sao_joao_da_urtiga
04/2026,4,SUL,S,43,RIO GRANDE DO SUL,RS,431843,SAO JOAO DO POLESINE,3.0,2025,DOU,2708.0,1.0,0.0,0.0,0.0,0.0,0.0,0.0,0.0,0.0,0.0,0.0,0.0,3500.0,129.24,sao_joao_do_polesine
04/2026,4,SUL,S,43,RIO GRANDE DO SUL,RS,431844,SAO JORGE,3.0,2025,DOU,2976.0,1.0,0.0,0.0,0.0,0.0,0.0,0.0,0.0,0.0,0.0,0.0,0.0,3500.0,117.6,sao_jorge
04/2026,4,SUL,S,43,RIO GRANDE DO SUL,RS,431845,SAO JOSE DAS MISSOES,3.0,2025,DOU,2399.0,1.0,0.0,0.0,0.0,0.0,0.0,0.0,0.0,0.0,0.0,0.0,0.0,3500.0,145.89,sao_jose_das_missoes
04/2026,4,SUL,S,43,RIO GRANDE DO SUL,RS,431846,SAO JOSE DO HERVAL,3.0,2025,DOU,1931.0,1.0,0.0,0.0,0.0,0.0,0.0,0.0,0.0,0.0,0.0,0.0,0.0,3500.0,181.25,sao_jose_do_herval
04/2026,4,SUL,S,43,RIO GRANDE DO SUL,RS,431848,SAO JOSE DO HORTENCIO,1.0,2025,DOU,4555.0,1.0,0.0,0.0,0.0,0.0,0.0,0.0,0.0,0.0,0.0,0.0,0.0,3500.0,76.83,sao_jose_do_hortencio
04/2026,4,SUL,S,43,RIO GRANDE DO SUL,RS,431849,SAO JOSE DO INHACORA,3.0,2025,DOU,2466.0,1.0,0.0,0.0,0.0,0.0,0.0,0.0,0.0,0.0,0.0,0.0,0.0,3500.0,141.93,sao_jose_do_inhacora
04/2026,4,SUL,S,43,RIO GRANDE DO SUL,RS,431850,SAO JOSE DO NORTE,2.0,2025,DOU,26248.0,9.0,1.0,0.0,0.0,0.0,0.0,0.0,0.0,0.0,0.0,0.0,0.0,34125.0,130.0,sao_jose_do_norte
04/2026,4,SUL,S,43,RIO GRANDE DO SUL,RS,431860,SAO JOSE DO OURO,3.0,2025,DOU,6978.0,3.0,0.0,0.0,0.0,0.0,0.0,0.0,0.0,0.0,0.0,0.0,0.0,10500.0,150.47,sao_jose_do_ouro
04/2026,4,SUL,S,43,RIO GRANDE DO SUL,RS,431861,SAO JOSE DO SUL,3.0,2025,DOU,2443.0,1.0,0.0,0.0,0.0,0.0,0.0,0.0,0.0,0.0,0.0,0.0,0.0,3500.0,143.26,sao_jose_do_sul
04/2026,4,SUL,S,43,RIO GRANDE DO SUL,RS,431862,SAO JOSE DOS AUSENTES,3.0,2025,DOU,4295.0,2.0,0.0,0.0,0.0,0.0,0.0,0.0,0.0,0.0,0.0,0.0,0.0,7000.0,162.98,sao_jose_dos_ausentes
04/2026,4,SUL,S,43,RIO GRANDE DO SUL,RS,431870,SAO LEOPOLDO,1.0,2025,DOU,225737.0,19.0,7.0,40.0,0.0,0.0,1.0,117.0,1.0,589.0,0.0,0.0,706.0,155581.0,68.92,sao_leopoldo
04/2026,4,SUL,S,43,RIO GRANDE DO SUL,RS,431880,SAO LOURENCO DO SUL,2.0,2025,DOU,43278.0,14.0,0.0,0.0,0.0,0.0,0.0,0.0,0.0,0.0,0.0,0.0,0.0,49000.0,113.22,sao_lourenco_do_sul
04/2026,4,SUL,S,43,RIO GRANDE DO SUL,RS,431890,SAO LUIZ GONZAGA,1.0,2025,DOU,35865.0,10.0,0.0,1.0,0.0,0.0,0.0,0.0,1.0,310.0,0.0,0.0,310.0,37060.0,103.33,sao_luiz_gonzaga
04/2026,4,SUL,S,43,RIO GRANDE DO SUL,RS,431900,SAO MARCOS,1.0,2025,DOU,21549.0,3.0,6.0,0.0,0.0,0.0,0.0,0.0,0.0,0.0,0.0,0.0,0.0,26250.0,121.81,sao_marcos
04/2026,4,SUL,S,43,RIO GRANDE DO SUL,RS,431910,SAO MARTINHO,3.0,2025,DOU,5587.0,2.0,0.0,0.0,0.0,0.0,0.0,0.0,0.0,0.0,0.0,0.0,0.0,7000.0,125.29,sao_martinho
04/2026,4,SUL,S,43,RIO GRANDE DO SUL,RS,431912,SAO MARTINHO DA SERRA,3.0,2025,DOU,2908.0,1.0,1.0,0.0,0.0,0.0,0.0,0.0,0.0,0.0,0.0,0.0,0.0,6125.0,210.62,sao_martinho_da_serra
04/2026,4,SUL,S,43,RIO GRANDE DO SUL,RS,431915,SAO MIGUEL DAS MISSOES,3.0,2025,DOU,7193.0,3.0,0.0,0.0,0.0,0.0,0.0,0.0,0.0,0.0,0.0,0.0,0.0,10500.0,145.97,sao_miguel_das_missoes
04/2026,4,SUL,S,43,RIO GRANDE DO SUL,RS,431920,SAO NICOLAU,3.0,2025,DOU,5243.0,2.0,0.0,0.0,0.0,0.0,0.0,0.0,0.0,0.0,0.0,0.0,0.0,7000.0,133.51,sao_nicolau
04/2026,4,SUL,S,43,RIO GRANDE DO SUL,RS,431930,SAO PAULO DAS MISSOES,3.0,2025,DOU,5943.0,2.0,0.0,2.0,0.0,0.0,0.0,0.0,0.0,0.0,0.0,0.0,0.0,10500.0,176.67,sao_paulo_das_missoes
04/2026,4,SUL,S,43,RIO GRANDE DO SUL,RS,431935,SAO PEDRO DA SERRA,3.0,2025,DOU,3618.0,1.0,1.0,0.0,0.0,0.0,0.0,0.0,0.0,0.0,0.0,0.0,0.0,6125.0,169.29,sao_pedro_da_serra
04/2026,4,SUL,S,43,RIO GRANDE DO SUL,RS,431936,SAO PEDRO DAS MISSOES,3.0,2025,DOU,1790.0,1.0,0.0,0.0,0.0,0.0,0.0,0.0,0.0,0.0,0.0,0.0,0.0,3500.0,195.53,sao_pedro_das_missoes
04/2026,4,SUL,S,43,RIO GRANDE DO SUL,RS,431937,SAO PEDRO DO BUTIA,3.0,2025,DOU,3142.0,1.0,0.0,0.0,0.0,0.0,0.0,0.0,0.0,0.0,0.0,0.0,0.0,3500.0,111.39,sao_pedro_do_butia
04/2026,4,SUL,S,43,RIO GRANDE DO SUL,RS,431940,SAO PEDRO DO SUL,2.0,2025,DOU,15863.0,5.0,0.0,0.0,0.0,0.0,0.0,0.0,0.0,0.0,0.0,0.0,0.0,17500.0,110.31,sao_pedro_do_sul
04/2026,4,SUL,S,43,RIO GRANDE DO SUL,RS,431950,SAO SEBASTIAO DO CAI,1.0,2025,DOU,24898.0,6.0,1.0,0.0,0.0,0.0,0.0,0.0,0.0,0.0,0.0,0.0,0.0,23625.0,94.88,sao_sebastiao_do_cai
04/2026,4,SUL,S,43,RIO GRANDE DO SUL,RS,431960,SAO SEPE,2.0,2025,DOU,21551.0,6.0,1.0,0.0,0.0,0.0,0.0,0.0,1.0,68.0,0.0,0.0,68.0,23693.0,109.93,sao_sepe
04/2026,4,SUL,S,43,RIO GRANDE DO SUL,RS,431970,SAO VALENTIM,3.0,2025,DOU,3320.0,2.0,0.0,0.0,0.0,0.0,0.0,0.0,0.0,0.0,0.0,0.0,0.0,7000.0,210.84,sao_valentim
04/2026,4,SUL,S,43,RIO GRANDE DO SUL,RS,431971,SAO VALENTIM DO SUL,3.0,2025,DOU,2255.0,1.0,0.0,0.0,0.0,0.0,0.0,0.0,0.0,0.0,0.0,0.0,0.0,3500.0,155.21,sao_valentim_do_sul
04/2026,4,SUL,S,43,RIO GRANDE DO SUL,RS,431973,SAO VALERIO DO SUL,3.0,2025,DOU,2593.0,1.0,0.0,0.0,0.0,0.0,0.0,0.0,0.0,0.0,0.0,0.0,0.0,3500.0,134.97,sao_valerio_do_sul
04/2026,4,SUL,S,43,RIO GRANDE DO SUL,RS,431975,SAO VENDELINO,3.0,2025,DOU,2309.0,1.0,0.0,0.0,0.0,0.0,0.0,0.0,0.0,0.0,0.0,0.0,0.0,3500.0,151.58,sao_vendelino
04/2026,4,SUL,S,43,RIO GRANDE DO SUL,RS,431980,SAO VICENTE DO SUL,3.0,2025,DOU,8257.0,4.0,0.0,0.0,0.0,0.0,0.0,0.0,1.0,53.0,0.0,0.0,53.0,14053.0,170.19,sao_vicente_do_sul
04/2026,4,SUL,S,43,RIO GRANDE DO SUL,RS,431990,SAPIRANGA,1.0,2025,DOU,77935.0,11.0,12.0,0.0,0.0,0.0,0.0,0.0,0.0,0.0,0.0,0.0,0.0,70000.0,89.81,sapiranga
04/2026,4,SUL,S,43,RIO GRANDE DO SUL,RS,432000,SAPUCAIA DO SUL,1.0,2025,DOU,136572.0,24.0,11.0,6.0,0.0,0.0,0.0,0.0,1.0,1345.0,0.0,0.0,1345.0,124720.0,91.32,sapucaia_do_sul
04/2026,4,SUL,S,43,RIO GRANDE DO SUL,RS,432010,SARANDI,1.0,2025,DOU,23374.0,8.0,0.0,1.0,0.0,0.0,0.0,0.0,0.0,0.0,0.0,0.0,0.0,29750.0,127.27,sarandi
04/2026,4,SUL,S,43,RIO GRANDE DO SUL,RS,432020,SEBERI,3.0,2025,DOU,12325.0,4.0,0.0,0.0,0.0,0.0,0.0,0.0,0.0,0.0,0.0,0.0,0.0,14000.0,113.59,seberi
04/2026,4,SUL,S,43,RIO GRANDE DO SUL,RS,432023,SEDE NOVA,3.0,2025,DOU,2750.0,1.0,0.0,0.0,0.0,0.0,0.0,0.0,0.0,0.0,0.0,0.0,0.0,3500.0,127.27,sede_nova
04/2026,4,SUL,S,43,RIO GRANDE DO SUL,RS,432026,SEGREDO,3.0,2025,DOU,6098.0,3.0,0.0,0.0,0.0,0.0,0.0,0.0,0.0,0.0,0.0,0.0,0.0,10500.0,172.18,segredo
04/2026,4,SUL,S,43,RIO GRANDE DO SUL,RS,432030,SELBACH,3.0,2025,DOU,5222.0,2.0,0.0,0.0,0.0,0.0,0.0,0.0,0.0,0.0,0.0,0.0,0.0,7000.0,134.04,selbach
04/2026,4,SUL,S,43,RIO GRANDE DO SUL,RS,432032,SENADOR SALGADO FILHO,3.0,2025,DOU,2725.0,1.0,0.0,0.0,0.0,0.0,0.0,0.0,0.0,0.0,0.0,0.0,0.0,3500.0,128.44,senador_salgado_filho
04/2026,4,SUL,S,43,RIO GRANDE DO SUL,RS,432035,SENTINELA DO SUL,3.0,2025,DOU,5424.0,1.0,0.0,2.0,0.0,0.0,0.0,0.0,0.0,0.0,0.0,0.0,0.0,7000.0,129.05,sentinela_do_sul
04/2026,4,SUL,S,43,RIO GRANDE DO SUL,RS,432040,SERAFINA CORREA,1.0,2025,DOU,17407.0,6.0,0.0,0.0,0.0,0.0,0.0,0.0,0.0,0.0,0.0,0.0,0.0,21000.0,120.64,serafina_correa
04/2026,4,SUL,S,43,RIO GRANDE DO SUL,RS,432045,SERIO,3.0,2025,DOU,2089.0,1.0,0.0,0.0,0.0,0.0,0.0,0.0,0.0,0.0,0.0,0.0,0.0,3500.0,167.54,serio
04/2026,4,SUL,S,43,RIO GRANDE DO SUL,RS,432050,SERTAO,3.0,2025,DOU,5630.0,2.0,0.0,0.0,0.0,0.0,0.0,0.0,0.0,0.0,0.0,0.0,0.0,7000.0,124.33,sertao
04/2026,4,SUL,S,43,RIO GRANDE DO SUL,RS,432055,SERTAO SANTANA,3.0,2025,DOU,5989.0,2.0,2.0,0.0,0.0,0.0,0.0,0.0,0.0,0.0,0.0,0.0,0.0,12250.0,204.54,sertao_santana
04/2026,4,SUL,S,43,RIO GRANDE DO SUL,RS,432057,SETE DE SETEMBRO,3.0,2025,DOU,1881.0,1.0,0.0,0.0,0.0,0.0,0.0,0.0,0.0,0.0,0.0,0.0,0.0,3500.0,186.07,sete_de_setembro
04/2026,4,SUL,S,43,RIO GRANDE DO SUL,RS,432060,SEVERIANO DE ALMEIDA,3.0,2025,DOU,3463.0,2.0,0.0,0.0,0.0,0.0,0.0,0.0,0.0,0.0,0.0,0.0,0.0,7000.0,202.13,severiano_de_almeida
04/2026,4,SUL,S,43,RIO GRANDE DO SUL,RS,432065,SILVEIRA MARTINS,3.0,2025,DOU,2056.0,1.0,0.0,0.0,0.0,0.0,0.0,0.0,0.0,0.0,0.0,0.0,0.0,3500.0,170.23,silveira_martins
04/2026,4,SUL,S,43,RIO GRANDE DO SUL,RS,432067,SINIMBU,3.0,2025,DOU,8685.0,3.0,0.0,2.0,0.0,0.0,0.0,0.0,0.0,0.0,0.0,0.0,0.0,14000.0,161.19,sinimbu
04/2026,4,SUL,S,43,RIO GRANDE DO SUL,RS,432070,SOBRADINHO,1.0,2025,DOU,14512.0,4.0,0.0,2.0,0.0,0.0,0.0,0.0,0.0,0.0,0.0,0.0,0.0,17500.0,120.58,sobradinho
04/2026,4,SUL,S,43,RIO GRANDE DO SUL,RS,432080,SOLEDADE,1.0,2025,DOU,30939.0,8.0,2.0,1.0,0.0,0.0,0.0,0.0,1.0,82.0,0.0,0.0,82.0,35082.0,113.39,soledade
04/2026,4,SUL,S,43,RIO GRANDE DO SUL,RS,432085,TABAI,3.0,2025,DOU,4569.0,2.0,0.0,0.0,0.0,0.0,0.0,0.0,0.0,0.0,0.0,0.0,0.0,7000.0,153.2,tabai
04/2026,4,SUL,S,43,RIO GRANDE DO SUL,RS,432090,TAPEJARA,1.0,2025,DOU,25256.0,6.0,2.0,0.0,0.0,0.0,0.0,0.0,0.0,0.0,0.0,0.0,0.0,26250.0,103.93,tapejara
04/2026,4,SUL,S,43,RIO GRANDE DO SUL,RS,432100,TAPERA,2.0,2025,DOU,10824.0,4.0,0.0,0.0,0.0,0.0,0.0,0.0,0.0,0.0,0.0,0.0,0.0,14000.0,129.34,tapera
04/2026,4,SUL,S,43,RIO GRANDE DO SUL,RS,432110,TAPES,1.0,2025,DOU,14920.0,4.0,0.0,0.0,0.0,0.0,0.0,0.0,0.0,0.0,0.0,0.0,0.0,14000.0,93.83,tapes
04/2026,4,SUL,S,43,RIO GRANDE DO SUL,RS,432120,TAQUARA,1.0,2025,DOU,54353.0,18.0,0.0,0.0,0.0,0.0,1.0,35.0,1.0,149.0,0.0,0.0,184.0,63184.0,116.24,taquara
04/2026,4,SUL,S,43,RIO GRANDE DO SUL,RS,432130,TAQUARI,1.0,2025,DOU,25963.0,6.0,0.0,0.0,0.0,0.0,0.0,0.0,0.0,0.0,0.0,0.0,0.0,21000.0,80.88,taquari
04/2026,4,SUL,S,43,RIO GRANDE DO SUL,RS,432132,TAQUARUCU DO SUL,3.0,2025,DOU,3192.0,1.0,0.0,0.0,0.0,0.0,0.0,0.0,0.0,0.0,0.0,0.0,0.0,3500.0,109.64,taquarucu_do_sul
04/2026,4,SUL,S,43,RIO GRANDE DO SUL,RS,432135,TAVARES,3.0,2025,DOU,5319.0,2.0,2.0,0.0,0.0,0.0,0.0,0.0,0.0,0.0,0.0,0.0,0.0,12250.0,230.3,tavares
04/2026,4,SUL,S,43,RIO GRANDE DO SUL,RS,432140,TENENTE PORTELA,3.0,2025,DOU,14820.0,5.0,0.0,0.0,0.0,0.0,0.0,0.0,0.0,0.0,0.0,0.0,0.0,17500.0,118.08,tenente_portela
04/2026,4,SUL,S,43,RIO GRANDE DO SUL,RS,432143,TERRA DE AREIA,1.0,2025,DOU,10575.0,2.0,0.0,2.0,0.0,0.0,0.0,0.0,0.0,0.0,0.0,0.0,0.0,10500.0,99.29,terra_de_areia
04/2026,4,SUL,S,43,RIO GRANDE DO SUL,RS,432145,TEUTONIA,2.0,2025,DOU,34023.0,3.0,6.0,0.0,0.0,0.0,0.0,0.0,0.0,0.0,0.0,0.0,0.0,26250.0,77.15,teutonia
04/2026,4,SUL,S,43,RIO GRANDE DO SUL,RS,432146,TIO HUGO,3.0,2025,DOU,3358.0,1.0,0.0,0.0,0.0,0.0,0.0,0.0,0.0,0.0,0.0,0.0,0.0,3500.0,104.22,tio_hugo
04/2026,4,SUL,S,43,RIO GRANDE DO SUL,RS,432147,TIRADENTES DO SUL,3.0,2025,DOU,5188.0,2.0,0.0,0.0,0.0,0.0,0.0,0.0,0.0,0.0,0.0,0.0,0.0,7000.0,134.92,tiradentes_do_sul
04/2026,4,SUL,S,43,RIO GRANDE DO SUL,RS,432149,TOROPI,3.0,2025,DOU,2594.0,1.0,0.0,0.0,0.0,0.0,0.0,0.0,0.0,0.0,0.0,0.0,0.0,3500.0,134.92,toropi
04/2026,4,SUL,S,43,RIO GRANDE DO SUL,RS,432150,TORRES,1.0,2025,DOU,43344.0,9.0,1.0,0.0,0.0,0.0,1.0,21.0,0.0,0.0,0.0,0.0,21.0,34146.0,78.77,torres
04/2026,4,SUL,S,43,RIO GRANDE DO SUL,RS,432160,TRAMANDAI,1.0,2025,DOU,56430.0,11.0,0.0,0.0,0.0,0.0,0.0,0.0,0.0,0.0,0.0,0.0,0.0,38500.0,68.22,tramandai
04/2026,4,SUL,S,43,RIO GRANDE DO SUL,RS,432162,TRAVESSEIRO,3.0,2025,DOU,2192.0,1.0,0.0,0.0,0.0,0.0,0.0,0.0,0.0,0.0,0.0,0.0,0.0,3500.0,159.67,travesseiro
04/2026,4,SUL,S,43,RIO GRANDE DO SUL,RS,432163,TRES ARROIOS,3.0,2025,DOU,2636.0,1.0,0.0,0.0,0.0,0.0,0.0,0.0,0.0,0.0,0.0,0.0,0.0,3500.0,132.77,tres_arroios
04/2026,4,SUL,S,43,RIO GRANDE DO SUL,RS,432166,TRES CACHOEIRAS,3.0,2025,DOU,11224.0,4.0,0.0,4.0,0.0,0.0,0.0,0.0,0.0,0.0,0.0,0.0,0.0,21000.0,187.09,tres_cachoeiras
04/2026,4,SUL,S,43,RIO GRANDE DO SUL,RS,432170,TRES COROAS,1.0,2025,DOU,24428.0,6.0,1.0,0.0,0.0,0.0,0.0,0.0,0.0,0.0,0.0,0.0,0.0,23625.0,96.71,tres_coroas
04/2026,4,SUL,S,43,RIO GRANDE DO SUL,RS,432180,TRES DE MAIO,1.0,2025,DOU,25466.0,8.0,0.0,4.0,0.0,0.0,0.0,0.0,0.0,0.0,0.0,0.0,0.0,35000.0,137.43,tres_de_maio
04/2026,4,SUL,S,43,RIO GRANDE DO SUL,RS,432183,TRES FORQUILHAS,3.0,2025,DOU,2813.0,1.0,0.0,0.0,0.0,0.0,0.0,0.0,0.0,0.0,0.0,0.0,0.0,3500.0,124.42,tres_forquilhas
04/2026,4,SUL,S,43,RIO GRANDE DO SUL,RS,432185,TRES PALMEIRAS,3.0,2025,DOU,4829.0,2.0,0.0,0.0,0.0,0.0,0.0,0.0,0.0,0.0,0.0,0.0,0.0,7000.0,144.95,tres_palmeiras
04/2026,4,SUL,S,43,RIO GRANDE DO SUL,RS,432190,TRES PASSOS,2.0,2025,DOU,26304.0,8.0,0.0,0.0,0.0,0.0,0.0,0.0,1.0,419.0,0.0,0.0,419.0,28419.0,108.04,tres_passos
04/2026,4,SUL,S,43,RIO GRANDE DO SUL,RS,432195,TRINDADE DO SUL,3.0,2025,DOU,7785.0,3.0,0.0,0.0,0.0,0.0,0.0,0.0,0.0,0.0,0.0,0.0,0.0,10500.0,134.87,trindade_do_sul
04/2026,4,SUL,S,43,RIO GRANDE DO SUL,RS,432200,TRIUNFO,1.0,2025,DOU,28435.0,9.0,0.0,0.0,0.0,0.0,0.0,0.0,0.0,0.0,0.0,0.0,0.0,31500.0,110.77,triunfo
04/2026,4,SUL,S,43,RIO GRANDE DO SUL,RS,432210,TUCUNDUVA,3.0,2025,DOU,5646.0,2.0,0.0,0.0,0.0,0.0,0.0,0.0,0.0,0.0,0.0,0.0,0.0,7000.0,123.98,tucunduva
04/2026,4,SUL,S,43,RIO GRANDE DO SUL,RS,432215,TUNAS,3.0,2025,DOU,3732.0,2.0,0.0,0.0,0.0,0.0,0.0,0.0,0.0,0.0,0.0,0.0,0.0,7000.0,187.56,tunas
04/2026,4,SUL,S,43,RIO GRANDE DO SUL,RS,432218,TUPANCI DO SUL,3.0,2025,DOU,1396.0,1.0,0.0,0.0,0.0,0.0,0.0,0.0,0.0,0.0,0.0,0.0,0.0,3500.0,250.71,tupanci_do_sul
04/2026,4,SUL,S,43,RIO GRANDE DO SUL,RS,432220,TUPANCIRETA,1.0,2025,DOU,20324.0,4.0,2.0,0.0,0.0,0.0,0.0,0.0,0.0,0.0,0.0,0.0,0.0,19250.0,94.71,tupancireta
04/2026,4,SUL,S,43,RIO GRANDE DO SUL,RS,432225,TUPANDI,3.0,2025,DOU,5172.0,1.0,1.0,0.0,0.0,0.0,0.0,0.0,0.0,0.0,0.0,0.0,0.0,6125.0,118.42,tupandi
04/2026,4,SUL,S,43,RIO GRANDE DO SUL,RS,432230,TUPARENDI,3.0,2025,DOU,8535.0,3.0,0.0,0.0,0.0,0.0,0.0,0.0,0.0,0.0,0.0,0.0,0.0,10500.0,123.02,tuparendi
04/2026,4,SUL,S,43,RIO GRANDE DO SUL,RS,432232,TURUCU,3.0,2025,DOU,3488.0,2.0,0.0,0.0,0.0,0.0,0.0,0.0,0.0,0.0,0.0,0.0,0.0,7000.0,200.68,turucu
04/2026,4,SUL,S,43,RIO GRANDE DO SUL,RS,432234,UBIRETAMA,3.0,2025,DOU,2025.0,1.0,0.0,0.0,0.0,0.0,0.0,0.0,0.0,0.0,0.0,0.0,0.0,3500.0,172.83,ubiretama
04/2026,4,SUL,S,43,RIO GRANDE DO SUL,RS,432235,UNIAO DA SERRA,3.0,2025,DOU,1183.0,1.0,0.0,0.0,0.0,0.0,0.0,0.0,0.0,0.0,0.0,0.0,0.0,3500.0,295.85,uniao_da_serra
04/2026,4,SUL,S,43,RIO GRANDE DO SUL,RS,432237,UNISTALDA,3.0,2025,DOU,2047.0,1.0,0.0,0.0,0.0,0.0,0.0,0.0,0.0,0.0,0.0,0.0,0.0,3500.0,170.98,unistalda
04/2026,4,SUL,S,43,RIO GRANDE DO SUL,RS,432240,URUGUAIANA,1.0,2025,DOU,120819.0,23.0,0.0,0.0,0.0,0.0,1.0,144.0,1.0,826.0,0.0,0.0,970.0,81470.0,67.43,uruguaiana
04/2026,4,SUL,S,43,RIO GRANDE DO SUL,RS,432250,VACARIA,1.0,2025,DOU,66146.0,13.0,2.0,0.0,0.0,0.0,0.0,0.0,0.0,0.0,0.0,0.0,0.0,50750.0,76.72,vacaria
04/2026,4,SUL,S,43,RIO GRANDE DO SUL,RS,432253,VALE DO SOL,3.0,2025,DOU,10069.0,4.0,0.0,0.0,0.0,0.0,0.0,0.0,0.0,0.0,0.0,0.0,0.0,14000.0,139.04,vale_do_sol
04/2026,4,SUL,S,43,RIO GRANDE DO SUL,RS,432254,VALE REAL,1.0,2025,DOU,6223.0,3.0,0.0,0.0,0.0,0.0,0.0,0.0,0.0,0.0,0.0,0.0,0.0,10500.0,168.72,vale_real
04/2026,4,SUL,S,43,RIO GRANDE DO SUL,RS,432252,VALE VERDE,3.0,2025,DOU,3213.0,1.0,0.0,0.0,0.0,0.0,0.0,0.0,0.0,0.0,0.0,0.0,0.0,3500.0,108.93,vale_verde
04/2026,4,SUL,S,43,RIO GRANDE DO SUL,RS,432255,VANINI,3.0,2025,DOU,2047.0,1.0,0.0,0.0,0.0,0.0,0.0,0.0,0.0,0.0,0.0,0.0,0.0,3500.0,170.98,vanini
04/2026,4,SUL,S,43,RIO GRANDE DO SUL,RS,432260,VENANCIO AIRES,1.0,2025,DOU,70842.0,7.0,1.0,16.0,0.0,0.0,0.0,0.0,1.0,426.0,0.0,0.0,426.0,55551.0,78.41,venancio_aires
04/2026,4,SUL,S,43,RIO GRANDE DO SUL,RS,432270,VERA CRUZ,1.0,2025,DOU,27670.0,8.0,1.0,1.0,0.0,0.0,0.0,0.0,0.0,0.0,0.0,0.0,0.0,32375.0,117.0,vera_cruz
04/2026,4,SUL,S,43,RIO GRANDE DO SUL,RS,432280,VERANOPOLIS,1.0,2025,DOU,24554.0,5.0,1.0,0.0,0.0,0.0,0.0,0.0,0.0,0.0,0.0,0.0,0.0,20125.0,81.96,veranopolis
04/2026,4,SUL,S,43,RIO GRANDE DO SUL,RS,432285,VESPASIANO CORREA,3.0,2025,DOU,1851.0,1.0,0.0,0.0,0.0,0.0,0.0,0.0,0.0,0.0,0.0,0.0,0.0,3500.0,189.08,vespasiano_correa
04/2026,4,SUL,S,43,RIO GRANDE DO SUL,RS,432290,VIADUTOS,3.0,2025,DOU,4847.0,2.0,0.0,0.0,0.0,0.0,0.0,0.0,0.0,0.0,0.0,0.0,0.0,7000.0,144.41,viadutos
04/2026,4,SUL,S,43,RIO GRANDE DO SUL,RS,432300,VIAMAO,1.0,2025,DOU,231996.0,46.0,2.0,7.0,0.0,0.0,1.0,68.0,0.0,0.0,0.0,0.0,68.0,178568.0,76.97,viamao
04/2026,4,SUL,S,43,RIO GRANDE DO SUL,RS,432310,VICENTE DUTRA,3.0,2025,DOU,4741.0,2.0,0.0,0.0,0.0,0.0,0.0,0.0,0.0,0.0,0.0,0.0,0.0,7000.0,147.64,vicente_dutra
04/2026,4,SUL,S,43,RIO GRANDE DO SUL,RS,432320,VICTOR GRAEFF,3.0,2025,DOU,2829.0,1.0,0.0,0.0,0.0,0.0,0.0,0.0,0.0,0.0,0.0,0.0,0.0,3500.0,123.71,victor_graeff
04/2026,4,SUL,S,43,RIO GRANDE DO SUL,RS,432330,VILA FLORES,3.0,2025,DOU,3741.0,1.0,0.0,1.0,0.0,0.0,0.0,0.0,0.0,0.0,0.0,0.0,0.0,5250.0,140.33,vila_flores
04/2026,4,SUL,S,43,RIO GRANDE DO SUL,RS,432335,VILA LANGARO,3.0,2025,DOU,2121.0,1.0,0.0,0.0,0.0,0.0,0.0,0.0,0.0,0.0,0.0,0.0,0.0,3500.0,165.01,vila_langaro
04/2026,4,SUL,S,43,RIO GRANDE DO SUL,RS,432340,VILA MARIA,3.0,2025,DOU,4515.0,2.0,0.0,0.0,0.0,0.0,0.0,0.0,0.0,0.0,0.0,0.0,0.0,7000.0,155.03,vila_maria
04/2026,4,SUL,S,43,RIO GRANDE DO SUL,RS,432345,VILA NOVA DO SUL,3.0,2025,DOU,3932.0,1.0,0.0,1.0,0.0,0.0,0.0,0.0,0.0,0.0,0.0,0.0,0.0,5250.0,133.51,vila_nova_do_sul
04/2026,4,SUL,S,43,RIO GRANDE DO SUL,RS,432350,VISTA ALEGRE,3.0,2025,DOU,2710.0,1.0,0.0,0.0,0.0,0.0,0.0,0.0,0.0,0.0,0.0,0.0,0.0,3500.0,129.15,vista_alegre
04/2026,4,SUL,S,43,RIO GRANDE DO SUL,RS,432360,VISTA ALEGRE DO PRATA,3.0,2025,DOU,1624.0,1.0,0.0,0.0,0.0,0.0,0.0,0.0,0.0,0.0,0.0,0.0,0.0,3500.0,215.51,vista_alegre_do_prata
04/2026,4,SUL,S,43,RIO GRANDE DO SUL,RS,432370,VISTA GAUCHA,3.0,2025,DOU,2843.0,1.0,0.0,0.0,0.0,0.0,0.0,0.0,0.0,0.0,0.0,0.0,0.0,3500.0,123.1,vista_gaucha
04/2026,4,SUL,S,43,RIO GRANDE DO SUL,RS,432375,VITORIA DAS MISSOES,3.0,2025,DOU,3316.0,2.0,0.0,0.0,0.0,0.0,0.0,0.0,0.0,0.0,0.0,0.0,0.0,7000.0,211.09,vitoria_das_missoes
04/2026,4,SUL,S,43,RIO GRANDE DO SUL,RS,432377,WESTFALIA,3.0,2025,DOU,3223.0,1.0,1.0,0.0,0.0,0.0,0.0,0.0,0.0,0.0,0.0,0.0,0.0,6125.0,190.04,westfalia
04/2026,4,SUL,S,43,RIO GRANDE DO SUL,RS,432380,XANGRI-LA,1.0,2025,DOU,16949.0,5.0,0.0,0.0,0.0,0.0,0.0,0.0,0.0,0.0,0.0,0.0,0.0,17500.0,103.25,xangri_la
04/2026,4,SUL,S,42,SANTA CATARINA,SC,420005,ABDON BATISTA,3.0,2025,DOU,2629.0,1.0,0.0,0.0,0.0,0.0,0.0,0.0,0.0,0.0,0.0,0.0,0.0,3500.0,133.13,abdon_batista
04/2026,4,SUL,S,42,SANTA CATARINA,SC,420010,ABELARDO LUZ,3.0,2025,DOU,17767.0,8.0,0.0,0.0,0.0,0.0,0.0,0.0,0.0,0.0,0.0,0.0,0.0,28000.0,157.59,abelardo_luz
04/2026,4,SUL,S,42,SANTA CATARINA,SC,420020,AGROLANDIA,3.0,2025,DOU,11646.0,5.0,0.0,0.0,0.0,0.0,0.0,0.0,0.0,0.0,0.0,0.0,0.0,17500.0,150.26,agrolandia
04/2026,4,SUL,S,42,SANTA CATARINA,SC,420030,AGRONOMICA,1.0,2025,DOU,6511.0,2.0,0.0,0.0,0.0,0.0,0.0,0.0,0.0,0.0,0.0,0.0,0.0,7000.0,107.51,agronomica
04/2026,4,SUL,S,42,SANTA CATARINA,SC,420040,AGUA DOCE,3.0,2025,DOU,6587.0,3.0,0.0,0.0,0.0,0.0,0.0,0.0,0.0,0.0,0.0,0.0,0.0,10500.0,159.4,agua_doce
04/2026,4,SUL,S,42,SANTA CATARINA,SC,420050,AGUAS DE CHAPECO,3.0,2025,DOU,6123.0,3.0,0.0,0.0,0.0,0.0,0.0,0.0,0.0,0.0,0.0,0.0,0.0,10500.0,171.48,aguas_de_chapeco
04/2026,4,SUL,S,42,SANTA CATARINA,SC,420055,AGUAS FRIAS,3.0,2025,DOU,3000.0,1.0,0.0,0.0,0.0,0.0,0.0,0.0,0.0,0.0,0.0,0.0,0.0,3500.0,116.66,aguas_frias
04/2026,4,SUL,S,42,SANTA CATARINA,SC,420060,AGUAS MORNAS,1.0,2025,DOU,7193.0,3.0,0.0,0.0,0.0,0.0,0.0,0.0,0.0,0.0,0.0,0.0,0.0,10500.0,145.97,aguas_mornas
04/2026,4,SUL,S,42,SANTA CATARINA,SC,420070,ALFREDO WAGNER,3.0,2025,DOU,10963.0,3.0,0.0,0.0,0.0,0.0,0.0,0.0,0.0,0.0,0.0,0.0,0.0,10500.0,95.77,alfredo_wagner
04/2026,4,SUL,S,42,SANTA CATARINA,SC,420075,ALTO BELA VISTA,3.0,2025,DOU,1847.0,1.0,0.0,0.0,0.0,0.0,0.0,0.0,0.0,0.0,0.0,0.0,0.0,3500.0,189.49,alto_bela_vista
04/2026,4,SUL,S,42,SANTA CATARINA,SC,420080,ANCHIETA,3.0,2025,DOU,5955.0,3.0,0.0,0.0,0.0,0.0,0.0,0.0,0.0,0.0,0.0,0.0,0.0,10500.0,176.32,anchieta
04/2026,4,SUL,S,42,SANTA CATARINA,SC,420090,ANGELINA,3.0,2025,DOU,5484.0,2.0,0.0,0.0,0.0,0.0,0.0,0.0,0.0,0.0,0.0,0.0,0.0,7000.0,127.64,angelina
04/2026,4,SUL,S,42,SANTA CATARINA,SC,420100,ANITA GARIBALDI,3.0,2025,DOU,8339.0,3.0,0.0,0.0,0.0,0.0,0.0,0.0,0.0,0.0,0.0,0.0,0.0,10500.0,125.91,anita_garibaldi
04/2026,4,SUL,S,42,SANTA CATARINA,SC,420110,ANITAPOLIS,3.0,2025,DOU,3761.0,1.0,1.0,0.0,0.0,0.0,0.0,0.0,0.0,0.0,0.0,0.0,0.0,6125.0,162.85,anitapolis
04/2026,4,SUL,S,42,SANTA CATARINA,SC,420120,ANTONIO CARLOS,1.0,2025,DOU,12464.0,4.0,0.0,2.0,0.0,0.0,0.0,0.0,0.0,0.0,0.0,0.0,0.0,17500.0,140.4,antonio_carlos
04/2026,4,SUL,S,42,SANTA CATARINA,SC,420125,APIUNA,3.0,2025,DOU,10041.0,5.0,1.0,0.0,0.0,0.0,0.0,0.0,0.0,0.0,0.0,0.0,0.0,20125.0,200.42,apiuna
04/2026,4,SUL,S,42,SANTA CATARINA,SC,420127,ARABUTA,3.0,2025,DOU,4505.0,2.0,0.0,0.0,0.0,0.0,0.0,0.0,0.0,0.0,0.0,0.0,0.0,7000.0,155.38,arabuta
04/2026,4,SUL,S,42,SANTA CATARINA,SC,420130,ARAQUARI,1.0,2025,DOU,52079.0,18.0,0.0,1.0,0.0,0.0,0.0,0.0,0.0,0.0,0.0,0.0,0.0,64750.0,124.33,araquari
04/2026,4,SUL,S,42,SANTA CATARINA,SC,420140,ARARANGUA,1.0,2025,DOU,76611.0,15.0,0.0,0.0,0.0,0.0,0.0,0.0,0.0,0.0,0.0,0.0,0.0,52500.0,68.52,ararangua
04/2026,4,SUL,S,42,SANTA CATARINA,SC,420150,ARMAZEM,3.0,2025,DOU,9289.0,4.0,0.0,0.0,0.0,0.0,0.0,0.0,0.0,0.0,0.0,0.0,0.0,14000.0,150.71,armazem
04/2026,4,SUL,S,42,SANTA CATARINA,SC,420160,ARROIO TRINTA,3.0,2025,DOU,3634.0,1.0,1.0,0.0,0.0,0.0,0.0,0.0,0.0,0.0,0.0,0.0,0.0,6125.0,168.54,arroio_trinta
04/2026,4,SUL,S,42,SANTA CATARINA,SC,420165,ARVOREDO,3.0,2025,DOU,2623.0,1.0,0.0,0.0,0.0,0.0,0.0,0.0,0.0,0.0,0.0,0.0,0.0,3500.0,133.43,arvoredo
04/2026,4,SUL,S,42,SANTA CATARINA,SC,420170,ASCURRA,3.0,2025,DOU,8720.0,4.0,0.0,0.0,0.0,0.0,0.0,0.0,0.0,0.0,0.0,0.0,0.0,14000.0,160.55,ascurra
04/2026,4,SUL,S,42,SANTA CATARINA,SC,420180,ATALANTA,3.0,2025,DOU,3265.0,2.0,0.0,0.0,0.0,0.0,0.0,0.0,0.0,0.0,0.0,0.0,0.0,7000.0,214.39,atalanta
04/2026,4,SUL,S,42,SANTA CATARINA,SC,420190,AURORA,3.0,2025,DOU,7241.0,3.0,0.0,0.0,0.0,0.0,0.0,0.0,0.0,0.0,0.0,0.0,0.0,10500.0,145.0,aurora
04/2026,4,SUL,S,42,SANTA CATARINA,SC,420195,BALNEARIO ARROIO DO SILVA,3.0,2025,DOU,17786.0,6.0,0.0,0.0,0.0,0.0,0.0,0.0,0.0,0.0,0.0,0.0,0.0,21000.0,118.07,balneario_arroio_do_silva
04/2026,4,SUL,S,42,SANTA CATARINA,SC,420205,BALNEARIO BARRA DO SUL,3.0,2025,DOU,16953.0,5.0,0.0,0.0,0.0,0.0,0.0,0.0,0.0,0.0,0.0,0.0,0.0,17500.0,103.22,balneario_barra_do_sul
04/2026,4,SUL,S,42,SANTA CATARINA,SC,420200,BALNEARIO CAMBORIU,1.0,2025,DOU,151674.0,22.0,16.0,0.0,0.0,0.0,0.0,0.0,0.0,0.0,0.0,0.0,0.0,119000.0,78.45,balneario_camboriu
04/2026,4,SUL,S,42,SANTA CATARINA,SC,420207,BALNEARIO GAIVOTA,2.0,2025,DOU,17986.0,6.0,0.0,2.0,0.0,0.0,0.0,0.0,0.0,0.0,0.0,0.0,0.0,24500.0,136.21,balneario_gaivota
04/2026,4,SUL,S,42,SANTA CATARINA,SC,421280,BALNEARIO PICARRAS,1.0,2025,DOU,30593.0,12.0,1.0,0.0,0.0,0.0,0.0,0.0,0.0,0.0,0.0,0.0,0.0,44625.0,145.86,balneario_picarras
04/2026,4,SUL,S,42,SANTA CATARINA,SC,422000,BALNEARIO RINCAO,1.0,2025,DOU,17697.0,6.0,1.0,0.0,0.0,0.0,0.0,0.0,0.0,0.0,0.0,0.0,0.0,23625.0,133.49,balneario_rincao
04/2026,4,SUL,S,42,SANTA CATARINA,SC,420208,BANDEIRANTE,3.0,2025,DOU,3265.0,1.0,0.0,0.0,0.0,0.0,0.0,0.0,0.0,0.0,0.0,0.0,0.0,3500.0,107.19,bandeirante
04/2026,4,SUL,S,42,SANTA CATARINA,SC,420209,BARRA BONITA,3.0,2025,DOU,1642.0,1.0,0.0,0.0,0.0,0.0,0.0,0.0,0.0,0.0,0.0,0.0,0.0,3500.0,213.15,barra_bonita
04/2026,4,SUL,S,42,SANTA CATARINA,SC,420210,BARRA VELHA,1.0,2025,DOU,52860.0,11.0,0.0,0.0,0.0,0.0,0.0,0.0,1.0,387.0,0.0,0.0,387.0,38887.0,73.56,barra_velha
04/2026,4,SUL,S,42,SANTA CATARINA,SC,420213,BELA VISTA DO TOLDO,3.0,2025,DOU,5939.0,3.0,0.0,0.0,0.0,0.0,0.0,0.0,0.0,0.0,0.0,0.0,0.0,10500.0,176.79,bela_vista_do_toldo
04/2026,4,SUL,S,42,SANTA CATARINA,SC,420215,BELMONTE,3.0,2025,DOU,2712.0,1.0,0.0,0.0,0.0,0.0,0.0,0.0,0.0,0.0,0.0,0.0,0.0,3500.0,129.05,belmonte
04/2026,4,SUL,S,42,SANTA CATARINA,SC,420220,BENEDITO NOVO,3.0,2025,DOU,10757.0,6.0,0.0,0.0,0.0,0.0,0.0,0.0,0.0,0.0,0.0,0.0,0.0,21000.0,195.22,benedito_novo
04/2026,4,SUL,S,42,SANTA CATARINA,SC,420230,BIGUACU,1.0,2025,DOU,83756.0,36.0,0.0,0.0,0.0,0.0,1.0,43.0,1.0,143.0,0.0,0.0,186.0,126186.0,150.65,biguacu
04/2026,4,SUL,S,42,SANTA CATARINA,SC,420240,BLUMENAU,1.0,2025,DOU,385558.0,117.0,6.0,8.0,0.0,0.0,1.0,193.0,0.0,0.0,1.0,3259.0,3452.0,442702.0,114.82,blumenau
04/2026,4,SUL,S,42,SANTA CATARINA,SC,420243,BOCAINA DO SUL,3.0,2025,DOU,3639.0,1.0,1.0,0.0,0.0,0.0,0.0,0.0,0.0,0.0,0.0,0.0,0.0,6125.0,168.31,bocaina_do_sul
04/2026,4,SUL,S,42,SANTA CATARINA,SC,420250,BOM JARDIM DA SERRA,3.0,2025,DOU,3995.0,2.0,0.0,0.0,0.0,0.0,0.0,0.0,0.0,0.0,0.0,0.0,0.0,7000.0,175.21,bom_jardim_da_serra
04/2026,4,SUL,S,42,SANTA CATARINA,SC,420253,BOM JESUS,3.0,2025,DOU,2896.0,1.0,0.0,0.0,0.0,0.0,0.0,0.0,0.0,0.0,0.0,0.0,0.0,3500.0,120.85,bom_jesus
04/2026,4,SUL,S,42,SANTA CATARINA,SC,420257,BOM JESUS DO OESTE,3.0,2025,DOU,2240.0,1.0,0.0,0.0,0.0,0.0,0.0,0.0,0.0,0.0,0.0,0.0,0.0,3500.0,156.25,bom_jesus_do_oeste
04/2026,4,SUL,S,42,SANTA CATARINA,SC,420260,BOM RETIRO,3.0,2025,DOU,8422.0,4.0,0.0,0.0,0.0,0.0,0.0,0.0,0.0,0.0,0.0,0.0,0.0,14000.0,166.23,bom_retiro
04/2026,4,SUL,S,42,SANTA CATARINA,SC,420245,BOMBINHAS,1.0,2025,DOU,28738.0,9.0,0.0,0.0,0.0,0.0,0.0,0.0,0.0,0.0,0.0,0.0,0.0,31500.0,109.61,bombinhas
04/2026,4,SUL,S,42,SANTA CATARINA,SC,420270,BOTUVERA,1.0,2025,DOU,5705.0,4.0,0.0,0.0,0.0,0.0,0.0,0.0,0.0,0.0,0.0,0.0,0.0,14000.0,245.39,botuvera
04/2026,4,SUL,S,42,SANTA CATARINA,SC,420280,BRACO DO NORTE,1.0,2025,DOU,35985.0,12.0,0.0,2.0,0.0,0.0,0.0,0.0,0.0,0.0,0.0,0.0,0.0,45500.0,126.44,braco_do_norte
04/2026,4,SUL,S,42,SANTA CATARINA,SC,420285,BRACO DO TROMBUDO,3.0,2025,DOU,4256.0,2.0,0.0,0.0,0.0,0.0,0.0,0.0,0.0,0.0,0.0,0.0,0.0,7000.0,164.47,braco_do_trombudo
04/2026,4,SUL,S,42,SANTA CATARINA,SC,420287,BRUNOPOLIS,3.0,2025,DOU,2433.0,1.0,0.0,0.0,0.0,0.0,0.0,0.0,0.0,0.0,0.0,0.0,0.0,3500.0,143.85,brunopolis
04/2026,4,SUL,S,42,SANTA CATARINA,SC,420290,BRUSQUE,1.0,2025,DOU,155307.0,62.0,0.0,0.0,0.0,0.0,0.0,0.0,0.0,0.0,1.0,20.0,20.0,217020.0,139.73,brusque
04/2026,4,SUL,S,42,SANTA CATARINA,SC,420300,CACADOR,1.0,2025,DOU,76298.0,24.0,1.0,2.0,0.0,0.0,0.0,0.0,0.0,0.0,0.0,0.0,0.0,90125.0,118.12,cacador
04/2026,4,SUL,S,42,SANTA CATARINA,SC,420310,CAIBI,3.0,2025,DOU,6441.0,3.0,0.0,0.0,0.0,0.0,0.0,0.0,0.0,0.0,0.0,0.0,0.0,10500.0,163.01,caibi
04/2026,4,SUL,S,42,SANTA CATARINA,SC,420315,CALMON,3.0,2025,DOU,3519.0,2.0,0.0,0.0,0.0,0.0,0.0,0.0,0.0,0.0,0.0,0.0,0.0,7000.0,198.92,calmon
04/2026,4,SUL,S,42,SANTA CATARINA,SC,420320,CAMBORIU,1.0,2025,DOU,117324.0,26.0,2.0,0.0,0.0,0.0,0.0,0.0,0.0,0.0,0.0,0.0,0.0,96250.0,82.03,camboriu
04/2026,4,SUL,S,42,SANTA CATARINA,SC,420330,CAMPO ALEGRE,3.0,2025,DOU,12886.0,3.0,1.0,0.0,0.0,0.0,0.0,0.0,0.0,0.0,0.0,0.0,0.0,13125.0,101.85,campo_alegre
04/2026,4,SUL,S,42,SANTA CATARINA,SC,420340,CAMPO BELO DO SUL,3.0,2025,DOU,7324.0,4.0,0.0,0.0,0.0,0.0,0.0,0.0,0.0,0.0,0.0,0.0,0.0,14000.0,191.15,campo_belo_do_sul
04/2026,4,SUL,S,42,SANTA CATARINA,SC,420350,CAMPO ERE,3.0,2025,DOU,9864.0,4.0,0.0,0.0,0.0,0.0,0.0,0.0,0.0,0.0,0.0,0.0,0.0,14000.0,141.93,campo_ere
04/2026,4,SUL,S,42,SANTA CATARINA,SC,420360,CAMPOS NOVOS,1.0,2025,DOU,39049.0,11.0,0.0,1.0,0.0,0.0,0.0,0.0,1.0,397.0,0.0,0.0,397.0,40647.0,104.09,campos_novos
04/2026,4,SUL,S,42,SANTA CATARINA,SC,420370,CANELINHA,3.0,2025,DOU,13618.0,6.0,0.0,0.0,0.0,0.0,0.0,0.0,0.0,0.0,0.0,0.0,0.0,21000.0,154.2,canelinha
04/2026,4,SUL,S,42,SANTA CATARINA,SC,420380,CANOINHAS,1.0,2025,DOU,56948.0,21.0,1.0,0.0,0.0,0.0,0.0,0.0,0.0,0.0,0.0,0.0,0.0,76125.0,133.67,canoinhas
04/2026,4,SUL,S,42,SANTA CATARINA,SC,420325,CAPAO ALTO,3.0,2025,DOU,2636.0,1.0,0.0,0.0,0.0,0.0,0.0,0.0,0.0,0.0,0.0,0.0,0.0,3500.0,132.77,capao_alto
04/2026,4,SUL,S,42,SANTA CATARINA,SC,420390,CAPINZAL,2.0,2025,DOU,24414.0,6.0,0.0,0.0,0.0,0.0,0.0,0.0,0.0,0.0,0.0,0.0,0.0,21000.0,86.01,capinzal
04/2026,4,SUL,S,42,SANTA CATARINA,SC,420395,CAPIVARI DE BAIXO,1.0,2025,DOU,25015.0,9.0,1.0,1.0,0.0,0.0,0.0,0.0,0.0,0.0,0.0,0.0,0.0,35875.0,143.41,capivari_de_baixo
04/2026,4,SUL,S,42,SANTA CATARINA,SC,420400,CATANDUVAS,3.0,2025,DOU,11033.0,4.0,0.0,0.0,0.0,0.0,0.0,0.0,0.0,0.0,0.0,0.0,0.0,14000.0,126.89,catanduvas
04/2026,4,SUL,S,42,SANTA CATARINA,SC,420410,CAXAMBU DO SUL,3.0,2025,DOU,4752.0,2.0,0.0,0.0,0.0,0.0,0.0,0.0,0.0,0.0,0.0,0.0,0.0,7000.0,147.3,caxambu_do_sul
04/2026,4,SUL,S,42,SANTA CATARINA,SC,420415,CELSO RAMOS,3.0,2025,DOU,2864.0,1.0,0.0,0.0,0.0,0.0,0.0,0.0,0.0,0.0,0.0,0.0,0.0,3500.0,122.2,celso_ramos
04/2026,4,SUL,S,42,SANTA CATARINA,SC,420417,CERRO NEGRO,3.0,2025,DOU,3303.0,2.0,0.0,0.0,0.0,0.0,0.0,0.0,0.0,0.0,0.0,0.0,0.0,7000.0,211.92,cerro_negro
04/2026,4,SUL,S,42,SANTA CATARINA,SC,420419,CHAPADAO DO LAGEADO,3.0,2025,DOU,3053.0,2.0,0.0,0.0,0.0,0.0,0.0,0.0,0.0,0.0,0.0,0.0,0.0,7000.0,229.28,chapadao_do_lageado
04/2026,4,SUL,S,42,SANTA CATARINA,SC,420420,CHAPECO,1.0,2025,DOU,282648.0,76.0,0.0,0.0,0.0,0.0,0.0,0.0,0.0,0.0,1.0,2564.0,2564.0,268564.0,95.01,chapeco
04/2026,4,SUL,S,42,SANTA CATARINA,SC,420425,COCAL DO SUL,1.0,2025,DOU,18106.0,7.0,0.0,0.0,0.0,0.0,0.0,0.0,0.0,0.0,0.0,0.0,0.0,24500.0,135.31,cocal_do_sul
04/2026,4,SUL,S,42,SANTA CATARINA,SC,420430,CONCORDIA,1.0,2025,DOU,87206.0,16.0,5.0,11.0,0.0,0.0,0.0,0.0,1.0,315.0,0.0,0.0,315.0,88690.0,101.7,concordia
04/2026,4,SUL,S,42,SANTA CATARINA,SC,420435,CORDILHEIRA ALTA,1.0,2025,DOU,5192.0,2.0,0.0,0.0,0.0,0.0,0.0,0.0,0.0,0.0,0.0,0.0,0.0,7000.0,134.82,cordilheira_alta
04/2026,4,SUL,S,42,SANTA CATARINA,SC,420440,CORONEL FREITAS,3.0,2025,DOU,10604.0,3.0,0.0,0.0,0.0,0.0,0.0,0.0,0.0,0.0,0.0,0.0,0.0,10500.0,99.01,coronel_freitas
04/2026,4,SUL,S,42,SANTA CATARINA,SC,420445,CORONEL MARTINS,3.0,2025,DOU,1993.0,1.0,0.0,0.0,0.0,0.0,0.0,0.0,0.0,0.0,0.0,0.0,0.0,3500.0,175.61,coronel_martins
04/2026,4,SUL,S,42,SANTA CATARINA,SC,420455,CORREIA PINTO,1.0,2025,DOU,16253.0,5.0,0.0,0.0,0.0,0.0,0.0,0.0,0.0,0.0,0.0,0.0,0.0,17500.0,107.67,correia_pinto
04/2026,4,SUL,S,42,SANTA CATARINA,SC,420450,CORUPA,1.0,2025,DOU,15912.0,5.0,0.0,0.0,0.0,0.0,0.0,0.0,0.0,0.0,0.0,0.0,0.0,17500.0,109.97,corupa
04/2026,4,SUL,S,42,SANTA CATARINA,SC,420460,CRICIUMA,1.0,2025,DOU,227438.0,62.0,0.0,0.0,0.0,0.0,1.0,263.0,3.0,1214.0,0.0,0.0,1477.0,218477.0,96.06,criciuma
04/2026,4,SUL,S,42,SANTA CATARINA,SC,420470,CUNHA PORA,3.0,2025,DOU,11242.0,4.0,0.0,0.0,0.0,0.0,0.0,0.0,0.0,0.0,0.0,0.0,0.0,14000.0,124.53,cunha_pora
04/2026,4,SUL,S,42,SANTA CATARINA,SC,420475,CUNHATAI,3.0,2025,DOU,2026.0,1.0,0.0,0.0,0.0,0.0,0.0,0.0,0.0,0.0,0.0,0.0,0.0,3500.0,172.75,cunhatai
04/2026,4,SUL,S,42,SANTA CATARINA,SC,420480,CURITIBANOS,1.0,2025,DOU,41741.0,8.0,1.0,0.0,0.0,0.0,0.0,0.0,0.0,0.0,0.0,0.0,0.0,30625.0,73.36,curitibanos
04/2026,4,SUL,S,42,SANTA CATARINA,SC,420490,DESCANSO,3.0,2025,DOU,8652.0,3.0,0.0,0.0,0.0,0.0,0.0,0.0,0.0,0.0,0.0,0.0,0.0,10500.0,121.35,descanso
04/2026,4,SUL,S,42,SANTA CATARINA,SC,420500,DIONISIO CERQUEIRA,2.0,2025,DOU,15316.0,6.0,0.0,0.0,0.0,0.0,0.0,0.0,0.0,0.0,0.0,0.0,0.0,21000.0,137.11,dionisio_cerqueira
04/2026,4,SUL,S,42,SANTA CATARINA,SC,420510,DONA EMMA,3.0,2025,DOU,4435.0,2.0,0.0,0.0,0.0,0.0,0.0,0.0,0.0,0.0,0.0,0.0,0.0,7000.0,157.83,dona_emma
04/2026,4,SUL,S,42,SANTA CATARINA,SC,420515,DOUTOR PEDRINHO,3.0,2025,DOU,3729.0,2.0,0.0,0.0,0.0,0.0,0.0,0.0,0.0,0.0,0.0,0.0,0.0,7000.0,187.71,doutor_pedrinho
04/2026,4,SUL,S,42,SANTA CATARINA,SC,420517,ENTRE RIOS,3.0,2025,DOU,3561.0,1.0,1.0,0.0,0.0,0.0,0.0,0.0,0.0,0.0,0.0,0.0,0.0,6125.0,172.0,entre_rios
04/2026,4,SUL,S,42,SANTA CATARINA,SC,420519,ERMO,3.0,2025,DOU,2354.0,1.0,0.0,0.0,0.0,0.0,0.0,0.0,0.0,0.0,0.0,0.0,0.0,3500.0,148.68,ermo
04/2026,4,SUL,S,42,SANTA CATARINA,SC,420520,ERVAL VELHO,3.0,2025,DOU,5137.0,2.0,0.0,0.0,0.0,0.0,0.0,0.0,0.0,0.0,0.0,0.0,0.0,7000.0,136.26,erval_velho
04/2026,4,SUL,S,42,SANTA CATARINA,SC,420530,FAXINAL DOS GUEDES,3.0,2025,DOU,11537.0,5.0,0.0,0.0,0.0,0.0,0.0,0.0,0.0,0.0,0.0,0.0,0.0,17500.0,151.68,faxinal_dos_guedes
04/2026,4,SUL,S,42,SANTA CATARINA,SC,420535,FLOR DO SERTAO,3.0,2025,DOU,1868.0,1.0,0.0,0.0,0.0,0.0,0.0,0.0,0.0,0.0,0.0,0.0,0.0,3500.0,187.36,flor_do_sertao
04/2026,4,SUL,S,42,SANTA CATARINA,SC,420540,FLORIANOPOLIS,1.0,2025,DOU,587486.0,164.0,11.0,0.0,0.0,0.0,2.0,1302.0,0.0,0.0,0.0,0.0,1302.0,604177.0,102.84,florianopolis
04/2026,4,SUL,S,42,SANTA CATARINA,SC,420543,FORMOSA DO SUL,3.0,2025,DOU,2752.0,1.0,0.0,0.0,0.0,0.0,0.0,0.0,0.0,0.0,0.0,0.0,0.0,3500.0,127.18,formosa_do_sul
04/2026,4,SUL,S,42,SANTA CATARINA,SC,420545,FORQUILHINHA,1.0,2025,DOU,34771.0,12.0,0.0,0.0,0.0,0.0,0.0,0.0,0.0,0.0,0.0,0.0,0.0,42000.0,120.79,forquilhinha
04/2026,4,SUL,S,42,SANTA CATARINA,SC,420550,FRAIBURGO,2.0,2025,DOU,34065.0,11.0,2.0,1.0,0.0,0.0,0.0,0.0,0.0,0.0,0.0,0.0,0.0,45500.0,133.56,fraiburgo
04/2026,4,SUL,S,42,SANTA CATARINA,SC,420555,FREI ROGERIO,3.0,2025,DOU,2437.0,1.0,0.0,0.0,0.0,0.0,0.0,0.0,0.0,0.0,0.0,0.0,0.0,3500.0,143.61,frei_rogerio
04/2026,4,SUL,S,42,SANTA CATARINA,SC,420560,GALVAO,3.0,2025,DOU,3168.0,2.0,0.0,0.0,0.0,0.0,0.0,0.0,0.0,0.0,0.0,0.0,0.0,7000.0,220.95,galvao
04/2026,4,SUL,S,42,SANTA CATARINA,SC,420570,GAROPABA,1.0,2025,DOU,34070.0,15.0,0.0,0.0,0.0,0.0,0.0,0.0,0.0,0.0,0.0,0.0,0.0,52500.0,154.09,garopaba
04/2026,4,SUL,S,42,SANTA CATARINA,SC,420580,GARUVA,3.0,2025,DOU,19970.0,8.0,0.0,0.0,0.0,0.0,0.0,0.0,0.0,0.0,0.0,0.0,0.0,28000.0,140.21,garuva
04/2026,4,SUL,S,42,SANTA CATARINA,SC,420590,GASPAR,1.0,2025,DOU,78344.0,26.0,0.0,0.0,0.0,0.0,0.0,0.0,0.0,0.0,0.0,0.0,0.0,91000.0,116.15,gaspar
04/2026,4,SUL,S,42,SANTA CATARINA,SC,420600,GOVERNADOR CELSO RAMOS,1.0,2025,DOU,18280.0,7.0,0.0,0.0,0.0,0.0,0.0,0.0,0.0,0.0,0.0,0.0,0.0,24500.0,134.02,governador_celso_ramos
04/2026,4,SUL,S,42,SANTA CATARINA,SC,420610,GRAO-PARA,3.0,2025,DOU,6403.0,3.0,0.0,0.0,0.0,0.0,0.0,0.0,0.0,0.0,0.0,0.0,0.0,10500.0,163.98,grao_para
04/2026,4,SUL,S,42,SANTA CATARINA,SC,420620,GRAVATAL,1.0,2025,DOU,13158.0,4.0,1.0,0.0,0.0,0.0,0.0,0.0,0.0,0.0,0.0,0.0,0.0,16625.0,126.34,gravatal
04/2026,4,SUL,S,42,SANTA CATARINA,SC,420630,GUABIRUBA,1.0,2025,DOU,26645.0,8.0,0.0,0.0,0.0,0.0,0.0,0.0,0.0,0.0,0.0,0.0,0.0,28000.0,105.08,guabiruba
04/2026,4,SUL,S,42,SANTA CATARINA,SC,420640,GUARACIABA,3.0,2025,DOU,11071.0,5.0,0.0,0.0,0.0,0.0,0.0,0.0,0.0,0.0,0.0,0.0,0.0,17500.0,158.07,guaraciaba
04/2026,4,SUL,S,42,SANTA CATARINA,SC,420650,GUARAMIRIM,1.0,2025,DOU,51009.0,18.0,0.0,0.0,0.0,0.0,0.0,0.0,0.0,0.0,0.0,0.0,0.0,63000.0,123.5,guaramirim
04/2026,4,SUL,S,42,SANTA CATARINA,SC,420660,GUARUJA DO SUL,3.0,2025,DOU,4893.0,2.0,0.0,0.0,0.0,0.0,0.0,0.0,0.0,0.0,0.0,0.0,0.0,7000.0,143.06,guaruja_do_sul
04/2026,4,SUL,S,42,SANTA CATARINA,SC,420665,GUATAMBU,1.0,2025,DOU,9611.0,2.0,0.0,0.0,0.0,0.0,0.0,0.0,0.0,0.0,0.0,0.0,0.0,7000.0,72.83,guatambu
04/2026,4,SUL,S,42,SANTA CATARINA,SC,420670,HERVAL D'OESTE,1.0,2025,DOU,22222.0,9.0,0.0,0.0,0.0,0.0,0.0,0.0,0.0,0.0,0.0,0.0,0.0,31500.0,141.75,herval_d_oeste
04/2026,4,SUL,S,42,SANTA CATARINA,SC,420675,IBIAM,3.0,2025,DOU,2061.0,1.0,0.0,0.0,0.0,0.0,0.0,0.0,0.0,0.0,0.0,0.0,0.0,3500.0,169.82,ibiam
04/2026,4,SUL,S,42,SANTA CATARINA,SC,420680,IBICARE,3.0,2025,DOU,3295.0,2.0,1.0,0.0,0.0,0.0,0.0,0.0,0.0,0.0,0.0,0.0,0.0,9625.0,292.1,ibicare
04/2026,4,SUL,S,42,SANTA CATARINA,SC,420690,IBIRAMA,3.0,2025,DOU,20900.0,7.0,0.0,2.0,0.0,0.0,0.0,0.0,0.0,0.0,0.0,0.0,0.0,28000.0,133.97,ibirama
04/2026,4,SUL,S,42,SANTA CATARINA,SC,420700,ICARA,1.0,2025,DOU,63489.0,20.0,3.0,3.0,0.0,0.0,0.0,0.0,0.0,0.0,0.0,0.0,0.0,83125.0,130.92,icara
04/2026,4,SUL,S,42,SANTA CATARINA,SC,420710,ILHOTA,1.0,2025,DOU,18627.0,7.0,0.0,0.0,0.0,0.0,0.0,0.0,0.0,0.0,0.0,0.0,0.0,24500.0,131.52,ilhota
04/2026,4,SUL,S,42,SANTA CATARINA,SC,420720,IMARUI,3.0,2025,DOU,12150.0,5.0,0.0,0.0,0.0,0.0,0.0,0.0,0.0,0.0,0.0,0.0,0.0,17500.0,144.03,imarui
04/2026,4,SUL,S,42,SANTA CATARINA,SC,420730,IMBITUBA,1.0,2025,DOU,57256.0,19.0,4.0,0.0,0.0,0.0,0.0,0.0,1.0,29.0,0.0,0.0,29.0,77029.0,134.53,imbituba
04/2026,4,SUL,S,42,SANTA CATARINA,SC,420740,IMBUIA,3.0,2025,DOU,6166.0,3.0,0.0,0.0,0.0,0.0,0.0,0.0,0.0,0.0,0.0,0.0,0.0,10500.0,170.28,imbuia
04/2026,4,SUL,S,42,SANTA CATARINA,SC,420750,INDAIAL,1.0,2025,DOU,77888.0,30.0,0.0,4.0,0.0,0.0,0.0,0.0,0.0,0.0,0.0,0.0,0.0,112000.0,143.79,indaial
04/2026,4,SUL,S,42,SANTA CATARINA,SC,420757,IOMERE,3.0,2025,DOU,2967.0,1.0,0.0,0.0,0.0,0.0,0.0,0.0,0.0,0.0,0.0,0.0,0.0,3500.0,117.96,iomere
04/2026,4,SUL,S,42,SANTA CATARINA,SC,420760,IPIRA,3.0,2025,DOU,4622.0,2.0,0.0,0.0,0.0,0.0,0.0,0.0,0.0,0.0,0.0,0.0,0.0,7000.0,151.44,ipira
04/2026,4,SUL,S,42,SANTA CATARINA,SC,420765,IPORA DO OESTE,3.0,2025,DOU,9759.0,4.0,0.0,0.0,0.0,0.0,0.0,0.0,0.0,0.0,0.0,0.0,0.0,14000.0,143.45,ipora_do_oeste
04/2026,4,SUL,S,42,SANTA CATARINA,SC,420768,IPUACU,3.0,2025,DOU,8133.0,4.0,0.0,0.0,0.0,0.0,0.0,0.0,0.0,0.0,0.0,0.0,0.0,14000.0,172.13,ipuacu
04/2026,4,SUL,S,42,SANTA CATARINA,SC,420770,IPUMIRIM,3.0,2025,DOU,8121.0,3.0,0.0,0.0,0.0,0.0,0.0,0.0,0.0,0.0,0.0,0.0,0.0,10500.0,129.29,ipumirim
04/2026,4,SUL,S,42,SANTA CATARINA,SC,420775,IRACEMINHA,3.0,2025,DOU,3981.0,2.0,0.0,0.0,0.0,0.0,0.0,0.0,0.0,0.0,0.0,0.0,0.0,7000.0,175.83,iraceminha
04/2026,4,SUL,S,42,SANTA CATARINA,SC,420780,IRANI,3.0,2025,DOU,10560.0,5.0,0.0,0.0,0.0,0.0,0.0,0.0,0.0,0.0,0.0,0.0,0.0,17500.0,165.71,irani
04/2026,4,SUL,S,42,SANTA CATARINA,SC,420785,IRATI,3.0,2025,DOU,2098.0,1.0,0.0,0.0,0.0,0.0,0.0,0.0,0.0,0.0,0.0,0.0,0.0,3500.0,166.82,irati
04/2026,4,SUL,S,42,SANTA CATARINA,SC,420790,IRINEOPOLIS,3.0,2025,DOU,10427.0,5.0,0.0,0.0,0.0,0.0,0.0,0.0,0.0,0.0,0.0,0.0,0.0,17500.0,167.83,irineopolis
04/2026,4,SUL,S,42,SANTA CATARINA,SC,420800,ITA,3.0,2025,DOU,7370.0,3.0,0.0,0.0,0.0,0.0,0.0,0.0,0.0,0.0,0.0,0.0,0.0,10500.0,142.46,ita
04/2026,4,SUL,S,42,SANTA CATARINA,SC,420810,ITAIOPOLIS,3.0,2025,DOU,22906.0,9.0,1.0,0.0,0.0,0.0,0.0,0.0,0.0,0.0,0.0,0.0,0.0,34125.0,148.97,itaiopolis
04/2026,4,SUL,S,42,SANTA CATARINA,SC,420820,ITAJAI,1.0,2025,DOU,294850.0,78.0,0.0,0.0,0.0,0.0,1.0,207.0,0.0,0.0,1.0,14.0,221.0,273221.0,92.66,itajai
04/2026,4,SUL,S,42,SANTA CATARINA,SC,420830,ITAPEMA,1.0,2025,DOU,86116.0,29.0,3.0,0.0,0.0,0.0,0.0,0.0,1.0,190.0,0.0,0.0,190.0,109565.0,127.22,itapema
04/2026,4,SUL,S,42,SANTA CATARINA,SC,420840,ITAPIRANGA,3.0,2025,DOU,17268.0,6.0,0.0,0.0,0.0,0.0,0.0,0.0,0.0,0.0,0.0,0.0,0.0,21000.0,121.61,itapiranga
04/2026,4,SUL,S,42,SANTA CATARINA,SC,420845,ITAPOA,3.0,2025,DOU,36033.0,13.0,0.0,0.0,0.0,0.0,0.0,0.0,0.0,0.0,0.0,0.0,0.0,45500.0,126.27,itapoa
04/2026,4,SUL,S,42,SANTA CATARINA,SC,420850,ITUPORANGA,3.0,2025,DOU,28461.0,8.0,0.0,0.0,0.0,0.0,0.0,0.0,0.0,0.0,0.0,0.0,0.0,28000.0,98.38,ituporanga
04/2026,4,SUL,S,42,SANTA CATARINA,SC,420860,JABORA,3.0,2025,DOU,4461.0,2.0,0.0,0.0,0.0,0.0,0.0,0.0,0.0,0.0,0.0,0.0,0.0,7000.0,156.91,jabora
04/2026,4,SUL,S,42,SANTA CATARINA,SC,420870,JACINTO MACHADO,3.0,2025,DOU,10818.0,3.0,1.0,0.0,0.0,0.0,0.0,0.0,0.0,0.0,0.0,0.0,0.0,13125.0,121.32,jacinto_machado
04/2026,4,SUL,S,42,SANTA CATARINA,SC,420880,JAGUARUNA,3.0,2025,DOU,21570.0,9.0,0.0,3.0,0.0,0.0,0.0,0.0,0.0,0.0,0.0,0.0,0.0,36750.0,170.37,jaguaruna
04/2026,4,SUL,S,42,SANTA CATARINA,SC,420890,JARAGUA DO SUL,1.0,2025,DOU,199519.0,37.0,0.0,0.0,0.0,0.0,0.0,0.0,1.0,1255.0,0.0,0.0,1255.0,130755.0,65.53,jaragua_do_sul
04/2026,4,SUL,S,42,SANTA CATARINA,SC,420895,JARDINOPOLIS,3.0,2025,DOU,1810.0,1.0,0.0,0.0,0.0,0.0,0.0,0.0,0.0,0.0,0.0,0.0,0.0,3500.0,193.37,jardinopolis
04/2026,4,SUL,S,42,SANTA CATARINA,SC,420900,JOACABA,1.0,2025,DOU,31809.0,11.0,2.0,0.0,0.0,0.0,0.0,0.0,0.0,0.0,0.0,0.0,0.0,43750.0,137.53,joacaba
04/2026,4,SUL,S,42,SANTA CATARINA,SC,420910,JOINVILLE,1.0,2025,DOU,664541.0,178.0,0.0,0.0,0.0,0.0,1.0,944.0,3.0,2293.0,1.0,2788.0,6025.0,629025.0,94.65,joinville
04/2026,4,SUL,S,42,SANTA CATARINA,SC,420915,JOSE BOITEUX,3.0,2025,DOU,6415.0,3.0,0.0,0.0,0.0,0.0,0.0,0.0,0.0,0.0,0.0,0.0,0.0,10500.0,163.67,jose_boiteux
04/2026,4,SUL,S,42,SANTA CATARINA,SC,420917,JUPIA,3.0,2025,DOU,2713.0,1.0,0.0,0.0,0.0,0.0,0.0,0.0,0.0,0.0,0.0,0.0,0.0,3500.0,129.0,jupia
04/2026,4,SUL,S,42,SANTA CATARINA,SC,420920,LACERDOPOLIS,3.0,2025,DOU,2302.0,1.0,0.0,0.0,0.0,0.0,0.0,0.0,0.0,0.0,0.0,0.0,0.0,3500.0,152.04,lacerdopolis
04/2026,4,SUL,S,42,SANTA CATARINA,SC,420930,LAGES,1.0,2025,DOU,172458.0,51.0,0.0,0.0,0.0,0.0,0.0,0.0,2.0,1233.0,0.0,0.0,1233.0,179733.0,104.21,lages
04/2026,4,SUL,S,42,SANTA CATARINA,SC,420940,LAGUNA,1.0,2025,DOU,44060.0,20.0,0.0,0.0,0.0,0.0,0.0,0.0,1.0,273.0,0.0,0.0,273.0,70273.0,159.49,laguna
04/2026,4,SUL,S,42,SANTA CATARINA,SC,420945,LAJEADO GRANDE,3.0,2025,DOU,1791.0,1.0,0.0,0.0,0.0,0.0,0.0,0.0,0.0,0.0,0.0,0.0,0.0,3500.0,195.42,lajeado_grande
04/2026,4,SUL,S,42,SANTA CATARINA,SC,420950,LAURENTINO,3.0,2025,DOU,8605.0,4.0,0.0,0.0,0.0,0.0,0.0,0.0,0.0,0.0,0.0,0.0,0.0,14000.0,162.69,laurentino
04/2026,4,SUL,S,42,SANTA CATARINA,SC,420960,LAURO MULLER,3.0,2025,DOU,14628.0,7.0,0.0,0.0,0.0,0.0,0.0,0.0,0.0,0.0,0.0,0.0,0.0,24500.0,167.48,lauro_muller
04/2026,4,SUL,S,42,SANTA CATARINA,SC,420970,LEBON REGIS,3.0,2025,DOU,11575.0,4.0,0.0,1.0,0.0,0.0,0.0,0.0,0.0,0.0,0.0,0.0,0.0,15750.0,136.06,lebon_regis
04/2026,4,SUL,S,42,SANTA CATARINA,SC,420980,LEOBERTO LEAL,3.0,2025,DOU,3379.0,2.0,0.0,0.0,0.0,0.0,0.0,0.0,0.0,0.0,0.0,0.0,0.0,7000.0,207.16,leoberto_leal
04/2026,4,SUL,S,42,SANTA CATARINA,SC,420985,LINDOIA DO SUL,3.0,2025,DOU,4604.0,2.0,0.0,0.0,0.0,0.0,0.0,0.0,0.0,0.0,0.0,0.0,0.0,7000.0,152.04,lindoia_do_sul
04/2026,4,SUL,S,42,SANTA CATARINA,SC,420990,LONTRAS,1.0,2025,DOU,13829.0,6.0,0.0,0.0,0.0,0.0,0.0,0.0,0.0,0.0,0.0,0.0,0.0,21000.0,151.85,lontras
04/2026,4,SUL,S,42,SANTA CATARINA,SC,421000,LUIZ ALVES,3.0,2025,DOU,12246.0,5.0,1.0,0.0,0.0,0.0,0.0,0.0,0.0,0.0,0.0,0.0,0.0,20125.0,164.33,luiz_alves
04/2026,4,SUL,S,42,SANTA CATARINA,SC,421003,LUZERNA,1.0,2025,DOU,5951.0,3.0,0.0,0.0,0.0,0.0,0.0,0.0,0.0,0.0,0.0,0.0,0.0,10500.0,176.44,luzerna
04/2026,4,SUL,S,42,SANTA CATARINA,SC,421005,MACIEIRA,3.0,2025,DOU,1796.0,1.0,0.0,0.0,0.0,0.0,0.0,0.0,0.0,0.0,0.0,0.0,0.0,3500.0,194.87,macieira
04/2026,4,SUL,S,42,SANTA CATARINA,SC,421010,MAFRA,1.0,2025,DOU,57262.0,26.0,0.0,1.0,0.0,0.0,0.0,0.0,1.0,801.0,0.0,0.0,801.0,93551.0,163.37,mafra
04/2026,4,SUL,S,42,SANTA CATARINA,SC,421020,MAJOR GERCINO,3.0,2025,DOU,3253.0,2.0,0.0,0.0,0.0,0.0,0.0,0.0,0.0,0.0,0.0,0.0,0.0,7000.0,215.18,major_gercino
04/2026,4,SUL,S,42,SANTA CATARINA,SC,421030,MAJOR VIEIRA,3.0,2025,DOU,7543.0,4.0,0.0,0.0,0.0,0.0,0.0,0.0,0.0,0.0,0.0,0.0,0.0,14000.0,185.6,major_vieira
04/2026,4,SUL,S,42,SANTA CATARINA,SC,421040,MARACAJA,3.0,2025,DOU,8344.0,3.0,0.0,0.0,0.0,0.0,0.0,0.0,0.0,0.0,0.0,0.0,0.0,10500.0,125.83,maracaja
04/2026,4,SUL,S,42,SANTA CATARINA,SC,421050,MARAVILHA,1.0,2025,DOU,30743.0,10.0,0.0,0.0,0.0,0.0,0.0,0.0,1.0,210.0,0.0,0.0,210.0,35210.0,114.53,maravilha
04/2026,4,SUL,S,42,SANTA CATARINA,SC,421055,MAREMA,3.0,2025,DOU,2218.0,1.0,0.0,0.0,0.0,0.0,0.0,0.0,0.0,0.0,0.0,0.0,0.0,3500.0,157.79,marema
04/2026,4,SUL,S,42,SANTA CATARINA,SC,421060,MASSARANDUBA,3.0,2025,DOU,18122.0,7.0,0.0,0.0,0.0,0.0,0.0,0.0,0.0,0.0,0.0,0.0,0.0,24500.0,135.19,massaranduba
04/2026,4,SUL,S,42,SANTA CATARINA,SC,421070,MATOS COSTA,3.0,2025,DOU,2789.0,2.0,0.0,0.0,0.0,0.0,0.0,0.0,0.0,0.0,0.0,0.0,0.0,7000.0,250.98,matos_costa
04/2026,4,SUL,S,42,SANTA CATARINA,SC,421080,MELEIRO,3.0,2025,DOU,7128.0,3.0,0.0,0.0,0.0,0.0,0.0,0.0,0.0,0.0,0.0,0.0,0.0,10500.0,147.3,meleiro
04/2026,4,SUL,S,42,SANTA CATARINA,SC,421085,MIRIM DOCE,3.0,2025,DOU,2554.0,1.0,0.0,0.0,0.0,0.0,0.0,0.0,0.0,0.0,0.0,0.0,0.0,3500.0,137.03,mirim_doce
04/2026,4,SUL,S,42,SANTA CATARINA,SC,421090,MODELO,3.0,2025,DOU,4159.0,2.0,0.0,0.0,0.0,0.0,0.0,0.0,0.0,0.0,0.0,0.0,0.0,7000.0,168.3,modelo
04/2026,4,SUL,S,42,SANTA CATARINA,SC,421100,MONDAI,3.0,2025,DOU,10206.0,4.0,0.0,0.0,0.0,0.0,0.0,0.0,0.0,0.0,0.0,0.0,0.0,14000.0,137.17,mondai
04/2026,4,SUL,S,42,SANTA CATARINA,SC,421105,MONTE CARLO,2.0,2025,DOU,9218.0,4.0,0.0,0.0,0.0,0.0,0.0,0.0,0.0,0.0,0.0,0.0,0.0,14000.0,151.87,monte_carlo
04/2026,4,SUL,S,42,SANTA CATARINA,SC,421110,MONTE CASTELO,3.0,2025,DOU,7747.0,4.0,0.0,0.0,0.0,0.0,0.0,0.0,0.0,0.0,0.0,0.0,0.0,14000.0,180.71,monte_castelo
04/2026,4,SUL,S,42,SANTA CATARINA,SC,421120,MORRO DA FUMACA,1.0,2025,DOU,19490.0,7.0,0.0,4.0,0.0,0.0,0.0,0.0,0.0,0.0,0.0,0.0,0.0,31500.0,161.62,morro_da_fumaca
04/2026,4,SUL,S,42,SANTA CATARINA,SC,421125,MORRO GRANDE,1.0,2025,DOU,3097.0,1.0,0.0,0.0,0.0,0.0,0.0,0.0,0.0,0.0,0.0,0.0,0.0,3500.0,113.01,morro_grande
04/2026,4,SUL,S,42,SANTA CATARINA,SC,421130,NAVEGANTES,1.0,2025,DOU,96046.0,29.0,4.0,1.0,0.0,0.0,0.0,0.0,0.0,0.0,0.0,0.0,0.0,113750.0,118.43,navegantes
04/2026,4,SUL,S,42,SANTA CATARINA,SC,421140,NOVA ERECHIM,3.0,2025,DOU,5490.0,2.0,0.0,0.0,0.0,0.0,0.0,0.0,0.0,0.0,0.0,0.0,0.0,7000.0,127.5,nova_erechim
04/2026,4,SUL,S,42,SANTA CATARINA,SC,421145,NOVA ITABERABA,3.0,2025,DOU,4672.0,2.0,0.0,0.0,0.0,0.0,0.0,0.0,0.0,0.0,0.0,0.0,0.0,7000.0,149.82,nova_itaberaba
04/2026,4,SUL,S,42,SANTA CATARINA,SC,421150,NOVA TRENTO,3.0,2025,DOU,14395.0,7.0,2.0,0.0,0.0,0.0,0.0,0.0,0.0,0.0,0.0,0.0,0.0,29750.0,206.66,nova_trento
04/2026,4,SUL,S,42,SANTA CATARINA,SC,421160,NOVA VENEZA,1.0,2025,DOU,14004.0,6.0,0.0,0.0,0.0,0.0,0.0,0.0,0.0,0.0,0.0,0.0,0.0,21000.0,149.95,nova_veneza
04/2026,4,SUL,S,42,SANTA CATARINA,SC,421165,NOVO HORIZONTE,3.0,2025,DOU,2661.0,1.0,0.0,0.0,0.0,0.0,0.0,0.0,0.0,0.0,0.0,0.0,0.0,3500.0,131.52,novo_horizonte
04/2026,4,SUL,S,42,SANTA CATARINA,SC,421170,ORLEANS,2.0,2025,DOU,24686.0,9.0,0.0,0.0,0.0,0.0,0.0,0.0,0.0,0.0,0.0,0.0,0.0,31500.0,127.6,orleans
04/2026,4,SUL,S,42,SANTA CATARINA,SC,421175,OTACILIO COSTA,1.0,2025,DOU,17873.0,6.0,0.0,0.0,0.0,0.0,0.0,0.0,0.0,0.0,0.0,0.0,0.0,21000.0,117.49,otacilio_costa
04/2026,4,SUL,S,42,SANTA CATARINA,SC,421180,OURO,2.0,2025,DOU,7062.0,3.0,0.0,0.0,0.0,0.0,0.0,0.0,0.0,0.0,0.0,0.0,0.0,10500.0,148.68,ouro
04/2026,4,SUL,S,42,SANTA CATARINA,SC,421185,OURO VERDE,3.0,2025,DOU,2195.0,1.0,0.0,0.0,0.0,0.0,0.0,0.0,0.0,0.0,0.0,0.0,0.0,3500.0,159.45,ouro_verde
04/2026,4,SUL,S,42,SANTA CATARINA,SC,421187,PAIAL,3.0,2025,DOU,2007.0,1.0,0.0,0.0,0.0,0.0,0.0,0.0,0.0,0.0,0.0,0.0,0.0,3500.0,174.38,paial
04/2026,4,SUL,S,42,SANTA CATARINA,SC,421189,PAINEL,3.0,2025,DOU,2216.0,1.0,0.0,0.0,0.0,0.0,0.0,0.0,0.0,0.0,0.0,0.0,0.0,3500.0,157.94,painel
04/2026,4,SUL,S,42,SANTA CATARINA,SC,421190,PALHOCA,1.0,2025,DOU,253469.0,48.0,0.0,0.0,0.0,0.0,1.0,415.0,0.0,0.0,0.0,0.0,415.0,168415.0,66.44,palhoca
04/2026,4,SUL,S,42,SANTA CATARINA,SC,421200,PALMA SOLA,3.0,2025,DOU,7696.0,4.0,0.0,0.0,0.0,0.0,0.0,0.0,0.0,0.0,0.0,0.0,0.0,14000.0,181.91,palma_sola
04/2026,4,SUL,S,42,SANTA CATARINA,SC,421205,PALMEIRA,3.0,2025,DOU,2658.0,1.0,0.0,0.0,0.0,0.0,0.0,0.0,0.0,0.0,0.0,0.0,0.0,3500.0,131.67,palmeira
04/2026,4,SUL,S,42,SANTA CATARINA,SC,421210,PALMITOS,3.0,2025,DOU,15781.0,5.0,0.0,0.0,0.0,0.0,0.0,0.0,0.0,0.0,0.0,0.0,0.0,17500.0,110.89,palmitos
04/2026,4,SUL,S,42,SANTA CATARINA,SC,421220,PAPANDUVA,3.0,2025,DOU,19769.0,6.0,1.0,0.0,0.0,0.0,0.0,0.0,0.0,0.0,0.0,0.0,0.0,23625.0,119.5,papanduva
04/2026,4,SUL,S,42,SANTA CATARINA,SC,421223,PARAISO,3.0,2025,DOU,4394.0,2.0,0.0,0.0,0.0,0.0,0.0,0.0,0.0,0.0,0.0,0.0,0.0,7000.0,159.3,paraiso
04/2026,4,SUL,S,42,SANTA CATARINA,SC,421225,PASSO DE TORRES,1.0,2025,DOU,14859.0,3.0,2.0,0.0,0.0,0.0,0.0,0.0,0.0,0.0,0.0,0.0,0.0,15750.0,105.99,passo_de_torres
04/2026,4,SUL,S,42,SANTA CATARINA,SC,421227,PASSOS MAIA,3.0,2025,DOU,3997.0,2.0,0.0,0.0,0.0,0.0,0.0,0.0,0.0,0.0,0.0,0.0,0.0,7000.0,175.13,passos_maia
04/2026,4,SUL,S,42,SANTA CATARINA,SC,421230,PAULO LOPES,1.0,2025,DOU,9879.0,3.0,1.0,0.0,0.0,0.0,0.0,0.0,0.0,0.0,0.0,0.0,0.0,13125.0,132.85,paulo_lopes
04/2026,4,SUL,S,42,SANTA CATARINA,SC,421240,PEDRAS GRANDES,3.0,2025,DOU,4355.0,2.0,0.0,0.0,0.0,0.0,0.0,0.0,0.0,0.0,0.0,0.0,0.0,7000.0,160.73,pedras_grandes
04/2026,4,SUL,S,42,SANTA CATARINA,SC,421250,PENHA,1.0,2025,DOU,36995.0,14.0,1.0,0.0,0.0,0.0,0.0,0.0,0.0,0.0,0.0,0.0,0.0,51625.0,139.54,penha
04/2026,4,SUL,S,42,SANTA CATARINA,SC,421260,PERITIBA,3.0,2025,DOU,3040.0,1.0,0.0,0.0,0.0,0.0,0.0,0.0,0.0,0.0,0.0,0.0,0.0,3500.0,115.13,peritiba
04/2026,4,SUL,S,42,SANTA CATARINA,SC,421265,PESCARIA BRAVA,2.0,2025,DOU,10615.0,5.0,0.0,0.0,0.0,0.0,0.0,0.0,0.0,0.0,0.0,0.0,0.0,17500.0,164.86,pescaria_brava
04/2026,4,SUL,S,42,SANTA CATARINA,SC,421270,PETROLANDIA,3.0,2025,DOU,6996.0,3.0,0.0,0.0,0.0,0.0,0.0,0.0,0.0,0.0,0.0,0.0,0.0,10500.0,150.08,petrolandia
04/2026,4,SUL,S,42,SANTA CATARINA,SC,421290,PINHALZINHO,1.0,2025,DOU,23897.0,7.0,0.0,0.0,0.0,0.0,0.0,0.0,0.0,0.0,0.0,0.0,0.0,24500.0,102.52,pinhalzinho
04/2026,4,SUL,S,42,SANTA CATARINA,SC,421300,PINHEIRO PRETO,3.0,2025,DOU,3631.0,2.0,0.0,0.0,0.0,0.0,0.0,0.0,0.0,0.0,0.0,0.0,0.0,7000.0,192.78,pinheiro_preto
04/2026,4,SUL,S,42,SANTA CATARINA,SC,421310,PIRATUBA,3.0,2025,DOU,6144.0,2.0,0.0,0.0,0.0,0.0,0.0,0.0,0.0,0.0,0.0,0.0,0.0,7000.0,113.93,piratuba
04/2026,4,SUL,S,42,SANTA CATARINA,SC,421315,PLANALTO ALEGRE,3.0,2025,DOU,3081.0,1.0,0.0,0.0,0.0,0.0,0.0,0.0,0.0,0.0,0.0,0.0,0.0,3500.0,113.59,planalto_alegre
04/2026,4,SUL,S,42,SANTA CATARINA,SC,421320,POMERODE,2.0,2025,DOU,37003.0,14.0,0.0,0.0,0.0,0.0,0.0,0.0,0.0,0.0,0.0,0.0,0.0,49000.0,132.42,pomerode
04/2026,4,SUL,S,42,SANTA CATARINA,SC,421330,PONTE ALTA,3.0,2025,DOU,4390.0,2.0,0.0,0.0,0.0,0.0,0.0,0.0,0.0,0.0,0.0,0.0,0.0,7000.0,159.45,ponte_alta
04/2026,4,SUL,S,42,SANTA CATARINA,SC,421335,PONTE ALTA DO NORTE,3.0,2025,DOU,3241.0,2.0,0.0,0.0,0.0,0.0,0.0,0.0,0.0,0.0,0.0,0.0,0.0,7000.0,215.98,ponte_alta_do_norte
04/2026,4,SUL,S,42,SANTA CATARINA,SC,421340,PONTE SERRADA,3.0,2025,DOU,10732.0,4.0,0.0,0.0,0.0,0.0,0.0,0.0,0.0,0.0,0.0,0.0,0.0,14000.0,130.45,ponte_serrada
04/2026,4,SUL,S,42,SANTA CATARINA,SC,421350,PORTO BELO,1.0,2025,DOU,31557.0,16.0,0.0,0.0,0.0,0.0,0.0,0.0,0.0,0.0,0.0,0.0,0.0,56000.0,177.45,porto_belo
04/2026,4,SUL,S,42,SANTA CATARINA,SC,421360,PORTO UNIAO,1.0,2025,DOU,33694.0,12.0,0.0,0.0,0.0,0.0,0.0,0.0,0.0,0.0,0.0,0.0,0.0,42000.0,124.65,porto_uniao
04/2026,4,SUL,S,42,SANTA CATARINA,SC,421370,POUSO REDONDO,3.0,2025,DOU,18051.0,8.0,0.0,0.0,0.0,0.0,0.0,0.0,0.0,0.0,0.0,0.0,0.0,28000.0,155.11,pouso_redondo
04/2026,4,SUL,S,42,SANTA CATARINA,SC,421380,PRAIA GRANDE,3.0,2025,DOU,8696.0,3.0,0.0,0.0,0.0,0.0,0.0,0.0,0.0,0.0,0.0,0.0,0.0,10500.0,120.74,praia_grande
04/2026,4,SUL,S,42,SANTA CATARINA,SC,421390,PRESIDENTE CASTELLO BRANCO,3.0,2025,DOU,1707.0,1.0,0.0,0.0,0.0,0.0,0.0,0.0,0.0,0.0,0.0,0.0,0.0,3500.0,205.03,presidente_castello_branco
04/2026,4,SUL,S,42,SANTA CATARINA,SC,421400,PRESIDENTE GETULIO,3.0,2025,DOU,21764.0,11.0,0.0,0.0,0.0,0.0,0.0,0.0,0.0,0.0,0.0,0.0,0.0,38500.0,176.89,presidente_getulio
04/2026,4,SUL,S,42,SANTA CATARINA,SC,421410,PRESIDENTE NEREU,3.0,2025,DOU,2347.0,1.0,0.0,0.0,0.0,0.0,0.0,0.0,0.0,0.0,0.0,0.0,0.0,3500.0,149.12,presidente_nereu
04/2026,4,SUL,S,42,SANTA CATARINA,SC,421415,PRINCESA,3.0,2025,DOU,3073.0,1.0,0.0,0.0,0.0,0.0,0.0,0.0,0.0,0.0,0.0,0.0,0.0,3500.0,113.89,princesa
04/2026,4,SUL,S,42,SANTA CATARINA,SC,421420,QUILOMBO,3.0,2025,DOU,11433.0,4.0,0.0,0.0,0.0,0.0,0.0,0.0,0.0,0.0,0.0,0.0,0.0,14000.0,122.45,quilombo
04/2026,4,SUL,S,42,SANTA CATARINA,SC,421430,RANCHO QUEIMADO,3.0,2025,DOU,3484.0,1.0,0.0,0.0,0.0,0.0,0.0,0.0,0.0,0.0,0.0,0.0,0.0,3500.0,100.45,rancho_queimado
04/2026,4,SUL,S,42,SANTA CATARINA,SC,421440,RIO DAS ANTAS,3.0,2025,DOU,6399.0,2.0,0.0,0.0,0.0,0.0,0.0,0.0,0.0,0.0,0.0,0.0,0.0,7000.0,109.39,rio_das_antas
04/2026,4,SUL,S,42,SANTA CATARINA,SC,421450,RIO DO CAMPO,3.0,2025,DOU,6638.0,3.0,0.0,0.0,0.0,0.0,0.0,0.0,0.0,0.0,0.0,0.0,0.0,10500.0,158.18,rio_do_campo
04/2026,4,SUL,S,42,SANTA CATARINA,SC,421460,RIO DO OESTE,3.0,2025,DOU,8071.0,3.0,0.0,0.0,0.0,0.0,0.0,0.0,0.0,0.0,0.0,0.0,0.0,10500.0,130.09,rio_do_oeste
04/2026,4,SUL,S,42,SANTA CATARINA,SC,421480,RIO DO SUL,1.0,2025,DOU,77451.0,17.0,0.0,1.0,0.0,0.0,0.0,0.0,1.0,631.0,0.0,0.0,631.0,61881.0,79.89,rio_do_sul
04/2026,4,SUL,S,42,SANTA CATARINA,SC,421470,RIO DOS CEDROS,3.0,2025,DOU,11218.0,4.0,0.0,2.0,0.0,0.0,0.0,0.0,0.0,0.0,0.0,0.0,0.0,17500.0,155.99,rio_dos_cedros
04/2026,4,SUL,S,42,SANTA CATARINA,SC,421490,RIO FORTUNA,3.0,2025,DOU,5044.0,2.0,0.0,0.0,0.0,0.0,0.0,0.0,0.0,0.0,0.0,0.0,0.0,7000.0,138.77,rio_fortuna
04/2026,4,SUL,S,42,SANTA CATARINA,SC,421500,RIO NEGRINHO,1.0,2025,DOU,40132.0,10.0,1.0,0.0,0.0,0.0,0.0,0.0,0.0,0.0,0.0,0.0,0.0,37625.0,93.75,rio_negrinho
04/2026,4,SUL,S,42,SANTA CATARINA,SC,421505,RIO RUFINO,3.0,2025,DOU,2429.0,1.0,0.0,0.0,0.0,0.0,0.0,0.0,0.0,0.0,0.0,0.0,0.0,3500.0,144.09,rio_rufino
04/2026,4,SUL,S,42,SANTA CATARINA,SC,421507,RIQUEZA,3.0,2025,DOU,4828.0,2.0,0.0,0.0,0.0,0.0,0.0,0.0,0.0,0.0,0.0,0.0,0.0,7000.0,144.98,riqueza
04/2026,4,SUL,S,42,SANTA CATARINA,SC,421510,RODEIO,3.0,2025,DOU,13491.0,5.0,0.0,0.0,0.0,0.0,0.0,0.0,0.0,0.0,0.0,0.0,0.0,17500.0,129.71,rodeio
04/2026,4,SUL,S,42,SANTA CATARINA,SC,421520,ROMELANDIA,3.0,2025,DOU,4684.0,2.0,0.0,0.0,0.0,0.0,0.0,0.0,0.0,0.0,0.0,0.0,0.0,7000.0,149.44,romelandia
04/2026,4,SUL,S,42,SANTA CATARINA,SC,421530,SALETE,3.0,2025,DOU,7656.0,4.0,0.0,0.0,0.0,0.0,0.0,0.0,0.0,0.0,0.0,0.0,0.0,14000.0,182.86,salete
04/2026,4,SUL,S,42,SANTA CATARINA,SC,421535,SALTINHO,3.0,2025,DOU,3604.0,2.0,0.0,0.0,0.0,0.0,0.0,0.0,0.0,0.0,0.0,0.0,0.0,7000.0,194.22,saltinho
04/2026,4,SUL,S,42,SANTA CATARINA,SC,421540,SALTO VELOSO,2.0,2025,DOU,4495.0,2.0,0.0,0.0,0.0,0.0,0.0,0.0,0.0,0.0,0.0,0.0,0.0,7000.0,155.72,salto_veloso
04/2026,4,SUL,S,42,SANTA CATARINA,SC,421545,SANGAO,3.0,2025,DOU,13797.0,6.0,0.0,0.0,0.0,0.0,0.0,0.0,0.0,0.0,0.0,0.0,0.0,21000.0,152.2,sangao
04/2026,4,SUL,S,42,SANTA CATARINA,SC,421550,SANTA CECILIA,1.0,2025,DOU,15749.0,4.0,0.0,0.0,0.0,0.0,0.0,0.0,0.0,0.0,0.0,0.0,0.0,14000.0,88.89,santa_cecilia
04/2026,4,SUL,S,42,SANTA CATARINA,SC,421555,SANTA HELENA,3.0,2025,DOU,2476.0,1.0,0.0,0.0,0.0,0.0,0.0,0.0,0.0,0.0,0.0,0.0,0.0,3500.0,141.35,santa_helena
04/2026,4,SUL,S,42,SANTA CATARINA,SC,421560,SANTA ROSA DE LIMA,3.0,2025,DOU,2131.0,1.0,0.0,0.0,0.0,0.0,0.0,0.0,0.0,0.0,0.0,0.0,0.0,3500.0,164.24,santa_rosa_de_lima
04/2026,4,SUL,S,42,SANTA CATARINA,SC,421565,SANTA ROSA DO SUL,3.0,2025,DOU,10450.0,5.0,0.0,0.0,0.0,0.0,0.0,0.0,0.0,0.0,0.0,0.0,0.0,17500.0,167.46,santa_rosa_do_sul
04/2026,4,SUL,S,42,SANTA CATARINA,SC,421567,SANTA TEREZINHA,3.0,2025,DOU,8015.0,3.0,0.0,0.0,0.0,0.0,0.0,0.0,0.0,0.0,0.0,0.0,0.0,10500.0,131.0,santa_terezinha
04/2026,4,SUL,S,42,SANTA CATARINA,SC,421568,SANTA TEREZINHA DO PROGRESSO,3.0,2025,DOU,2534.0,1.0,0.0,0.0,0.0,0.0,0.0,0.0,0.0,0.0,0.0,0.0,0.0,3500.0,138.12,santa_terezinha_do_progresso
04/2026,4,SUL,S,42,SANTA CATARINA,SC,421569,SANTIAGO DO SUL,3.0,2025,DOU,1732.0,1.0,0.0,0.0,0.0,0.0,0.0,0.0,0.0,0.0,0.0,0.0,0.0,3500.0,202.07,santiago_do_sul
04/2026,4,SUL,S,42,SANTA CATARINA,SC,421570,SANTO AMARO DA IMPERATRIZ,1.0,2025,DOU,30099.0,10.0,6.0,0.0,0.0,0.0,0.0,0.0,0.0,0.0,0.0,0.0,0.0,50750.0,168.61,santo_amaro_da_imperatriz
04/2026,4,SUL,S,42,SANTA CATARINA,SC,421580,SAO BENTO DO SUL,1.0,2025,DOU,87661.0,18.0,3.0,0.0,0.0,0.0,0.0,0.0,1.0,35.0,0.0,0.0,35.0,70910.0,80.89,sao_bento_do_sul
04/2026,4,SUL,S,42,SANTA CATARINA,SC,421575,SAO BERNARDINO,3.0,2025,DOU,2715.0,1.0,0.0,0.0,0.0,0.0,0.0,0.0,0.0,0.0,0.0,0.0,0.0,3500.0,128.91,sao_bernardino
04/2026,4,SUL,S,42,SANTA CATARINA,SC,421590,SAO BONIFACIO,3.0,2025,DOU,2982.0,1.0,0.0,0.0,0.0,0.0,0.0,0.0,0.0,0.0,0.0,0.0,0.0,3500.0,117.37,sao_bonifacio
04/2026,4,SUL,S,42,SANTA CATARINA,SC,421600,SAO CARLOS,3.0,2025,DOU,10462.0,5.0,0.0,0.0,0.0,0.0,0.0,0.0,0.0,0.0,0.0,0.0,0.0,17500.0,167.27,sao_carlos
04/2026,4,SUL,S,42,SANTA CATARINA,SC,421605,SAO CRISTOVAO DO SUL,2.0,2025,DOU,6489.0,2.0,0.0,0.0,0.0,0.0,0.0,0.0,1.0,400.0,1.0,1026.0,1426.0,8426.0,129.85,sao_cristovao_do_sul
04/2026,4,SUL,S,42,SANTA CATARINA,SC,421610,SAO DOMINGOS,3.0,2025,DOU,9343.0,4.0,0.0,0.0,0.0,0.0,0.0,0.0,0.0,0.0,0.0,0.0,0.0,14000.0,149.84,sao_domingos
04/2026,4,SUL,S,42,SANTA CATARINA,SC,421620,SAO FRANCISCO DO SUL,1.0,2025,DOU,56726.0,14.0,0.0,0.0,0.0,0.0,0.0,0.0,1.0,844.0,0.0,0.0,844.0,49844.0,87.86,sao_francisco_do_sul
04/2026,4,SUL,S,42,SANTA CATARINA,SC,421630,SAO JOAO BATISTA,1.0,2025,DOU,35336.0,13.0,0.0,0.0,0.0,0.0,1.0,0.0,0.0,0.0,0.0,0.0,0.0,45500.0,128.76,sao_joao_batista
04/2026,4,SUL,S,42,SANTA CATARINA,SC,421635,SAO JOAO DO ITAPERIU,3.0,2025,DOU,4827.0,2.0,2.0,0.0,0.0,0.0,0.0,0.0,0.0,0.0,0.0,0.0,0.0,12250.0,253.78,sao_joao_do_itaperiu
04/2026,4,SUL,S,42,SANTA CATARINA,SC,421625,SAO JOAO DO OESTE,3.0,2025,DOU,6467.0,2.0,0.0,0.0,0.0,0.0,0.0,0.0,0.0,0.0,0.0,0.0,0.0,7000.0,108.24,sao_joao_do_oeste
04/2026,4,SUL,S,42,SANTA CATARINA,SC,421640,SAO JOAO DO SUL,3.0,2025,DOU,9278.0,3.0,0.0,0.0,0.0,0.0,0.0,0.0,0.0,0.0,0.0,0.0,0.0,10500.0,113.17,sao_joao_do_sul
04/2026,4,SUL,S,42,SANTA CATARINA,SC,421650,SAO JOAQUIM,2.0,2025,DOU,26982.0,9.0,0.0,0.0,0.0,0.0,0.0,0.0,0.0,0.0,0.0,0.0,0.0,31500.0,116.74,sao_joaquim
04/2026,4,SUL,S,42,SANTA CATARINA,SC,421660,SAO JOSE,1.0,2025,DOU,295658.0,64.0,0.0,1.0,0.0,0.0,0.0,0.0,0.0,0.0,0.0,0.0,0.0,225750.0,76.35,sao_jose
04/2026,4,SUL,S,42,SANTA CATARINA,SC,421670,SAO JOSE DO CEDRO,3.0,2025,DOU,14538.0,5.0,0.0,0.0,0.0,0.0,0.0,0.0,0.0,0.0,1.0,237.0,237.0,17737.0,122.0,sao_jose_do_cedro
04/2026,4,SUL,S,42,SANTA CATARINA,SC,421680,SAO JOSE DO CERRITO,3.0,2025,DOU,8706.0,3.0,0.0,0.0,0.0,0.0,0.0,0.0,0.0,0.0,0.0,0.0,0.0,10500.0,120.6,sao_jose_do_cerrito
04/2026,4,SUL,S,42,SANTA CATARINA,SC,421690,SAO LOURENCO DO OESTE,2.0,2025,DOU,26056.0,10.0,0.0,0.0,0.0,0.0,0.0,0.0,0.0,0.0,0.0,0.0,0.0,35000.0,134.32,sao_lourenco_do_oeste
04/2026,4,SUL,S,42,SANTA CATARINA,SC,421700,SAO LUDGERO,2.0,2025,DOU,14444.0,5.0,1.0,0.0,0.0,0.0,0.0,0.0,0.0,0.0,0.0,0.0,0.0,20125.0,139.33,sao_ludgero
04/2026,4,SUL,S,42,SANTA CATARINA,SC,421710,SAO MARTINHO,3.0,2025,DOU,3520.0,1.0,0.0,0.0,0.0,0.0,0.0,0.0,0.0,0.0,0.0,0.0,0.0,3500.0,99.43,sao_martinho
04/2026,4,SUL,S,42,SANTA CATARINA,SC,421715,SAO MIGUEL DA BOA VISTA,3.0,2025,DOU,1777.0,1.0,0.0,0.0,0.0,0.0,0.0,0.0,0.0,0.0,0.0,0.0,0.0,3500.0,196.96,sao_miguel_da_boa_vista
04/2026,4,SUL,S,42,SANTA CATARINA,SC,421720,SAO MIGUEL DO OESTE,1.0,2025,DOU,47724.0,18.0,0.0,0.0,0.0,0.0,0.0,0.0,0.0,0.0,1.0,254.0,254.0,63254.0,132.54,sao_miguel_do_oeste
04/2026,4,SUL,S,42,SANTA CATARINA,SC,421725,SAO PEDRO DE ALCANTARA,1.0,2025,DOU,6175.0,2.0,0.0,0.0,0.0,0.0,0.0,0.0,0.0,0.0,1.0,793.0,793.0,7793.0,126.2,sao_pedro_de_alcantara
04/2026,4,SUL,S,42,SANTA CATARINA,SC,421730,SAUDADES,3.0,2025,DOU,10799.0,4.0,0.0,0.0,0.0,0.0,0.0,0.0,0.0,0.0,0.0,0.0,0.0,14000.0,129.64,saudades
04/2026,4,SUL,S,42,SANTA CATARINA,SC,421740,SCHROEDER,1.0,2025,DOU,21710.0,8.0,0.0,0.0,0.0,0.0,0.0,0.0,0.0,0.0,0.0,0.0,0.0,28000.0,128.97,schroeder
04/2026,4,SUL,S,42,SANTA CATARINA,SC,421750,SEARA,2.0,2025,DOU,19399.0,7.0,0.0,0.0,0.0,0.0,0.0,0.0,0.0,0.0,0.0,0.0,0.0,24500.0,126.29,seara
04/2026,4,SUL,S,42,SANTA CATARINA,SC,421755,SERRA ALTA,3.0,2025,DOU,3370.0,2.0,0.0,0.0,0.0,0.0,0.0,0.0,0.0,0.0,0.0,0.0,0.0,7000.0,207.71,serra_alta
04/2026,4,SUL,S,42,SANTA CATARINA,SC,421760,SIDEROPOLIS,1.0,2025,DOU,14156.0,6.0,0.0,1.0,0.0,0.0,0.0,0.0,0.0,0.0,0.0,0.0,0.0,22750.0,160.7,sideropolis
04/2026,4,SUL,S,42,SANTA CATARINA,SC,421770,SOMBRIO,2.0,2025,DOU,31722.0,10.0,0.0,0.0,0.0,0.0,0.0,0.0,0.0,0.0,0.0,0.0,0.0,35000.0,110.33,sombrio
04/2026,4,SUL,S,42,SANTA CATARINA,SC,421775,SUL BRASIL,3.0,2025,DOU,2900.0,1.0,0.0,0.0,0.0,0.0,0.0,0.0,0.0,0.0,0.0,0.0,0.0,3500.0,120.68,sul_brasil
04/2026,4,SUL,S,42,SANTA CATARINA,SC,421780,TAIO,3.0,2025,DOU,18909.0,8.0,0.0,0.0,0.0,0.0,0.0,0.0,0.0,0.0,0.0,0.0,0.0,28000.0,148.07,taio
04/2026,4,SUL,S,42,SANTA CATARINA,SC,421790,TANGARA,3.0,2025,DOU,8144.0,4.0,0.0,0.0,0.0,0.0,0.0,0.0,0.0,0.0,0.0,0.0,0.0,14000.0,171.9,tangara
04/2026,4,SUL,S,42,SANTA CATARINA,SC,421795,TIGRINHOS,3.0,2025,DOU,2535.0,1.0,0.0,0.0,0.0,0.0,0.0,0.0,0.0,0.0,0.0,0.0,0.0,3500.0,138.06,tigrinhos
04/2026,4,SUL,S,42,SANTA CATARINA,SC,421800,TIJUCAS,1.0,2025,DOU,58695.0,18.0,1.0,0.0,0.0,0.0,0.0,0.0,1.0,609.0,0.0,0.0,609.0,66234.0,112.84,tijucas
04/2026,4,SUL,S,42,SANTA CATARINA,SC,421810,TIMBE DO SUL,3.0,2025,DOU,5503.0,2.0,0.0,0.0,0.0,0.0,0.0,0.0,0.0,0.0,0.0,0.0,0.0,7000.0,127.2,timbe_do_sul
04/2026,4,SUL,S,42,SANTA CATARINA,SC,421820,TIMBO,1.0,2025,DOU,49768.0,17.0,0.0,0.0,0.0,0.0,0.0,0.0,0.0,0.0,0.0,0.0,0.0,59500.0,119.55,timbo
04/2026,4,SUL,S,42,SANTA CATARINA,SC,421825,TIMBO GRANDE,3.0,2025,DOU,7521.0,4.0,0.0,0.0,0.0,0.0,0.0,0.0,0.0,0.0,0.0,0.0,0.0,14000.0,186.14,timbo_grande
04/2026,4,SUL,S,42,SANTA CATARINA,SC,421830,TRES BARRAS,2.0,2025,DOU,20525.0,10.0,0.0,0.0,0.0,0.0,0.0,0.0,0.0,0.0,0.0,0.0,0.0,35000.0,170.52,tres_barras
04/2026,4,SUL,S,42,SANTA CATARINA,SC,421835,TREVISO,1.0,2025,DOU,3920.0,2.0,0.0,0.0,0.0,0.0,0.0,0.0,0.0,0.0,0.0,0.0,0.0,7000.0,178.57,treviso
04/2026,4,SUL,S,42,SANTA CATARINA,SC,421840,TREZE DE MAIO,3.0,2025,DOU,7633.0,4.0,0.0,0.0,0.0,0.0,0.0,0.0,0.0,0.0,0.0,0.0,0.0,14000.0,183.41,treze_de_maio
04/2026,4,SUL,S,42,SANTA CATARINA,SC,421850,TREZE TILIAS,3.0,2025,DOU,9531.0,3.0,0.0,0.0,0.0,0.0,0.0,0.0,0.0,0.0,0.0,0.0,0.0,10500.0,110.16,treze_tilias
04/2026,4,SUL,S,42,SANTA CATARINA,SC,421860,TROMBUDO CENTRAL,3.0,2025,DOU,7599.0,4.0,0.0,0.0,0.0,0.0,0.0,0.0,0.0,0.0,0.0,0.0,0.0,14000.0,184.23,trombudo_central
04/2026,4,SUL,S,42,SANTA CATARINA,SC,421870,TUBARAO,1.0,2025,DOU,116725.0,32.0,3.0,0.0,0.0,0.0,0.0,0.0,0.0,0.0,0.0,0.0,0.0,119875.0,102.69,tubarao
04/2026,4,SUL,S,42,SANTA CATARINA,SC,421875,TUNAPOLIS,3.0,2025,DOU,5081.0,2.0,0.0,0.0,0.0,0.0,0.0,0.0,0.0,0.0,0.0,0.0,0.0,7000.0,137.76,tunapolis
04/2026,4,SUL,S,42,SANTA CATARINA,SC,421880,TURVO,3.0,2025,DOU,13604.0,4.0,2.0,0.0,0.0,0.0,0.0,0.0,0.0,0.0,0.0,0.0,0.0,19250.0,141.5,turvo
04/2026,4,SUL,S,42,SANTA CATARINA,SC,421885,UNIAO DO OESTE,3.0,2025,DOU,2791.0,1.0,0.0,0.0,0.0,0.0,0.0,0.0,0.0,0.0,0.0,0.0,0.0,3500.0,125.4,uniao_do_oeste
04/2026,4,SUL,S,42,SANTA CATARINA,SC,421890,URUBICI,3.0,2025,DOU,11064.0,5.0,1.0,0.0,0.0,0.0,0.0,0.0,0.0,0.0,0.0,0.0,0.0,20125.0,181.89,urubici
04/2026,4,SUL,S,42,SANTA CATARINA,SC,421895,URUPEMA,3.0,2025,DOU,2751.0,1.0,0.0,0.0,0.0,0.0,0.0,0.0,0.0,0.0,0.0,0.0,0.0,3500.0,127.22,urupema
04/2026,4,SUL,S,42,SANTA CATARINA,SC,421900,URUSSANGA,1.0,2025,DOU,21464.0,9.0,0.0,0.0,0.0,0.0,0.0,0.0,0.0,0.0,0.0,0.0,0.0,31500.0,146.75,urussanga
04/2026,4,SUL,S,42,SANTA CATARINA,SC,421910,VARGEAO,3.0,2025,DOU,3726.0,2.0,0.0,0.0,0.0,0.0,0.0,0.0,0.0,0.0,0.0,0.0,0.0,7000.0,187.86,vargeao
04/2026,4,SUL,S,42,SANTA CATARINA,SC,421915,VARGEM,3.0,2025,DOU,2613.0,1.0,0.0,0.0,0.0,0.0,0.0,0.0,0.0,0.0,0.0,0.0,0.0,3500.0,133.94,vargem
04/2026,4,SUL,S,42,SANTA CATARINA,SC,421917,VARGEM BONITA,3.0,2025,DOU,4597.0,2.0,0.0,0.0,0.0,0.0,0.0,0.0,0.0,0.0,0.0,0.0,0.0,7000.0,152.27,vargem_bonita
04/2026,4,SUL,S,42,SANTA CATARINA,SC,421920,VIDAL RAMOS,3.0,2025,DOU,6266.0,3.0,0.0,0.0,0.0,0.0,0.0,0.0,0.0,0.0,0.0,0.0,0.0,10500.0,167.57,vidal_ramos
04/2026,4,SUL,S,42,SANTA CATARINA,SC,421930,VIDEIRA,1.0,2025,DOU,59074.0,13.0,3.0,1.0,0.0,0.0,0.0,0.0,1.0,202.0,0.0,0.0,202.0,55327.0,93.65,videira
04/2026,4,SUL,S,42,SANTA CATARINA,SC,421935,VITOR MEIRELES,3.0,2025,DOU,5507.0,3.0,0.0,0.0,0.0,0.0,0.0,0.0,0.0,0.0,0.0,0.0,0.0,10500.0,190.66,vitor_meireles
04/2026,4,SUL,S,42,SANTA CATARINA,SC,421940,WITMARSUM,3.0,2025,DOU,4513.0,2.0,0.0,0.0,0.0,0.0,0.0,0.0,0.0,0.0,0.0,0.0,0.0,7000.0,155.1,witmarsum
04/2026,4,SUL,S,42,SANTA CATARINA,SC,421950,XANXERE,1.0,2025,DOU,54891.0,15.0,0.0,0.0,0.0,0.0,0.0,0.0,0.0,0.0,0.0,0.0,0.0,52500.0,95.64,xanxere
04/2026,4,SUL,S,42,SANTA CATARINA,SC,421960,XAVANTINA,3.0,2025,DOU,3583.0,2.0,0.0,0.0,0.0,0.0,0.0,0.0,0.0,0.0,0.0,0.0,0.0,7000.0,195.36,xavantina
04/2026,4,SUL,S,42,SANTA CATARINA,SC,421970,XAXIM,1.0,2025,DOU,34485.0,9.0,0.0,0.0,0.0,0.0,0.0,0.0,0.0,0.0,0.0,0.0,0.0,31500.0,91.34,xaxim
04/2026,4,SUL,S,42,SANTA CATARINA,SC,421985,ZORTEA,2.0,2025,DOU,4257.0,1.0,0.0,0.0,0.0,0.0,0.0,0.0,0.0,0.0,0.0,0.0,0.0,3500.0,82.21,zortea
04/2026,2,NORDESTE,NE,28,SERGIPE,SE,280010,AMPARO DE SAO FRANCISCO,3.0,2025,DOU,2202.0,1.0,0.0,0.0,0.0,0.0,0.0,0.0,0.0,0.0,0.0,0.0,0.0,3500.0,158.94,amparo_de_sao_francisco
04/2026,2,NORDESTE,NE,28,SERGIPE,SE,280020,AQUIDABA,2.0,2025,DOU,20556.0,10.0,0.0,0.0,0.0,0.0,0.0,0.0,0.0,0.0,0.0,0.0,0.0,35000.0,170.26,aquidaba
04/2026,2,NORDESTE,NE,28,SERGIPE,SE,280030,ARACAJU,1.0,2025,DOU,630932.0,150.0,4.0,5.0,0.0,0.0,2.0,962.0,2.0,0.0,0.0,0.0,962.0,545212.0,86.41,aracaju
04/2026,2,NORDESTE,NE,28,SERGIPE,SE,280040,ARAUA,3.0,2025,DOU,10464.0,5.0,0.0,0.0,0.0,0.0,0.0,0.0,0.0,0.0,0.0,0.0,0.0,17500.0,167.24,araua
04/2026,2,NORDESTE,NE,28,SERGIPE,SE,280050,AREIA BRANCA,3.0,2025,DOU,18626.0,7.0,0.0,0.0,0.0,0.0,0.0,0.0,0.0,0.0,1.0,303.0,303.0,24803.0,133.16,areia_branca
04/2026,2,NORDESTE,NE,28,SERGIPE,SE,280060,BARRA DOS COQUEIROS,1.0,2025,DOU,45175.0,11.0,0.0,0.0,0.0,0.0,0.0,0.0,0.0,0.0,0.0,0.0,0.0,38500.0,85.22,barra_dos_coqueiros
04/2026,2,NORDESTE,NE,28,SERGIPE,SE,280067,BOQUIM,2.0,2025,DOU,25007.0,11.0,0.0,0.0,0.0,0.0,0.0,0.0,0.0,0.0,0.0,0.0,0.0,38500.0,153.95,boquim
04/2026,2,NORDESTE,NE,28,SERGIPE,SE,280070,BREJO GRANDE,3.0,2025,DOU,8025.0,4.0,0.0,0.0,0.0,0.0,0.0,0.0,0.0,0.0,0.0,0.0,0.0,14000.0,174.45,brejo_grande
04/2026,2,NORDESTE,NE,28,SERGIPE,SE,280100,CAMPO DO BRITO,3.0,2025,DOU,18719.0,7.0,0.0,0.0,0.0,0.0,0.0,0.0,0.0,0.0,0.0,0.0,0.0,24500.0,130.88,campo_do_brito
04/2026,2,NORDESTE,NE,28,SERGIPE,SE,280110,CANHOBA,3.0,2025,DOU,3850.0,2.0,0.0,0.0,0.0,0.0,0.0,0.0,0.0,0.0,0.0,0.0,0.0,7000.0,181.81,canhoba
04/2026,2,NORDESTE,NE,28,SERGIPE,SE,280120,CANINDE DE SAO FRANCISCO,2.0,2025,DOU,33641.0,12.0,0.0,0.0,0.0,0.0,0.0,0.0,0.0,0.0,0.0,0.0,0.0,42000.0,124.84,caninde_de_sao_francisco
04/2026,2,NORDESTE,NE,28,SERGIPE,SE,280130,CAPELA,2.0,2025,DOU,32783.0,12.0,3.0,0.0,0.0,0.0,0.0,0.0,0.0,0.0,0.0,0.0,0.0,49875.0,152.13,capela
04/2026,2,NORDESTE,NE,28,SERGIPE,SE,280140,CARIRA,3.0,2025,DOU,20314.0,10.0,0.0,0.0,0.0,0.0,0.0,0.0,0.0,0.0,0.0,0.0,0.0,35000.0,172.29,carira
04/2026,2,NORDESTE,NE,28,SERGIPE,SE,280150,CARMOPOLIS,1.0,2025,DOU,14203.0,6.0,0.0,0.0,0.0,0.0,0.0,0.0,0.0,0.0,0.0,0.0,0.0,21000.0,147.85,carmopolis
04/2026,2,NORDESTE,NE,28,SERGIPE,SE,280160,CEDRO DE SAO JOAO,2.0,2025,DOU,5474.0,3.0,0.0,0.0,0.0,0.0,0.0,0.0,0.0,0.0,0.0,0.0,0.0,10500.0,191.81,cedro_de_sao_joao
04/2026,2,NORDESTE,NE,28,SERGIPE,SE,280170,CRISTINAPOLIS,3.0,2025,DOU,17594.0,8.0,1.0,0.0,0.0,0.0,0.0,0.0,0.0,0.0,0.0,0.0,0.0,30625.0,174.06,cristinapolis
04/2026,2,NORDESTE,NE,28,SERGIPE,SE,280190,CUMBE,3.0,2025,DOU,3872.0,2.0,0.0,0.0,0.0,0.0,0.0,0.0,0.0,0.0,0.0,0.0,0.0,7000.0,180.78,cumbe
04/2026,2,NORDESTE,NE,28,SERGIPE,SE,280200,DIVINA PASTORA,1.0,2025,DOU,4436.0,3.0,0.0,0.0,0.0,0.0,0.0,0.0,0.0,0.0,0.0,0.0,0.0,10500.0,236.69,divina_pastora
04/2026,2,NORDESTE,NE,28,SERGIPE,SE,280210,ESTANCIA,1.0,2025,DOU,67060.0,19.0,0.0,1.0,0.0,0.0,0.0,0.0,0.0,0.0,0.0,0.0,0.0,68250.0,101.77,estancia
04/2026,2,NORDESTE,NE,28,SERGIPE,SE,280220,FEIRA NOVA,3.0,2025,DOU,6358.0,3.0,0.0,0.0,0.0,0.0,0.0,0.0,0.0,0.0,0.0,0.0,0.0,10500.0,165.14,feira_nova
04/2026,2,NORDESTE,NE,28,SERGIPE,SE,280230,FREI PAULO,3.0,2025,DOU,14921.0,7.0,0.0,0.0,0.0,0.0,0.0,0.0,0.0,0.0,0.0,0.0,0.0,24500.0,164.19,frei_paulo
04/2026,2,NORDESTE,NE,28,SERGIPE,SE,280240,GARARU,3.0,2025,DOU,11294.0,5.0,0.0,0.0,0.0,0.0,0.0,0.0,0.0,0.0,0.0,0.0,0.0,17500.0,154.94,gararu
04/2026,2,NORDESTE,NE,28,SERGIPE,SE,280250,GENERAL MAYNARD,1.0,2025,DOU,3118.0,1.0,2.0,0.0,0.0,0.0,0.0,0.0,0.0,0.0,0.0,0.0,0.0,8750.0,280.62,general_maynard
04/2026,2,NORDESTE,NE,28,SERGIPE,SE,280260,GRACHO CARDOSO,3.0,2025,DOU,5910.0,3.0,0.0,0.0,0.0,0.0,0.0,0.0,0.0,0.0,0.0,0.0,0.0,10500.0,177.66,gracho_cardoso
04/2026,2,NORDESTE,NE,28,SERGIPE,SE,280270,ILHA DAS FLORES,3.0,2025,DOU,8499.0,4.0,0.0,0.0,0.0,0.0,0.0,0.0,0.0,0.0,0.0,0.0,0.0,14000.0,164.72,ilha_das_flores
04/2026,2,NORDESTE,NE,28,SERGIPE,SE,280280,INDIAROBA,3.0,2025,DOU,16991.0,6.0,0.0,0.0,0.0,0.0,0.0,0.0,0.0,0.0,0.0,0.0,0.0,21000.0,123.59,indiaroba
04/2026,2,NORDESTE,NE,28,SERGIPE,SE,280290,ITABAIANA,1.0,2025,DOU,109250.0,28.0,2.0,0.0,0.0,0.0,0.0,0.0,0.0,0.0,0.0,0.0,0.0,103250.0,94.5,itabaiana
04/2026,2,NORDESTE,NE,28,SERGIPE,SE,280300,ITABAIANINHA,3.0,2025,DOU,42230.0,13.0,0.0,0.0,0.0,0.0,0.0,0.0,0.0,0.0,0.0,0.0,0.0,45500.0,107.74,itabaianinha
04/2026,2,NORDESTE,NE,28,SERGIPE,SE,280310,ITABI,3.0,2025,DOU,4816.0,2.0,0.0,0.0,0.0,0.0,0.0,0.0,0.0,0.0,0.0,0.0,0.0,7000.0,145.34,itabi
04/2026,2,NORDESTE,NE,28,SERGIPE,SE,280320,ITAPORANGA D'AJUDA,3.0,2025,DOU,36074.0,16.0,0.0,0.0,0.0,0.0,0.0,0.0,0.0,0.0,0.0,0.0,0.0,56000.0,155.23,itaporanga_d_ajuda
04/2026,2,NORDESTE,NE,28,SERGIPE,SE,280330,JAPARATUBA,3.0,2025,DOU,16451.0,10.0,0.0,0.0,0.0,0.0,0.0,0.0,0.0,0.0,0.0,0.0,0.0,35000.0,212.75,japaratuba
04/2026,2,NORDESTE,NE,28,SERGIPE,SE,280340,JAPOATA,3.0,2025,DOU,13723.0,6.0,0.0,0.0,0.0,0.0,0.0,0.0,0.0,0.0,0.0,0.0,0.0,21000.0,153.02,japoata
04/2026,2,NORDESTE,NE,28,SERGIPE,SE,280350,LAGARTO,1.0,2025,DOU,105957.0,31.0,0.0,0.0,0.0,0.0,0.0,0.0,0.0,0.0,0.0,0.0,0.0,108500.0,102.4,lagarto
04/2026,2,NORDESTE,NE,28,SERGIPE,SE,280360,LARANJEIRAS,1.0,2025,DOU,24047.0,12.0,0.0,0.0,0.0,0.0,0.0,0.0,0.0,0.0,0.0,0.0,0.0,42000.0,174.65,laranjeiras
04/2026,2,NORDESTE,NE,28,SERGIPE,SE,280370,MACAMBIRA,3.0,2025,DOU,7048.0,3.0,0.0,0.0,0.0,0.0,0.0,0.0,0.0,0.0,0.0,0.0,0.0,10500.0,148.97,macambira
04/2026,2,NORDESTE,NE,28,SERGIPE,SE,280380,MALHADA DOS BOIS,3.0,2025,DOU,3674.0,2.0,0.0,0.0,0.0,0.0,0.0,0.0,0.0,0.0,0.0,0.0,0.0,7000.0,190.52,malhada_dos_bois
04/2026,2,NORDESTE,NE,28,SERGIPE,SE,280390,MALHADOR,3.0,2025,DOU,11712.0,6.0,0.0,0.0,0.0,0.0,0.0,0.0,0.0,0.0,0.0,0.0,0.0,21000.0,179.3,malhador
04/2026,2,NORDESTE,NE,28,SERGIPE,SE,280400,MARUIM,1.0,2025,DOU,15956.0,7.0,0.0,0.0,0.0,0.0,0.0,0.0,0.0,0.0,0.0,0.0,0.0,24500.0,153.54,maruim
04/2026,2,NORDESTE,NE,28,SERGIPE,SE,280410,MOITA BONITA,3.0,2025,DOU,11297.0,6.0,0.0,0.0,0.0,0.0,0.0,0.0,0.0,0.0,0.0,0.0,0.0,21000.0,185.89,moita_bonita
04/2026,2,NORDESTE,NE,28,SERGIPE,SE,280420,MONTE ALEGRE DE SERGIPE,3.0,2025,DOU,14781.0,6.0,0.0,0.0,0.0,0.0,0.0,0.0,0.0,0.0,0.0,0.0,0.0,21000.0,142.07,monte_alegre_de_sergipe
04/2026,2,NORDESTE,NE,28,SERGIPE,SE,280430,MURIBECA,3.0,2025,DOU,8059.0,4.0,0.0,0.0,0.0,0.0,0.0,0.0,0.0,0.0,0.0,0.0,0.0,14000.0,173.71,muribeca
04/2026,2,NORDESTE,NE,28,SERGIPE,SE,280440,NEOPOLIS,1.0,2025,DOU,16473.0,8.0,0.0,0.0,0.0,0.0,0.0,0.0,0.0,0.0,0.0,0.0,0.0,28000.0,169.97,neopolis
04/2026,2,NORDESTE,NE,28,SERGIPE,SE,280445,NOSSA SENHORA APARECIDA,3.0,2025,DOU,9534.0,4.0,0.0,0.0,0.0,0.0,0.0,0.0,0.0,0.0,0.0,0.0,0.0,14000.0,146.84,nossa_senhora_aparecida
04/2026,2,NORDESTE,NE,28,SERGIPE,SE,280450,NOSSA SENHORA DA GLORIA,2.0,2025,DOU,43686.0,16.0,0.0,0.0,0.0,0.0,0.0,0.0,0.0,0.0,0.0,0.0,0.0,56000.0,128.18,nossa_senhora_da_gloria
04/2026,2,NORDESTE,NE,28,SERGIPE,SE,280460,NOSSA SENHORA DAS DORES,2.0,2025,DOU,25569.0,10.0,0.0,0.0,0.0,0.0,0.0,0.0,0.0,0.0,0.0,0.0,0.0,35000.0,136.88,nossa_senhora_das_dores
04/2026,2,NORDESTE,NE,28,SERGIPE,SE,280470,NOSSA SENHORA DE LOURDES,3.0,2025,DOU,6409.0,3.0,0.0,0.0,0.0,0.0,0.0,0.0,0.0,0.0,0.0,0.0,0.0,10500.0,163.83,nossa_senhora_de_lourdes
04/2026,2,NORDESTE,NE,28,SERGIPE,SE,280480,NOSSA SENHORA DO SOCORRO,1.0,2025,DOU,204081.0,69.0,0.0,0.0,0.0,0.0,0.0,0.0,2.0,252.0,0.0,0.0,252.0,241752.0,118.45,nossa_senhora_do_socorro
04/2026,2,NORDESTE,NE,28,SERGIPE,SE,280490,PACATUBA,3.0,2025,DOU,12690.0,6.0,0.0,0.0,0.0,0.0,0.0,0.0,0.0,0.0,0.0,0.0,0.0,21000.0,165.48,pacatuba
04/2026,2,NORDESTE,NE,28,SERGIPE,SE,280500,PEDRA MOLE,3.0,2025,DOU,2811.0,2.0,0.0,0.0,0.0,0.0,0.0,0.0,0.0,0.0,0.0,0.0,0.0,7000.0,249.02,pedra_mole
04/2026,2,NORDESTE,NE,28,SERGIPE,SE,280510,PEDRINHAS,3.0,2025,DOU,7355.0,4.0,0.0,0.0,0.0,0.0,0.0,0.0,0.0,0.0,0.0,0.0,0.0,14000.0,190.34,pedrinhas
04/2026,2,NORDESTE,NE,28,SERGIPE,SE,280520,PINHAO,3.0,2025,DOU,5759.0,3.0,0.0,0.0,0.0,0.0,0.0,0.0,0.0,0.0,0.0,0.0,0.0,10500.0,182.32,pinhao
04/2026,2,NORDESTE,NE,28,SERGIPE,SE,280530,PIRAMBU,3.0,2025,DOU,8021.0,4.0,0.0,0.0,0.0,0.0,0.0,0.0,0.0,0.0,0.0,0.0,0.0,14000.0,174.54,pirambu
04/2026,2,NORDESTE,NE,28,SERGIPE,SE,280540,POCO REDONDO,3.0,2025,DOU,29238.0,10.0,4.0,0.0,0.0,0.0,0.0,0.0,0.0,0.0,0.0,0.0,0.0,45500.0,155.61,poco_redondo
04/2026,2,NORDESTE,NE,28,SERGIPE,SE,280550,POCO VERDE,2.0,2025,DOU,22217.0,8.0,0.0,0.0,0.0,0.0,0.0,0.0,0.0,0.0,0.0,0.0,0.0,28000.0,126.02,poco_verde
04/2026,2,NORDESTE,NE,28,SERGIPE,SE,280560,PORTO DA FOLHA,3.0,2025,DOU,27348.0,11.0,0.0,0.0,0.0,0.0,0.0,0.0,0.0,0.0,0.0,0.0,0.0,38500.0,140.77,porto_da_folha
04/2026,2,NORDESTE,NE,28,SERGIPE,SE,280570,PROPRIA,1.0,2025,DOU,27213.0,10.0,0.0,1.0,0.0,0.0,0.0,0.0,0.0,0.0,0.0,0.0,0.0,36750.0,135.04,propria
04/2026,2,NORDESTE,NE,28,SERGIPE,SE,280580,RIACHAO DO DANTAS,3.0,2025,DOU,18541.0,6.0,0.0,0.0,0.0,0.0,0.0,0.0,0.0,0.0,0.0,0.0,0.0,21000.0,113.26,riachao_do_dantas
04/2026,2,NORDESTE,NE,28,SERGIPE,SE,280590,RIACHUELO,1.0,2025,DOU,8853.0,5.0,0.0,0.0,0.0,0.0,0.0,0.0,0.0,0.0,0.0,0.0,0.0,17500.0,197.67,riachuelo
04/2026,2,NORDESTE,NE,28,SERGIPE,SE,280600,RIBEIROPOLIS,2.0,2025,DOU,17365.0,7.0,0.0,0.0,0.0,0.0,0.0,0.0,0.0,0.0,0.0,0.0,0.0,24500.0,141.08,ribeiropolis
04/2026,2,NORDESTE,NE,28,SERGIPE,SE,280610,ROSARIO DO CATETE,1.0,2025,DOU,9507.0,4.0,0.0,0.0,0.0,0.0,0.0,0.0,0.0,0.0,0.0,0.0,0.0,14000.0,147.25,rosario_do_catete
04/2026,2,NORDESTE,NE,28,SERGIPE,SE,280620,SALGADO,3.0,2025,DOU,20825.0,7.0,1.0,0.0,0.0,0.0,0.0,0.0,0.0,0.0,0.0,0.0,0.0,27125.0,130.25,salgado
04/2026,2,NORDESTE,NE,28,SERGIPE,SE,280630,SANTA LUZIA DO ITANHY,3.0,2025,DOU,14003.0,7.0,0.0,0.0,0.0,0.0,0.0,0.0,0.0,0.0,0.0,0.0,0.0,24500.0,174.96,santa_luzia_do_itanhy
04/2026,2,NORDESTE,NE,28,SERGIPE,SE,280650,SANTA ROSA DE LIMA,3.0,2025,DOU,4049.0,2.0,0.0,0.0,0.0,0.0,0.0,0.0,0.0,0.0,0.0,0.0,0.0,7000.0,172.88,santa_rosa_de_lima
04/2026,2,NORDESTE,NE,28,SERGIPE,SE,280640,SANTANA DO SAO FRANCISCO,3.0,2025,DOU,7549.0,4.0,0.0,0.0,0.0,0.0,0.0,0.0,0.0,0.0,0.0,0.0,0.0,14000.0,185.45,santana_do_sao_francisco
04/2026,2,NORDESTE,NE,28,SERGIPE,SE,280660,SANTO AMARO DAS BROTAS,3.0,2025,DOU,11289.0,5.0,0.0,0.0,0.0,0.0,0.0,0.0,0.0,0.0,0.0,0.0,0.0,17500.0,155.01,santo_amaro_das_brotas
04/2026,2,NORDESTE,NE,28,SERGIPE,SE,280670,SAO CRISTOVAO,1.0,2025,DOU,101213.0,28.0,1.0,0.0,0.0,0.0,0.0,0.0,1.0,869.0,1.0,1343.0,2212.0,102837.0,101.6,sao_cristovao
04/2026,2,NORDESTE,NE,28,SERGIPE,SE,280680,SAO DOMINGOS,3.0,2025,DOU,10559.0,5.0,0.0,1.0,0.0,0.0,0.0,0.0,0.0,0.0,0.0,0.0,0.0,19250.0,182.3,sao_domingos
04/2026,2,NORDESTE,NE,28,SERGIPE,SE,280690,SAO FRANCISCO,3.0,2025,DOU,3330.0,2.0,0.0,0.0,0.0,0.0,0.0,0.0,0.0,0.0,0.0,0.0,0.0,7000.0,210.21,sao_francisco
04/2026,2,NORDESTE,NE,28,SERGIPE,SE,280700,SAO MIGUEL DO ALEIXO,3.0,2025,DOU,3471.0,2.0,0.0,0.0,0.0,0.0,0.0,0.0,0.0,0.0,0.0,0.0,0.0,7000.0,201.67,sao_miguel_do_aleixo
04/2026,2,NORDESTE,NE,28,SERGIPE,SE,280710,SIMAO DIAS,2.0,2025,DOU,44503.0,13.0,0.0,0.0,0.0,0.0,0.0,0.0,0.0,0.0,0.0,0.0,0.0,45500.0,102.24,simao_dias
04/2026,2,NORDESTE,NE,28,SERGIPE,SE,280720,SIRIRI,1.0,2025,DOU,7981.0,4.0,0.0,0.0,0.0,0.0,0.0,0.0,0.0,0.0,0.0,0.0,0.0,14000.0,175.41,siriri
04/2026,2,NORDESTE,NE,28,SERGIPE,SE,280730,TELHA,3.0,2025,DOU,3389.0,1.0,0.0,0.0,0.0,0.0,0.0,0.0,0.0,0.0,0.0,0.0,0.0,3500.0,103.27,telha
04/2026,2,NORDESTE,NE,28,SERGIPE,SE,280740,TOBIAS BARRETO,1.0,2025,DOU,52783.0,18.0,0.0,0.0,0.0,0.0,0.0,0.0,1.0,339.0,0.0,0.0,339.0,63339.0,119.99,tobias_barreto
04/2026,2,NORDESTE,NE,28,SERGIPE,SE,280750,TOMAR DO GERU,3.0,2025,DOU,12094.0,5.0,0.0,0.0,0.0,0.0,0.0,0.0,0.0,0.0,0.0,0.0,0.0,17500.0,144.69,tomar_do_geru
04/2026,2,NORDESTE,NE,28,SERGIPE,SE,280760,UMBAUBA,2.0,2025,DOU,24618.0,9.0,0.0,0.0,0.0,0.0,0.0,0.0,0.0,0.0,0.0,0.0,0.0,31500.0,127.95,umbauba
04/2026,3,SUDESTE,SE,35,SAO PAULO,SP,350010,ADAMANTINA,1.0,2025,DOU,35673.0,11.0,0.0,0.0,0.0,0.0,0.0,0.0,0.0,0.0,0.0,0.0,0.0,38500.0,107.92,adamantina
04/2026,3,SUDESTE,SE,35,SAO PAULO,SP,350020,ADOLFO,3.0,2025,DOU,4505.0,2.0,0.0,0.0,0.0,0.0,0.0,0.0,0.0,0.0,0.0,0.0,0.0,7000.0,155.38,adolfo
04/2026,3,SUDESTE,SE,35,SAO PAULO,SP,350030,AGUAI,1.0,2025,DOU,32886.0,9.0,0.0,0.0,0.0,0.0,0.0,0.0,0.0,0.0,0.0,0.0,0.0,31500.0,95.78,aguai
04/2026,3,SUDESTE,SE,35,SAO PAULO,SP,350040,AGUAS DA PRATA,1.0,2025,DOU,7463.0,3.0,0.0,0.0,0.0,0.0,0.0,0.0,0.0,0.0,0.0,0.0,0.0,10500.0,140.69,aguas_da_prata
04/2026,3,SUDESTE,SE,35,SAO PAULO,SP,350050,AGUAS DE LINDOIA,2.0,2025,DOU,18257.0,3.0,4.0,0.0,0.0,0.0,0.0,0.0,0.0,0.0,0.0,0.0,0.0,21000.0,115.02,aguas_de_lindoia
04/2026,3,SUDESTE,SE,35,SAO PAULO,SP,350055,AGUAS DE SANTA BARBARA,3.0,2025,DOU,7460.0,2.0,1.0,0.0,0.0,0.0,0.0,0.0,0.0,0.0,0.0,0.0,0.0,9625.0,129.02,aguas_de_santa_barbara
04/2026,3,SUDESTE,SE,35,SAO PAULO,SP,350060,AGUAS DE SAO PEDRO,2.0,2025,DOU,2928.0,1.0,1.0,0.0,0.0,0.0,0.0,0.0,0.0,0.0,0.0,0.0,0.0,6125.0,209.18,aguas_de_sao_pedro
04/2026,3,SUDESTE,SE,35,SAO PAULO,SP,350070,AGUDOS,1.0,2025,DOU,38988.0,8.0,0.0,0.0,0.0,0.0,0.0,0.0,0.0,0.0,0.0,0.0,0.0,28000.0,71.81,agudos
04/2026,3,SUDESTE,SE,35,SAO PAULO,SP,350075,ALAMBARI,1.0,2025,DOU,6373.0,1.0,3.0,0.0,0.0,0.0,0.0,0.0,0.0,0.0,0.0,0.0,0.0,11375.0,178.48,alambari
04/2026,3,SUDESTE,SE,35,SAO PAULO,SP,350080,ALFREDO MARCONDES,1.0,2025,DOU,4574.0,2.0,0.0,1.0,0.0,0.0,0.0,0.0,0.0,0.0,0.0,0.0,0.0,8750.0,191.29,alfredo_marcondes
04/2026,3,SUDESTE,SE,35,SAO PAULO,SP,350090,ALTAIR,3.0,2025,DOU,3467.0,1.0,0.0,0.0,0.0,0.0,0.0,0.0,0.0,0.0,0.0,0.0,0.0,3500.0,100.95,altair
04/2026,3,SUDESTE,SE,35,SAO PAULO,SP,350100,ALTINOPOLIS,1.0,2025,DOU,17197.0,6.0,0.0,0.0,0.0,0.0,0.0,0.0,0.0,0.0,0.0,0.0,0.0,21000.0,122.11,altinopolis
04/2026,3,SUDESTE,SE,35,SAO PAULO,SP,350110,ALTO ALEGRE,3.0,2025,DOU,3874.0,2.0,0.0,0.0,0.0,0.0,0.0,0.0,0.0,0.0,0.0,0.0,0.0,7000.0,180.69,alto_alegre
04/2026,3,SUDESTE,SE,35,SAO PAULO,SP,350115,ALUMINIO,1.0,2025,DOU,17607.0,0.0,2.0,1.0,0.0,0.0,0.0,0.0,0.0,0.0,0.0,0.0,0.0,7000.0,39.75,aluminio
04/2026,3,SUDESTE,SE,35,SAO PAULO,SP,350120,ALVARES FLORENCE,3.0,2025,DOU,3979.0,1.0,2.0,0.0,0.0,0.0,0.0,0.0,0.0,0.0,0.0,0.0,0.0,8750.0,219.9,alvares_florence
04/2026,3,SUDESTE,SE,35,SAO PAULO,SP,350130,ALVARES MACHADO,1.0,2025,DOU,28386.0,7.0,4.0,2.0,0.0,0.0,0.0,0.0,0.0,0.0,0.0,0.0,0.0,38500.0,135.63,alvares_machado
04/2026,3,SUDESTE,SE,35,SAO PAULO,SP,350140,ALVARO DE CARVALHO,3.0,2025,DOU,4901.0,2.0,0.0,0.0,0.0,0.0,0.0,0.0,2.0,3688.0,0.0,0.0,3688.0,10688.0,218.07,alvaro_de_carvalho
04/2026,3,SUDESTE,SE,35,SAO PAULO,SP,350150,ALVINLANDIA,3.0,2025,DOU,2919.0,2.0,0.0,0.0,0.0,0.0,0.0,0.0,0.0,0.0,0.0,0.0,0.0,7000.0,239.8,alvinlandia
04/2026,3,SUDESTE,SE,35,SAO PAULO,SP,350160,AMERICANA,1.0,2025,DOU,247571.0,13.0,13.0,13.0,0.0,0.0,0.0,0.0,1.0,4069.0,0.0,0.0,4069.0,106444.0,42.99,americana
04/2026,3,SUDESTE,SE,35,SAO PAULO,SP,350170,AMERICO BRASILIENSE,1.0,2025,DOU,33708.0,2.0,1.0,5.0,0.0,0.0,0.0,0.0,0.0,0.0,0.0,0.0,0.0,18375.0,54.51,americo_brasiliense
04/2026,3,SUDESTE,SE,35,SAO PAULO,SP,350180,AMERICO DE CAMPOS,3.0,2025,DOU,5981.0,2.0,0.0,0.0,0.0,0.0,0.0,0.0,0.0,0.0,0.0,0.0,0.0,7000.0,117.03,americo_de_campos
04/2026,3,SUDESTE,SE,35,SAO PAULO,SP,350190,AMPARO,1.0,2025,DOU,69792.0,30.0,0.0,0.0,0.0,0.0,0.0,0.0,0.0,0.0,0.0,0.0,0.0,105000.0,150.44,amparo
04/2026,3,SUDESTE,SE,35,SAO PAULO,SP,350200,ANALANDIA,3.0,2025,DOU,4694.0,1.0,0.0,2.0,0.0,0.0,0.0,0.0,0.0,0.0,0.0,0.0,0.0,7000.0,149.12,analandia
04/2026,3,SUDESTE,SE,35,SAO PAULO,SP,350210,ANDRADINA,1.0,2025,DOU,61625.0,16.0,3.0,0.0,0.0,0.0,0.0,0.0,0.0,0.0,0.0,0.0,0.0,63875.0,103.65,andradina
04/2026,3,SUDESTE,SE,35,SAO PAULO,SP,350220,ANGATUBA,2.0,2025,DOU,24573.0,6.0,0.0,0.0,0.0,0.0,0.0,0.0,0.0,0.0,0.0,0.0,0.0,21000.0,85.45,angatuba
04/2026,3,SUDESTE,SE,35,SAO PAULO,SP,350230,ANHEMBI,3.0,2025,DOU,5766.0,3.0,0.0,0.0,0.0,0.0,0.0,0.0,0.0,0.0,0.0,0.0,0.0,10500.0,182.1,anhembi
04/2026,3,SUDESTE,SE,35,SAO PAULO,SP,350240,ANHUMAS,1.0,2025,DOU,4118.0,2.0,0.0,0.0,0.0,0.0,0.0,0.0,0.0,0.0,0.0,0.0,0.0,7000.0,169.98,anhumas
04/2026,3,SUDESTE,SE,35,SAO PAULO,SP,350250,APARECIDA,1.0,2025,DOU,33141.0,8.0,2.0,0.0,0.0,0.0,0.0,0.0,0.0,0.0,0.0,0.0,0.0,33250.0,100.32,aparecida
04/2026,3,SUDESTE,SE,35,SAO PAULO,SP,350260,APARECIDA D'OESTE,2.0,2025,DOU,4112.0,2.0,0.0,0.0,0.0,0.0,0.0,0.0,0.0,0.0,0.0,0.0,0.0,7000.0,170.23,aparecida_d_oeste
04/2026,3,SUDESTE,SE,35,SAO PAULO,SP,350270,APIAI,2.0,2025,DOU,24857.0,9.0,0.0,4.0,0.0,0.0,0.0,0.0,0.0,0.0,0.0,0.0,0.0,38500.0,154.88,apiai
04/2026,3,SUDESTE,SE,35,SAO PAULO,SP,350275,ARACARIGUAMA,2.0,2025,DOU,22314.0,3.0,4.0,0.0,0.0,0.0,0.0,0.0,0.0,0.0,0.0,0.0,0.0,21000.0,94.11,aracariguama
04/2026,3,SUDESTE,SE,35,SAO PAULO,SP,350280,ARACATUBA,1.0,2025,DOU,208415.0,46.0,0.0,3.0,0.0,0.0,1.0,576.0,0.0,0.0,0.0,0.0,576.0,166826.0,80.04,aracatuba
04/2026,3,SUDESTE,SE,35,SAO PAULO,SP,350290,ARACOIABA DA SERRA,1.0,2025,DOU,33832.0,8.0,2.0,1.0,0.0,0.0,0.0,0.0,0.0,0.0,0.0,0.0,0.0,35000.0,103.45,aracoiaba_da_serra
04/2026,3,SUDESTE,SE,35,SAO PAULO,SP,350300,ARAMINA,2.0,2025,DOU,5535.0,2.0,1.0,0.0,0.0,0.0,0.0,0.0,0.0,0.0,0.0,0.0,0.0,9625.0,173.89,aramina
04/2026,3,SUDESTE,SE,35,SAO PAULO,SP,350310,ARANDU,2.0,2025,DOU,7076.0,2.0,1.0,0.0,0.0,0.0,0.0,0.0,0.0,0.0,0.0,0.0,0.0,9625.0,136.02,arandu
04/2026,3,SUDESTE,SE,35,SAO PAULO,SP,350315,ARAPEI,3.0,2025,DOU,2355.0,1.0,0.0,0.0,0.0,0.0,0.0,0.0,0.0,0.0,0.0,0.0,0.0,3500.0,148.61,arapei
04/2026,3,SUDESTE,SE,35,SAO PAULO,SP,350320,ARARAQUARA,1.0,2025,DOU,253474.0,38.0,9.0,5.0,0.0,0.0,0.0,0.0,1.0,11.0,0.0,0.0,11.0,165386.0,65.24,araraquara
04/2026,3,SUDESTE,SE,35,SAO PAULO,SP,350330,ARARAS,1.0,2025,DOU,135744.0,15.0,8.0,3.0,0.0,0.0,0.0,0.0,0.0,0.0,0.0,0.0,0.0,78750.0,58.01,araras
04/2026,3,SUDESTE,SE,35,SAO PAULO,SP,350335,ARCO-IRIS,3.0,2025,DOU,2089.0,1.0,0.0,0.0,0.0,0.0,0.0,0.0,0.0,0.0,0.0,0.0,0.0,3500.0,167.54,arco_iris
04/2026,3,SUDESTE,SE,35,SAO PAULO,SP,350340,AREALVA,3.0,2025,DOU,8290.0,3.0,0.0,0.0,0.0,0.0,0.0,0.0,0.0,0.0,0.0,0.0,0.0,10500.0,126.65,arealva
04/2026,3,SUDESTE,SE,35,SAO PAULO,SP,350350,AREIAS,3.0,2025,DOU,3617.0,1.0,0.0,0.0,0.0,0.0,0.0,0.0,0.0,0.0,0.0,0.0,0.0,3500.0,96.76,areias
04/2026,3,SUDESTE,SE,35,SAO PAULO,SP,350360,AREIOPOLIS,2.0,2025,DOU,10242.0,3.0,0.0,0.0,0.0,0.0,0.0,0.0,0.0,0.0,0.0,0.0,0.0,10500.0,102.51,areiopolis
04/2026,3,SUDESTE,SE,35,SAO PAULO,SP,350370,ARIRANHA,2.0,2025,DOU,7621.0,3.0,0.0,0.0,0.0,0.0,0.0,0.0,0.0,0.0,0.0,0.0,0.0,10500.0,137.77,ariranha
04/2026,3,SUDESTE,SE,35,SAO PAULO,SP,350380,ARTUR NOGUEIRA,1.0,2025,DOU,53467.0,12.0,0.0,0.0,0.0,0.0,0.0,0.0,0.0,0.0,0.0,0.0,0.0,42000.0,78.55,artur_nogueira
04/2026,3,SUDESTE,SE,35,SAO PAULO,SP,350390,ARUJA,1.0,2025,DOU,90273.0,9.0,4.0,0.0,0.0,0.0,0.0,0.0,0.0,0.0,0.0,0.0,0.0,42000.0,46.52,aruja
04/2026,3,SUDESTE,SE,35,SAO PAULO,SP,350395,ASPASIA,3.0,2025,DOU,1875.0,1.0,0.0,0.0,0.0,0.0,0.0,0.0,0.0,0.0,0.0,0.0,0.0,3500.0,186.66,aspasia
04/2026,3,SUDESTE,SE,35,SAO PAULO,SP,350400,ASSIS,1.0,2025,DOU,104858.0,18.0,3.0,3.0,0.0,0.0,1.0,169.0,1.0,114.0,0.0,0.0,283.0,76408.0,72.86,assis
04/2026,3,SUDESTE,SE,35,SAO PAULO,SP,350410,ATIBAIA,1.0,2025,DOU,167161.0,29.0,4.0,8.0,0.0,0.0,1.0,321.0,0.0,0.0,0.0,0.0,321.0,126321.0,75.56,atibaia
04/2026,3,SUDESTE,SE,35,SAO PAULO,SP,350420,AURIFLAMA,1.0,2025,DOU,13856.0,3.0,2.0,0.0,0.0,0.0,0.0,0.0,0.0,0.0,0.0,0.0,0.0,15750.0,113.66,auriflama
04/2026,3,SUDESTE,SE,35,SAO PAULO,SP,350430,AVAI,3.0,2025,DOU,4503.0,2.0,2.0,0.0,0.0,0.0,0.0,0.0,0.0,0.0,0.0,0.0,0.0,12250.0,272.04,avai
04/2026,3,SUDESTE,SE,35,SAO PAULO,SP,350440,AVANHANDAVA,2.0,2025,DOU,11436.0,3.0,4.0,0.0,0.0,0.0,0.0,0.0,1.0,2109.0,0.0,0.0,2109.0,23109.0,202.07,avanhandava
04/2026,3,SUDESTE,SE,35,SAO PAULO,SP,350450,AVARE,1.0,2025,DOU,96450.0,11.0,6.0,1.0,0.0,0.0,0.0,0.0,2.0,1370.0,0.0,0.0,1370.0,57370.0,59.48,avare
04/2026,3,SUDESTE,SE,35,SAO PAULO,SP,350460,BADY BASSITT,1.0,2025,DOU,29346.0,9.0,2.0,0.0,0.0,0.0,0.0,0.0,0.0,0.0,0.0,0.0,0.0,36750.0,125.23,bady_bassitt
04/2026,3,SUDESTE,SE,35,SAO PAULO,SP,350470,BALBINOS,2.0,2025,DOU,3969.0,2.0,1.0,0.0,0.0,0.0,0.0,0.0,4.0,5196.0,0.0,0.0,5196.0,14821.0,373.41,balbinos
04/2026,3,SUDESTE,SE,35,SAO PAULO,SP,350480,BALSAMO,1.0,2025,DOU,9902.0,3.0,0.0,2.0,0.0,0.0,0.0,0.0,0.0,0.0,0.0,0.0,0.0,14000.0,141.38,balsamo
04/2026,3,SUDESTE,SE,35,SAO PAULO,SP,350490,BANANAL,3.0,2025,DOU,10097.0,5.0,0.0,0.0,0.0,0.0,0.0,0.0,0.0,0.0,0.0,0.0,0.0,17500.0,173.31,bananal
04/2026,3,SUDESTE,SE,35,SAO PAULO,SP,350500,BARAO DE ANTONINA,3.0,2025,DOU,3632.0,1.0,1.0,0.0,0.0,0.0,0.0,0.0,0.0,0.0,0.0,0.0,0.0,6125.0,168.63,barao_de_antonina
04/2026,3,SUDESTE,SE,35,SAO PAULO,SP,350510,BARBOSA,2.0,2025,DOU,5627.0,2.0,2.0,0.0,0.0,0.0,0.0,0.0,0.0,0.0,0.0,0.0,0.0,12250.0,217.7,barbosa
04/2026,3,SUDESTE,SE,35,SAO PAULO,SP,350520,BARIRI,1.0,2025,DOU,32406.0,4.0,0.0,0.0,0.0,0.0,0.0,0.0,0.0,0.0,0.0,0.0,0.0,14000.0,43.2,bariri
04/2026,3,SUDESTE,SE,35,SAO PAULO,SP,350530,BARRA BONITA,1.0,2025,DOU,35129.0,2.0,5.0,1.0,0.0,0.0,0.0,0.0,0.0,0.0,0.0,0.0,0.0,21875.0,62.27,barra_bonita
04/2026,3,SUDESTE,SE,35,SAO PAULO,SP,350535,BARRA DO CHAPEU,3.0,2025,DOU,5254.0,3.0,0.0,0.0,0.0,0.0,0.0,0.0,0.0,0.0,0.0,0.0,0.0,10500.0,199.84,barra_do_chapeu
04/2026,3,SUDESTE,SE,35,SAO PAULO,SP,350540,BARRA DO TURVO,3.0,2025,DOU,6894.0,4.0,0.0,0.0,0.0,0.0,0.0,0.0,0.0,0.0,0.0,0.0,0.0,14000.0,203.07,barra_do_turvo
04/2026,3,SUDESTE,SE,35,SAO PAULO,SP,350550,BARRETOS,1.0,2025,DOU,126957.0,21.0,5.0,3.0,0.0,0.0,0.0,0.0,0.0,0.0,0.0,0.0,0.0,91875.0,72.36,barretos
04/2026,3,SUDESTE,SE,35,SAO PAULO,SP,350560,BARRINHA,1.0,2025,DOU,33304.0,5.0,2.0,1.0,0.0,0.0,0.0,0.0,0.0,0.0,0.0,0.0,0.0,24500.0,73.56,barrinha
04/2026,3,SUDESTE,SE,35,SAO PAULO,SP,350570,BARUERI,1.0,2025,DOU,333737.0,0.0,55.0,38.0,0.0,0.0,1.0,65.0,0.0,0.0,0.0,0.0,65.0,210940.0,63.2,barueri
04/2026,3,SUDESTE,SE,35,SAO PAULO,SP,350580,BASTOS,1.0,2025,DOU,21936.0,7.0,0.0,0.0,0.0,0.0,0.0,0.0,0.0,0.0,0.0,0.0,0.0,24500.0,111.68,bastos
04/2026,3,SUDESTE,SE,35,SAO PAULO,SP,350590,BATATAIS,1.0,2025,DOU,59939.0,11.0,2.0,3.0,0.0,0.0,0.0,0.0,0.0,0.0,0.0,0.0,0.0,49000.0,81.74,batatais
04/2026,3,SUDESTE,SE,35,SAO PAULO,SP,350600,BAURU,1.0,2025,DOU,392947.0,19.0,38.0,10.0,0.0,0.0,1.0,911.0,4.0,0.0,0.0,0.0,911.0,184661.0,46.99,bauru
04/2026,3,SUDESTE,SE,35,SAO PAULO,SP,350610,BEBEDOURO,1.0,2025,DOU,78257.0,16.0,2.0,1.0,0.0,0.0,0.0,0.0,0.0,0.0,0.0,0.0,0.0,63000.0,80.5,bebedouro
04/2026,3,SUDESTE,SE,35,SAO PAULO,SP,350620,BENTO DE ABREU,3.0,2025,DOU,2640.0,1.0,1.0,0.0,0.0,0.0,0.0,0.0,0.0,0.0,0.0,0.0,0.0,6125.0,232.0,bento_de_abreu
04/2026,3,SUDESTE,SE,35,SAO PAULO,SP,350630,BERNARDINO DE CAMPOS,2.0,2025,DOU,11881.0,3.0,0.0,1.0,0.0,0.0,0.0,0.0,1.0,1043.0,1.0,775.0,1818.0,14068.0,118.4,bernardino_de_campos
04/2026,3,SUDESTE,SE,35,SAO PAULO,SP,350635,BERTIOGA,1.0,2025,DOU,67436.0,16.0,0.0,0.0,0.0,0.0,0.0,0.0,0.0,0.0,0.0,0.0,0.0,56000.0,83.04,bertioga
04/2026,3,SUDESTE,SE,35,SAO PAULO,SP,350640,BILAC,2.0,2025,DOU,7464.0,3.0,0.0,0.0,0.0,0.0,0.0,0.0,0.0,0.0,0.0,0.0,0.0,10500.0,140.67,bilac
04/2026,3,SUDESTE,SE,35,SAO PAULO,SP,350650,BIRIGUI,1.0,2025,DOU,123340.0,28.0,0.0,4.0,0.0,0.0,0.0,0.0,0.0,0.0,0.0,0.0,0.0,105000.0,85.13,birigui
04/2026,3,SUDESTE,SE,35,SAO PAULO,SP,350660,BIRITIBA MIRIM,1.0,2025,DOU,30564.0,5.0,2.0,0.0,0.0,0.0,0.0,0.0,0.0,0.0,0.0,0.0,0.0,22750.0,74.43,biritiba_mirim
04/2026,3,SUDESTE,SE,35,SAO PAULO,SP,350670,BOA ESPERANCA DO SUL,1.0,2025,DOU,13113.0,3.0,1.0,0.0,0.0,0.0,0.0,0.0,0.0,0.0,0.0,0.0,0.0,13125.0,100.09,boa_esperanca_do_sul
04/2026,3,SUDESTE,SE,35,SAO PAULO,SP,350680,BOCAINA,2.0,2025,DOU,11480.0,3.0,1.0,0.0,0.0,0.0,0.0,0.0,0.0,0.0,0.0,0.0,0.0,13125.0,114.32,bocaina
04/2026,3,SUDESTE,SE,35,SAO PAULO,SP,350690,BOFETE,3.0,2025,DOU,10710.0,3.0,1.0,3.0,0.0,0.0,0.0,0.0,0.0,0.0,0.0,0.0,0.0,18375.0,171.56,bofete
04/2026,3,SUDESTE,SE,35,SAO PAULO,SP,350700,BOITUVA,1.0,2025,DOU,63850.0,3.0,4.0,11.0,0.0,0.0,0.0,0.0,0.0,0.0,0.0,0.0,0.0,40250.0,63.03,boituva
04/2026,3,SUDESTE,SE,35,SAO PAULO,SP,350710,BOM JESUS DOS PERDOES,1.0,2025,DOU,22579.0,5.0,1.0,0.0,0.0,0.0,0.0,0.0,0.0,0.0,0.0,0.0,0.0,20125.0,89.13,bom_jesus_dos_perdoes
04/2026,3,SUDESTE,SE,35,SAO PAULO,SP,350715,BOM SUCESSO DE ITARARE,3.0,2025,DOU,3609.0,2.0,0.0,0.0,0.0,0.0,0.0,0.0,0.0,0.0,0.0,0.0,0.0,7000.0,193.95,bom_sucesso_de_itarare
04/2026,3,SUDESTE,SE,35,SAO PAULO,SP,350720,BORA,3.0,2025,DOU,932.0,0.0,0.0,1.0,0.0,0.0,0.0,0.0,0.0,0.0,0.0,0.0,0.0,1750.0,187.76,bora
04/2026,3,SUDESTE,SE,35,SAO PAULO,SP,350730,BORACEIA,2.0,2025,DOU,4838.0,2.0,0.0,0.0,0.0,0.0,0.0,0.0,0.0,0.0,0.0,0.0,0.0,7000.0,144.68,boraceia
04/2026,3,SUDESTE,SE,35,SAO PAULO,SP,350740,BORBOREMA,1.0,2025,DOU,14405.0,3.0,1.0,0.0,0.0,0.0,0.0,0.0,0.0,0.0,0.0,0.0,0.0,13125.0,91.11,borborema
04/2026,3,SUDESTE,SE,35,SAO PAULO,SP,350745,BOREBI,3.0,2025,DOU,2801.0,1.0,0.0,0.0,0.0,0.0,0.0,0.0,0.0,0.0,0.0,0.0,0.0,3500.0,124.95,borebi
04/2026,3,SUDESTE,SE,35,SAO PAULO,SP,350750,BOTUCATU,1.0,2025,DOU,151053.0,23.0,7.0,0.0,0.0,0.0,1.0,171.0,0.0,0.0,0.0,0.0,171.0,99046.0,65.57,botucatu
04/2026,3,SUDESTE,SE,35,SAO PAULO,SP,350760,BRAGANCA PAULISTA,1.0,2025,DOU,185688.0,29.0,11.0,1.0,0.0,0.0,0.0,0.0,0.0,0.0,0.0,0.0,0.0,132125.0,71.15,braganca_paulista
04/2026,3,SUDESTE,SE,35,SAO PAULO,SP,350770,BRAUNA,1.0,2025,DOU,5477.0,2.0,0.0,0.0,0.0,0.0,0.0,0.0,0.0,0.0,0.0,0.0,0.0,7000.0,127.8,brauna
04/2026,3,SUDESTE,SE,35,SAO PAULO,SP,350775,BREJO ALEGRE,1.0,2025,DOU,2605.0,1.0,0.0,0.0,0.0,0.0,0.0,0.0,0.0,0.0,0.0,0.0,0.0,3500.0,134.35,brejo_alegre
04/2026,3,SUDESTE,SE,35,SAO PAULO,SP,350780,BRODOWSKI,1.0,2025,DOU,26314.0,8.0,0.0,0.0,0.0,0.0,0.0,0.0,0.0,0.0,0.0,0.0,0.0,28000.0,106.4,brodowski
04/2026,3,SUDESTE,SE,35,SAO PAULO,SP,350790,BROTAS,1.0,2025,DOU,24501.0,2.0,3.0,1.0,0.0,0.0,0.0,0.0,0.0,0.0,0.0,0.0,0.0,16625.0,67.85,brotas
04/2026,3,SUDESTE,SE,35,SAO PAULO,SP,350800,BURI,1.0,2025,DOU,20731.0,5.0,1.0,0.0,0.0,0.0,0.0,0.0,0.0,0.0,0.0,0.0,0.0,20125.0,97.07,buri
04/2026,3,SUDESTE,SE,35,SAO PAULO,SP,350810,BURITAMA,1.0,2025,DOU,17658.0,6.0,0.0,0.0,0.0,0.0,0.0,0.0,0.0,0.0,0.0,0.0,0.0,21000.0,118.92,buritama
04/2026,3,SUDESTE,SE,35,SAO PAULO,SP,350820,BURITIZAL,2.0,2025,DOU,4458.0,1.0,0.0,0.0,0.0,0.0,0.0,0.0,0.0,0.0,0.0,0.0,0.0,3500.0,78.51,buritizal
04/2026,3,SUDESTE,SE,35,SAO PAULO,SP,350830,CABRALIA PAULISTA,2.0,2025,DOU,4360.0,1.0,0.0,2.0,0.0,0.0,0.0,0.0,0.0,0.0,0.0,0.0,0.0,7000.0,160.55,cabralia_paulista
04/2026,3,SUDESTE,SE,35,SAO PAULO,SP,350840,CABREUVA,1.0,2025,DOU,48654.0,7.0,4.0,1.0,0.0,0.0,0.0,0.0,0.0,0.0,0.0,0.0,0.0,36750.0,75.53,cabreuva
04/2026,3,SUDESTE,SE,35,SAO PAULO,SP,350850,CACAPAVA,1.0,2025,DOU,100071.0,19.0,1.0,2.0,0.0,0.0,0.0,0.0,0.0,0.0,0.0,0.0,0.0,72625.0,72.57,cacapava
04/2026,3,SUDESTE,SE,35,SAO PAULO,SP,350860,CACHOEIRA PAULISTA,1.0,2025,DOU,32534.0,9.0,0.0,0.0,0.0,0.0,0.0,0.0,0.0,0.0,0.0,0.0,0.0,31500.0,96.82,cachoeira_paulista
04/2026,3,SUDESTE,SE,35,SAO PAULO,SP,350870,CACONDE,2.0,2025,DOU,17228.0,5.0,0.0,1.0,0.0,0.0,0.0,0.0,0.0,0.0,0.0,0.0,0.0,19250.0,111.73,caconde
04/2026,3,SUDESTE,SE,35,SAO PAULO,SP,350880,CAFELANDIA,1.0,2025,DOU,16907.0,6.0,2.0,0.0,0.0,0.0,0.0,0.0,0.0,0.0,0.0,0.0,0.0,26250.0,155.26,cafelandia
04/2026,3,SUDESTE,SE,35,SAO PAULO,SP,350890,CAIABU,1.0,2025,DOU,3726.0,2.0,0.0,0.0,0.0,0.0,0.0,0.0,0.0,0.0,0.0,0.0,0.0,7000.0,187.86,caiabu
04/2026,3,SUDESTE,SE,35,SAO PAULO,SP,350900,CAIEIRAS,1.0,2025,DOU,98549.0,21.0,9.0,1.0,0.0,0.0,0.0,0.0,0.0,0.0,0.0,0.0,0.0,98875.0,100.33,caieiras
04/2026,3,SUDESTE,SE,35,SAO PAULO,SP,350910,CAIUA,3.0,2025,DOU,5599.0,3.0,0.0,0.0,0.0,0.0,0.0,0.0,1.0,131.0,0.0,0.0,131.0,10631.0,189.87,caiua
04/2026,3,SUDESTE,SE,35,SAO PAULO,SP,350920,CAJAMAR,1.0,2025,DOU,98365.0,22.0,0.0,1.0,0.0,0.0,1.0,0.0,0.0,0.0,0.0,0.0,0.0,78750.0,80.05,cajamar
04/2026,3,SUDESTE,SE,35,SAO PAULO,SP,350925,CAJATI,2.0,2025,DOU,29262.0,12.0,0.0,0.0,0.0,0.0,0.0,0.0,0.0,0.0,0.0,0.0,0.0,42000.0,143.53,cajati
04/2026,3,SUDESTE,SE,35,SAO PAULO,SP,350930,CAJOBI,2.0,2025,DOU,9210.0,2.0,1.0,0.0,0.0,0.0,0.0,0.0,0.0,0.0,0.0,0.0,0.0,9625.0,104.5,cajobi
04/2026,3,SUDESTE,SE,35,SAO PAULO,SP,350940,CAJURU,1.0,2025,DOU,24233.0,7.0,0.0,0.0,0.0,0.0,0.0,0.0,0.0,0.0,0.0,0.0,0.0,24500.0,101.1,cajuru
04/2026,3,SUDESTE,SE,35,SAO PAULO,SP,350945,CAMPINA DO MONTE ALEGRE,3.0,2025,DOU,6090.0,2.0,0.0,0.0,0.0,0.0,0.0,0.0,0.0,0.0,0.0,0.0,0.0,7000.0,114.94,campina_do_monte_alegre
04/2026,3,SUDESTE,SE,35,SAO PAULO,SP,350950,CAMPINAS,1.0,2025,DOU,1187974.0,244.0,0.0,0.0,0.0,0.0,3.0,1038.0,0.0,0.0,0.0,0.0,1038.0,855038.0,71.97,campinas
04/2026,3,SUDESTE,SE,35,SAO PAULO,SP,350960,CAMPO LIMPO PAULISTA,1.0,2025,DOU,79781.0,10.0,4.0,5.0,0.0,0.0,0.0,0.0,0.0,0.0,0.0,0.0,0.0,54250.0,67.99,campo_limpo_paulista
04/2026,3,SUDESTE,SE,35,SAO PAULO,SP,350970,CAMPOS DO JORDAO,1.0,2025,DOU,47956.0,13.0,6.0,0.0,0.0,0.0,0.0,0.0,0.0,0.0,0.0,0.0,0.0,61250.0,127.72,campos_do_jordao
04/2026,3,SUDESTE,SE,35,SAO PAULO,SP,350980,CAMPOS NOVOS PAULISTA,2.0,2025,DOU,5003.0,2.0,0.0,0.0,0.0,0.0,0.0,0.0,0.0,0.0,0.0,0.0,0.0,7000.0,139.91,campos_novos_paulista
04/2026,3,SUDESTE,SE,35,SAO PAULO,SP,350990,CANANEIA,3.0,2025,DOU,12491.0,5.0,0.0,0.0,0.0,0.0,0.0,0.0,0.0,0.0,0.0,0.0,0.0,17500.0,140.1,cananeia
04/2026,3,SUDESTE,SE,35,SAO PAULO,SP,350995,CANAS,1.0,2025,DOU,5068.0,1.0,0.0,0.0,0.0,0.0,0.0,0.0,0.0,0.0,0.0,0.0,0.0,3500.0,69.06,canas
04/2026,3,SUDESTE,SE,35,SAO PAULO,SP,351000,CANDIDO MOTA,1.0,2025,DOU,30157.0,2.0,4.0,0.0,0.0,0.0,0.0,0.0,0.0,0.0,0.0,0.0,0.0,17500.0,58.02,candido_mota
04/2026,3,SUDESTE,SE,35,SAO PAULO,SP,351010,CANDIDO RODRIGUES,3.0,2025,DOU,2959.0,1.0,0.0,0.0,0.0,0.0,0.0,0.0,0.0,0.0,0.0,0.0,0.0,3500.0,118.28,candido_rodrigues
04/2026,3,SUDESTE,SE,35,SAO PAULO,SP,351015,CANITAR,1.0,2025,DOU,6589.0,2.0,0.0,1.0,0.0,0.0,0.0,0.0,0.0,0.0,0.0,0.0,0.0,8750.0,132.79,canitar
04/2026,3,SUDESTE,SE,35,SAO PAULO,SP,351020,CAPAO BONITO,1.0,2025,DOU,47409.0,17.0,0.0,0.0,0.0,0.0,0.0,0.0,0.0,0.0,0.0,0.0,0.0,59500.0,125.5,capao_bonito
04/2026,3,SUDESTE,SE,35,SAO PAULO,SP,351030,CAPELA DO ALTO,3.0,2025,DOU,23777.0,5.0,0.0,1.0,0.0,0.0,0.0,0.0,3.0,1564.0,1.0,501.0,2065.0,21315.0,89.64,capela_do_alto
04/2026,3,SUDESTE,SE,35,SAO PAULO,SP,351040,CAPIVARI,1.0,2025,DOU,51369.0,5.0,0.0,1.0,0.0,0.0,0.0,0.0,0.0,0.0,0.0,0.0,0.0,19250.0,37.47,capivari
04/2026,3,SUDESTE,SE,35,SAO PAULO,SP,351050,CARAGUATATUBA,1.0,2025,DOU,142248.0,31.0,0.0,0.0,0.0,0.0,0.0,0.0,0.0,0.0,0.0,0.0,0.0,108500.0,76.27,caraguatatuba
04/2026,3,SUDESTE,SE,35,SAO PAULO,SP,351060,CARAPICUIBA,1.0,2025,DOU,398236.0,49.0,4.0,7.0,0.0,0.0,1.0,80.0,0.0,0.0,0.0,0.0,80.0,194330.0,48.79,carapicuiba
04/2026,3,SUDESTE,SE,35,SAO PAULO,SP,351070,CARDOSO,3.0,2025,DOU,11476.0,4.0,4.0,0.0,0.0,0.0,0.0,0.0,0.0,0.0,0.0,0.0,0.0,24500.0,213.48,cardoso
04/2026,3,SUDESTE,SE,35,SAO PAULO,SP,351080,CASA BRANCA,2.0,2025,DOU,28779.0,5.0,4.0,0.0,0.0,0.0,0.0,0.0,1.0,411.0,0.0,0.0,411.0,28411.0,98.72,casa_branca
04/2026,3,SUDESTE,SE,35,SAO PAULO,SP,351090,CASSIA DOS COQUEIROS,3.0,2025,DOU,2861.0,1.0,0.0,1.0,0.0,0.0,0.0,0.0,0.0,0.0,0.0,0.0,0.0,5250.0,183.5,cassia_dos_coqueiros
04/2026,3,SUDESTE,SE,35,SAO PAULO,SP,351100,CASTILHO,2.0,2025,DOU,20485.0,6.0,4.0,2.0,0.0,0.0,0.0,0.0,0.0,0.0,0.0,0.0,0.0,35000.0,170.85,castilho
04/2026,3,SUDESTE,SE,35,SAO PAULO,SP,351110,CATANDUVA,1.0,2025,DOU,119275.0,26.0,10.0,0.0,0.0,0.0,1.0,422.0,0.0,0.0,0.0,0.0,422.0,117672.0,98.65,catanduva
04/2026,3,SUDESTE,SE,35,SAO PAULO,SP,351120,CATIGUA,1.0,2025,DOU,7101.0,1.0,2.0,0.0,0.0,0.0,0.0,0.0,0.0,0.0,0.0,0.0,0.0,8750.0,123.22,catigua
04/2026,3,SUDESTE,SE,35,SAO PAULO,SP,351130,CEDRAL,1.0,2025,DOU,13314.0,3.0,2.0,0.0,0.0,0.0,0.0,0.0,0.0,0.0,0.0,0.0,0.0,15750.0,118.29,cedral
04/2026,3,SUDESTE,SE,35,SAO PAULO,SP,351140,CERQUEIRA CESAR,1.0,2025,DOU,22210.0,6.0,0.0,0.0,0.0,0.0,0.0,0.0,1.0,1553.0,0.0,0.0,1553.0,22553.0,101.54,cerqueira_cesar
04/2026,3,SUDESTE,SE,35,SAO PAULO,SP,351150,CERQUILHO,1.0,2025,DOU,46391.0,2.0,15.0,0.0,0.0,0.0,0.0,0.0,0.0,0.0,0.0,0.0,0.0,46375.0,99.96,cerquilho
04/2026,3,SUDESTE,SE,35,SAO PAULO,SP,351160,CESARIO LANGE,3.0,2025,DOU,19707.0,7.0,1.0,1.0,0.0,0.0,0.0,0.0,0.0,0.0,0.0,0.0,0.0,28875.0,146.52,cesario_lange
04/2026,3,SUDESTE,SE,35,SAO PAULO,SP,351170,CHARQUEADA,1.0,2025,DOU,15814.0,1.0,5.0,0.0,0.0,0.0,0.0,0.0,0.0,0.0,0.0,0.0,0.0,16625.0,105.12,charqueada
04/2026,3,SUDESTE,SE,35,SAO PAULO,SP,355720,CHAVANTES,2.0,2025,DOU,12415.0,3.0,2.0,0.0,0.0,0.0,0.0,0.0,0.0,0.0,0.0,0.0,0.0,15750.0,126.86,chavantes
04/2026,3,SUDESTE,SE,35,SAO PAULO,SP,351190,CLEMENTINA,2.0,2025,DOU,7084.0,2.0,0.0,0.0,0.0,0.0,0.0,0.0,0.0,0.0,0.0,0.0,0.0,7000.0,98.81,clementina
04/2026,3,SUDESTE,SE,35,SAO PAULO,SP,351200,COLINA,1.0,2025,DOU,18880.0,5.0,0.0,0.0,0.0,0.0,0.0,0.0,0.0,0.0,0.0,0.0,0.0,17500.0,92.69,colina
04/2026,3,SUDESTE,SE,35,SAO PAULO,SP,351210,COLOMBIA,1.0,2025,DOU,6802.0,3.0,0.0,0.0,0.0,0.0,0.0,0.0,0.0,0.0,0.0,0.0,0.0,10500.0,154.36,colombia
04/2026,3,SUDESTE,SE,35,SAO PAULO,SP,351220,CONCHAL,1.0,2025,DOU,29132.0,5.0,2.0,0.0,0.0,0.0,0.0,0.0,0.0,0.0,0.0,0.0,0.0,22750.0,78.09,conchal
04/2026,3,SUDESTE,SE,35,SAO PAULO,SP,351230,CONCHAS,2.0,2025,DOU,15345.0,4.0,2.0,0.0,0.0,0.0,0.0,0.0,0.0,0.0,0.0,0.0,0.0,19250.0,125.44,conchas
04/2026,3,SUDESTE,SE,35,SAO PAULO,SP,351240,CORDEIROPOLIS,1.0,2025,DOU,25286.0,8.0,0.0,0.0,0.0,0.0,0.0,0.0,0.0,0.0,0.0,0.0,0.0,28000.0,110.73,cordeiropolis
04/2026,3,SUDESTE,SE,35,SAO PAULO,SP,351250,COROADOS,1.0,2025,DOU,5504.0,2.0,0.0,0.0,0.0,0.0,0.0,0.0,0.0,0.0,0.0,0.0,0.0,7000.0,127.18,coroados
04/2026,3,SUDESTE,SE,35,SAO PAULO,SP,351260,CORONEL MACEDO,2.0,2025,DOU,4271.0,2.0,0.0,0.0,0.0,0.0,0.0,0.0,0.0,0.0,0.0,0.0,0.0,7000.0,163.89,coronel_macedo
04/2026,3,SUDESTE,SE,35,SAO PAULO,SP,351270,CORUMBATAI,3.0,2025,DOU,4296.0,1.0,2.0,0.0,0.0,0.0,0.0,0.0,0.0,0.0,0.0,0.0,0.0,8750.0,203.67,corumbatai
04/2026,3,SUDESTE,SE,35,SAO PAULO,SP,351280,COSMOPOLIS,1.0,2025,DOU,61167.0,9.0,4.0,0.0,0.0,0.0,0.0,0.0,0.0,0.0,0.0,0.0,0.0,42000.0,68.66,cosmopolis
04/2026,3,SUDESTE,SE,35,SAO PAULO,SP,351290,COSMORAMA,3.0,2025,DOU,9019.0,4.0,0.0,0.0,0.0,0.0,0.0,0.0,0.0,0.0,0.0,0.0,0.0,14000.0,155.22,cosmorama
04/2026,3,SUDESTE,SE,35,SAO PAULO,SP,351300,COTIA,1.0,2025,DOU,289493.0,9.0,4.0,12.0,0.0,0.0,0.0,0.0,0.0,0.0,0.0,0.0,0.0,63000.0,21.76,cotia
04/2026,3,SUDESTE,SE,35,SAO PAULO,SP,351310,CRAVINHOS,1.0,2025,DOU,34307.0,7.0,2.0,0.0,0.0,0.0,0.0,0.0,0.0,0.0,0.0,0.0,0.0,29750.0,86.71,cravinhos
04/2026,3,SUDESTE,SE,35,SAO PAULO,SP,351320,CRISTAIS PAULISTA,1.0,2025,DOU,9600.0,3.0,0.0,0.0,0.0,0.0,0.0,0.0,0.0,0.0,0.0,0.0,0.0,10500.0,109.37,cristais_paulista
04/2026,3,SUDESTE,SE,35,SAO PAULO,SP,351330,CRUZALIA,3.0,2025,DOU,2123.0,1.0,0.0,0.0,0.0,0.0,0.0,0.0,0.0,0.0,0.0,0.0,0.0,3500.0,164.86,cruzalia
04/2026,3,SUDESTE,SE,35,SAO PAULO,SP,351340,CRUZEIRO,1.0,2025,DOU,76444.0,11.0,3.0,1.0,0.0,0.0,0.0,0.0,0.0,0.0,0.0,0.0,0.0,48125.0,62.95,cruzeiro
04/2026,3,SUDESTE,SE,35,SAO PAULO,SP,351350,CUBATAO,1.0,2025,DOU,114870.0,33.0,3.0,0.0,0.0,0.0,0.0,0.0,0.0,0.0,0.0,0.0,0.0,123375.0,107.4,cubatao
04/2026,3,SUDESTE,SE,35,SAO PAULO,SP,351360,CUNHA,2.0,2025,DOU,22460.0,5.0,1.0,0.0,0.0,0.0,0.0,0.0,0.0,0.0,0.0,0.0,0.0,20125.0,89.6,cunha
04/2026,3,SUDESTE,SE,35,SAO PAULO,SP,351370,DESCALVADO,1.0,2025,DOU,32663.0,8.0,1.0,0.0,0.0,0.0,0.0,0.0,0.0,0.0,0.0,0.0,0.0,30625.0,93.76,descalvado
04/2026,3,SUDESTE,SE,35,SAO PAULO,SP,351380,DIADEMA,1.0,2025,DOU,403579.0,94.0,0.0,0.0,0.0,0.0,1.0,315.0,0.0,0.0,0.0,0.0,315.0,329315.0,81.59,diadema
04/2026,3,SUDESTE,SE,35,SAO PAULO,SP,351385,DIRCE REIS,3.0,2025,DOU,1639.0,1.0,0.0,0.0,0.0,0.0,0.0,0.0,0.0,0.0,0.0,0.0,0.0,3500.0,213.54,dirce_reis
04/2026,3,SUDESTE,SE,35,SAO PAULO,SP,351390,DIVINOLANDIA,3.0,2025,DOU,11305.0,4.0,0.0,1.0,0.0,0.0,0.0,0.0,0.0,0.0,0.0,0.0,0.0,15750.0,139.31,divinolandia
04/2026,3,SUDESTE,SE,35,SAO PAULO,SP,351400,DOBRADA,2.0,2025,DOU,8986.0,4.0,1.0,0.0,0.0,0.0,0.0,0.0,0.0,0.0,0.0,0.0,0.0,16625.0,185.01,dobrada
04/2026,3,SUDESTE,SE,35,SAO PAULO,SP,351410,DOIS CORREGOS,1.0,2025,DOU,24847.0,5.0,0.0,3.0,0.0,0.0,0.0,0.0,0.0,0.0,0.0,0.0,0.0,22750.0,91.56,dois_corregos
04/2026,3,SUDESTE,SE,35,SAO PAULO,SP,351420,DOLCINOPOLIS,3.0,2025,DOU,2254.0,1.0,0.0,0.0,0.0,0.0,0.0,0.0,0.0,0.0,0.0,0.0,0.0,3500.0,155.27,dolcinopolis
04/2026,3,SUDESTE,SE,35,SAO PAULO,SP,351430,DOURADO,2.0,2025,DOU,8169.0,3.0,0.0,0.0,0.0,0.0,0.0,0.0,0.0,0.0,0.0,0.0,0.0,10500.0,128.53,dourado
04/2026,3,SUDESTE,SE,35,SAO PAULO,SP,351440,DRACENA,1.0,2025,DOU,46735.0,14.0,3.0,1.0,0.0,0.0,0.0,0.0,1.0,984.0,0.0,0.0,984.0,59609.0,127.54,dracena
04/2026,3,SUDESTE,SE,35,SAO PAULO,SP,351450,DUARTINA,1.0,2025,DOU,12532.0,3.0,1.0,0.0,0.0,0.0,0.0,0.0,0.0,0.0,0.0,0.0,0.0,13125.0,104.73,duartina
04/2026,3,SUDESTE,SE,35,SAO PAULO,SP,351460,DUMONT,2.0,2025,DOU,9764.0,1.0,1.0,0.0,0.0,0.0,0.0,0.0,0.0,0.0,0.0,0.0,0.0,6125.0,62.73,dumont
04/2026,3,SUDESTE,SE,35,SAO PAULO,SP,351470,ECHAPORA,2.0,2025,DOU,6291.0,3.0,0.0,0.0,0.0,0.0,0.0,0.0,0.0,0.0,0.0,0.0,0.0,10500.0,166.9,echapora
04/2026,3,SUDESTE,SE,35,SAO PAULO,SP,351480,ELDORADO,3.0,2025,DOU,13109.0,7.0,0.0,0.0,0.0,0.0,0.0,0.0,0.0,0.0,0.0,0.0,0.0,24500.0,186.89,eldorado
04/2026,3,SUDESTE,SE,35,SAO PAULO,SP,351490,ELIAS FAUSTO,3.0,2025,DOU,18168.0,4.0,0.0,0.0,0.0,0.0,0.0,0.0,0.0,0.0,0.0,0.0,0.0,14000.0,77.05,elias_fausto
04/2026,3,SUDESTE,SE,35,SAO PAULO,SP,351492,ELISIARIO,1.0,2025,DOU,3190.0,2.0,0.0,0.0,0.0,0.0,0.0,0.0,0.0,0.0,0.0,0.0,0.0,7000.0,219.43,elisiario
04/2026,3,SUDESTE,SE,35,SAO PAULO,SP,351495,EMBAUBA,1.0,2025,DOU,2349.0,1.0,0.0,0.0,0.0,0.0,0.0,0.0,0.0,0.0,0.0,0.0,0.0,3500.0,148.99,embauba
04/2026,3,SUDESTE,SE,35,SAO PAULO,SP,351500,EMBU DAS ARTES,1.0,2025,DOU,259788.0,44.0,5.0,32.0,0.0,0.0,1.0,271.0,0.0,0.0,0.0,0.0,271.0,223396.0,85.99,embu_das_artes
04/2026,3,SUDESTE,SE,35,SAO PAULO,SP,351510,EMBU-GUACU,1.0,2025,DOU,68913.0,19.0,0.0,0.0,0.0,0.0,0.0,0.0,0.0,0.0,0.0,0.0,0.0,66500.0,96.49,embu_guacu
04/2026,3,SUDESTE,SE,35,SAO PAULO,SP,351512,EMILIANOPOLIS,1.0,2025,DOU,3061.0,1.0,1.0,0.0,0.0,0.0,0.0,0.0,0.0,0.0,0.0,0.0,0.0,6125.0,200.09,emilianopolis
04/2026,3,SUDESTE,SE,35,SAO PAULO,SP,351515,ENGENHEIRO COELHO,1.0,2025,DOU,20261.0,4.0,1.0,0.0,0.0,0.0,0.0,0.0,0.0,0.0,0.0,0.0,0.0,16625.0,82.05,engenheiro_coelho
04/2026,3,SUDESTE,SE,35,SAO PAULO,SP,351518,ESPIRITO SANTO DO PINHAL,1.0,2025,DOU,40610.0,11.0,0.0,0.0,0.0,0.0,0.0,0.0,0.0,0.0,0.0,0.0,0.0,38500.0,94.8,espirito_santo_do_pinhal
04/2026,3,SUDESTE,SE,35,SAO PAULO,SP,351519,ESPIRITO SANTO DO TURVO,2.0,2025,DOU,4214.0,1.0,2.0,0.0,0.0,0.0,0.0,0.0,0.0,0.0,0.0,0.0,0.0,8750.0,207.64,espirito_santo_do_turvo
04/2026,3,SUDESTE,SE,35,SAO PAULO,SP,355730,ESTIVA GERBI,1.0,2025,DOU,11609.0,4.0,0.0,0.0,0.0,0.0,0.0,0.0,0.0,0.0,0.0,0.0,0.0,14000.0,120.59,estiva_gerbi
04/2026,3,SUDESTE,SE,35,SAO PAULO,SP,351520,ESTRELA D'OESTE,2.0,2025,DOU,9696.0,4.0,0.0,0.0,0.0,0.0,0.0,0.0,0.0,0.0,0.0,0.0,0.0,14000.0,144.38,estrela_d_oeste
04/2026,3,SUDESTE,SE,35,SAO PAULO,SP,351530,ESTRELA DO NORTE,1.0,2025,DOU,2751.0,1.0,0.0,0.0,0.0,0.0,0.0,0.0,0.0,0.0,0.0,0.0,0.0,3500.0,127.22,estrela_do_norte
04/2026,3,SUDESTE,SE,35,SAO PAULO,SP,351535,EUCLIDES DA CUNHA PAULISTA,3.0,2025,DOU,7883.0,5.0,0.0,0.0,0.0,0.0,0.0,0.0,0.0,0.0,0.0,0.0,0.0,17500.0,221.99,euclides_da_cunha_paulista
04/2026,3,SUDESTE,SE,35,SAO PAULO,SP,351540,FARTURA,1.0,2025,DOU,17029.0,3.0,0.0,1.0,0.0,0.0,0.0,0.0,0.0,0.0,0.0,0.0,0.0,12250.0,71.93,fartura
04/2026,3,SUDESTE,SE,35,SAO PAULO,SP,351560,FERNANDO PRESTES,3.0,2025,DOU,6080.0,3.0,0.0,0.0,0.0,0.0,0.0,0.0,0.0,0.0,0.0,0.0,0.0,10500.0,172.69,fernando_prestes
04/2026,3,SUDESTE,SE,35,SAO PAULO,SP,351550,FERNANDOPOLIS,1.0,2025,DOU,73508.0,27.0,0.0,0.0,0.0,0.0,0.0,0.0,0.0,0.0,0.0,0.0,0.0,94500.0,128.55,fernandopolis
04/2026,3,SUDESTE,SE,35,SAO PAULO,SP,351565,FERNAO,3.0,2025,DOU,1692.0,1.0,0.0,0.0,0.0,0.0,0.0,0.0,0.0,0.0,0.0,0.0,0.0,3500.0,206.85,fernao
04/2026,3,SUDESTE,SE,35,SAO PAULO,SP,351570,FERRAZ DE VASCONCELOS,1.0,2025,DOU,186479.0,39.0,13.0,0.0,0.0,0.0,0.0,0.0,0.0,0.0,0.0,0.0,0.0,170625.0,91.49,ferraz_de_vasconcelos
04/2026,3,SUDESTE,SE,35,SAO PAULO,SP,351580,FLORA RICA,3.0,2025,DOU,1483.0,1.0,0.0,0.0,0.0,0.0,0.0,0.0,0.0,0.0,0.0,0.0,0.0,3500.0,236.0,flora_rica
04/2026,3,SUDESTE,SE,35,SAO PAULO,SP,351590,FLOREAL,3.0,2025,DOU,2747.0,1.0,1.0,0.0,0.0,0.0,0.0,0.0,0.0,0.0,0.0,0.0,0.0,6125.0,222.97,floreal
04/2026,3,SUDESTE,SE,35,SAO PAULO,SP,351600,FLORIDA PAULISTA,3.0,2025,DOU,13175.0,4.0,0.0,1.0,0.0,0.0,0.0,0.0,1.0,1333.0,0.0,0.0,1333.0,17083.0,129.66,florida_paulista
04/2026,3,SUDESTE,SE,35,SAO PAULO,SP,351610,FLORINEA,3.0,2025,DOU,4022.0,1.0,0.0,0.0,0.0,0.0,0.0,0.0,1.0,1303.0,0.0,0.0,1303.0,4803.0,119.41,florinea
04/2026,3,SUDESTE,SE,35,SAO PAULO,SP,351620,FRANCA,1.0,2025,DOU,365494.0,14.0,6.0,41.0,0.0,0.0,1.0,1038.0,1.0,85.0,0.0,0.0,1123.0,137623.0,37.65,franca
04/2026,3,SUDESTE,SE,35,SAO PAULO,SP,351630,FRANCISCO MORATO,1.0,2025,DOU,171476.0,30.0,1.0,1.0,0.0,0.0,0.0,0.0,0.0,0.0,0.0,0.0,0.0,109375.0,63.78,francisco_morato
04/2026,3,SUDESTE,SE,35,SAO PAULO,SP,351640,FRANCO DA ROCHA,1.0,2025,DOU,150241.0,53.0,0.0,0.0,0.0,0.0,0.0,0.0,6.0,5481.0,4.0,5957.0,11438.0,196938.0,131.08,franco_da_rocha
04/2026,3,SUDESTE,SE,35,SAO PAULO,SP,351650,GABRIEL MONTEIRO,3.0,2025,DOU,2813.0,1.0,0.0,0.0,0.0,0.0,0.0,0.0,0.0,0.0,0.0,0.0,0.0,3500.0,124.42,gabriel_monteiro
04/2026,3,SUDESTE,SE,35,SAO PAULO,SP,351660,GALIA,3.0,2025,DOU,6413.0,3.0,0.0,0.0,0.0,0.0,0.0,0.0,2.0,1940.0,1.0,1578.0,3518.0,14018.0,218.58,galia
04/2026,3,SUDESTE,SE,35,SAO PAULO,SP,351670,GARCA,1.0,2025,DOU,43081.0,14.0,0.0,0.0,0.0,0.0,0.0,0.0,0.0,0.0,0.0,0.0,0.0,49000.0,113.73,garca
04/2026,3,SUDESTE,SE,35,SAO PAULO,SP,351680,GASTAO VIDIGAL,2.0,2025,DOU,3203.0,2.0,0.0,0.0,0.0,0.0,0.0,0.0,0.0,0.0,0.0,0.0,0.0,7000.0,218.54,gastao_vidigal
04/2026,3,SUDESTE,SE,35,SAO PAULO,SP,351685,GAVIAO PEIXOTO,1.0,2025,DOU,4806.0,2.0,0.0,0.0,0.0,0.0,0.0,0.0,0.0,0.0,0.0,0.0,0.0,7000.0,145.65,gaviao_peixoto
04/2026,3,SUDESTE,SE,35,SAO PAULO,SP,351690,GENERAL SALGADO,2.0,2025,DOU,10437.0,4.0,0.0,2.0,0.0,0.0,0.0,0.0,0.0,0.0,0.0,0.0,0.0,17500.0,167.67,general_salgado
04/2026,3,SUDESTE,SE,35,SAO PAULO,SP,351700,GETULINA,3.0,2025,DOU,10337.0,3.0,1.0,0.0,0.0,0.0,0.0,0.0,2.0,2.0,0.0,0.0,2.0,13127.0,126.99,getulina
04/2026,3,SUDESTE,SE,35,SAO PAULO,SP,351710,GLICERIO,3.0,2025,DOU,4158.0,2.0,0.0,0.0,0.0,0.0,0.0,0.0,0.0,0.0,0.0,0.0,0.0,7000.0,168.35,glicerio
04/2026,3,SUDESTE,SE,35,SAO PAULO,SP,351720,GUAICARA,3.0,2025,DOU,11478.0,2.0,1.0,1.0,0.0,0.0,0.0,0.0,0.0,0.0,0.0,0.0,0.0,11375.0,99.1,guaicara
04/2026,3,SUDESTE,SE,35,SAO PAULO,SP,351730,GUAIMBE,2.0,2025,DOU,5609.0,2.0,0.0,0.0,0.0,0.0,0.0,0.0,0.0,0.0,0.0,0.0,0.0,7000.0,124.79,guaimbe
04/2026,3,SUDESTE,SE,35,SAO PAULO,SP,351740,GUAIRA,1.0,2025,DOU,40489.0,10.0,1.0,0.0,0.0,0.0,0.0,0.0,0.0,0.0,0.0,0.0,0.0,37625.0,92.92,guaira
04/2026,3,SUDESTE,SE,35,SAO PAULO,SP,351750,GUAPIACU,1.0,2025,DOU,22445.0,7.0,0.0,2.0,0.0,0.0,0.0,0.0,0.0,0.0,0.0,0.0,0.0,28000.0,124.74,guapiacu
04/2026,3,SUDESTE,SE,35,SAO PAULO,SP,351760,GUAPIARA,3.0,2025,DOU,17225.0,7.0,0.0,0.0,0.0,0.0,0.0,0.0,0.0,0.0,0.0,0.0,0.0,24500.0,142.23,guapiara
04/2026,3,SUDESTE,SE,35,SAO PAULO,SP,351770,GUARA,1.0,2025,DOU,18748.0,4.0,0.0,6.0,0.0,0.0,0.0,0.0,0.0,0.0,0.0,0.0,0.0,24500.0,130.68,guara
04/2026,3,SUDESTE,SE,35,SAO PAULO,SP,351780,GUARACAI,2.0,2025,DOU,7453.0,3.0,0.0,0.0,0.0,0.0,0.0,0.0,0.0,0.0,0.0,0.0,0.0,10500.0,140.88,guaracai
04/2026,3,SUDESTE,SE,35,SAO PAULO,SP,351790,GUARACI,2.0,2025,DOU,10554.0,3.0,0.0,0.0,0.0,0.0,0.0,0.0,0.0,0.0,0.0,0.0,0.0,10500.0,99.48,guaraci
04/2026,3,SUDESTE,SE,35,SAO PAULO,SP,351800,GUARANI D'OESTE,3.0,2025,DOU,1999.0,1.0,0.0,0.0,0.0,0.0,0.0,0.0,0.0,0.0,0.0,0.0,0.0,3500.0,175.08,guarani_d_oeste
04/2026,3,SUDESTE,SE,35,SAO PAULO,SP,351810,GUARANTA,2.0,2025,DOU,6532.0,3.0,0.0,0.0,0.0,0.0,0.0,0.0,0.0,0.0,0.0,0.0,0.0,10500.0,160.74,guaranta
04/2026,3,SUDESTE,SE,35,SAO PAULO,SP,351820,GUARARAPES,1.0,2025,DOU,31888.0,5.0,0.0,4.0,0.0,0.0,0.0,0.0,0.0,0.0,0.0,0.0,0.0,24500.0,76.83,guararapes
04/2026,3,SUDESTE,SE,35,SAO PAULO,SP,351830,GUARAREMA,3.0,2025,DOU,32620.0,0.0,0.0,1.0,0.0,0.0,0.0,0.0,0.0,0.0,0.0,0.0,0.0,1750.0,5.36,guararema
04/2026,3,SUDESTE,SE,35,SAO PAULO,SP,351840,GUARATINGUETA,1.0,2025,DOU,121916.0,10.0,3.0,5.0,0.0,0.0,0.0,0.0,0.0,0.0,0.0,0.0,0.0,51625.0,42.34,guaratingueta
04/2026,3,SUDESTE,SE,35,SAO PAULO,SP,351850,GUAREI,3.0,2025,DOU,15285.0,6.0,0.0,0.0,0.0,0.0,0.0,0.0,3.0,1804.0,0.0,0.0,1804.0,22804.0,149.19,guarei
04/2026,3,SUDESTE,SE,35,SAO PAULO,SP,351860,GUARIBA,1.0,2025,DOU,38678.0,2.0,0.0,4.0,0.0,0.0,0.0,0.0,1.0,194.0,0.0,0.0,194.0,14194.0,36.69,guariba
04/2026,3,SUDESTE,SE,35,SAO PAULO,SP,351870,GUARUJA,1.0,2025,DOU,294871.0,45.0,4.0,7.0,0.0,0.0,1.0,252.0,0.0,0.0,0.0,0.0,252.0,180502.0,61.21,guaruja
04/2026,3,SUDESTE,SE,35,SAO PAULO,SP,351880,GUARULHOS,1.0,2025,DOU,1349100.0,155.0,30.0,31.0,0.0,0.0,1.0,177.0,3.0,2204.0,1.0,1332.0,3713.0,679213.0,50.34,guarulhos
04/2026,3,SUDESTE,SE,35,SAO PAULO,SP,351885,GUATAPARA,2.0,2025,DOU,7474.0,3.0,0.0,0.0,0.0,0.0,0.0,0.0,0.0,0.0,0.0,0.0,0.0,10500.0,140.48,guatapara
04/2026,3,SUDESTE,SE,35,SAO PAULO,SP,351890,GUZOLANDIA,2.0,2025,DOU,4259.0,1.0,2.0,0.0,0.0,0.0,0.0,0.0,0.0,0.0,0.0,0.0,0.0,8750.0,205.44,guzolandia
04/2026,3,SUDESTE,SE,35,SAO PAULO,SP,351900,HERCULANDIA,2.0,2025,DOU,9316.0,3.0,0.0,0.0,0.0,0.0,0.0,0.0,0.0,0.0,0.0,0.0,0.0,10500.0,112.7,herculandia
04/2026,3,SUDESTE,SE,35,SAO PAULO,SP,351905,HOLAMBRA,3.0,2025,DOU,15718.0,4.0,0.0,0.0,0.0,0.0,0.0,0.0,0.0,0.0,0.0,0.0,0.0,14000.0,89.06,holambra
04/2026,3,SUDESTE,SE,35,SAO PAULO,SP,351907,HORTOLANDIA,1.0,2025,DOU,248842.0,38.0,0.0,0.0,0.0,0.0,0.0,0.0,3.0,0.0,0.0,0.0,0.0,133000.0,53.44,hortolandia
04/2026,3,SUDESTE,SE,35,SAO PAULO,SP,351910,IACANGA,2.0,2025,DOU,10648.0,4.0,0.0,0.0,0.0,0.0,0.0,0.0,0.0,0.0,0.0,0.0,0.0,14000.0,131.48,iacanga
04/2026,3,SUDESTE,SE,35,SAO PAULO,SP,351920,IACRI,2.0,2025,DOU,6197.0,2.0,0.0,0.0,0.0,0.0,0.0,0.0,0.0,0.0,0.0,0.0,0.0,7000.0,112.95,iacri
04/2026,3,SUDESTE,SE,35,SAO PAULO,SP,351925,IARAS,3.0,2025,DOU,8313.0,3.0,1.0,0.0,0.0,0.0,0.0,0.0,1.0,0.0,0.0,0.0,0.0,13125.0,157.88,iaras
04/2026,3,SUDESTE,SE,35,SAO PAULO,SP,351930,IBATE,1.0,2025,DOU,33160.0,6.0,0.0,0.0,0.0,0.0,0.0,0.0,0.0,0.0,0.0,0.0,0.0,21000.0,63.32,ibate
04/2026,3,SUDESTE,SE,35,SAO PAULO,SP,351940,IBIRA,2.0,2025,DOU,11952.0,4.0,2.0,0.0,0.0,0.0,0.0,0.0,0.0,0.0,0.0,0.0,0.0,19250.0,161.06,ibira
04/2026,3,SUDESTE,SE,35,SAO PAULO,SP,351950,IBIRAREMA,2.0,2025,DOU,6450.0,2.0,0.0,0.0,0.0,0.0,0.0,0.0,0.0,0.0,0.0,0.0,0.0,7000.0,108.52,ibirarema
04/2026,3,SUDESTE,SE,35,SAO PAULO,SP,351960,IBITINGA,1.0,2025,DOU,62143.0,4.0,6.0,0.0,0.0,0.0,0.0,0.0,0.0,0.0,0.0,0.0,0.0,29750.0,47.87,ibitinga
04/2026,3,SUDESTE,SE,35,SAO PAULO,SP,351970,IBIUNA,3.0,2025,DOU,77801.0,16.0,12.0,0.0,0.0,0.0,0.0,0.0,0.0,0.0,0.0,0.0,0.0,87500.0,112.46,ibiuna
04/2026,3,SUDESTE,SE,35,SAO PAULO,SP,351980,ICEM,2.0,2025,DOU,7982.0,3.0,1.0,0.0,0.0,0.0,0.0,0.0,1.0,1654.0,0.0,0.0,1654.0,14779.0,185.15,icem
04/2026,3,SUDESTE,SE,35,SAO PAULO,SP,351990,IEPE,2.0,2025,DOU,7739.0,3.0,0.0,0.0,0.0,0.0,0.0,0.0,0.0,0.0,0.0,0.0,0.0,10500.0,135.67,iepe
04/2026,3,SUDESTE,SE,35,SAO PAULO,SP,352000,IGARACU DO TIETE,1.0,2025,DOU,23421.0,5.0,1.0,0.0,0.0,0.0,0.0,0.0,0.0,0.0,0.0,0.0,0.0,20125.0,85.92,igaracu_do_tiete
04/2026,3,SUDESTE,SE,35,SAO PAULO,SP,352010,IGARAPAVA,1.0,2025,DOU,26696.0,6.0,0.0,0.0,0.0,0.0,0.0,0.0,0.0,0.0,0.0,0.0,0.0,21000.0,78.66,igarapava
04/2026,3,SUDESTE,SE,35,SAO PAULO,SP,352020,IGARATA,3.0,2025,DOU,10984.0,3.0,1.0,3.0,0.0,0.0,0.0,0.0,0.0,0.0,0.0,0.0,0.0,18375.0,167.28,igarata
04/2026,3,SUDESTE,SE,35,SAO PAULO,SP,352030,IGUAPE,2.0,2025,DOU,29891.0,10.0,1.0,0.0,0.0,0.0,0.0,0.0,0.0,0.0,0.0,0.0,0.0,37625.0,125.87,iguape
04/2026,3,SUDESTE,SE,35,SAO PAULO,SP,352042,ILHA COMPRIDA,2.0,2025,DOU,14104.0,5.0,3.0,0.0,0.0,0.0,0.0,0.0,0.0,0.0,0.0,0.0,0.0,25375.0,179.91,ilha_comprida
04/2026,3,SUDESTE,SE,35,SAO PAULO,SP,352044,ILHA SOLTEIRA,1.0,2025,DOU,26257.0,10.0,0.0,0.0,0.0,0.0,0.0,0.0,0.0,0.0,0.0,0.0,0.0,35000.0,133.29,ilha_solteira
04/2026,3,SUDESTE,SE,35,SAO PAULO,SP,352040,ILHABELA,1.0,2025,DOU,36559.0,16.0,3.0,0.0,0.0,0.0,0.0,0.0,0.0,0.0,0.0,0.0,0.0,63875.0,174.71,ilhabela
04/2026,3,SUDESTE,SE,35,SAO PAULO,SP,352050,INDAIATUBA,1.0,2025,DOU,269657.0,34.0,9.0,0.0,0.0,0.0,0.0,0.0,0.0,0.0,0.0,0.0,0.0,142625.0,52.89,indaiatuba
04/2026,3,SUDESTE,SE,35,SAO PAULO,SP,352060,INDIANA,1.0,2025,DOU,5200.0,2.0,0.0,0.0,0.0,0.0,0.0,0.0,0.0,0.0,0.0,0.0,0.0,7000.0,134.61,indiana
04/2026,3,SUDESTE,SE,35,SAO PAULO,SP,352070,INDIAPORA,3.0,2025,DOU,4113.0,2.0,0.0,0.0,0.0,0.0,0.0,0.0,0.0,0.0,0.0,0.0,0.0,7000.0,170.19,indiapora
04/2026,3,SUDESTE,SE,35,SAO PAULO,SP,352080,INUBIA PAULISTA,1.0,2025,DOU,3671.0,2.0,0.0,0.0,0.0,0.0,0.0,0.0,0.0,0.0,0.0,0.0,0.0,7000.0,190.68,inubia_paulista
04/2026,3,SUDESTE,SE,35,SAO PAULO,SP,352090,IPAUSSU,1.0,2025,DOU,13935.0,2.0,1.0,0.0,0.0,0.0,0.0,0.0,0.0,0.0,0.0,0.0,0.0,9625.0,69.07,ipaussu
04/2026,3,SUDESTE,SE,35,SAO PAULO,SP,352100,IPERO,1.0,2025,DOU,38277.0,5.0,2.0,4.0,0.0,0.0,0.0,0.0,1.0,2794.0,0.0,0.0,2794.0,32544.0,85.02,ipero
04/2026,3,SUDESTE,SE,35,SAO PAULO,SP,352110,IPEUNA,1.0,2025,DOU,7027.0,2.0,0.0,0.0,0.0,0.0,0.0,0.0,0.0,0.0,0.0,0.0,0.0,7000.0,99.61,ipeuna
04/2026,3,SUDESTE,SE,35,SAO PAULO,SP,352115,IPIGUA,1.0,2025,DOU,7115.0,3.0,0.0,0.0,0.0,0.0,0.0,0.0,0.0,0.0,0.0,0.0,0.0,10500.0,147.57,ipigua
04/2026,3,SUDESTE,SE,35,SAO PAULO,SP,352120,IPORANGA,3.0,2025,DOU,4083.0,2.0,0.0,0.0,0.0,0.0,0.0,0.0,0.0,0.0,0.0,0.0,0.0,7000.0,171.44,iporanga
04/2026,3,SUDESTE,SE,35,SAO PAULO,SP,352130,IPUA,1.0,2025,DOU,14701.0,5.0,2.0,0.0,0.0,0.0,0.0,0.0,0.0,0.0,0.0,0.0,0.0,22750.0,154.75,ipua
04/2026,3,SUDESTE,SE,35,SAO PAULO,SP,352140,IRACEMAPOLIS,1.0,2025,DOU,22500.0,4.0,0.0,1.0,0.0,0.0,0.0,0.0,0.0,0.0,0.0,0.0,0.0,15750.0,70.0,iracemapolis
04/2026,3,SUDESTE,SE,35,SAO PAULO,SP,352150,IRAPUA,2.0,2025,DOU,6932.0,2.0,0.0,0.0,0.0,0.0,0.0,0.0,0.0,0.0,0.0,0.0,0.0,7000.0,100.98,irapua
04/2026,3,SUDESTE,SE,35,SAO PAULO,SP,352160,IRAPURU,3.0,2025,DOU,7120.0,3.0,0.0,0.0,0.0,0.0,0.0,0.0,2.0,1809.0,0.0,0.0,1809.0,12309.0,172.87,irapuru
04/2026,3,SUDESTE,SE,35,SAO PAULO,SP,352170,ITABERA,2.0,2025,DOU,18263.0,7.0,2.0,0.0,0.0,0.0,0.0,0.0,0.0,0.0,0.0,0.0,0.0,29750.0,162.89,itabera
04/2026,3,SUDESTE,SE,35,SAO PAULO,SP,352180,ITAI,1.0,2025,DOU,25979.0,6.0,0.0,0.0,0.0,0.0,0.0,0.0,1.0,1735.0,0.0,0.0,1735.0,22735.0,87.51,itai
04/2026,3,SUDESTE,SE,35,SAO PAULO,SP,352190,ITAJOBI,1.0,2025,DOU,17502.0,6.0,0.0,0.0,0.0,0.0,0.0,0.0,0.0,0.0,0.0,0.0,0.0,21000.0,119.98,itajobi
04/2026,3,SUDESTE,SE,35,SAO PAULO,SP,352200,ITAJU,3.0,2025,DOU,3715.0,1.0,0.0,0.0,0.0,0.0,0.0,0.0,0.0,0.0,0.0,0.0,0.0,3500.0,94.21,itaju
04/2026,3,SUDESTE,SE,35,SAO PAULO,SP,352210,ITANHAEM,1.0,2025,DOU,118495.0,26.0,0.0,0.0,0.0,0.0,0.0,0.0,0.0,0.0,0.0,0.0,0.0,91000.0,76.79,itanhaem
04/2026,3,SUDESTE,SE,35,SAO PAULO,SP,352215,ITAOCA,3.0,2025,DOU,3497.0,1.0,1.0,0.0,0.0,0.0,0.0,0.0,0.0,0.0,0.0,0.0,0.0,6125.0,175.15,itaoca
04/2026,3,SUDESTE,SE,35,SAO PAULO,SP,352220,ITAPECERICA DA SERRA,1.0,2025,DOU,163003.0,30.0,3.0,1.0,0.0,0.0,0.0,0.0,0.0,0.0,0.0,0.0,0.0,114625.0,70.32,itapecerica_da_serra
04/2026,3,SUDESTE,SE,35,SAO PAULO,SP,352230,ITAPETININGA,1.0,2025,DOU,164256.0,17.0,2.0,12.0,0.0,0.0,1.0,759.0,2.0,179.0,0.0,0.0,938.0,86688.0,52.77,itapetininga
04/2026,3,SUDESTE,SE,35,SAO PAULO,SP,352240,ITAPEVA,1.0,2025,DOU,92393.0,23.0,0.0,0.0,0.0,0.0,0.0,0.0,0.0,0.0,0.0,0.0,0.0,80500.0,87.12,itapeva
04/2026,3,SUDESTE,SE,35,SAO PAULO,SP,352250,ITAPEVI,1.0,2025,DOU,242995.0,22.0,5.0,1.0,0.0,0.0,0.0,0.0,0.0,0.0,0.0,0.0,0.0,91875.0,37.8,itapevi
04/2026,3,SUDESTE,SE,35,SAO PAULO,SP,352260,ITAPIRA,1.0,2025,DOU,74038.0,16.0,0.0,1.0,0.0,0.0,0.0,0.0,0.0,0.0,0.0,0.0,0.0,57750.0,78.0,itapira
04/2026,3,SUDESTE,SE,35,SAO PAULO,SP,352265,ITAPIRAPUA PAULISTA,3.0,2025,DOU,4420.0,2.0,0.0,0.0,0.0,0.0,0.0,0.0,0.0,0.0,0.0,0.0,0.0,7000.0,158.37,itapirapua_paulista
04/2026,3,SUDESTE,SE,35,SAO PAULO,SP,352270,ITAPOLIS,1.0,2025,DOU,40445.0,1.0,3.0,3.0,0.0,0.0,0.0,0.0,0.0,0.0,0.0,0.0,0.0,16625.0,41.1,itapolis
04/2026,3,SUDESTE,SE,35,SAO PAULO,SP,352280,ITAPORANGA,3.0,2025,DOU,14245.0,4.0,1.0,0.0,0.0,0.0,0.0,0.0,0.0,0.0,0.0,0.0,0.0,16625.0,116.7,itaporanga
04/2026,3,SUDESTE,SE,35,SAO PAULO,SP,352290,ITAPUI,1.0,2025,DOU,14035.0,3.0,0.0,0.0,0.0,0.0,0.0,0.0,0.0,0.0,0.0,0.0,0.0,10500.0,74.81,itapui
04/2026,3,SUDESTE,SE,35,SAO PAULO,SP,352300,ITAPURA,2.0,2025,DOU,4002.0,2.0,0.0,0.0,0.0,0.0,0.0,0.0,0.0,0.0,0.0,0.0,0.0,7000.0,174.91,itapura
04/2026,3,SUDESTE,SE,35,SAO PAULO,SP,352310,ITAQUAQUECETUBA,1.0,2025,DOU,382983.0,20.0,8.0,13.0,0.0,0.0,0.0,0.0,0.0,0.0,0.0,0.0,0.0,113750.0,29.7,itaquaquecetuba
04/2026,3,SUDESTE,SE,35,SAO PAULO,SP,352320,ITARARE,1.0,2025,DOU,45213.0,12.0,0.0,0.0,0.0,0.0,0.0,0.0,0.0,0.0,0.0,0.0,0.0,42000.0,92.89,itarare
04/2026,3,SUDESTE,SE,35,SAO PAULO,SP,352330,ITARIRI,3.0,2025,DOU,15916.0,6.0,0.0,0.0,0.0,0.0,0.0,0.0,0.0,0.0,0.0,0.0,0.0,21000.0,131.94,itariri
04/2026,3,SUDESTE,SE,35,SAO PAULO,SP,352340,ITATIBA,1.0,2025,DOU,127112.0,22.0,9.0,3.0,0.0,0.0,0.0,0.0,0.0,0.0,0.0,0.0,0.0,105875.0,83.29,itatiba
04/2026,3,SUDESTE,SE,35,SAO PAULO,SP,352350,ITATINGA,1.0,2025,DOU,19462.0,0.0,0.0,6.0,0.0,0.0,0.0,0.0,0.0,0.0,0.0,0.0,0.0,10500.0,53.95,itatinga
04/2026,3,SUDESTE,SE,35,SAO PAULO,SP,352360,ITIRAPINA,1.0,2025,DOU,16454.0,3.0,3.0,0.0,0.0,0.0,0.0,0.0,1.0,436.0,1.0,2104.0,2540.0,20915.0,127.11,itirapina
04/2026,3,SUDESTE,SE,35,SAO PAULO,SP,352370,ITIRAPUA,1.0,2025,DOU,5857.0,2.0,1.0,0.0,0.0,0.0,0.0,0.0,0.0,0.0,0.0,0.0,0.0,9625.0,164.33,itirapua
04/2026,3,SUDESTE,SE,35,SAO PAULO,SP,352380,ITOBI,2.0,2025,DOU,8227.0,1.0,5.0,0.0,0.0,0.0,0.0,0.0,0.0,0.0,0.0,0.0,0.0,16625.0,202.07,itobi
04/2026,3,SUDESTE,SE,35,SAO PAULO,SP,352390,ITU,1.0,2025,DOU,175047.0,0.0,15.0,20.0,0.0,0.0,0.0,0.0,0.0,0.0,0.0,0.0,0.0,74375.0,42.48,itu
04/2026,3,SUDESTE,SE,35,SAO PAULO,SP,352400,ITUPEVA,1.0,2025,DOU,74994.0,12.0,3.0,6.0,0.0,0.0,0.0,0.0,0.0,0.0,0.0,0.0,0.0,60375.0,80.5,itupeva
04/2026,3,SUDESTE,SE,35,SAO PAULO,SP,352410,ITUVERAVA,1.0,2025,DOU,38413.0,11.0,0.0,1.0,0.0,0.0,0.0,0.0,0.0,0.0,0.0,0.0,0.0,40250.0,104.78,ituverava
04/2026,3,SUDESTE,SE,35,SAO PAULO,SP,352420,JABORANDI,2.0,2025,DOU,6280.0,3.0,0.0,0.0,0.0,0.0,0.0,0.0,0.0,0.0,0.0,0.0,0.0,10500.0,167.19,jaborandi
04/2026,3,SUDESTE,SE,35,SAO PAULO,SP,352430,JABOTICABAL,1.0,2025,DOU,73473.0,10.0,1.0,4.0,0.0,0.0,0.0,0.0,0.0,0.0,0.0,0.0,0.0,44625.0,60.73,jaboticabal
04/2026,3,SUDESTE,SE,35,SAO PAULO,SP,352440,JACAREI,1.0,2025,DOU,250952.0,56.0,4.0,1.0,0.0,0.0,1.0,219.0,0.0,0.0,0.0,0.0,219.0,208469.0,83.07,jacarei
04/2026,3,SUDESTE,SE,35,SAO PAULO,SP,352450,JACI,1.0,2025,DOU,7944.0,3.0,1.0,0.0,0.0,0.0,0.0,0.0,0.0,0.0,0.0,0.0,0.0,13125.0,165.21,jaci
04/2026,3,SUDESTE,SE,35,SAO PAULO,SP,352460,JACUPIRANGA,2.0,2025,DOU,16216.0,6.0,0.0,2.0,0.0,0.0,0.0,0.0,0.0,0.0,0.0,0.0,0.0,24500.0,151.08,jacupiranga
04/2026,3,SUDESTE,SE,35,SAO PAULO,SP,352470,JAGUARIUNA,1.0,2025,DOU,62309.0,17.0,1.0,0.0,0.0,0.0,0.0,0.0,0.0,0.0,0.0,0.0,0.0,62125.0,99.7,jaguariuna
04/2026,3,SUDESTE,SE,35,SAO PAULO,SP,352480,JALES,1.0,2025,DOU,50078.0,14.0,0.0,0.0,0.0,0.0,0.0,0.0,0.0,0.0,0.0,0.0,0.0,49000.0,97.84,jales
04/2026,3,SUDESTE,SE,35,SAO PAULO,SP,352490,JAMBEIRO,1.0,2025,DOU,6611.0,2.0,0.0,0.0,0.0,0.0,0.0,0.0,0.0,0.0,0.0,0.0,0.0,7000.0,105.88,jambeiro
04/2026,3,SUDESTE,SE,35,SAO PAULO,SP,352500,JANDIRA,1.0,2025,DOU,121550.0,29.0,0.0,0.0,0.0,0.0,0.0,0.0,0.0,0.0,0.0,0.0,0.0,101500.0,83.5,jandira
04/2026,3,SUDESTE,SE,35,SAO PAULO,SP,352510,JARDINOPOLIS,1.0,2025,DOU,47125.0,8.0,0.0,11.0,0.0,0.0,0.0,0.0,2.0,894.0,0.0,0.0,894.0,48144.0,102.16,jardinopolis
04/2026,3,SUDESTE,SE,35,SAO PAULO,SP,352520,JARINU,1.0,2025,DOU,40007.0,7.0,1.0,0.0,0.0,0.0,0.0,0.0,0.0,0.0,0.0,0.0,0.0,27125.0,67.8,jarinu
04/2026,3,SUDESTE,SE,35,SAO PAULO,SP,352530,JAU,1.0,2025,DOU,137409.0,12.0,10.0,0.0,0.0,0.0,0.0,0.0,0.0,0.0,0.0,0.0,0.0,68250.0,49.66,jau
04/2026,3,SUDESTE,SE,35,SAO PAULO,SP,352540,JERIQUARA,3.0,2025,DOU,4000.0,1.0,0.0,0.0,0.0,0.0,0.0,0.0,0.0,0.0,0.0,0.0,0.0,3500.0,87.5,jeriquara
04/2026,3,SUDESTE,SE,35,SAO PAULO,SP,352550,JOANOPOLIS,3.0,2025,DOU,13131.0,3.0,1.0,0.0,0.0,0.0,0.0,0.0,0.0,0.0,0.0,0.0,0.0,13125.0,99.95,joanopolis
04/2026,3,SUDESTE,SE,35,SAO PAULO,SP,352560,JOAO RAMALHO,3.0,2025,DOU,4464.0,2.0,0.0,0.0,0.0,0.0,0.0,0.0,0.0,0.0,0.0,0.0,0.0,7000.0,156.81,joao_ramalho
04/2026,3,SUDESTE,SE,35,SAO PAULO,SP,352570,JOSE BONIFACIO,1.0,2025,DOU,37992.0,8.0,0.0,4.0,0.0,0.0,0.0,0.0,0.0,0.0,0.0,0.0,0.0,35000.0,92.12,jose_bonifacio
04/2026,3,SUDESTE,SE,35,SAO PAULO,SP,352580,JULIO MESQUITA,2.0,2025,DOU,4302.0,2.0,0.0,0.0,0.0,0.0,0.0,0.0,0.0,0.0,0.0,0.0,0.0,7000.0,162.71,julio_mesquita
04/2026,3,SUDESTE,SE,35,SAO PAULO,SP,352585,JUMIRIM,3.0,2025,DOU,3132.0,0.0,1.0,1.0,0.0,0.0,0.0,0.0,0.0,0.0,0.0,0.0,0.0,4375.0,139.68,jumirim
04/2026,3,SUDESTE,SE,35,SAO PAULO,SP,352590,JUNDIAI,1.0,2025,DOU,463039.0,53.0,2.0,78.0,0.0,0.0,1.0,43.0,0.0,0.0,0.0,0.0,43.0,327293.0,70.68,jundiai
04/2026,3,SUDESTE,SE,35,SAO PAULO,SP,352600,JUNQUEIROPOLIS,1.0,2025,DOU,20939.0,8.0,1.0,0.0,0.0,0.0,0.0,0.0,1.0,2872.0,0.0,0.0,2872.0,33497.0,159.97,junqueiropolis
04/2026,3,SUDESTE,SE,35,SAO PAULO,SP,352610,JUQUIA,3.0,2025,DOU,17184.0,7.0,0.0,0.0,0.0,0.0,0.0,0.0,0.0,0.0,0.0,0.0,0.0,24500.0,142.57,juquia
04/2026,3,SUDESTE,SE,35,SAO PAULO,SP,352620,JUQUITIBA,3.0,2025,DOU,27969.0,9.0,2.0,1.0,0.0,0.0,0.0,0.0,0.0,0.0,0.0,0.0,0.0,38500.0,137.65,juquitiba
04/2026,3,SUDESTE,SE,35,SAO PAULO,SP,352630,LAGOINHA,3.0,2025,DOU,5183.0,2.0,0.0,0.0,0.0,0.0,0.0,0.0,0.0,0.0,0.0,0.0,0.0,7000.0,135.05,lagoinha
04/2026,3,SUDESTE,SE,35,SAO PAULO,SP,352640,LARANJAL PAULISTA,1.0,2025,DOU,27044.0,5.0,5.0,0.0,0.0,0.0,0.0,0.0,0.0,0.0,0.0,0.0,0.0,30625.0,113.24,laranjal_paulista
04/2026,3,SUDESTE,SE,35,SAO PAULO,SP,352650,LAVINIA,2.0,2025,DOU,9940.0,3.0,0.0,1.0,0.0,0.0,0.0,0.0,3.0,357.0,0.0,0.0,357.0,12607.0,126.83,lavinia
04/2026,3,SUDESTE,SE,35,SAO PAULO,SP,352660,LAVRINHAS,1.0,2025,DOU,7348.0,4.0,0.0,0.0,0.0,0.0,0.0,0.0,0.0,0.0,0.0,0.0,0.0,14000.0,190.52,lavrinhas
04/2026,3,SUDESTE,SE,35,SAO PAULO,SP,352670,LEME,1.0,2025,DOU,101537.0,9.0,4.0,8.0,0.0,0.0,0.0,0.0,0.0,0.0,0.0,0.0,0.0,56000.0,55.15,leme
04/2026,3,SUDESTE,SE,35,SAO PAULO,SP,352680,LENCOIS PAULISTA,1.0,2025,DOU,68568.0,21.0,0.0,1.0,0.0,0.0,0.0,0.0,0.0,0.0,0.0,0.0,0.0,75250.0,109.74,lencois_paulista
04/2026,3,SUDESTE,SE,35,SAO PAULO,SP,352690,LIMEIRA,1.0,2025,DOU,301292.0,40.0,1.0,1.0,0.0,0.0,0.0,0.0,0.0,0.0,1.0,1315.0,1315.0,145690.0,48.35,limeira
04/2026,3,SUDESTE,SE,35,SAO PAULO,SP,352700,LINDOIA,2.0,2025,DOU,7158.0,2.0,2.0,0.0,0.0,0.0,0.0,0.0,0.0,0.0,0.0,0.0,0.0,12250.0,171.13,lindoia
04/2026,3,SUDESTE,SE,35,SAO PAULO,SP,352710,LINS,1.0,2025,DOU,76844.0,13.0,2.0,4.0,0.0,0.0,0.0,0.0,0.0,0.0,0.0,0.0,0.0,57750.0,75.15,lins
04/2026,3,SUDESTE,SE,35,SAO PAULO,SP,352720,LORENA,1.0,2025,DOU,87468.0,12.0,3.0,3.0,0.0,0.0,0.0,0.0,0.0,0.0,0.0,0.0,0.0,55125.0,63.02,lorena
04/2026,3,SUDESTE,SE,35,SAO PAULO,SP,352725,LOURDES,3.0,2025,DOU,1962.0,1.0,0.0,0.0,0.0,0.0,0.0,0.0,0.0,0.0,0.0,0.0,0.0,3500.0,178.38,lourdes
04/2026,3,SUDESTE,SE,35,SAO PAULO,SP,352730,LOUVEIRA,1.0,2025,DOU,54865.0,0.0,0.0,10.0,0.0,0.0,0.0,0.0,0.0,0.0,0.0,0.0,0.0,17500.0,31.89,louveira
04/2026,3,SUDESTE,SE,35,SAO PAULO,SP,352740,LUCELIA,1.0,2025,DOU,20378.0,3.0,1.0,0.0,0.0,0.0,0.0,0.0,1.0,16.0,0.0,0.0,16.0,13141.0,64.48,lucelia
04/2026,3,SUDESTE,SE,35,SAO PAULO,SP,352750,LUCIANOPOLIS,3.0,2025,DOU,2423.0,1.0,0.0,0.0,0.0,0.0,0.0,0.0,0.0,0.0,0.0,0.0,0.0,3500.0,144.44,lucianopolis
04/2026,3,SUDESTE,SE,35,SAO PAULO,SP,352760,LUIS ANTONIO,1.0,2025,DOU,12564.0,0.0,0.0,5.0,0.0,0.0,0.0,0.0,0.0,0.0,0.0,0.0,0.0,8750.0,69.64,luis_antonio
04/2026,3,SUDESTE,SE,35,SAO PAULO,SP,352770,LUIZIANIA,2.0,2025,DOU,4740.0,2.0,0.0,0.0,0.0,0.0,0.0,0.0,0.0,0.0,0.0,0.0,0.0,7000.0,147.67,luiziania
04/2026,3,SUDESTE,SE,35,SAO PAULO,SP,352780,LUPERCIO,3.0,2025,DOU,4004.0,2.0,0.0,0.0,0.0,0.0,0.0,0.0,0.0,0.0,0.0,0.0,0.0,7000.0,174.82,lupercio
04/2026,3,SUDESTE,SE,35,SAO PAULO,SP,352790,LUTECIA,3.0,2025,DOU,2697.0,1.0,0.0,0.0,0.0,0.0,0.0,0.0,0.0,0.0,0.0,0.0,0.0,3500.0,129.77,lutecia
04/2026,3,SUDESTE,SE,35,SAO PAULO,SP,352800,MACATUBA,1.0,2025,DOU,17140.0,4.0,1.0,0.0,0.0,0.0,0.0,0.0,0.0,0.0,0.0,0.0,0.0,16625.0,96.99,macatuba
04/2026,3,SUDESTE,SE,35,SAO PAULO,SP,352810,MACAUBAL,2.0,2025,DOU,7581.0,4.0,0.0,0.0,0.0,0.0,0.0,0.0,0.0,0.0,0.0,0.0,0.0,14000.0,184.67,macaubal
04/2026,3,SUDESTE,SE,35,SAO PAULO,SP,352820,MACEDONIA,3.0,2025,DOU,4058.0,2.0,0.0,0.0,0.0,0.0,0.0,0.0,0.0,0.0,0.0,0.0,0.0,7000.0,172.49,macedonia
04/2026,3,SUDESTE,SE,35,SAO PAULO,SP,352830,MAGDA,3.0,2025,DOU,3211.0,1.0,1.0,0.0,0.0,0.0,0.0,0.0,0.0,0.0,0.0,0.0,0.0,6125.0,190.75,magda
04/2026,3,SUDESTE,SE,35,SAO PAULO,SP,352840,MAIRINQUE,1.0,2025,DOU,51888.0,5.0,6.0,1.0,0.0,0.0,0.0,0.0,2.0,628.0,0.0,0.0,628.0,35628.0,68.66,mairinque
04/2026,3,SUDESTE,SE,35,SAO PAULO,SP,352850,MAIRIPORA,1.0,2025,DOU,97835.0,16.0,5.0,1.0,0.0,0.0,0.0,0.0,0.0,0.0,0.0,0.0,0.0,70875.0,72.44,mairipora
04/2026,3,SUDESTE,SE,35,SAO PAULO,SP,352860,MANDURI,2.0,2025,DOU,10122.0,2.0,1.0,1.0,0.0,0.0,0.0,0.0,0.0,0.0,0.0,0.0,0.0,11375.0,112.37,manduri
04/2026,3,SUDESTE,SE,35,SAO PAULO,SP,352870,MARABA PAULISTA,3.0,2025,DOU,4619.0,3.0,0.0,0.0,0.0,0.0,0.0,0.0,1.0,1861.0,0.0,0.0,1861.0,12361.0,267.61,maraba_paulista
04/2026,3,SUDESTE,SE,35,SAO PAULO,SP,352880,MARACAI,2.0,2025,DOU,12804.0,4.0,1.0,0.0,0.0,0.0,0.0,0.0,0.0,0.0,0.0,0.0,0.0,16625.0,129.84,maracai
04/2026,3,SUDESTE,SE,35,SAO PAULO,SP,352885,MARAPOAMA,1.0,2025,DOU,3415.0,1.0,0.0,0.0,0.0,0.0,0.0,0.0,0.0,0.0,0.0,0.0,0.0,3500.0,102.48,marapoama
04/2026,3,SUDESTE,SE,35,SAO PAULO,SP,352890,MARIAPOLIS,1.0,2025,DOU,3526.0,1.0,1.0,0.0,0.0,0.0,0.0,0.0,0.0,0.0,0.0,0.0,0.0,6125.0,173.7,mariapolis
04/2026,3,SUDESTE,SE,35,SAO PAULO,SP,352900,MARILIA,1.0,2025,DOU,247348.0,51.0,4.0,0.0,0.0,0.0,1.0,178.0,1.0,1088.0,0.0,0.0,1266.0,190266.0,76.92,marilia
04/2026,3,SUDESTE,SE,35,SAO PAULO,SP,352910,MARINOPOLIS,3.0,2025,DOU,1862.0,1.0,0.0,0.0,0.0,0.0,0.0,0.0,0.0,0.0,0.0,0.0,0.0,3500.0,187.96,marinopolis
04/2026,3,SUDESTE,SE,35,SAO PAULO,SP,352920,MARTINOPOLIS,1.0,2025,DOU,25240.0,9.0,0.0,1.0,0.0,0.0,0.0,0.0,1.0,41.0,0.0,0.0,41.0,33291.0,131.89,martinopolis
04/2026,3,SUDESTE,SE,35,SAO PAULO,SP,352930,MATAO,1.0,2025,DOU,81075.0,20.0,3.0,5.0,0.0,0.0,0.0,0.0,0.0,0.0,0.0,0.0,0.0,86625.0,106.84,matao
04/2026,3,SUDESTE,SE,35,SAO PAULO,SP,352940,MAUA,1.0,2025,DOU,429014.0,73.0,4.0,19.0,0.0,0.0,1.0,459.0,0.0,0.0,0.0,0.0,459.0,299709.0,69.85,maua
04/2026,3,SUDESTE,SE,35,SAO PAULO,SP,352950,MENDONCA,2.0,2025,DOU,6420.0,2.0,0.0,0.0,0.0,0.0,0.0,0.0,0.0,0.0,0.0,0.0,0.0,7000.0,109.03,mendonca
04/2026,3,SUDESTE,SE,35,SAO PAULO,SP,352960,MERIDIANO,3.0,2025,DOU,4721.0,2.0,0.0,0.0,0.0,0.0,0.0,0.0,0.0,0.0,0.0,0.0,0.0,7000.0,148.27,meridiano
04/2026,3,SUDESTE,SE,35,SAO PAULO,SP,352965,MESOPOLIS,3.0,2025,DOU,1990.0,1.0,0.0,0.0,0.0,0.0,0.0,0.0,0.0,0.0,0.0,0.0,0.0,3500.0,175.87,mesopolis
04/2026,3,SUDESTE,SE,35,SAO PAULO,SP,352970,MIGUELOPOLIS,1.0,2025,DOU,19621.0,6.0,2.0,0.0,0.0,0.0,0.0,0.0,0.0,0.0,0.0,0.0,0.0,26250.0,133.78,miguelopolis
04/2026,3,SUDESTE,SE,35,SAO PAULO,SP,352980,MINEIROS DO TIETE,1.0,2025,DOU,11322.0,3.0,0.0,0.0,0.0,0.0,0.0,0.0,0.0,0.0,0.0,0.0,0.0,10500.0,92.73,mineiros_do_tiete
04/2026,3,SUDESTE,SE,35,SAO PAULO,SP,353000,MIRA ESTRELA,3.0,2025,DOU,3209.0,1.0,2.0,0.0,0.0,0.0,0.0,0.0,0.0,0.0,0.0,0.0,0.0,8750.0,272.67,mira_estrela
04/2026,3,SUDESTE,SE,35,SAO PAULO,SP,352990,MIRACATU,3.0,2025,DOU,18610.0,7.0,0.0,1.0,0.0,0.0,0.0,0.0,0.0,0.0,0.0,0.0,0.0,26250.0,141.05,miracatu
04/2026,3,SUDESTE,SE,35,SAO PAULO,SP,353010,MIRANDOPOLIS,1.0,2025,DOU,28754.0,8.0,0.0,0.0,0.0,0.0,0.0,0.0,2.0,1128.0,0.0,0.0,1128.0,29128.0,101.3,mirandopolis
04/2026,3,SUDESTE,SE,35,SAO PAULO,SP,353020,MIRANTE DO PARANAPANEMA,3.0,2025,DOU,16031.0,9.0,0.0,0.0,0.0,0.0,0.0,0.0,0.0,0.0,0.0,0.0,0.0,31500.0,196.49,mirante_do_paranapanema
04/2026,3,SUDESTE,SE,35,SAO PAULO,SP,353030,MIRASSOL,1.0,2025,DOU,65811.0,0.0,4.0,3.0,0.0,0.0,0.0,0.0,0.0,0.0,0.0,0.0,0.0,15750.0,23.93,mirassol
04/2026,3,SUDESTE,SE,35,SAO PAULO,SP,353040,MIRASSOLANDIA,1.0,2025,DOU,4783.0,1.0,0.0,0.0,0.0,0.0,0.0,0.0,0.0,0.0,0.0,0.0,0.0,3500.0,73.17,mirassolandia
04/2026,3,SUDESTE,SE,35,SAO PAULO,SP,353050,MOCOCA,1.0,2025,DOU,69372.0,8.0,5.0,2.0,0.0,0.0,0.0,0.0,0.0,0.0,0.0,0.0,0.0,44625.0,64.32,mococa
04/2026,3,SUDESTE,SE,35,SAO PAULO,SP,353060,MOGI DAS CRUZES,1.0,2025,DOU,470302.0,26.0,26.0,17.0,0.0,0.0,1.0,733.0,0.0,0.0,0.0,0.0,733.0,189733.0,40.34,mogi_das_cruzes
04/2026,3,SUDESTE,SE,35,SAO PAULO,SP,353070,MOGI GUACU,1.0,2025,DOU,160318.0,21.0,4.0,3.0,0.0,0.0,0.0,0.0,0.0,0.0,0.0,0.0,0.0,89250.0,55.67,mogi_guacu
04/2026,3,SUDESTE,SE,35,SAO PAULO,SP,353080,MOGI MIRIM,1.0,2025,DOU,95742.0,16.0,0.0,7.0,0.0,0.0,0.0,0.0,0.0,0.0,0.0,0.0,0.0,68250.0,71.28,mogi_mirim
04/2026,3,SUDESTE,SE,35,SAO PAULO,SP,353090,MOMBUCA,3.0,2025,DOU,3830.0,1.0,1.0,0.0,0.0,0.0,0.0,0.0,0.0,0.0,0.0,0.0,0.0,6125.0,159.92,mombuca
04/2026,3,SUDESTE,SE,35,SAO PAULO,SP,353100,MONCOES,3.0,2025,DOU,1947.0,1.0,0.0,0.0,0.0,0.0,0.0,0.0,0.0,0.0,0.0,0.0,0.0,3500.0,179.76,moncoes
04/2026,3,SUDESTE,SE,35,SAO PAULO,SP,353110,MONGAGUA,1.0,2025,DOU,64845.0,13.0,0.0,0.0,0.0,0.0,0.0,0.0,0.0,0.0,0.0,0.0,0.0,45500.0,70.16,mongagua
04/2026,3,SUDESTE,SE,35,SAO PAULO,SP,353120,MONTE ALEGRE DO SUL,1.0,2025,DOU,8923.0,3.0,2.0,0.0,0.0,0.0,0.0,0.0,0.0,0.0,0.0,0.0,0.0,15750.0,176.51,monte_alegre_do_sul
04/2026,3,SUDESTE,SE,35,SAO PAULO,SP,353130,MONTE ALTO,1.0,2025,DOU,48758.0,4.0,2.0,1.0,0.0,0.0,0.0,0.0,0.0,0.0,0.0,0.0,0.0,21000.0,43.06,monte_alto
04/2026,3,SUDESTE,SE,35,SAO PAULO,SP,353140,MONTE APRAZIVEL,1.0,2025,DOU,22668.0,5.0,3.0,2.0,0.0,0.0,0.0,0.0,0.0,0.0,0.0,0.0,0.0,28875.0,127.38,monte_aprazivel
04/2026,3,SUDESTE,SE,35,SAO PAULO,SP,353150,MONTE AZUL PAULISTA,1.0,2025,DOU,18337.0,7.0,0.0,1.0,0.0,0.0,0.0,0.0,0.0,0.0,0.0,0.0,0.0,26250.0,143.15,monte_azul_paulista
04/2026,3,SUDESTE,SE,35,SAO PAULO,SP,353160,MONTE CASTELO,2.0,2025,DOU,4306.0,2.0,0.0,0.0,0.0,0.0,0.0,0.0,0.0,0.0,0.0,0.0,0.0,7000.0,162.56,monte_castelo
04/2026,3,SUDESTE,SE,35,SAO PAULO,SP,353180,MONTE MOR,1.0,2025,DOU,67832.0,15.0,0.0,0.0,0.0,0.0,0.0,0.0,0.0,0.0,0.0,0.0,0.0,52500.0,77.39,monte_mor
04/2026,3,SUDESTE,SE,35,SAO PAULO,SP,353170,MONTEIRO LOBATO,1.0,2025,DOU,4205.0,2.0,0.0,0.0,0.0,0.0,0.0,0.0,0.0,0.0,0.0,0.0,0.0,7000.0,166.46,monteiro_lobato
04/2026,3,SUDESTE,SE,35,SAO PAULO,SP,353190,MORRO AGUDO,1.0,2025,DOU,28521.0,9.0,0.0,0.0,0.0,0.0,0.0,0.0,0.0,0.0,0.0,0.0,0.0,31500.0,110.44,morro_agudo
04/2026,3,SUDESTE,SE,35,SAO PAULO,SP,353200,MORUNGABA,3.0,2025,DOU,14147.0,2.0,1.0,0.0,0.0,0.0,0.0,0.0,0.0,0.0,0.0,0.0,0.0,9625.0,68.03,morungaba
04/2026,3,SUDESTE,SE,35,SAO PAULO,SP,353205,MOTUCA,2.0,2025,DOU,4071.0,2.0,0.0,0.0,0.0,0.0,0.0,0.0,0.0,0.0,0.0,0.0,0.0,7000.0,171.94,motuca
04/2026,3,SUDESTE,SE,35,SAO PAULO,SP,353210,MURUTINGA DO SUL,3.0,2025,DOU,3748.0,2.0,0.0,0.0,0.0,0.0,0.0,0.0,0.0,0.0,0.0,0.0,0.0,7000.0,186.76,murutinga_do_sul
04/2026,3,SUDESTE,SE,35,SAO PAULO,SP,353215,NANTES,3.0,2025,DOU,2697.0,1.0,0.0,0.0,0.0,0.0,0.0,0.0,0.0,0.0,0.0,0.0,0.0,3500.0,129.77,nantes
04/2026,3,SUDESTE,SE,35,SAO PAULO,SP,353220,NARANDIBA,1.0,2025,DOU,5956.0,2.0,0.0,0.0,0.0,0.0,0.0,0.0,0.0,0.0,0.0,0.0,0.0,7000.0,117.52,narandiba
04/2026,3,SUDESTE,SE,35,SAO PAULO,SP,353230,NATIVIDADE DA SERRA,3.0,2025,DOU,7155.0,2.0,0.0,0.0,0.0,0.0,0.0,0.0,0.0,0.0,0.0,0.0,0.0,7000.0,97.83,natividade_da_serra
04/2026,3,SUDESTE,SE,35,SAO PAULO,SP,353240,NAZARE PAULISTA,3.0,2025,DOU,18675.0,3.0,3.0,0.0,0.0,0.0,0.0,0.0,0.0,0.0,0.0,0.0,0.0,18375.0,98.39,nazare_paulista
04/2026,3,SUDESTE,SE,35,SAO PAULO,SP,353250,NEVES PAULISTA,1.0,2025,DOU,9953.0,2.0,1.0,0.0,0.0,0.0,0.0,0.0,0.0,0.0,0.0,0.0,0.0,9625.0,96.7,neves_paulista
04/2026,3,SUDESTE,SE,35,SAO PAULO,SP,353260,NHANDEARA,3.0,2025,DOU,9915.0,4.0,0.0,2.0,0.0,0.0,0.0,0.0,0.0,0.0,0.0,0.0,0.0,17500.0,176.5,nhandeara
04/2026,3,SUDESTE,SE,35,SAO PAULO,SP,353270,NIPOA,2.0,2025,DOU,4876.0,2.0,0.0,0.0,0.0,0.0,0.0,0.0,0.0,0.0,0.0,0.0,0.0,7000.0,143.56,nipoa
04/2026,3,SUDESTE,SE,35,SAO PAULO,SP,353280,NOVA ALIANCA,1.0,2025,DOU,6885.0,3.0,0.0,0.0,0.0,0.0,0.0,0.0,0.0,0.0,0.0,0.0,0.0,10500.0,152.5,nova_alianca
04/2026,3,SUDESTE,SE,35,SAO PAULO,SP,353282,NOVA CAMPINA,3.0,2025,DOU,8630.0,5.0,1.0,0.0,0.0,0.0,0.0,0.0,0.0,0.0,0.0,0.0,0.0,20125.0,233.19,nova_campina
04/2026,3,SUDESTE,SE,35,SAO PAULO,SP,353284,NOVA CANAA PAULISTA,3.0,2025,DOU,2055.0,1.0,0.0,0.0,0.0,0.0,0.0,0.0,0.0,0.0,0.0,0.0,0.0,3500.0,170.31,nova_canaa_paulista
04/2026,3,SUDESTE,SE,35,SAO PAULO,SP,353286,NOVA CASTILHO,3.0,2025,DOU,1072.0,1.0,0.0,0.0,0.0,0.0,0.0,0.0,0.0,0.0,0.0,0.0,0.0,3500.0,326.49,nova_castilho
04/2026,3,SUDESTE,SE,35,SAO PAULO,SP,353290,NOVA EUROPA,2.0,2025,DOU,9459.0,4.0,0.0,0.0,0.0,0.0,0.0,0.0,0.0,0.0,0.0,0.0,0.0,14000.0,148.0,nova_europa
04/2026,3,SUDESTE,SE,35,SAO PAULO,SP,353300,NOVA GRANADA,1.0,2025,DOU,19733.0,3.0,1.0,1.0,0.0,0.0,0.0,0.0,0.0,0.0,0.0,0.0,0.0,14875.0,75.38,nova_granada
04/2026,3,SUDESTE,SE,35,SAO PAULO,SP,353310,NOVA GUATAPORANGA,3.0,2025,DOU,2188.0,1.0,0.0,0.0,0.0,0.0,0.0,0.0,0.0,0.0,0.0,0.0,0.0,3500.0,159.96,nova_guataporanga
04/2026,3,SUDESTE,SE,35,SAO PAULO,SP,353320,NOVA INDEPENDENCIA,3.0,2025,DOU,4847.0,2.0,0.0,0.0,0.0,0.0,0.0,0.0,0.0,0.0,0.0,0.0,0.0,7000.0,144.41,nova_independencia
04/2026,3,SUDESTE,SE,35,SAO PAULO,SP,353330,NOVA LUZITANIA,2.0,2025,DOU,2817.0,1.0,1.0,0.0,0.0,0.0,0.0,0.0,0.0,0.0,0.0,0.0,0.0,6125.0,217.42,nova_luzitania
04/2026,3,SUDESTE,SE,35,SAO PAULO,SP,353340,NOVA ODESSA,1.0,2025,DOU,64596.0,8.0,4.0,1.0,0.0,0.0,0.0,0.0,0.0,0.0,0.0,0.0,0.0,40250.0,62.31,nova_odessa
04/2026,3,SUDESTE,SE,35,SAO PAULO,SP,353325,NOVAIS,1.0,2025,DOU,4463.0,2.0,1.0,1.0,0.0,0.0,0.0,0.0,0.0,0.0,0.0,0.0,0.0,11375.0,254.87,novais
04/2026,3,SUDESTE,SE,35,SAO PAULO,SP,353350,NOVO HORIZONTE,1.0,2025,DOU,39494.0,11.0,1.0,0.0,0.0,0.0,0.0,0.0,0.0,0.0,0.0,0.0,0.0,41125.0,104.12,novo_horizonte
04/2026,3,SUDESTE,SE,35,SAO PAULO,SP,353360,NUPORANGA,2.0,2025,DOU,7570.0,4.0,0.0,0.0,0.0,0.0,0.0,0.0,0.0,0.0,0.0,0.0,0.0,14000.0,184.94,nuporanga
04/2026,3,SUDESTE,SE,35,SAO PAULO,SP,353370,OCAUCU,3.0,2025,DOU,4418.0,1.0,0.0,0.0,0.0,0.0,0.0,0.0,0.0,0.0,0.0,0.0,0.0,3500.0,79.22,ocaucu
04/2026,3,SUDESTE,SE,35,SAO PAULO,SP,353380,OLEO,3.0,2025,DOU,2535.0,1.0,0.0,0.0,0.0,0.0,0.0,0.0,0.0,0.0,0.0,0.0,0.0,3500.0,138.06,oleo
04/2026,3,SUDESTE,SE,35,SAO PAULO,SP,353390,OLIMPIA,1.0,2025,DOU,56874.0,7.0,2.0,6.0,0.0,0.0,0.0,0.0,0.0,0.0,0.0,0.0,0.0,40250.0,70.77,olimpia
04/2026,3,SUDESTE,SE,35,SAO PAULO,SP,353400,ONDA VERDE,3.0,2025,DOU,4942.0,2.0,0.0,0.0,0.0,0.0,0.0,0.0,0.0,0.0,0.0,0.0,0.0,7000.0,141.64,onda_verde
04/2026,3,SUDESTE,SE,35,SAO PAULO,SP,353410,ORIENTE,1.0,2025,DOU,6180.0,3.0,0.0,0.0,0.0,0.0,0.0,0.0,0.0,0.0,0.0,0.0,0.0,10500.0,169.9,oriente
04/2026,3,SUDESTE,SE,35,SAO PAULO,SP,353420,ORINDIUVA,2.0,2025,DOU,6157.0,3.0,0.0,0.0,0.0,0.0,0.0,0.0,0.0,0.0,0.0,0.0,0.0,10500.0,170.53,orindiuva
04/2026,3,SUDESTE,SE,35,SAO PAULO,SP,353430,ORLANDIA,1.0,2025,DOU,39144.0,5.0,0.0,0.0,0.0,0.0,0.0,0.0,0.0,0.0,0.0,0.0,0.0,17500.0,44.7,orlandia
04/2026,3,SUDESTE,SE,35,SAO PAULO,SP,353440,OSASCO,1.0,2025,DOU,759524.0,73.0,87.0,12.0,0.0,0.0,0.0,0.0,0.0,0.0,0.0,0.0,0.0,504875.0,66.47,osasco
04/2026,3,SUDESTE,SE,35,SAO PAULO,SP,353450,OSCAR BRESSANE,3.0,2025,DOU,2502.0,1.0,0.0,0.0,0.0,0.0,0.0,0.0,0.0,0.0,0.0,0.0,0.0,3500.0,139.88,oscar_bressane
04/2026,3,SUDESTE,SE,35,SAO PAULO,SP,353460,OSVALDO CRUZ,1.0,2025,DOU,32112.0,9.0,1.0,0.0,0.0,0.0,0.0,0.0,1.0,1141.0,0.0,0.0,1141.0,35266.0,109.82,osvaldo_cruz
04/2026,3,SUDESTE,SE,35,SAO PAULO,SP,353470,OURINHOS,1.0,2025,DOU,106911.0,12.0,15.0,0.0,0.0,0.0,0.0,0.0,0.0,0.0,0.0,0.0,0.0,81375.0,76.11,ourinhos
04/2026,3,SUDESTE,SE,35,SAO PAULO,SP,353480,OURO VERDE,2.0,2025,DOU,7900.0,3.0,1.0,0.0,0.0,0.0,0.0,0.0,0.0,0.0,0.0,0.0,0.0,13125.0,166.13,ouro_verde
04/2026,3,SUDESTE,SE,35,SAO PAULO,SP,353475,OUROESTE,2.0,2025,DOU,10660.0,4.0,0.0,0.0,0.0,0.0,0.0,0.0,0.0,0.0,0.0,0.0,0.0,14000.0,131.33,ouroeste
04/2026,3,SUDESTE,SE,35,SAO PAULO,SP,353490,PACAEMBU,1.0,2025,DOU,15273.0,3.0,0.0,0.0,0.0,0.0,0.0,0.0,3.0,4944.0,1.0,1622.0,6566.0,17066.0,111.73,pacaembu
04/2026,3,SUDESTE,SE,35,SAO PAULO,SP,353500,PALESTINA,3.0,2025,DOU,11704.0,4.0,1.0,1.0,0.0,0.0,0.0,0.0,0.0,0.0,0.0,0.0,0.0,18375.0,156.99,palestina
04/2026,3,SUDESTE,SE,35,SAO PAULO,SP,353510,PALMARES PAULISTA,1.0,2025,DOU,9666.0,3.0,0.0,0.0,0.0,0.0,0.0,0.0,0.0,0.0,0.0,0.0,0.0,10500.0,108.62,palmares_paulista
04/2026,3,SUDESTE,SE,35,SAO PAULO,SP,353520,PALMEIRA D'OESTE,3.0,2025,DOU,8971.0,3.0,0.0,0.0,0.0,0.0,0.0,0.0,0.0,0.0,0.0,0.0,0.0,10500.0,117.04,palmeira_d_oeste
04/2026,3,SUDESTE,SE,35,SAO PAULO,SP,353530,PALMITAL,1.0,2025,DOU,19714.0,5.0,1.0,0.0,0.0,0.0,0.0,0.0,0.0,0.0,0.0,0.0,0.0,20125.0,102.08,palmital
04/2026,3,SUDESTE,SE,35,SAO PAULO,SP,353540,PANORAMA,1.0,2025,DOU,15227.0,5.0,0.0,0.0,0.0,0.0,0.0,0.0,0.0,0.0,0.0,0.0,0.0,17500.0,114.92,panorama
04/2026,3,SUDESTE,SE,35,SAO PAULO,SP,353550,PARAGUACU PAULISTA,1.0,2025,DOU,42049.0,9.0,1.0,2.0,0.0,0.0,0.0,0.0,1.0,1639.0,0.0,0.0,1639.0,39264.0,93.37,paraguacu_paulista
04/2026,3,SUDESTE,SE,35,SAO PAULO,SP,353560,PARAIBUNA,3.0,2025,DOU,17959.0,6.0,0.0,0.0,0.0,0.0,0.0,0.0,0.0,0.0,0.0,0.0,0.0,21000.0,116.93,paraibuna
04/2026,3,SUDESTE,SE,35,SAO PAULO,SP,353570,PARAISO,2.0,2025,DOU,6218.0,2.0,0.0,0.0,0.0,0.0,0.0,0.0,0.0,0.0,0.0,0.0,0.0,7000.0,112.57,paraiso
04/2026,3,SUDESTE,SE,35,SAO PAULO,SP,353580,PARANAPANEMA,2.0,2025,DOU,19853.0,7.0,0.0,0.0,0.0,0.0,0.0,0.0,0.0,0.0,0.0,0.0,0.0,24500.0,123.4,paranapanema
04/2026,3,SUDESTE,SE,35,SAO PAULO,SP,353590,PARANAPUA,2.0,2025,DOU,4118.0,1.0,1.0,0.0,0.0,0.0,0.0,0.0,0.0,0.0,0.0,0.0,0.0,6125.0,148.73,paranapua
04/2026,3,SUDESTE,SE,35,SAO PAULO,SP,353600,PARAPUA,2.0,2025,DOU,10720.0,3.0,1.0,0.0,0.0,0.0,0.0,0.0,0.0,0.0,0.0,0.0,0.0,13125.0,122.43,parapua
04/2026,3,SUDESTE,SE,35,SAO PAULO,SP,353610,PARDINHO,3.0,2025,DOU,7435.0,0.0,2.0,1.0,0.0,0.0,0.0,0.0,0.0,0.0,0.0,0.0,0.0,7000.0,94.14,pardinho
04/2026,3,SUDESTE,SE,35,SAO PAULO,SP,353620,PARIQUERA-ACU,2.0,2025,DOU,19603.0,7.0,0.0,1.0,0.0,0.0,0.0,0.0,0.0,0.0,0.0,0.0,0.0,26250.0,133.9,pariquera_acu
04/2026,3,SUDESTE,SE,35,SAO PAULO,SP,353625,PARISI,3.0,2025,DOU,3030.0,1.0,0.0,0.0,0.0,0.0,0.0,0.0,0.0,0.0,0.0,0.0,0.0,3500.0,115.51,parisi
04/2026,3,SUDESTE,SE,35,SAO PAULO,SP,353630,PATROCINIO PAULISTA,1.0,2025,DOU,14888.0,6.0,0.0,0.0,0.0,0.0,0.0,0.0,0.0,0.0,0.0,0.0,0.0,21000.0,141.05,patrocinio_paulista
04/2026,3,SUDESTE,SE,35,SAO PAULO,SP,353640,PAULICEIA,3.0,2025,DOU,8255.0,3.0,0.0,0.0,0.0,0.0,0.0,0.0,0.0,0.0,0.0,0.0,0.0,10500.0,127.19,pauliceia
04/2026,3,SUDESTE,SE,35,SAO PAULO,SP,353650,PAULINIA,1.0,2025,DOU,116674.0,0.0,38.0,2.0,0.0,0.0,0.0,0.0,0.0,0.0,0.0,0.0,0.0,103250.0,88.49,paulinia
04/2026,3,SUDESTE,SE,35,SAO PAULO,SP,353657,PAULISTANIA,3.0,2025,DOU,2156.0,1.0,0.0,0.0,0.0,0.0,0.0,0.0,0.0,0.0,0.0,0.0,0.0,3500.0,162.33,paulistania
04/2026,3,SUDESTE,SE,35,SAO PAULO,SP,353660,PAULO DE FARIA,2.0,2025,DOU,7390.0,3.0,0.0,1.0,0.0,0.0,0.0,0.0,1.0,1075.0,0.0,0.0,1075.0,13325.0,180.31,paulo_de_faria
04/2026,3,SUDESTE,SE,35,SAO PAULO,SP,353670,PEDERNEIRAS,1.0,2025,DOU,46337.0,11.0,2.0,3.0,0.0,0.0,0.0,0.0,0.0,0.0,0.0,0.0,0.0,49000.0,105.74,pederneiras
04/2026,3,SUDESTE,SE,35,SAO PAULO,SP,353680,PEDRA BELA,3.0,2025,DOU,6745.0,2.0,0.0,0.0,0.0,0.0,0.0,0.0,0.0,0.0,0.0,0.0,0.0,7000.0,103.78,pedra_bela
04/2026,3,SUDESTE,SE,35,SAO PAULO,SP,353690,PEDRANOPOLIS,3.0,2025,DOU,2856.0,1.0,0.0,2.0,0.0,0.0,0.0,0.0,0.0,0.0,0.0,0.0,0.0,7000.0,245.09,pedranopolis
04/2026,3,SUDESTE,SE,35,SAO PAULO,SP,353700,PEDREGULHO,2.0,2025,DOU,15737.0,7.0,0.0,0.0,0.0,0.0,0.0,0.0,0.0,0.0,0.0,0.0,0.0,24500.0,155.68,pedregulho
04/2026,3,SUDESTE,SE,35,SAO PAULO,SP,353710,PEDREIRA,1.0,2025,DOU,44385.0,12.0,0.0,0.0,0.0,0.0,0.0,0.0,0.0,0.0,0.0,0.0,0.0,42000.0,94.62,pedreira
04/2026,3,SUDESTE,SE,35,SAO PAULO,SP,353715,PEDRINHAS PAULISTA,3.0,2025,DOU,2833.0,1.0,0.0,0.0,0.0,0.0,0.0,0.0,0.0,0.0,0.0,0.0,0.0,3500.0,123.54,pedrinhas_paulista
04/2026,3,SUDESTE,SE,35,SAO PAULO,SP,353720,PEDRO DE TOLEDO,3.0,2025,DOU,11617.0,4.0,2.0,0.0,0.0,0.0,0.0,0.0,0.0,0.0,0.0,0.0,0.0,19250.0,165.7,pedro_de_toledo
04/2026,3,SUDESTE,SE,35,SAO PAULO,SP,353730,PENAPOLIS,1.0,2025,DOU,63426.0,15.0,0.0,4.0,0.0,0.0,0.0,0.0,0.0,0.0,0.0,0.0,0.0,59500.0,93.81,penapolis
04/2026,3,SUDESTE,SE,35,SAO PAULO,SP,353740,PEREIRA BARRETO,1.0,2025,DOU,24360.0,8.0,0.0,0.0,0.0,0.0,0.0,0.0,0.0,0.0,0.0,0.0,0.0,28000.0,114.94,pereira_barreto
04/2026,3,SUDESTE,SE,35,SAO PAULO,SP,353750,PEREIRAS,3.0,2025,DOU,9013.0,4.0,0.0,0.0,0.0,0.0,0.0,0.0,0.0,0.0,0.0,0.0,0.0,14000.0,155.33,pereiras
04/2026,3,SUDESTE,SE,35,SAO PAULO,SP,353760,PERUIBE,1.0,2025,DOU,70629.0,20.0,0.0,0.0,0.0,0.0,0.0,0.0,0.0,0.0,0.0,0.0,0.0,70000.0,99.1,peruibe
04/2026,3,SUDESTE,SE,35,SAO PAULO,SP,353770,PIACATU,2.0,2025,DOU,5631.0,2.0,1.0,0.0,0.0,0.0,0.0,0.0,0.0,0.0,0.0,0.0,0.0,9625.0,170.92,piacatu
04/2026,3,SUDESTE,SE,35,SAO PAULO,SP,353780,PIEDADE,3.0,2025,DOU,54266.0,6.0,1.0,1.0,0.0,0.0,0.0,0.0,0.0,0.0,0.0,0.0,0.0,25375.0,46.76,piedade
04/2026,3,SUDESTE,SE,35,SAO PAULO,SP,353790,PILAR DO SUL,2.0,2025,DOU,28459.0,8.0,0.0,0.0,0.0,0.0,0.0,0.0,0.0,0.0,0.0,0.0,0.0,28000.0,98.38,pilar_do_sul
04/2026,3,SUDESTE,SE,35,SAO PAULO,SP,353800,PINDAMONHANGABA,1.0,2025,DOU,172681.0,22.0,5.0,5.0,0.0,0.0,0.0,0.0,0.0,0.0,0.0,0.0,0.0,98875.0,57.25,pindamonhangaba
04/2026,3,SUDESTE,SE,35,SAO PAULO,SP,353810,PINDORAMA,1.0,2025,DOU,14704.0,3.0,3.0,2.0,0.0,0.0,0.0,0.0,0.0,0.0,0.0,0.0,0.0,21875.0,148.76,pindorama
04/2026,3,SUDESTE,SE,35,SAO PAULO,SP,353820,PINHALZINHO,3.0,2025,DOU,15676.0,0.0,4.0,0.0,0.0,0.0,0.0,0.0,0.0,0.0,0.0,0.0,0.0,10500.0,66.98,pinhalzinho
04/2026,3,SUDESTE,SE,35,SAO PAULO,SP,353830,PIQUEROBI,3.0,2025,DOU,3287.0,2.0,1.0,0.0,0.0,0.0,0.0,0.0,0.0,0.0,0.0,0.0,0.0,9625.0,292.82,piquerobi
04/2026,3,SUDESTE,SE,35,SAO PAULO,SP,353850,PIQUETE,1.0,2025,DOU,12516.0,4.0,0.0,0.0,0.0,0.0,0.0,0.0,0.0,0.0,0.0,0.0,0.0,14000.0,111.85,piquete
04/2026,3,SUDESTE,SE,35,SAO PAULO,SP,353860,PIRACAIA,2.0,2025,DOU,26795.0,4.0,3.0,2.0,0.0,0.0,0.0,0.0,0.0,0.0,0.0,0.0,0.0,25375.0,94.7,piracaia
04/2026,3,SUDESTE,SE,35,SAO PAULO,SP,353870,PIRACICABA,1.0,2025,DOU,440835.0,60.0,11.0,33.0,0.0,0.0,1.0,192.0,3.0,3461.0,0.0,0.0,3653.0,300278.0,68.11,piracicaba
04/2026,3,SUDESTE,SE,35,SAO PAULO,SP,353880,PIRAJU,1.0,2025,DOU,30294.0,10.0,0.0,0.0,0.0,0.0,0.0,0.0,0.0,0.0,0.0,0.0,0.0,35000.0,115.53,piraju
04/2026,3,SUDESTE,SE,35,SAO PAULO,SP,353890,PIRAJUI,1.0,2025,DOU,22734.0,6.0,1.0,1.0,0.0,0.0,0.0,0.0,3.0,4354.0,0.0,0.0,4354.0,29729.0,130.76,pirajui
04/2026,3,SUDESTE,SE,35,SAO PAULO,SP,353900,PIRANGI,2.0,2025,DOU,11085.0,3.0,0.0,3.0,0.0,0.0,0.0,0.0,0.0,0.0,0.0,0.0,0.0,15750.0,142.08,pirangi
04/2026,3,SUDESTE,SE,35,SAO PAULO,SP,353910,PIRAPORA DO BOM JESUS,1.0,2025,DOU,18925.0,5.0,0.0,0.0,0.0,0.0,0.0,0.0,0.0,0.0,0.0,0.0,0.0,17500.0,92.47,pirapora_do_bom_jesus
04/2026,3,SUDESTE,SE,35,SAO PAULO,SP,353920,PIRAPOZINHO,1.0,2025,DOU,26097.0,9.0,2.0,0.0,0.0,0.0,0.0,0.0,0.0,0.0,0.0,0.0,0.0,36750.0,140.82,pirapozinho
04/2026,3,SUDESTE,SE,35,SAO PAULO,SP,353930,PIRASSUNUNGA,1.0,2025,DOU,75594.0,15.0,0.0,1.0,0.0,0.0,0.0,0.0,0.0,0.0,0.0,0.0,0.0,54250.0,71.76,pirassununga
04/2026,3,SUDESTE,SE,35,SAO PAULO,SP,353940,PIRATININGA,1.0,2025,DOU,15657.0,3.0,0.0,1.0,0.0,0.0,0.0,0.0,0.0,0.0,0.0,0.0,0.0,12250.0,78.23,piratininga
04/2026,3,SUDESTE,SE,35,SAO PAULO,SP,353950,PITANGUEIRAS,1.0,2025,DOU,34361.0,7.0,1.0,2.0,0.0,0.0,0.0,0.0,0.0,0.0,0.0,0.0,0.0,30625.0,89.12,pitangueiras
04/2026,3,SUDESTE,SE,35,SAO PAULO,SP,353960,PLANALTO,2.0,2025,DOU,4451.0,2.0,0.0,0.0,0.0,0.0,0.0,0.0,0.0,0.0,0.0,0.0,0.0,7000.0,157.26,planalto
04/2026,3,SUDESTE,SE,35,SAO PAULO,SP,353970,PLATINA,3.0,2025,DOU,3055.0,1.0,2.0,0.0,0.0,0.0,0.0,0.0,0.0,0.0,0.0,0.0,0.0,8750.0,286.41,platina
04/2026,3,SUDESTE,SE,35,SAO PAULO,SP,353980,POA,1.0,2025,DOU,106355.0,0.0,14.0,1.0,0.0,0.0,0.0,0.0,0.0,0.0,0.0,0.0,0.0,38500.0,36.19,poa
04/2026,3,SUDESTE,SE,35,SAO PAULO,SP,353990,POLONI,2.0,2025,DOU,5702.0,2.0,0.0,0.0,0.0,0.0,0.0,0.0,0.0,0.0,0.0,0.0,0.0,7000.0,122.76,poloni
04/2026,3,SUDESTE,SE,35,SAO PAULO,SP,354000,POMPEIA,1.0,2025,DOU,20520.0,8.0,2.0,0.0,0.0,0.0,0.0,0.0,0.0,0.0,0.0,0.0,0.0,33250.0,162.03,pompeia
04/2026,3,SUDESTE,SE,35,SAO PAULO,SP,354010,PONGAI,3.0,2025,DOU,3440.0,1.0,1.0,0.0,0.0,0.0,0.0,0.0,0.0,0.0,0.0,0.0,0.0,6125.0,178.05,pongai
04/2026,3,SUDESTE,SE,35,SAO PAULO,SP,354020,PONTAL,1.0,2025,DOU,38286.0,10.0,1.0,0.0,0.0,0.0,0.0,0.0,1.0,1458.0,0.0,0.0,1458.0,39083.0,102.08,pontal
04/2026,3,SUDESTE,SE,35,SAO PAULO,SP,354025,PONTALINDA,3.0,2025,DOU,4198.0,1.0,0.0,0.0,0.0,0.0,0.0,0.0,0.0,0.0,0.0,0.0,0.0,3500.0,83.37,pontalinda
04/2026,3,SUDESTE,SE,35,SAO PAULO,SP,354030,PONTES GESTAL,3.0,2025,DOU,2411.0,1.0,0.0,0.0,0.0,0.0,0.0,0.0,0.0,0.0,0.0,0.0,0.0,3500.0,145.16,pontes_gestal
04/2026,3,SUDESTE,SE,35,SAO PAULO,SP,354040,POPULINA,2.0,2025,DOU,4182.0,2.0,0.0,0.0,0.0,0.0,0.0,0.0,0.0,0.0,0.0,0.0,0.0,7000.0,167.38,populina
04/2026,3,SUDESTE,SE,35,SAO PAULO,SP,354050,PORANGABA,3.0,2025,DOU,10850.0,3.0,0.0,0.0,0.0,0.0,0.0,0.0,0.0,0.0,0.0,0.0,0.0,10500.0,96.77,porangaba
04/2026,3,SUDESTE,SE,35,SAO PAULO,SP,354060,PORTO FELIZ,1.0,2025,DOU,58605.0,12.0,1.0,0.0,0.0,0.0,0.0,0.0,1.0,376.0,0.0,0.0,376.0,45001.0,76.78,porto_feliz
04/2026,3,SUDESTE,SE,35,SAO PAULO,SP,354070,PORTO FERREIRA,1.0,2025,DOU,53966.0,11.0,0.0,0.0,0.0,0.0,0.0,0.0,0.0,0.0,0.0,0.0,0.0,38500.0,71.34,porto_ferreira
04/2026,3,SUDESTE,SE,35,SAO PAULO,SP,354075,POTIM,1.0,2025,DOU,20801.0,6.0,0.0,0.0,0.0,0.0,0.0,0.0,0.0,0.0,0.0,0.0,0.0,21000.0,100.95,potim
04/2026,3,SUDESTE,SE,35,SAO PAULO,SP,354080,POTIRENDABA,1.0,2025,DOU,19097.0,6.0,0.0,0.0,0.0,0.0,0.0,0.0,0.0,0.0,0.0,0.0,0.0,21000.0,109.96,potirendaba
04/2026,3,SUDESTE,SE,35,SAO PAULO,SP,354085,PRACINHA,1.0,2025,DOU,2589.0,1.0,0.0,0.0,0.0,0.0,0.0,0.0,1.0,974.0,0.0,0.0,974.0,4474.0,172.8,pracinha
04/2026,3,SUDESTE,SE,35,SAO PAULO,SP,354090,PRADOPOLIS,1.0,2025,DOU,17299.0,2.0,2.0,0.0,0.0,0.0,0.0,0.0,0.0,0.0,0.0,0.0,0.0,12250.0,70.81,pradopolis
04/2026,3,SUDESTE,SE,35,SAO PAULO,SP,354100,PRAIA GRANDE,1.0,2025,DOU,368539.0,110.0,0.0,0.0,0.0,0.0,1.0,43.0,0.0,0.0,0.0,0.0,43.0,385043.0,104.47,praia_grande
04/2026,3,SUDESTE,SE,35,SAO PAULO,SP,354105,PRATANIA,3.0,2025,DOU,5264.0,1.0,1.0,0.0,0.0,0.0,0.0,0.0,0.0,0.0,0.0,0.0,0.0,6125.0,116.35,pratania
04/2026,3,SUDESTE,SE,35,SAO PAULO,SP,354110,PRESIDENTE ALVES,3.0,2025,DOU,3830.0,2.0,0.0,0.0,0.0,0.0,0.0,0.0,0.0,0.0,0.0,0.0,0.0,7000.0,182.76,presidente_alves
04/2026,3,SUDESTE,SE,35,SAO PAULO,SP,354120,PRESIDENTE BERNARDES,1.0,2025,DOU,14803.0,6.0,0.0,0.0,0.0,0.0,0.0,0.0,2.0,0.0,0.0,0.0,0.0,21000.0,141.86,presidente_bernardes
04/2026,3,SUDESTE,SE,35,SAO PAULO,SP,354130,PRESIDENTE EPITACIO,1.0,2025,DOU,40322.0,12.0,2.0,0.0,0.0,0.0,0.0,0.0,0.0,0.0,0.0,0.0,0.0,47250.0,117.18,presidente_epitacio
04/2026,3,SUDESTE,SE,35,SAO PAULO,SP,354140,PRESIDENTE PRUDENTE,1.0,2025,DOU,234706.0,26.0,0.0,31.0,0.0,0.0,0.0,0.0,1.0,706.0,0.0,0.0,706.0,145956.0,62.18,presidente_prudente
04/2026,3,SUDESTE,SE,35,SAO PAULO,SP,354150,PRESIDENTE VENCESLAU,1.0,2025,DOU,35810.0,9.0,2.0,0.0,0.0,0.0,0.0,0.0,2.0,571.0,0.0,0.0,571.0,37321.0,104.21,presidente_venceslau
04/2026,3,SUDESTE,SE,35,SAO PAULO,SP,354160,PROMISSAO,1.0,2025,DOU,35973.0,11.0,2.0,0.0,0.0,0.0,0.0,0.0,0.0,0.0,0.0,0.0,0.0,43750.0,121.61,promissao
04/2026,3,SUDESTE,SE,35,SAO PAULO,SP,354165,QUADRA,3.0,2025,DOU,3477.0,1.0,0.0,0.0,0.0,0.0,0.0,0.0,0.0,0.0,0.0,0.0,0.0,3500.0,100.66,quadra
04/2026,3,SUDESTE,SE,35,SAO PAULO,SP,354170,QUATA,1.0,2025,DOU,13412.0,4.0,0.0,0.0,0.0,0.0,0.0,0.0,0.0,0.0,0.0,0.0,0.0,14000.0,104.38,quata
04/2026,3,SUDESTE,SE,35,SAO PAULO,SP,354180,QUEIROZ,3.0,2025,DOU,3366.0,1.0,0.0,1.0,0.0,0.0,0.0,0.0,0.0,0.0,0.0,0.0,0.0,5250.0,155.97,queiroz
04/2026,3,SUDESTE,SE,35,SAO PAULO,SP,354190,QUELUZ,3.0,2025,DOU,9074.0,3.0,0.0,0.0,0.0,0.0,0.0,0.0,0.0,0.0,0.0,0.0,0.0,10500.0,115.71,queluz
04/2026,3,SUDESTE,SE,35,SAO PAULO,SP,354200,QUINTANA,2.0,2025,DOU,7260.0,3.0,0.0,0.0,0.0,0.0,0.0,0.0,0.0,0.0,0.0,0.0,0.0,10500.0,144.62,quintana
04/2026,3,SUDESTE,SE,35,SAO PAULO,SP,354210,RAFARD,1.0,2025,DOU,9145.0,1.0,4.0,0.0,0.0,0.0,0.0,0.0,0.0,0.0,0.0,0.0,0.0,14000.0,153.08,rafard
04/2026,3,SUDESTE,SE,35,SAO PAULO,SP,354220,RANCHARIA,1.0,2025,DOU,29387.0,11.0,1.0,0.0,0.0,0.0,0.0,0.0,0.0,0.0,0.0,0.0,0.0,41125.0,139.94,rancharia
04/2026,3,SUDESTE,SE,35,SAO PAULO,SP,354230,REDENCAO DA SERRA,1.0,2025,DOU,4637.0,1.0,1.0,0.0,0.0,0.0,0.0,0.0,0.0,0.0,0.0,0.0,0.0,6125.0,132.08,redencao_da_serra
04/2026,3,SUDESTE,SE,35,SAO PAULO,SP,354240,REGENTE FEIJO,1.0,2025,DOU,20620.0,7.0,1.0,2.0,0.0,0.0,0.0,0.0,0.0,0.0,0.0,0.0,0.0,30625.0,148.52,regente_feijo
04/2026,3,SUDESTE,SE,35,SAO PAULO,SP,354250,REGINOPOLIS,3.0,2025,DOU,7820.0,2.0,1.0,0.0,0.0,0.0,0.0,0.0,2.0,5133.0,0.0,0.0,5133.0,14758.0,188.72,reginopolis
04/2026,3,SUDESTE,SE,35,SAO PAULO,SP,354260,REGISTRO,1.0,2025,DOU,61927.0,19.0,0.0,0.0,0.0,0.0,0.0,0.0,1.0,977.0,0.0,0.0,977.0,67477.0,108.96,registro
04/2026,3,SUDESTE,SE,35,SAO PAULO,SP,354270,RESTINGA,1.0,2025,DOU,6486.0,2.0,0.0,0.0,0.0,0.0,0.0,0.0,0.0,0.0,0.0,0.0,0.0,7000.0,107.92,restinga
04/2026,3,SUDESTE,SE,35,SAO PAULO,SP,354280,RIBEIRA,3.0,2025,DOU,3158.0,2.0,0.0,0.0,0.0,0.0,0.0,0.0,0.0,0.0,0.0,0.0,0.0,7000.0,221.65,ribeira
04/2026,3,SUDESTE,SE,35,SAO PAULO,SP,354290,RIBEIRAO BONITO,2.0,2025,DOU,11040.0,2.0,1.0,0.0,0.0,0.0,0.0,0.0,0.0,0.0,0.0,0.0,0.0,9625.0,87.18,ribeirao_bonito
04/2026,3,SUDESTE,SE,35,SAO PAULO,SP,354300,RIBEIRAO BRANCO,3.0,2025,DOU,18942.0,6.0,1.0,0.0,0.0,0.0,0.0,0.0,0.0,0.0,0.0,0.0,0.0,23625.0,124.72,ribeirao_branco
04/2026,3,SUDESTE,SE,35,SAO PAULO,SP,354310,RIBEIRAO CORRENTE,1.0,2025,DOU,4717.0,2.0,0.0,0.0,0.0,0.0,0.0,0.0,0.0,0.0,0.0,0.0,0.0,7000.0,148.39,ribeirao_corrente
04/2026,3,SUDESTE,SE,35,SAO PAULO,SP,354320,RIBEIRAO DO SUL,3.0,2025,DOU,4776.0,2.0,1.0,0.0,0.0,0.0,0.0,0.0,0.0,0.0,0.0,0.0,0.0,9625.0,201.52,ribeirao_do_sul
04/2026,3,SUDESTE,SE,35,SAO PAULO,SP,354323,RIBEIRAO DOS INDIOS,3.0,2025,DOU,2040.0,1.0,0.0,0.0,0.0,0.0,0.0,0.0,0.0,0.0,0.0,0.0,0.0,3500.0,171.56,ribeirao_dos_indios
04/2026,3,SUDESTE,SE,35,SAO PAULO,SP,354325,RIBEIRAO GRANDE,3.0,2025,DOU,7571.0,3.0,0.0,0.0,0.0,0.0,0.0,0.0,0.0,0.0,0.0,0.0,0.0,10500.0,138.68,ribeirao_grande
04/2026,3,SUDESTE,SE,35,SAO PAULO,SP,354330,RIBEIRAO PIRES,1.0,2025,DOU,118954.0,14.0,3.0,0.0,0.0,0.0,0.0,0.0,0.0,0.0,0.0,0.0,0.0,56875.0,47.81,ribeirao_pires
04/2026,3,SUDESTE,SE,35,SAO PAULO,SP,354340,RIBEIRAO PRETO,1.0,2025,DOU,731639.0,56.0,7.0,99.0,0.0,0.0,2.0,681.0,2.0,35.0,0.0,0.0,716.0,388341.0,53.07,ribeirao_preto
04/2026,3,SUDESTE,SE,35,SAO PAULO,SP,354360,RIFAINA,3.0,2025,DOU,4179.0,1.0,0.0,0.0,0.0,0.0,0.0,0.0,0.0,0.0,0.0,0.0,0.0,3500.0,83.75,rifaina
04/2026,3,SUDESTE,SE,35,SAO PAULO,SP,354370,RINCAO,1.0,2025,DOU,9101.0,3.0,0.0,1.0,0.0,0.0,0.0,0.0,0.0,0.0,0.0,0.0,0.0,12250.0,134.6,rincao
04/2026,3,SUDESTE,SE,35,SAO PAULO,SP,354380,RINOPOLIS,2.0,2025,DOU,9334.0,3.0,0.0,0.0,0.0,0.0,0.0,0.0,0.0,0.0,0.0,0.0,0.0,10500.0,112.49,rinopolis
04/2026,3,SUDESTE,SE,35,SAO PAULO,SP,354390,RIO CLARO,1.0,2025,DOU,210323.0,26.0,1.0,3.0,0.0,0.0,0.0,0.0,0.0,0.0,0.0,0.0,0.0,98875.0,47.01,rio_claro
04/2026,3,SUDESTE,SE,35,SAO PAULO,SP,354400,RIO DAS PEDRAS,1.0,2025,DOU,32329.0,2.0,2.0,0.0,0.0,0.0,0.0,0.0,0.0,0.0,0.0,0.0,0.0,12250.0,37.89,rio_das_pedras
04/2026,3,SUDESTE,SE,35,SAO PAULO,SP,354410,RIO GRANDE DA SERRA,1.0,2025,DOU,45324.0,12.0,1.0,0.0,0.0,0.0,0.0,0.0,0.0,0.0,0.0,0.0,0.0,44625.0,98.45,rio_grande_da_serra
04/2026,3,SUDESTE,SE,35,SAO PAULO,SP,354420,RIOLANDIA,2.0,2025,DOU,10444.0,4.0,2.0,0.0,0.0,0.0,0.0,0.0,2.0,1748.0,0.0,0.0,1748.0,20998.0,201.05,riolandia
04/2026,3,SUDESTE,SE,35,SAO PAULO,SP,354350,RIVERSUL,3.0,2025,DOU,5628.0,2.0,0.0,0.0,0.0,0.0,0.0,0.0,0.0,0.0,0.0,0.0,0.0,7000.0,124.37,riversul
04/2026,3,SUDESTE,SE,35,SAO PAULO,SP,354425,ROSANA,1.0,2025,DOU,17434.0,7.0,1.0,0.0,0.0,0.0,0.0,0.0,0.0,0.0,0.0,0.0,0.0,27125.0,155.58,rosana
04/2026,3,SUDESTE,SE,35,SAO PAULO,SP,354430,ROSEIRA,1.0,2025,DOU,11137.0,4.0,0.0,0.0,0.0,0.0,0.0,0.0,0.0,0.0,0.0,0.0,0.0,14000.0,125.7,roseira
04/2026,3,SUDESTE,SE,35,SAO PAULO,SP,354440,RUBIACEA,3.0,2025,DOU,2740.0,1.0,2.0,0.0,0.0,0.0,0.0,0.0,0.0,0.0,0.0,0.0,0.0,8750.0,319.34,rubiacea
04/2026,3,SUDESTE,SE,35,SAO PAULO,SP,354450,RUBINEIA,1.0,2025,DOU,3998.0,1.0,0.0,0.0,0.0,0.0,0.0,0.0,0.0,0.0,0.0,0.0,0.0,3500.0,87.54,rubineia
04/2026,3,SUDESTE,SE,35,SAO PAULO,SP,354460,SABINO,2.0,2025,DOU,5182.0,2.0,3.0,0.0,0.0,0.0,0.0,0.0,0.0,0.0,0.0,0.0,0.0,14875.0,287.05,sabino
04/2026,3,SUDESTE,SE,35,SAO PAULO,SP,354470,SAGRES,3.0,2025,DOU,2522.0,1.0,0.0,0.0,0.0,0.0,0.0,0.0,0.0,0.0,0.0,0.0,0.0,3500.0,138.77,sagres
04/2026,3,SUDESTE,SE,35,SAO PAULO,SP,354480,SALES,2.0,2025,DOU,6645.0,3.0,0.0,0.0,0.0,0.0,0.0,0.0,0.0,0.0,0.0,0.0,0.0,10500.0,158.01,sales
04/2026,3,SUDESTE,SE,35,SAO PAULO,SP,354490,SALES OLIVEIRA,2.0,2025,DOU,11683.0,4.0,0.0,0.0,0.0,0.0,0.0,0.0,0.0,0.0,0.0,0.0,0.0,14000.0,119.83,sales_oliveira
04/2026,3,SUDESTE,SE,35,SAO PAULO,SP,354500,SALESOPOLIS,1.0,2025,DOU,15381.0,4.0,0.0,0.0,0.0,0.0,0.0,0.0,0.0,0.0,0.0,0.0,0.0,14000.0,91.02,salesopolis
04/2026,3,SUDESTE,SE,35,SAO PAULO,SP,354510,SALMOURAO,2.0,2025,DOU,4883.0,2.0,1.0,0.0,0.0,0.0,0.0,0.0,0.0,0.0,0.0,0.0,0.0,9625.0,197.11,salmourao
04/2026,3,SUDESTE,SE,35,SAO PAULO,SP,354515,SALTINHO,1.0,2025,DOU,8407.0,2.0,2.0,0.0,0.0,0.0,0.0,0.0,0.0,0.0,0.0,0.0,0.0,12250.0,145.71,saltinho
04/2026,3,SUDESTE,SE,35,SAO PAULO,SP,354520,SALTO,1.0,2025,DOU,141111.0,14.0,6.0,4.0,0.0,0.0,0.0,0.0,0.0,0.0,0.0,0.0,0.0,71750.0,50.84,salto
04/2026,3,SUDESTE,SE,35,SAO PAULO,SP,354530,SALTO DE PIRAPORA,1.0,2025,DOU,45262.0,13.0,0.0,0.0,0.0,0.0,0.0,0.0,0.0,0.0,0.0,0.0,0.0,45500.0,100.52,salto_de_pirapora
04/2026,3,SUDESTE,SE,35,SAO PAULO,SP,354540,SALTO GRANDE,2.0,2025,DOU,9221.0,3.0,0.0,0.0,0.0,0.0,0.0,0.0,0.0,0.0,0.0,0.0,0.0,10500.0,113.87,salto_grande
04/2026,3,SUDESTE,SE,35,SAO PAULO,SP,354550,SANDOVALINA,3.0,2025,DOU,3697.0,2.0,0.0,0.0,0.0,0.0,0.0,0.0,0.0,0.0,0.0,0.0,0.0,7000.0,189.34,sandovalina
04/2026,3,SUDESTE,SE,35,SAO PAULO,SP,354560,SANTA ADELIA,1.0,2025,DOU,14193.0,4.0,1.0,0.0,0.0,0.0,0.0,0.0,0.0,0.0,0.0,0.0,0.0,16625.0,117.13,santa_adelia
04/2026,3,SUDESTE,SE,35,SAO PAULO,SP,354570,SANTA ALBERTINA,2.0,2025,DOU,6566.0,2.0,0.0,2.0,0.0,0.0,0.0,0.0,0.0,0.0,0.0,0.0,0.0,10500.0,159.91,santa_albertina
04/2026,3,SUDESTE,SE,35,SAO PAULO,SP,354580,SANTA BARBARA D'OESTE,1.0,2025,DOU,189456.0,13.0,2.0,26.0,0.0,0.0,0.0,0.0,0.0,0.0,0.0,0.0,0.0,96250.0,50.8,santa_barbara_d_oeste
04/2026,3,SUDESTE,SE,35,SAO PAULO,SP,354600,SANTA BRANCA,1.0,2025,DOU,14219.0,4.0,0.0,3.0,0.0,0.0,0.0,0.0,0.0,0.0,0.0,0.0,0.0,19250.0,135.38,santa_branca
04/2026,3,SUDESTE,SE,35,SAO PAULO,SP,354610,SANTA CLARA D'OESTE,1.0,2025,DOU,2694.0,1.0,0.0,0.0,0.0,0.0,0.0,0.0,0.0,0.0,0.0,0.0,0.0,3500.0,129.91,santa_clara_d_oeste
04/2026,3,SUDESTE,SE,35,SAO PAULO,SP,354620,SANTA CRUZ DA CONCEICAO,3.0,2025,DOU,4375.0,2.0,1.0,0.0,0.0,0.0,0.0,0.0,0.0,0.0,0.0,0.0,0.0,9625.0,220.0,santa_cruz_da_conceicao
04/2026,3,SUDESTE,SE,35,SAO PAULO,SP,354625,SANTA CRUZ DA ESPERANCA,1.0,2025,DOU,2168.0,1.0,0.0,0.0,0.0,0.0,0.0,0.0,0.0,0.0,0.0,0.0,0.0,3500.0,161.43,santa_cruz_da_esperanca
04/2026,3,SUDESTE,SE,35,SAO PAULO,SP,354630,SANTA CRUZ DAS PALMEIRAS,1.0,2025,DOU,29489.0,5.0,0.0,0.0,0.0,0.0,0.0,0.0,0.0,0.0,0.0,0.0,0.0,17500.0,59.34,santa_cruz_das_palmeiras
04/2026,3,SUDESTE,SE,35,SAO PAULO,SP,354640,SANTA CRUZ DO RIO PARDO,1.0,2025,DOU,47759.0,11.0,6.0,0.0,0.0,0.0,0.0,0.0,0.0,0.0,0.0,0.0,0.0,54250.0,113.59,santa_cruz_do_rio_pardo
04/2026,3,SUDESTE,SE,35,SAO PAULO,SP,354650,SANTA ERNESTINA,2.0,2025,DOU,6274.0,1.0,3.0,0.0,0.0,0.0,0.0,0.0,0.0,0.0,0.0,0.0,0.0,11375.0,181.3,santa_ernestina
04/2026,3,SUDESTE,SE,35,SAO PAULO,SP,354660,SANTA FE DO SUL,1.0,2025,DOU,36288.0,9.0,0.0,0.0,0.0,0.0,0.0,0.0,0.0,0.0,0.0,0.0,0.0,31500.0,86.8,santa_fe_do_sul
04/2026,3,SUDESTE,SE,35,SAO PAULO,SP,354670,SANTA GERTRUDES,1.0,2025,DOU,23192.0,5.0,0.0,0.0,0.0,0.0,0.0,0.0,0.0,0.0,0.0,0.0,0.0,17500.0,75.45,santa_gertrudes
04/2026,3,SUDESTE,SE,35,SAO PAULO,SP,354680,SANTA ISABEL,1.0,2025,DOU,54691.0,8.0,4.0,4.0,0.0,0.0,0.0,0.0,0.0,0.0,0.0,0.0,0.0,45500.0,83.19,santa_isabel
04/2026,3,SUDESTE,SE,35,SAO PAULO,SP,354690,SANTA LUCIA,1.0,2025,DOU,7144.0,1.0,1.0,0.0,0.0,0.0,0.0,0.0,0.0,0.0,0.0,0.0,0.0,6125.0,85.73,santa_lucia
04/2026,3,SUDESTE,SE,35,SAO PAULO,SP,354700,SANTA MARIA DA SERRA,2.0,2025,DOU,5308.0,0.0,3.0,0.0,0.0,0.0,0.0,0.0,0.0,0.0,0.0,0.0,0.0,7875.0,148.36,santa_maria_da_serra
04/2026,3,SUDESTE,SE,35,SAO PAULO,SP,354710,SANTA MERCEDES,3.0,2025,DOU,3017.0,1.0,2.0,0.0,0.0,0.0,0.0,0.0,0.0,0.0,0.0,0.0,0.0,8750.0,290.02,santa_mercedes
04/2026,3,SUDESTE,SE,35,SAO PAULO,SP,354740,SANTA RITA D'OESTE,1.0,2025,DOU,2796.0,1.0,0.0,0.0,0.0,0.0,0.0,0.0,0.0,0.0,0.0,0.0,0.0,3500.0,125.17,santa_rita_d_oeste
04/2026,3,SUDESTE,SE,35,SAO PAULO,SP,354750,SANTA RITA DO PASSA QUATRO,1.0,2025,DOU,24996.0,3.0,0.0,4.0,0.0,0.0,0.0,0.0,0.0,0.0,0.0,0.0,0.0,17500.0,70.01,santa_rita_do_passa_quatro
04/2026,3,SUDESTE,SE,35,SAO PAULO,SP,354760,SANTA ROSA DE VITERBO,1.0,2025,DOU,23710.0,2.0,2.0,0.0,0.0,0.0,0.0,0.0,0.0,0.0,0.0,0.0,0.0,12250.0,51.66,santa_rosa_de_viterbo
04/2026,3,SUDESTE,SE,35,SAO PAULO,SP,354765,SANTA SALETE,3.0,2025,DOU,1692.0,1.0,0.0,0.0,0.0,0.0,0.0,0.0,0.0,0.0,0.0,0.0,0.0,3500.0,206.85,santa_salete
04/2026,3,SUDESTE,SE,35,SAO PAULO,SP,354720,SANTANA DA PONTE PENSA,1.0,2025,DOU,1699.0,1.0,0.0,0.0,0.0,0.0,0.0,0.0,0.0,0.0,0.0,0.0,0.0,3500.0,206.0,santana_da_ponte_pensa
04/2026,3,SUDESTE,SE,35,SAO PAULO,SP,354730,SANTANA DE PARNAIBA,1.0,2025,DOU,163787.0,0.0,7.0,27.0,0.0,0.0,0.0,0.0,0.0,0.0,0.0,0.0,0.0,65625.0,40.06,santana_de_parnaiba
04/2026,3,SUDESTE,SE,35,SAO PAULO,SP,354770,SANTO ANASTACIO,1.0,2025,DOU,17960.0,5.0,1.0,0.0,0.0,0.0,0.0,0.0,0.0,0.0,0.0,0.0,0.0,20125.0,112.05,santo_anastacio
04/2026,3,SUDESTE,SE,35,SAO PAULO,SP,354780,SANTO ANDRE,1.0,2025,DOU,782048.0,102.0,30.0,26.0,0.0,0.0,1.0,1053.0,1.0,123.0,0.0,0.0,1176.0,482426.0,61.68,santo_andre
04/2026,3,SUDESTE,SE,35,SAO PAULO,SP,354790,SANTO ANTONIO DA ALEGRIA,3.0,2025,DOU,6933.0,2.0,2.0,0.0,0.0,0.0,0.0,0.0,0.0,0.0,0.0,0.0,0.0,12250.0,176.69,santo_antonio_da_alegria
04/2026,3,SUDESTE,SE,35,SAO PAULO,SP,354800,SANTO ANTONIO DE POSSE,1.0,2025,DOU,23867.0,6.0,1.0,1.0,0.0,0.0,0.0,0.0,0.0,0.0,0.0,0.0,0.0,25375.0,106.31,santo_antonio_de_posse
04/2026,3,SUDESTE,SE,35,SAO PAULO,SP,354805,SANTO ANTONIO DO ARACANGUA,3.0,2025,DOU,8593.0,3.0,1.0,0.0,0.0,0.0,0.0,0.0,0.0,0.0,0.0,0.0,0.0,13125.0,152.74,santo_antonio_do_aracangua
04/2026,3,SUDESTE,SE,35,SAO PAULO,SP,354810,SANTO ANTONIO DO JARDIM,3.0,2025,DOU,6243.0,1.0,1.0,0.0,0.0,0.0,0.0,0.0,0.0,0.0,0.0,0.0,0.0,6125.0,98.1,santo_antonio_do_jardim
04/2026,3,SUDESTE,SE,35,SAO PAULO,SP,354820,SANTO ANTONIO DO PINHAL,3.0,2025,DOU,7314.0,3.0,0.0,0.0,0.0,0.0,0.0,0.0,0.0,0.0,0.0,0.0,0.0,10500.0,143.56,santo_antonio_do_pinhal
04/2026,3,SUDESTE,SE,35,SAO PAULO,SP,354830,SANTO EXPEDITO,1.0,2025,DOU,3069.0,1.0,1.0,1.0,0.0,0.0,0.0,0.0,0.0,0.0,0.0,0.0,0.0,7875.0,256.59,santo_expedito
04/2026,3,SUDESTE,SE,35,SAO PAULO,SP,354840,SANTOPOLIS DO AGUAPEI,2.0,2025,DOU,3921.0,2.0,0.0,0.0,0.0,0.0,0.0,0.0,0.0,0.0,0.0,0.0,0.0,7000.0,178.52,santopolis_do_aguapei
04/2026,3,SUDESTE,SE,35,SAO PAULO,SP,354850,SANTOS,1.0,2025,DOU,429547.0,68.0,6.0,21.0,0.0,0.0,1.0,610.0,0.0,0.0,0.0,0.0,610.0,291110.0,67.77,santos
04/2026,3,SUDESTE,SE,35,SAO PAULO,SP,354860,SAO BENTO DO SAPUCAI,3.0,2025,DOU,11989.0,3.0,1.0,1.0,0.0,0.0,0.0,0.0,0.0,0.0,0.0,0.0,0.0,14875.0,124.07,sao_bento_do_sapucai
04/2026,3,SUDESTE,SE,35,SAO PAULO,SP,354870,SAO BERNARDO DO CAMPO,1.0,2025,DOU,841154.0,180.0,2.0,8.0,0.0,0.0,1.0,569.0,0.0,0.0,0.0,0.0,569.0,649819.0,77.25,sao_bernardo_do_campo
04/2026,3,SUDESTE,SE,35,SAO PAULO,SP,354880,SAO CAETANO DO SUL,1.0,2025,DOU,172693.0,36.0,0.0,5.0,0.0,0.0,0.0,0.0,0.0,0.0,0.0,0.0,0.0,134750.0,78.02,sao_caetano_do_sul
04/2026,3,SUDESTE,SE,35,SAO PAULO,SP,354890,SAO CARLOS,1.0,2025,DOU,266427.0,23.0,24.0,0.0,0.0,0.0,0.0,0.0,0.0,0.0,0.0,0.0,0.0,143500.0,53.86,sao_carlos
04/2026,3,SUDESTE,SE,35,SAO PAULO,SP,354900,SAO FRANCISCO,3.0,2025,DOU,2623.0,1.0,0.0,0.0,0.0,0.0,0.0,0.0,0.0,0.0,0.0,0.0,0.0,3500.0,133.43,sao_francisco
04/2026,3,SUDESTE,SE,35,SAO PAULO,SP,354910,SAO JOAO DA BOA VISTA,1.0,2025,DOU,96080.0,18.0,8.0,0.0,0.0,0.0,0.0,0.0,0.0,0.0,0.0,0.0,0.0,84000.0,87.42,sao_joao_da_boa_vista
04/2026,3,SUDESTE,SE,35,SAO PAULO,SP,354920,SAO JOAO DAS DUAS PONTES,3.0,2025,DOU,2623.0,0.0,2.0,0.0,0.0,0.0,0.0,0.0,0.0,0.0,0.0,0.0,0.0,5250.0,200.15,sao_joao_das_duas_pontes
04/2026,3,SUDESTE,SE,35,SAO PAULO,SP,354925,SAO JOAO DE IRACEMA,3.0,2025,DOU,1882.0,1.0,0.0,0.0,0.0,0.0,0.0,0.0,0.0,0.0,0.0,0.0,0.0,3500.0,185.97,sao_joao_de_iracema
04/2026,3,SUDESTE,SE,35,SAO PAULO,SP,354930,SAO JOAO DO PAU D'ALHO,3.0,2025,DOU,2293.0,1.0,0.0,0.0,0.0,0.0,0.0,0.0,0.0,0.0,0.0,0.0,0.0,3500.0,152.63,sao_joao_do_pau_d_alho
04/2026,3,SUDESTE,SE,35,SAO PAULO,SP,354940,SAO JOAQUIM DA BARRA,1.0,2025,DOU,49885.0,10.0,0.0,0.0,0.0,0.0,0.0,0.0,0.0,0.0,0.0,0.0,0.0,35000.0,70.16,sao_joaquim_da_barra
04/2026,3,SUDESTE,SE,35,SAO PAULO,SP,354950,SAO JOSE DA BELA VISTA,2.0,2025,DOU,7664.0,4.0,0.0,0.0,0.0,0.0,0.0,0.0,0.0,0.0,0.0,0.0,0.0,14000.0,182.67,sao_jose_da_bela_vista
04/2026,3,SUDESTE,SE,35,SAO PAULO,SP,354960,SAO JOSE DO BARREIRO,3.0,2025,DOU,3888.0,2.0,0.0,0.0,0.0,0.0,0.0,0.0,0.0,0.0,0.0,0.0,0.0,7000.0,180.04,sao_jose_do_barreiro
04/2026,3,SUDESTE,SE,35,SAO PAULO,SP,354970,SAO JOSE DO RIO PARDO,1.0,2025,DOU,53427.0,8.0,3.0,0.0,0.0,0.0,0.0,0.0,0.0,0.0,0.0,0.0,0.0,35875.0,67.14,sao_jose_do_rio_pardo
04/2026,3,SUDESTE,SE,35,SAO PAULO,SP,354980,SAO JOSE DO RIO PRETO,1.0,2025,DOU,504166.0,87.0,0.0,0.0,0.0,0.0,2.0,1282.0,1.0,12.0,0.0,0.0,1294.0,305794.0,60.65,sao_jose_do_rio_preto
04/2026,3,SUDESTE,SE,35,SAO PAULO,SP,354990,SAO JOSE DOS CAMPOS,1.0,2025,DOU,727078.0,87.0,20.0,41.0,0.0,0.0,0.0,0.0,0.0,0.0,0.0,0.0,0.0,428750.0,58.96,sao_jose_dos_campos
04/2026,3,SUDESTE,SE,35,SAO PAULO,SP,354995,SAO LOURENCO DA SERRA,1.0,2025,DOU,16479.0,4.0,0.0,2.0,0.0,0.0,0.0,0.0,0.0,0.0,0.0,0.0,0.0,17500.0,106.19,sao_lourenco_da_serra
04/2026,3,SUDESTE,SE,35,SAO PAULO,SP,355000,SAO LUIS DO PARAITINGA,3.0,2025,DOU,10487.0,4.0,0.0,0.0,0.0,0.0,0.0,0.0,0.0,0.0,0.0,0.0,0.0,14000.0,133.49,sao_luis_do_paraitinga
04/2026,3,SUDESTE,SE,35,SAO PAULO,SP,355010,SAO MANUEL,1.0,2025,DOU,38131.0,7.0,4.0,0.0,0.0,0.0,0.0,0.0,0.0,0.0,0.0,0.0,0.0,35000.0,91.78,sao_manuel
04/2026,3,SUDESTE,SE,35,SAO PAULO,SP,355020,SAO MIGUEL ARCANJO,2.0,2025,DOU,32924.0,13.0,0.0,0.0,0.0,0.0,0.0,0.0,0.0,0.0,0.0,0.0,0.0,45500.0,138.19,sao_miguel_arcanjo
04/2026,3,SUDESTE,SE,35,SAO PAULO,SP,355030,SAO PAULO,1.0,2025,DOU,11904961.0,1726.0,165.0,329.0,0.0,0.0,40.0,28782.0,2.0,170.0,0.0,0.0,28952.0,7078827.0,59.46,sao_paulo
04/2026,3,SUDESTE,SE,35,SAO PAULO,SP,355040,SAO PEDRO,2.0,2025,DOU,39855.0,10.0,2.0,0.0,0.0,0.0,0.0,0.0,0.0,0.0,0.0,0.0,0.0,40250.0,100.99,sao_pedro
04/2026,3,SUDESTE,SE,35,SAO PAULO,SP,355050,SAO PEDRO DO TURVO,3.0,2025,DOU,7333.0,3.0,0.0,0.0,0.0,0.0,0.0,0.0,0.0,0.0,0.0,0.0,0.0,10500.0,143.18,sao_pedro_do_turvo
04/2026,3,SUDESTE,SE,35,SAO PAULO,SP,355060,SAO ROQUE,1.0,2025,DOU,81366.0,17.0,1.0,0.0,0.0,0.0,0.0,0.0,0.0,0.0,0.0,0.0,0.0,62125.0,76.35,sao_roque
04/2026,3,SUDESTE,SE,35,SAO PAULO,SP,355070,SAO SEBASTIAO,1.0,2025,DOU,84280.0,26.0,0.0,0.0,0.0,0.0,0.0,0.0,0.0,0.0,0.0,0.0,0.0,91000.0,107.97,sao_sebastiao
04/2026,3,SUDESTE,SE,35,SAO PAULO,SP,355080,SAO SEBASTIAO DA GRAMA,3.0,2025,DOU,10428.0,4.0,0.0,1.0,0.0,0.0,0.0,0.0,0.0,0.0,0.0,0.0,0.0,15750.0,151.03,sao_sebastiao_da_grama
04/2026,3,SUDESTE,SE,35,SAO PAULO,SP,355090,SAO SIMAO,1.0,2025,DOU,13560.0,0.0,3.0,3.0,0.0,0.0,0.0,0.0,0.0,0.0,0.0,0.0,0.0,13125.0,96.79,sao_simao
04/2026,3,SUDESTE,SE,35,SAO PAULO,SP,355100,SAO VICENTE,1.0,2025,DOU,338326.0,42.0,1.0,10.0,0.0,0.0,1.0,311.0,0.0,0.0,0.0,0.0,311.0,167436.0,49.48,sao_vicente
04/2026,3,SUDESTE,SE,35,SAO PAULO,SP,355110,SARAPUI,3.0,2025,DOU,10677.0,1.0,0.0,6.0,0.0,0.0,0.0,0.0,0.0,0.0,0.0,0.0,0.0,14000.0,131.12,sarapui
04/2026,3,SUDESTE,SE,35,SAO PAULO,SP,355120,SARUTAIA,3.0,2025,DOU,3772.0,1.0,0.0,0.0,0.0,0.0,0.0,0.0,0.0,0.0,0.0,0.0,0.0,3500.0,92.78,sarutaia
04/2026,3,SUDESTE,SE,35,SAO PAULO,SP,355130,SEBASTIANOPOLIS DO SUL,3.0,2025,DOU,3191.0,2.0,0.0,0.0,0.0,0.0,0.0,0.0,0.0,0.0,0.0,0.0,0.0,7000.0,219.36,sebastianopolis_do_sul
04/2026,3,SUDESTE,SE,35,SAO PAULO,SP,355140,SERRA AZUL,1.0,2025,DOU,13108.0,3.0,0.0,1.0,0.0,0.0,0.0,0.0,3.0,3735.0,0.0,0.0,3735.0,15985.0,121.94,serra_azul
04/2026,3,SUDESTE,SE,35,SAO PAULO,SP,355160,SERRA NEGRA,2.0,2025,DOU,31047.0,13.0,0.0,0.0,0.0,0.0,0.0,0.0,0.0,0.0,0.0,0.0,0.0,45500.0,146.55,serra_negra
04/2026,3,SUDESTE,SE,35,SAO PAULO,SP,355150,SERRANA,1.0,2025,DOU,45580.0,5.0,1.0,1.0,0.0,0.0,0.0,0.0,0.0,0.0,0.0,0.0,0.0,21875.0,47.99,serrana
04/2026,3,SUDESTE,SE,35,SAO PAULO,SP,355170,SERTAOZINHO,1.0,2025,DOU,132176.0,2.0,8.0,5.0,0.0,0.0,0.0,0.0,0.0,0.0,0.0,0.0,0.0,36750.0,27.8,sertaozinho
04/2026,3,SUDESTE,SE,35,SAO PAULO,SP,355180,SETE BARRAS,3.0,2025,DOU,12903.0,7.0,0.0,0.0,0.0,0.0,0.0,0.0,0.0,0.0,0.0,0.0,0.0,24500.0,189.87,sete_barras
04/2026,3,SUDESTE,SE,35,SAO PAULO,SP,355190,SEVERINIA,1.0,2025,DOU,14693.0,4.0,0.0,0.0,0.0,0.0,0.0,0.0,0.0,0.0,0.0,0.0,0.0,14000.0,95.28,severinia
04/2026,3,SUDESTE,SE,35,SAO PAULO,SP,355200,SILVEIRAS,3.0,2025,DOU,6329.0,3.0,0.0,0.0,0.0,0.0,0.0,0.0,0.0,0.0,0.0,0.0,0.0,10500.0,165.9,silveiras
04/2026,3,SUDESTE,SE,35,SAO PAULO,SP,355210,SOCORRO,2.0,2025,DOU,41527.0,11.0,2.0,0.0,0.0,0.0,0.0,0.0,0.0,0.0,0.0,0.0,0.0,43750.0,105.35,socorro
04/2026,3,SUDESTE,SE,35,SAO PAULO,SP,355220,SOROCABA,1.0,2025,DOU,762172.0,45.0,19.0,24.0,0.0,0.0,0.0,0.0,1.0,134.0,0.0,0.0,134.0,249509.0,32.73,sorocaba
04/2026,3,SUDESTE,SE,35,SAO PAULO,SP,355230,SUD MENNUCCI,3.0,2025,DOU,7464.0,4.0,0.0,0.0,0.0,0.0,0.0,0.0,0.0,0.0,0.0,0.0,0.0,14000.0,187.56,sud_mennucci
04/2026,3,SUDESTE,SE,35,SAO PAULO,SP,355240,SUMARE,1.0,2025,DOU,291116.0,48.0,2.0,0.0,0.0,0.0,0.0,0.0,0.0,0.0,0.0,0.0,0.0,173250.0,59.51,sumare
04/2026,3,SUDESTE,SE,35,SAO PAULO,SP,355255,SUZANAPOLIS,3.0,2025,DOU,3465.0,2.0,0.0,0.0,0.0,0.0,0.0,0.0,0.0,0.0,0.0,0.0,0.0,7000.0,202.02,suzanapolis
04/2026,3,SUDESTE,SE,35,SAO PAULO,SP,355250,SUZANO,1.0,2025,DOU,320261.0,29.0,17.0,18.0,0.0,0.0,1.0,487.0,1.0,1.0,0.0,0.0,488.0,178113.0,55.61,suzano
04/2026,3,SUDESTE,SE,35,SAO PAULO,SP,355260,TABAPUA,1.0,2025,DOU,11498.0,4.0,0.0,0.0,0.0,0.0,0.0,0.0,0.0,0.0,0.0,0.0,0.0,14000.0,121.76,tabapua
04/2026,3,SUDESTE,SE,35,SAO PAULO,SP,355270,TABATINGA,1.0,2025,DOU,14997.0,4.0,1.0,0.0,0.0,0.0,0.0,0.0,0.0,0.0,0.0,0.0,0.0,16625.0,110.85,tabatinga
04/2026,3,SUDESTE,SE,35,SAO PAULO,SP,355280,TABOAO DA SERRA,1.0,2025,DOU,285307.0,55.0,26.0,15.0,0.0,0.0,0.0,0.0,0.0,0.0,0.0,0.0,0.0,287000.0,100.59,taboao_da_serra
04/2026,3,SUDESTE,SE,35,SAO PAULO,SP,355290,TACIBA,1.0,2025,DOU,6418.0,3.0,0.0,0.0,0.0,0.0,0.0,0.0,0.0,0.0,0.0,0.0,0.0,10500.0,163.6,taciba
04/2026,3,SUDESTE,SE,35,SAO PAULO,SP,355300,TAGUAI,2.0,2025,DOU,13068.0,4.0,1.0,1.0,0.0,0.0,0.0,0.0,0.0,0.0,0.0,0.0,0.0,18375.0,140.61,taguai
04/2026,3,SUDESTE,SE,35,SAO PAULO,SP,355310,TAIACU,2.0,2025,DOU,5744.0,2.0,0.0,2.0,0.0,0.0,0.0,0.0,0.0,0.0,0.0,0.0,0.0,10500.0,182.79,taiacu
04/2026,3,SUDESTE,SE,35,SAO PAULO,SP,355320,TAIUVA,2.0,2025,DOU,6770.0,2.0,0.0,2.0,0.0,0.0,0.0,0.0,2.0,1293.0,0.0,0.0,1293.0,11793.0,174.19,taiuva
04/2026,3,SUDESTE,SE,35,SAO PAULO,SP,355330,TAMBAU,1.0,2025,DOU,21650.0,6.0,1.0,0.0,0.0,0.0,0.0,0.0,0.0,0.0,0.0,0.0,0.0,23625.0,109.12,tambau
04/2026,3,SUDESTE,SE,35,SAO PAULO,SP,355340,TANABI,1.0,2025,DOU,26071.0,8.0,3.0,0.0,0.0,0.0,0.0,0.0,0.0,0.0,0.0,0.0,0.0,35875.0,137.6,tanabi
04/2026,3,SUDESTE,SE,35,SAO PAULO,SP,355350,TAPIRAI,3.0,2025,DOU,8122.0,2.0,0.0,0.0,0.0,0.0,0.0,0.0,0.0,0.0,0.0,0.0,0.0,7000.0,86.18,tapirai
04/2026,3,SUDESTE,SE,35,SAO PAULO,SP,355360,TAPIRATIBA,1.0,2025,DOU,11903.0,5.0,0.0,0.0,0.0,0.0,0.0,0.0,0.0,0.0,0.0,0.0,0.0,17500.0,147.02,tapiratiba
04/2026,3,SUDESTE,SE,35,SAO PAULO,SP,355365,TAQUARAL,3.0,2025,DOU,2649.0,1.0,0.0,0.0,0.0,0.0,0.0,0.0,0.0,0.0,0.0,0.0,0.0,3500.0,132.12,taquaral
04/2026,3,SUDESTE,SE,35,SAO PAULO,SP,355370,TAQUARITINGA,1.0,2025,DOU,53264.0,6.0,6.0,2.0,0.0,0.0,0.0,0.0,0.0,0.0,0.0,0.0,0.0,40250.0,75.56,taquaritinga
04/2026,3,SUDESTE,SE,35,SAO PAULO,SP,355380,TAQUARITUBA,1.0,2025,DOU,24932.0,5.0,1.0,0.0,0.0,0.0,0.0,0.0,0.0,0.0,0.0,0.0,0.0,20125.0,80.71,taquarituba
04/2026,3,SUDESTE,SE,35,SAO PAULO,SP,355385,TAQUARIVAI,3.0,2025,DOU,7170.0,4.0,0.0,0.0,0.0,0.0,0.0,0.0,0.0,0.0,0.0,0.0,0.0,14000.0,195.25,taquarivai
04/2026,3,SUDESTE,SE,35,SAO PAULO,SP,355390,TARABAI,1.0,2025,DOU,6633.0,3.0,0.0,0.0,0.0,0.0,0.0,0.0,0.0,0.0,0.0,0.0,0.0,10500.0,158.29,tarabai
04/2026,3,SUDESTE,SE,35,SAO PAULO,SP,355395,TARUMA,1.0,2025,DOU,15315.0,4.0,0.0,0.0,0.0,0.0,0.0,0.0,0.0,0.0,0.0,0.0,0.0,14000.0,91.41,taruma
04/2026,3,SUDESTE,SE,35,SAO PAULO,SP,355400,TATUI,1.0,2025,DOU,129130.0,25.0,3.0,4.0,0.0,0.0,1.0,126.0,0.0,0.0,0.0,0.0,126.0,102501.0,79.37,tatui
04/2026,3,SUDESTE,SE,35,SAO PAULO,SP,355410,TAUBATE,1.0,2025,DOU,322397.0,35.0,3.0,27.0,0.0,0.0,1.0,495.0,4.0,29.0,0.0,0.0,524.0,178149.0,55.25,taubate
04/2026,3,SUDESTE,SE,35,SAO PAULO,SP,355420,TEJUPA,3.0,2025,DOU,4119.0,1.0,2.0,0.0,0.0,0.0,0.0,0.0,0.0,0.0,0.0,0.0,0.0,8750.0,212.43,tejupa
04/2026,3,SUDESTE,SE,35,SAO PAULO,SP,355430,TEODORO SAMPAIO,1.0,2025,DOU,22598.0,10.0,0.0,0.0,0.0,0.0,0.0,0.0,0.0,0.0,0.0,0.0,0.0,35000.0,154.88,teodoro_sampaio
04/2026,3,SUDESTE,SE,35,SAO PAULO,SP,355440,TERRA ROXA,2.0,2025,DOU,7965.0,3.0,0.0,1.0,0.0,0.0,0.0,0.0,0.0,0.0,0.0,0.0,0.0,12250.0,153.79,terra_roxa
04/2026,3,SUDESTE,SE,35,SAO PAULO,SP,355450,TIETE,1.0,2025,DOU,38723.0,7.0,2.0,0.0,0.0,0.0,0.0,0.0,0.0,0.0,0.0,0.0,0.0,29750.0,76.82,tiete
04/2026,3,SUDESTE,SE,35,SAO PAULO,SP,355460,TIMBURI,3.0,2025,DOU,2484.0,1.0,0.0,0.0,0.0,0.0,0.0,0.0,0.0,0.0,0.0,0.0,0.0,3500.0,140.9,timburi
04/2026,3,SUDESTE,SE,35,SAO PAULO,SP,355465,TORRE DE PEDRA,3.0,2025,DOU,2056.0,0.0,2.0,0.0,0.0,0.0,0.0,0.0,0.0,0.0,0.0,0.0,0.0,5250.0,255.35,torre_de_pedra
04/2026,3,SUDESTE,SE,35,SAO PAULO,SP,355470,TORRINHA,2.0,2025,DOU,9484.0,3.0,0.0,0.0,0.0,0.0,0.0,0.0,0.0,0.0,0.0,0.0,0.0,10500.0,110.71,torrinha
04/2026,3,SUDESTE,SE,35,SAO PAULO,SP,355475,TRABIJU,3.0,2025,DOU,1724.0,1.0,0.0,0.0,0.0,0.0,0.0,0.0,0.0,0.0,0.0,0.0,0.0,3500.0,203.01,trabiju
04/2026,3,SUDESTE,SE,35,SAO PAULO,SP,355480,TREMEMBE,1.0,2025,DOU,53426.0,6.0,0.0,2.0,0.0,0.0,0.0,0.0,5.0,129.0,0.0,0.0,129.0,24629.0,46.09,tremembe
04/2026,3,SUDESTE,SE,35,SAO PAULO,SP,355490,TRES FRONTEIRAS,1.0,2025,DOU,7060.0,2.0,0.0,0.0,0.0,0.0,0.0,0.0,0.0,0.0,0.0,0.0,0.0,7000.0,99.15,tres_fronteiras
04/2026,3,SUDESTE,SE,35,SAO PAULO,SP,355495,TUIUTI,3.0,2025,DOU,6976.0,1.0,0.0,1.0,0.0,0.0,0.0,0.0,0.0,0.0,0.0,0.0,0.0,5250.0,75.25,tuiuti
04/2026,3,SUDESTE,SE,35,SAO PAULO,SP,355500,TUPA,1.0,2025,DOU,65433.0,11.0,2.0,7.0,0.0,0.0,0.0,0.0,0.0,0.0,0.0,0.0,0.0,56000.0,85.58,tupa
04/2026,3,SUDESTE,SE,35,SAO PAULO,SP,355510,TUPI PAULISTA,1.0,2025,DOU,16259.0,4.0,0.0,1.0,0.0,0.0,0.0,0.0,3.0,2715.0,0.0,0.0,2715.0,18465.0,113.56,tupi_paulista
04/2026,3,SUDESTE,SE,35,SAO PAULO,SP,355520,TURIUBA,3.0,2025,DOU,1835.0,1.0,0.0,0.0,0.0,0.0,0.0,0.0,0.0,0.0,0.0,0.0,0.0,3500.0,190.73,turiuba
04/2026,3,SUDESTE,SE,35,SAO PAULO,SP,355530,TURMALINA,3.0,2025,DOU,1662.0,1.0,0.0,0.0,0.0,0.0,0.0,0.0,0.0,0.0,0.0,0.0,0.0,3500.0,210.58,turmalina
04/2026,3,SUDESTE,SE,35,SAO PAULO,SP,355535,UBARANA,2.0,2025,DOU,5458.0,2.0,0.0,1.0,0.0,0.0,0.0,0.0,0.0,0.0,0.0,0.0,0.0,8750.0,160.31,ubarana
04/2026,3,SUDESTE,SE,35,SAO PAULO,SP,355540,UBATUBA,1.0,2025,DOU,97096.0,27.0,0.0,0.0,0.0,0.0,0.0,0.0,0.0,0.0,0.0,0.0,0.0,94500.0,97.32,ubatuba
04/2026,3,SUDESTE,SE,35,SAO PAULO,SP,355550,UBIRAJARA,3.0,2025,DOU,5289.0,2.0,0.0,0.0,0.0,0.0,0.0,0.0,0.0,0.0,0.0,0.0,0.0,7000.0,132.35,ubirajara
04/2026,3,SUDESTE,SE,35,SAO PAULO,SP,355560,UCHOA,1.0,2025,DOU,10670.0,4.0,0.0,0.0,0.0,0.0,0.0,0.0,0.0,0.0,0.0,0.0,0.0,14000.0,131.2,uchoa
04/2026,3,SUDESTE,SE,35,SAO PAULO,SP,355570,UNIAO PAULISTA,3.0,2025,DOU,1628.0,1.0,0.0,0.0,0.0,0.0,0.0,0.0,0.0,0.0,0.0,0.0,0.0,3500.0,214.98,uniao_paulista
04/2026,3,SUDESTE,SE,35,SAO PAULO,SP,355580,URANIA,2.0,2025,DOU,8973.0,3.0,0.0,0.0,0.0,0.0,0.0,0.0,0.0,0.0,0.0,0.0,0.0,10500.0,117.01,urania
04/2026,3,SUDESTE,SE,35,SAO PAULO,SP,355590,URU,3.0,2025,DOU,1424.0,1.0,0.0,0.0,0.0,0.0,0.0,0.0,0.0,0.0,0.0,0.0,0.0,3500.0,245.78,uru
04/2026,3,SUDESTE,SE,35,SAO PAULO,SP,355600,URUPES,1.0,2025,DOU,14073.0,7.0,0.0,0.0,0.0,0.0,0.0,0.0,0.0,0.0,0.0,0.0,0.0,24500.0,174.09,urupes
04/2026,3,SUDESTE,SE,35,SAO PAULO,SP,355610,VALENTIM GENTIL,2.0,2025,DOU,14634.0,5.0,0.0,0.0,0.0,0.0,0.0,0.0,0.0,0.0,0.0,0.0,0.0,17500.0,119.58,valentim_gentil
04/2026,3,SUDESTE,SE,35,SAO PAULO,SP,355620,VALINHOS,1.0,2025,DOU,132258.0,5.0,2.0,13.0,0.0,0.0,0.0,0.0,0.0,0.0,0.0,0.0,0.0,45500.0,34.4,valinhos
04/2026,3,SUDESTE,SE,35,SAO PAULO,SP,355630,VALPARAISO,1.0,2025,DOU,24779.0,6.0,0.0,2.0,0.0,0.0,0.0,0.0,2.0,1760.0,0.0,0.0,1760.0,26260.0,105.97,valparaiso
04/2026,3,SUDESTE,SE,35,SAO PAULO,SP,355635,VARGEM,3.0,2025,DOU,10863.0,1.0,3.0,0.0,0.0,0.0,0.0,0.0,0.0,0.0,0.0,0.0,0.0,11375.0,104.71,vargem
04/2026,3,SUDESTE,SE,35,SAO PAULO,SP,355640,VARGEM GRANDE DO SUL,1.0,2025,DOU,41256.0,11.0,0.0,2.0,0.0,0.0,0.0,0.0,0.0,0.0,0.0,0.0,0.0,42000.0,101.8,vargem_grande_do_sul
04/2026,3,SUDESTE,SE,35,SAO PAULO,SP,355645,VARGEM GRANDE PAULISTA,1.0,2025,DOU,52352.0,10.0,7.0,3.0,0.0,0.0,0.0,0.0,0.0,0.0,0.0,0.0,0.0,58625.0,111.98,vargem_grande_paulista
04/2026,3,SUDESTE,SE,35,SAO PAULO,SP,355650,VARZEA PAULISTA,1.0,2025,DOU,119655.0,13.0,4.0,4.0,0.0,0.0,0.0,0.0,0.0,0.0,0.0,0.0,0.0,63000.0,52.65,varzea_paulista
04/2026,3,SUDESTE,SE,35,SAO PAULO,SP,355660,VERA CRUZ,1.0,2025,DOU,10274.0,3.0,1.0,0.0,0.0,0.0,0.0,0.0,0.0,0.0,0.0,0.0,0.0,13125.0,127.74,vera_cruz
04/2026,3,SUDESTE,SE,35,SAO PAULO,SP,355670,VINHEDO,1.0,2025,DOU,79089.0,1.0,0.0,10.0,0.0,0.0,0.0,0.0,0.0,0.0,0.0,0.0,0.0,21000.0,26.55,vinhedo
04/2026,3,SUDESTE,SE,35,SAO PAULO,SP,355680,VIRADOURO,1.0,2025,DOU,17685.0,5.0,0.0,0.0,0.0,0.0,0.0,0.0,0.0,0.0,0.0,0.0,0.0,17500.0,98.95,viradouro
04/2026,3,SUDESTE,SE,35,SAO PAULO,SP,355690,VISTA ALEGRE DO ALTO,2.0,2025,DOU,8368.0,1.0,0.0,6.0,0.0,0.0,0.0,0.0,0.0,0.0,0.0,0.0,0.0,14000.0,167.3,vista_alegre_do_alto
04/2026,3,SUDESTE,SE,35,SAO PAULO,SP,355695,VITORIA BRASIL,3.0,2025,DOU,1828.0,1.0,0.0,0.0,0.0,0.0,0.0,0.0,0.0,0.0,0.0,0.0,0.0,3500.0,191.46,vitoria_brasil
04/2026,3,SUDESTE,SE,35,SAO PAULO,SP,355700,VOTORANTIM,1.0,2025,DOU,133510.0,8.0,9.0,0.0,0.0,0.0,0.0,0.0,1.0,1644.0,0.0,0.0,1644.0,53269.0,39.89,votorantim
04/2026,3,SUDESTE,SE,35,SAO PAULO,SP,355710,VOTUPORANGA,1.0,2025,DOU,100568.0,35.0,0.0,1.0,0.0,0.0,1.0,18.0,0.0,0.0,0.0,0.0,18.0,124268.0,123.56,votuporanga
04/2026,3,SUDESTE,SE,35,SAO PAULO,SP,355715,ZACARIAS,3.0,2025,DOU,2773.0,1.0,0.0,0.0,0.0,0.0,0.0,0.0,0.0,0.0,0.0,0.0,0.0,3500.0,126.21,zacarias
04/2026,1,NORTE,N,17,TOCANTINS,TO,170025,ABREULANDIA,3.0,2025,DOU,2682.0,1.0,0.0,0.0,0.0,0.0,0.0,0.0,0.0,0.0,0.0,0.0,0.0,3500.0,130.49,abreulandia
04/2026,1,NORTE,N,17,TOCANTINS,TO,170030,AGUIARNOPOLIS,1.0,2025,DOU,4502.0,3.0,0.0,0.0,0.0,0.0,0.0,0.0,0.0,0.0,0.0,0.0,0.0,10500.0,233.22,aguiarnopolis
04/2026,1,NORTE,N,17,TOCANTINS,TO,170035,ALIANCA DO TOCANTINS,2.0,2025,DOU,5196.0,2.0,0.0,0.0,0.0,0.0,0.0,0.0,0.0,0.0,0.0,0.0,0.0,7000.0,134.71,alianca_do_tocantins
04/2026,1,NORTE,N,17,TOCANTINS,TO,170040,ALMAS,4.0,2025,DOU,6483.0,3.0,0.0,0.0,0.0,0.0,0.0,0.0,0.0,0.0,0.0,0.0,0.0,10500.0,161.96,almas
04/2026,1,NORTE,N,17,TOCANTINS,TO,170070,ALVORADA,2.0,2025,DOU,9128.0,4.0,0.0,0.0,0.0,0.0,0.0,0.0,0.0,0.0,0.0,0.0,0.0,14000.0,153.37,alvorada
04/2026,1,NORTE,N,17,TOCANTINS,TO,170100,ANANAS,2.0,2025,DOU,10700.0,5.0,0.0,0.0,0.0,0.0,0.0,0.0,0.0,0.0,0.0,0.0,0.0,17500.0,163.55,ananas
04/2026,1,NORTE,N,17,TOCANTINS,TO,170105,ANGICO,3.0,2025,DOU,2903.0,2.0,0.0,0.0,0.0,0.0,0.0,0.0,0.0,0.0,0.0,0.0,0.0,7000.0,241.12,angico
04/2026,1,NORTE,N,17,TOCANTINS,TO,170110,APARECIDA DO RIO NEGRO,2.0,2025,DOU,5110.0,2.0,0.0,0.0,0.0,0.0,0.0,0.0,0.0,0.0,0.0,0.0,0.0,7000.0,136.98,aparecida_do_rio_negro
04/2026,1,NORTE,N,17,TOCANTINS,TO,170130,ARAGOMINAS,3.0,2025,DOU,5330.0,3.0,0.0,0.0,0.0,0.0,0.0,0.0,0.0,0.0,0.0,0.0,0.0,10500.0,196.99,aragominas
04/2026,1,NORTE,N,17,TOCANTINS,TO,170190,ARAGUACEMA,5.0,2025,DOU,6022.0,3.0,0.0,0.0,0.0,0.0,0.0,0.0,0.0,0.0,0.0,0.0,0.0,10500.0,174.36,araguacema
04/2026,1,NORTE,N,17,TOCANTINS,TO,170200,ARAGUACU,5.0,2025,DOU,8242.0,4.0,0.0,0.0,0.0,0.0,0.0,0.0,0.0,0.0,0.0,0.0,0.0,14000.0,169.86,araguacu
04/2026,1,NORTE,N,17,TOCANTINS,TO,170210,ARAGUAINA,1.0,2025,DOU,183024.0,57.0,3.0,0.0,0.0,0.0,1.0,313.0,1.0,1221.0,0.0,0.0,1534.0,208909.0,114.14,araguaina
04/2026,1,NORTE,N,17,TOCANTINS,TO,170215,ARAGUANA,3.0,2025,DOU,4300.0,2.0,3.0,0.0,0.0,0.0,0.0,0.0,0.0,0.0,0.0,0.0,0.0,14875.0,345.93,araguana
04/2026,1,NORTE,N,17,TOCANTINS,TO,170220,ARAGUATINS,2.0,2025,DOU,33286.0,17.0,0.0,0.0,0.0,0.0,0.0,0.0,0.0,0.0,0.0,0.0,0.0,59500.0,178.75,araguatins
04/2026,1,NORTE,N,17,TOCANTINS,TO,170230,ARAPOEMA,2.0,2025,DOU,5488.0,3.0,0.0,0.0,0.0,0.0,0.0,0.0,0.0,0.0,0.0,0.0,0.0,10500.0,191.32,arapoema
04/2026,1,NORTE,N,17,TOCANTINS,TO,170240,ARRAIAS,3.0,2025,DOU,10511.0,4.0,0.0,0.0,0.0,0.0,0.0,0.0,0.0,0.0,0.0,0.0,0.0,14000.0,133.19,arraias
04/2026,1,NORTE,N,17,TOCANTINS,TO,170255,AUGUSTINOPOLIS,1.0,2025,DOU,18237.0,6.0,0.0,0.0,0.0,0.0,0.0,0.0,0.0,0.0,0.0,0.0,0.0,21000.0,115.15,augustinopolis
04/2026,1,NORTE,N,17,TOCANTINS,TO,170270,AURORA DO TOCANTINS,5.0,2025,DOU,3418.0,2.0,0.0,0.0,0.0,0.0,0.0,0.0,0.0,0.0,0.0,0.0,0.0,7000.0,204.79,aurora_do_tocantins
04/2026,1,NORTE,N,17,TOCANTINS,TO,170290,AXIXA DO TOCANTINS,2.0,2025,DOU,10732.0,5.0,0.0,0.0,0.0,0.0,0.0,0.0,0.0,0.0,0.0,0.0,0.0,17500.0,163.06,axixa_do_tocantins
04/2026,1,NORTE,N,17,TOCANTINS,TO,170300,BABACULANDIA,3.0,2025,DOU,7636.0,4.0,0.0,0.0,0.0,0.0,0.0,0.0,0.0,0.0,0.0,0.0,0.0,14000.0,183.34,babaculandia
04/2026,1,NORTE,N,17,TOCANTINS,TO,170305,BANDEIRANTES DO TOCANTINS,3.0,2025,DOU,3555.0,2.0,0.0,0.0,0.0,0.0,0.0,0.0,0.0,0.0,0.0,0.0,0.0,7000.0,196.9,bandeirantes_do_tocantins
04/2026,1,NORTE,N,17,TOCANTINS,TO,170307,BARRA DO OURO,3.0,2025,DOU,4667.0,2.0,0.0,0.0,0.0,0.0,0.0,0.0,0.0,0.0,0.0,0.0,0.0,7000.0,149.98,barra_do_ouro
04/2026,1,NORTE,N,17,TOCANTINS,TO,170310,BARROLANDIA,2.0,2025,DOU,4890.0,3.0,0.0,0.0,0.0,0.0,0.0,0.0,0.0,0.0,0.0,0.0,0.0,10500.0,214.72,barrolandia
04/2026,1,NORTE,N,17,TOCANTINS,TO,170320,BERNARDO SAYAO,3.0,2025,DOU,4307.0,2.0,0.0,0.0,0.0,0.0,0.0,0.0,0.0,0.0,0.0,0.0,0.0,7000.0,162.52,bernardo_sayao
04/2026,1,NORTE,N,17,TOCANTINS,TO,170330,BOM JESUS DO TOCANTINS,4.0,2025,DOU,4201.0,3.0,0.0,0.0,0.0,0.0,0.0,0.0,0.0,0.0,0.0,0.0,0.0,10500.0,249.94,bom_jesus_do_tocantins
04/2026,1,NORTE,N,17,TOCANTINS,TO,170360,BRASILANDIA DO TOCANTINS,3.0,2025,DOU,2013.0,1.0,0.0,0.0,0.0,0.0,0.0,0.0,0.0,0.0,0.0,0.0,0.0,3500.0,173.86,brasilandia_do_tocantins
04/2026,1,NORTE,N,17,TOCANTINS,TO,170370,BREJINHO DE NAZARE,3.0,2025,DOU,4774.0,3.0,0.0,0.0,0.0,0.0,0.0,0.0,0.0,0.0,0.0,0.0,0.0,10500.0,219.94,brejinho_de_nazare
04/2026,1,NORTE,N,17,TOCANTINS,TO,170380,BURITI DO TOCANTINS,2.0,2025,DOU,10696.0,6.0,0.0,0.0,0.0,0.0,0.0,0.0,0.0,0.0,0.0,0.0,0.0,21000.0,196.33,buriti_do_tocantins
04/2026,1,NORTE,N,17,TOCANTINS,TO,170382,CACHOEIRINHA,3.0,2025,DOU,1982.0,1.0,0.0,0.0,0.0,0.0,0.0,0.0,0.0,0.0,0.0,0.0,0.0,3500.0,176.58,cachoeirinha
04/2026,1,NORTE,N,17,TOCANTINS,TO,170384,CAMPOS LINDOS,5.0,2025,DOU,8990.0,3.0,1.0,1.0,0.0,0.0,0.0,0.0,0.0,0.0,0.0,0.0,0.0,14875.0,165.46,campos_lindos
04/2026,1,NORTE,N,17,TOCANTINS,TO,170386,CARIRI DO TOCANTINS,3.0,2025,DOU,4166.0,2.0,0.0,0.0,0.0,0.0,0.0,0.0,1.0,288.0,0.0,0.0,288.0,7288.0,174.93,cariri_do_tocantins
04/2026,1,NORTE,N,17,TOCANTINS,TO,170388,CARMOLANDIA,3.0,2025,DOU,2242.0,1.0,0.0,0.0,0.0,0.0,0.0,0.0,0.0,0.0,0.0,0.0,0.0,3500.0,156.11,carmolandia
04/2026,1,NORTE,N,17,TOCANTINS,TO,170389,CARRASCO BONITO,5.0,2025,DOU,3344.0,2.0,0.0,0.0,0.0,0.0,0.0,0.0,0.0,0.0,0.0,0.0,0.0,7000.0,209.33,carrasco_bonito
04/2026,1,NORTE,N,17,TOCANTINS,TO,170390,CASEARA,5.0,2025,DOU,5028.0,3.0,0.0,0.0,0.0,0.0,0.0,0.0,0.0,0.0,0.0,0.0,0.0,10500.0,208.83,caseara
04/2026,1,NORTE,N,17,TOCANTINS,TO,170410,CENTENARIO,5.0,2025,DOU,2111.0,1.0,0.0,0.0,0.0,0.0,0.0,0.0,0.0,0.0,0.0,0.0,0.0,3500.0,165.79,centenario
04/2026,1,NORTE,N,17,TOCANTINS,TO,170510,CHAPADA DA NATIVIDADE,5.0,2025,DOU,3176.0,2.0,0.0,0.0,0.0,0.0,0.0,0.0,0.0,0.0,0.0,0.0,0.0,7000.0,220.4,chapada_da_natividade
04/2026,1,NORTE,N,17,TOCANTINS,TO,170460,CHAPADA DE AREIA,3.0,2025,DOU,1574.0,1.0,0.0,0.0,0.0,0.0,0.0,0.0,0.0,0.0,0.0,0.0,0.0,3500.0,222.36,chapada_de_areia
04/2026,1,NORTE,N,17,TOCANTINS,TO,170550,COLINAS DO TOCANTINS,1.0,2025,DOU,36209.0,17.0,0.0,0.0,0.0,0.0,0.0,0.0,0.0,0.0,0.0,0.0,0.0,59500.0,164.32,colinas_do_tocantins
04/2026,1,NORTE,N,17,TOCANTINS,TO,171670,COLMEIA,5.0,2025,DOU,9155.0,4.0,0.0,0.0,0.0,0.0,0.0,0.0,0.0,0.0,0.0,0.0,0.0,14000.0,152.92,colmeia
04/2026,1,NORTE,N,17,TOCANTINS,TO,170555,COMBINADO,4.0,2025,DOU,4906.0,2.0,0.0,0.0,0.0,0.0,0.0,0.0,0.0,0.0,0.0,0.0,0.0,7000.0,142.68,combinado
04/2026,1,NORTE,N,17,TOCANTINS,TO,170560,CONCEICAO DO TOCANTINS,5.0,2025,DOU,3942.0,2.0,0.0,0.0,0.0,0.0,0.0,0.0,0.0,0.0,0.0,0.0,0.0,7000.0,177.57,conceicao_do_tocantins
04/2026,1,NORTE,N,17,TOCANTINS,TO,170600,COUTO MAGALHAES,5.0,2025,DOU,5540.0,2.0,0.0,2.0,0.0,0.0,0.0,0.0,0.0,0.0,0.0,0.0,0.0,10500.0,189.53,couto_magalhaes
04/2026,1,NORTE,N,17,TOCANTINS,TO,170610,CRISTALANDIA,3.0,2025,DOU,6392.0,3.0,0.0,0.0,0.0,0.0,0.0,0.0,0.0,0.0,0.0,0.0,0.0,10500.0,164.26,cristalandia
04/2026,1,NORTE,N,17,TOCANTINS,TO,170625,CRIXAS DO TOCANTINS,3.0,2025,DOU,1494.0,1.0,0.0,0.0,0.0,0.0,0.0,0.0,0.0,0.0,0.0,0.0,0.0,3500.0,234.27,crixas_do_tocantins
04/2026,1,NORTE,N,17,TOCANTINS,TO,170650,DARCINOPOLIS,3.0,2025,DOU,6093.0,3.0,0.0,0.0,0.0,0.0,0.0,0.0,0.0,0.0,0.0,0.0,0.0,10500.0,172.32,darcinopolis
04/2026,1,NORTE,N,17,TOCANTINS,TO,170700,DIANOPOLIS,1.0,2025,DOU,17966.0,7.0,0.0,2.0,0.0,0.0,0.0,0.0,1.0,12.0,0.0,0.0,12.0,28012.0,155.91,dianopolis
04/2026,1,NORTE,N,17,TOCANTINS,TO,170710,DIVINOPOLIS DO TOCANTINS,5.0,2025,DOU,7343.0,3.0,0.0,0.0,0.0,0.0,0.0,0.0,0.0,0.0,0.0,0.0,0.0,10500.0,142.99,divinopolis_do_tocantins
04/2026,1,NORTE,N,17,TOCANTINS,TO,170720,DOIS IRMAOS DO TOCANTINS,5.0,2025,DOU,6352.0,4.0,0.0,0.0,0.0,0.0,0.0,0.0,0.0,0.0,0.0,0.0,0.0,14000.0,220.4,dois_irmaos_do_tocantins
04/2026,1,NORTE,N,17,TOCANTINS,TO,170730,DUERE,3.0,2025,DOU,4304.0,2.0,0.0,0.0,0.0,0.0,0.0,0.0,0.0,0.0,0.0,0.0,0.0,7000.0,162.63,duere
04/2026,1,NORTE,N,17,TOCANTINS,TO,170740,ESPERANTINA,3.0,2025,DOU,7385.0,5.0,0.0,0.0,0.0,0.0,0.0,0.0,0.0,0.0,0.0,0.0,0.0,17500.0,236.96,esperantina
04/2026,1,NORTE,N,17,TOCANTINS,TO,170755,FATIMA,3.0,2025,DOU,3503.0,2.0,0.0,0.0,0.0,0.0,0.0,0.0,0.0,0.0,0.0,0.0,0.0,7000.0,199.82,fatima
04/2026,1,NORTE,N,17,TOCANTINS,TO,170765,FIGUEIROPOLIS,3.0,2025,DOU,5334.0,2.0,0.0,0.0,0.0,0.0,0.0,0.0,0.0,0.0,0.0,0.0,0.0,7000.0,131.23,figueiropolis
04/2026,1,NORTE,N,17,TOCANTINS,TO,170770,FILADELFIA,2.0,2025,DOU,7784.0,4.0,0.0,0.0,0.0,0.0,0.0,0.0,0.0,0.0,0.0,0.0,0.0,14000.0,179.85,filadelfia
04/2026,1,NORTE,N,17,TOCANTINS,TO,170820,FORMOSO DO ARAGUAIA,2.0,2025,DOU,19473.0,8.0,0.0,0.0,0.0,0.0,0.0,0.0,0.0,0.0,0.0,0.0,0.0,28000.0,143.78,formoso_do_araguaia
04/2026,1,NORTE,N,17,TOCANTINS,TO,170830,GOIANORTE,5.0,2025,DOU,4832.0,3.0,0.0,0.0,0.0,0.0,0.0,0.0,0.0,0.0,0.0,0.0,0.0,10500.0,217.3,goianorte
04/2026,1,NORTE,N,17,TOCANTINS,TO,170900,GOIATINS,3.0,2025,DOU,12851.0,6.0,0.0,0.0,0.0,0.0,0.0,0.0,0.0,0.0,0.0,0.0,0.0,21000.0,163.41,goiatins
04/2026,1,NORTE,N,17,TOCANTINS,TO,170930,GUARAI,1.0,2025,DOU,25831.0,10.0,0.0,0.0,0.0,0.0,0.0,0.0,0.0,0.0,0.0,0.0,0.0,35000.0,135.49,guarai
04/2026,1,NORTE,N,17,TOCANTINS,TO,170950,GURUPI,1.0,2025,DOU,90209.0,35.0,0.0,0.0,0.0,0.0,0.0,0.0,0.0,0.0,0.0,0.0,0.0,122500.0,135.79,gurupi
04/2026,1,NORTE,N,17,TOCANTINS,TO,170980,IPUEIRAS,3.0,2025,DOU,1626.0,1.0,0.0,0.0,0.0,0.0,0.0,0.0,0.0,0.0,0.0,0.0,0.0,3500.0,215.25,ipueiras
04/2026,1,NORTE,N,17,TOCANTINS,TO,171050,ITACAJA,5.0,2025,DOU,6959.0,4.0,0.0,0.0,0.0,0.0,0.0,0.0,0.0,0.0,0.0,0.0,0.0,14000.0,201.17,itacaja
04/2026,1,NORTE,N,17,TOCANTINS,TO,171070,ITAGUATINS,3.0,2025,DOU,5160.0,3.0,0.0,0.0,0.0,0.0,0.0,0.0,0.0,0.0,0.0,0.0,0.0,10500.0,203.48,itaguatins
04/2026,1,NORTE,N,17,TOCANTINS,TO,171090,ITAPIRATINS,3.0,2025,DOU,3685.0,2.0,0.0,0.0,0.0,0.0,0.0,0.0,0.0,0.0,0.0,0.0,0.0,7000.0,189.95,itapiratins
04/2026,1,NORTE,N,17,TOCANTINS,TO,171110,ITAPORA DO TOCANTINS,3.0,2025,DOU,2464.0,1.0,0.0,0.0,0.0,0.0,0.0,0.0,0.0,0.0,0.0,0.0,0.0,3500.0,142.04,itapora_do_tocantins
04/2026,1,NORTE,N,17,TOCANTINS,TO,171150,JAU DO TOCANTINS,5.0,2025,DOU,3396.0,2.0,0.0,0.0,0.0,0.0,0.0,0.0,0.0,0.0,0.0,0.0,0.0,7000.0,206.12,jau_do_tocantins
04/2026,1,NORTE,N,17,TOCANTINS,TO,171180,JUARINA,5.0,2025,DOU,2308.0,1.0,0.0,0.0,0.0,0.0,0.0,0.0,0.0,0.0,0.0,0.0,0.0,3500.0,151.64,juarina
04/2026,1,NORTE,N,17,TOCANTINS,TO,171190,LAGOA DA CONFUSAO,5.0,2025,DOU,16629.0,5.0,0.0,0.0,0.0,0.0,0.0,0.0,0.0,0.0,0.0,0.0,0.0,17500.0,105.23,lagoa_da_confusao
04/2026,1,NORTE,N,17,TOCANTINS,TO,171195,LAGOA DO TOCANTINS,3.0,2025,DOU,3613.0,2.0,0.0,0.0,0.0,0.0,0.0,0.0,0.0,0.0,0.0,0.0,0.0,7000.0,193.74,lagoa_do_tocantins
04/2026,1,NORTE,N,17,TOCANTINS,TO,171200,LAJEADO,3.0,2025,DOU,3559.0,2.0,0.0,0.0,0.0,0.0,0.0,0.0,0.0,0.0,0.0,0.0,0.0,7000.0,196.68,lajeado
04/2026,1,NORTE,N,17,TOCANTINS,TO,171215,LAVANDEIRA,5.0,2025,DOU,1676.0,1.0,0.0,0.0,0.0,0.0,0.0,0.0,0.0,0.0,0.0,0.0,0.0,3500.0,208.83,lavandeira
04/2026,1,NORTE,N,17,TOCANTINS,TO,171240,LIZARDA,5.0,2025,DOU,2950.0,2.0,0.0,0.0,0.0,0.0,0.0,0.0,0.0,0.0,0.0,0.0,0.0,7000.0,237.28,lizarda
04/2026,1,NORTE,N,17,TOCANTINS,TO,171245,LUZINOPOLIS,3.0,2025,DOU,2811.0,2.0,0.0,0.0,0.0,0.0,0.0,0.0,0.0,0.0,0.0,0.0,0.0,7000.0,249.02,luzinopolis
04/2026,1,NORTE,N,17,TOCANTINS,TO,171250,MARIANOPOLIS DO TOCANTINS,3.0,2025,DOU,4793.0,3.0,0.0,0.0,0.0,0.0,0.0,0.0,0.0,0.0,0.0,0.0,0.0,10500.0,219.06,marianopolis_do_tocantins
04/2026,1,NORTE,N,17,TOCANTINS,TO,171270,MATEIROS,5.0,2025,DOU,2922.0,1.0,0.0,0.0,0.0,0.0,0.0,0.0,0.0,0.0,0.0,0.0,0.0,3500.0,119.78,mateiros
04/2026,1,NORTE,N,17,TOCANTINS,TO,171280,MAURILANDIA DO TOCANTINS,3.0,2025,DOU,3171.0,2.0,0.0,0.0,0.0,0.0,0.0,0.0,0.0,0.0,0.0,0.0,0.0,7000.0,220.75,maurilandia_do_tocantins
04/2026,1,NORTE,N,17,TOCANTINS,TO,171320,MIRACEMA DO TOCANTINS,2.0,2025,DOU,18679.0,8.0,0.0,0.0,0.0,0.0,0.0,0.0,0.0,0.0,0.0,0.0,0.0,28000.0,149.9,miracema_do_tocantins
04/2026,1,NORTE,N,17,TOCANTINS,TO,171330,MIRANORTE,1.0,2025,DOU,13073.0,4.0,0.0,0.0,0.0,0.0,0.0,0.0,0.0,0.0,0.0,0.0,0.0,14000.0,107.09,miranorte
04/2026,1,NORTE,N,17,TOCANTINS,TO,171360,MONTE DO CARMO,3.0,2025,DOU,5667.0,4.0,0.0,0.0,0.0,0.0,0.0,0.0,0.0,0.0,0.0,0.0,0.0,14000.0,247.04,monte_do_carmo
04/2026,1,NORTE,N,17,TOCANTINS,TO,171370,MONTE SANTO DO TOCANTINS,3.0,2025,DOU,2521.0,1.0,0.0,0.0,0.0,0.0,0.0,0.0,0.0,0.0,0.0,0.0,0.0,3500.0,138.83,monte_santo_do_tocantins
04/2026,1,NORTE,N,17,TOCANTINS,TO,171395,MURICILANDIA,3.0,2025,DOU,3501.0,2.0,0.0,0.0,0.0,0.0,0.0,0.0,0.0,0.0,0.0,0.0,0.0,7000.0,199.94,muricilandia
04/2026,1,NORTE,N,17,TOCANTINS,TO,171420,NATIVIDADE,5.0,2025,DOU,8956.0,5.0,0.0,0.0,0.0,0.0,0.0,0.0,0.0,0.0,0.0,0.0,0.0,17500.0,195.39,natividade
04/2026,1,NORTE,N,17,TOCANTINS,TO,171430,NAZARE,3.0,2025,DOU,4672.0,2.0,0.0,0.0,0.0,0.0,0.0,0.0,0.0,0.0,0.0,0.0,0.0,7000.0,149.82,nazare
04/2026,1,NORTE,N,17,TOCANTINS,TO,171488,NOVA OLINDA,3.0,2025,DOU,10600.0,4.0,0.0,0.0,0.0,0.0,0.0,0.0,0.0,0.0,0.0,0.0,0.0,14000.0,132.07,nova_olinda
04/2026,1,NORTE,N,17,TOCANTINS,TO,171500,NOVA ROSALANDIA,3.0,2025,DOU,3382.0,2.0,0.0,0.0,0.0,0.0,0.0,0.0,0.0,0.0,0.0,0.0,0.0,7000.0,206.97,nova_rosalandia
04/2026,1,NORTE,N,17,TOCANTINS,TO,171510,NOVO ACORDO,3.0,2025,DOU,4118.0,2.0,0.0,0.0,0.0,0.0,0.0,0.0,0.0,0.0,0.0,0.0,0.0,7000.0,169.98,novo_acordo
04/2026,1,NORTE,N,17,TOCANTINS,TO,171515,NOVO ALEGRE,5.0,2025,DOU,1817.0,1.0,0.0,0.0,0.0,0.0,0.0,0.0,0.0,0.0,0.0,0.0,0.0,3500.0,192.62,novo_alegre
04/2026,1,NORTE,N,17,TOCANTINS,TO,171525,NOVO JARDIM,5.0,2025,DOU,2251.0,1.0,0.0,0.0,0.0,0.0,0.0,0.0,0.0,0.0,0.0,0.0,0.0,3500.0,155.48,novo_jardim
04/2026,1,NORTE,N,17,TOCANTINS,TO,171550,OLIVEIRA DE FATIMA,3.0,2025,DOU,1220.0,1.0,0.0,0.0,0.0,0.0,0.0,0.0,0.0,0.0,0.0,0.0,0.0,3500.0,286.88,oliveira_de_fatima
04/2026,1,NORTE,N,17,TOCANTINS,TO,172100,PALMAS,1.0,2025,DOU,328499.0,85.0,1.0,0.0,0.0,0.0,1.0,193.0,1.0,1124.0,0.0,0.0,1317.0,301442.0,91.76,palmas
04/2026,1,NORTE,N,17,TOCANTINS,TO,171570,PALMEIRANTE,3.0,2025,DOU,4905.0,2.0,2.0,0.0,0.0,0.0,0.0,0.0,0.0,0.0,0.0,0.0,0.0,12250.0,249.74,palmeirante
04/2026,1,NORTE,N,17,TOCANTINS,TO,171380,PALMEIRAS DO TOCANTINS,3.0,2025,DOU,4850.0,3.0,0.0,0.0,0.0,0.0,0.0,0.0,0.0,0.0,0.0,0.0,0.0,10500.0,216.49,palmeiras_do_tocantins
04/2026,1,NORTE,N,17,TOCANTINS,TO,171575,PALMEIROPOLIS,5.0,2025,DOU,7104.0,4.0,0.0,0.0,0.0,0.0,0.0,0.0,0.0,0.0,0.0,0.0,0.0,14000.0,197.07,palmeiropolis
04/2026,1,NORTE,N,17,TOCANTINS,TO,171610,PARAISO DO TOCANTINS,1.0,2025,DOU,55704.0,17.0,0.0,0.0,0.0,0.0,0.0,0.0,1.0,332.0,0.0,0.0,332.0,59832.0,107.41,paraiso_do_tocantins
04/2026,1,NORTE,N,17,TOCANTINS,TO,171620,PARANA,5.0,2025,DOU,10877.0,4.0,0.0,0.0,0.0,0.0,0.0,0.0,0.0,0.0,0.0,0.0,0.0,14000.0,128.71,parana
04/2026,1,NORTE,N,17,TOCANTINS,TO,171630,PAU D'ARCO,3.0,2025,DOU,4057.0,2.0,0.0,0.0,0.0,0.0,0.0,0.0,0.0,0.0,0.0,0.0,0.0,7000.0,172.54,pau_d_arco
04/2026,1,NORTE,N,17,TOCANTINS,TO,171650,PEDRO AFONSO,4.0,2025,DOU,14895.0,7.0,0.0,0.0,0.0,0.0,0.0,0.0,0.0,0.0,0.0,0.0,0.0,24500.0,164.48,pedro_afonso
04/2026,1,NORTE,N,17,TOCANTINS,TO,171660,PEIXE,3.0,2025,DOU,9384.0,6.0,0.0,0.0,0.0,0.0,0.0,0.0,0.0,0.0,0.0,0.0,0.0,21000.0,223.78,peixe
04/2026,1,NORTE,N,17,TOCANTINS,TO,171665,PEQUIZEIRO,5.0,2025,DOU,5035.0,3.0,0.0,0.0,0.0,0.0,0.0,0.0,0.0,0.0,0.0,0.0,0.0,10500.0,208.54,pequizeiro
04/2026,1,NORTE,N,17,TOCANTINS,TO,171700,PINDORAMA DO TOCANTINS,5.0,2025,DOU,4599.0,2.0,0.0,0.0,0.0,0.0,0.0,0.0,0.0,0.0,0.0,0.0,0.0,7000.0,152.2,pindorama_do_tocantins
04/2026,1,NORTE,N,17,TOCANTINS,TO,171720,PIRAQUE,3.0,2025,DOU,2229.0,1.0,1.0,0.0,0.0,0.0,0.0,0.0,0.0,0.0,0.0,0.0,0.0,6125.0,274.78,piraque
04/2026,1,NORTE,N,17,TOCANTINS,TO,171750,PIUM,3.0,2025,DOU,7408.0,4.0,0.0,0.0,0.0,0.0,0.0,0.0,0.0,0.0,0.0,0.0,0.0,14000.0,188.98,pium
04/2026,1,NORTE,N,17,TOCANTINS,TO,171780,PONTE ALTA DO BOM JESUS,5.0,2025,DOU,4280.0,2.0,0.0,0.0,0.0,0.0,0.0,0.0,0.0,0.0,0.0,0.0,0.0,7000.0,163.55,ponte_alta_do_bom_jesus
04/2026,1,NORTE,N,17,TOCANTINS,TO,171790,PONTE ALTA DO TOCANTINS,3.0,2025,DOU,7874.0,4.0,0.0,0.0,0.0,0.0,0.0,0.0,0.0,0.0,0.0,0.0,0.0,14000.0,177.8,ponte_alta_do_tocantins
04/2026,1,NORTE,N,17,TOCANTINS,TO,171800,PORTO ALEGRE DO TOCANTINS,5.0,2025,DOU,2960.0,1.0,0.0,0.0,0.0,0.0,0.0,0.0,0.0,0.0,0.0,0.0,0.0,3500.0,118.24,porto_alegre_do_tocantins
04/2026,1,NORTE,N,17,TOCANTINS,TO,171820,PORTO NACIONAL,1.0,2025,DOU,69551.0,24.0,0.0,0.0,0.0,0.0,0.0,0.0,0.0,0.0,0.0,0.0,0.0,84000.0,120.77,porto_nacional
04/2026,1,NORTE,N,17,TOCANTINS,TO,171830,PRAIA NORTE,3.0,2025,DOU,9552.0,4.0,0.0,0.0,0.0,0.0,0.0,0.0,0.0,0.0,0.0,0.0,0.0,14000.0,146.56,praia_norte
04/2026,1,NORTE,N,17,TOCANTINS,TO,171840,PRESIDENTE KENNEDY,3.0,2025,DOU,3016.0,2.0,0.0,0.0,0.0,0.0,0.0,0.0,0.0,0.0,0.0,0.0,0.0,7000.0,232.09,presidente_kennedy
04/2026,1,NORTE,N,17,TOCANTINS,TO,171845,PUGMIL,3.0,2025,DOU,2223.0,1.0,0.0,0.0,0.0,0.0,0.0,0.0,0.0,0.0,0.0,0.0,0.0,3500.0,157.44,pugmil
04/2026,1,NORTE,N,17,TOCANTINS,TO,171850,RECURSOLANDIA,5.0,2025,DOU,3454.0,2.0,0.0,0.0,0.0,0.0,0.0,0.0,0.0,0.0,0.0,0.0,0.0,7000.0,202.66,recursolandia
04/2026,1,NORTE,N,17,TOCANTINS,TO,171855,RIACHINHO,3.0,2025,DOU,4029.0,2.0,0.0,0.0,0.0,0.0,0.0,0.0,0.0,0.0,0.0,0.0,0.0,7000.0,173.74,riachinho
04/2026,1,NORTE,N,17,TOCANTINS,TO,171865,RIO DA CONCEICAO,5.0,2025,DOU,1827.0,1.0,0.0,0.0,0.0,0.0,0.0,0.0,0.0,0.0,0.0,0.0,0.0,3500.0,191.57,rio_da_conceicao
04/2026,1,NORTE,N,17,TOCANTINS,TO,171870,RIO DOS BOIS,3.0,2025,DOU,2845.0,1.0,0.0,0.0,0.0,0.0,0.0,0.0,0.0,0.0,0.0,0.0,0.0,3500.0,123.02,rio_dos_bois
04/2026,1,NORTE,N,17,TOCANTINS,TO,171875,RIO SONO,3.0,2025,DOU,4718.0,3.0,0.0,0.0,0.0,0.0,0.0,0.0,0.0,0.0,0.0,0.0,0.0,10500.0,222.55,rio_sono
04/2026,1,NORTE,N,17,TOCANTINS,TO,171880,SAMPAIO,2.0,2025,DOU,4397.0,2.0,0.0,0.0,0.0,0.0,0.0,0.0,0.0,0.0,0.0,0.0,0.0,7000.0,159.19,sampaio
04/2026,1,NORTE,N,17,TOCANTINS,TO,171884,SANDOLANDIA,5.0,2025,DOU,3900.0,2.0,0.0,0.0,0.0,0.0,0.0,0.0,0.0,0.0,0.0,0.0,0.0,7000.0,179.48,sandolandia
04/2026,1,NORTE,N,17,TOCANTINS,TO,171886,SANTA FE DO ARAGUAIA,3.0,2025,DOU,7533.0,4.0,0.0,0.0,0.0,0.0,0.0,0.0,0.0,0.0,0.0,0.0,0.0,14000.0,185.84,santa_fe_do_araguaia
04/2026,1,NORTE,N,17,TOCANTINS,TO,171889,SANTA RITA DO TOCANTINS,3.0,2025,DOU,2299.0,1.0,0.0,0.0,0.0,0.0,0.0,0.0,0.0,0.0,0.0,0.0,0.0,3500.0,152.24,santa_rita_do_tocantins
04/2026,1,NORTE,N,17,TOCANTINS,TO,171890,SANTA ROSA DO TOCANTINS,3.0,2025,DOU,4799.0,2.0,0.0,0.0,0.0,0.0,0.0,0.0,0.0,0.0,0.0,0.0,0.0,7000.0,145.86,santa_rosa_do_tocantins
04/2026,1,NORTE,N,17,TOCANTINS,TO,171900,SANTA TEREZA DO TOCANTINS,3.0,2025,DOU,2907.0,1.0,0.0,0.0,0.0,0.0,0.0,0.0,0.0,0.0,0.0,0.0,0.0,3500.0,120.39,santa_tereza_do_tocantins
04/2026,1,NORTE,N,17,TOCANTINS,TO,172000,SANTA TEREZINHA DO TOCANTINS,3.0,2025,DOU,2461.0,1.0,0.0,0.0,0.0,0.0,0.0,0.0,0.0,0.0,0.0,0.0,0.0,3500.0,142.21,santa_terezinha_do_tocantins
04/2026,1,NORTE,N,17,TOCANTINS,TO,172010,SAO BENTO DO TOCANTINS,3.0,2025,DOU,6004.0,3.0,0.0,0.0,0.0,0.0,0.0,0.0,0.0,0.0,0.0,0.0,0.0,10500.0,174.88,sao_bento_do_tocantins
04/2026,1,NORTE,N,17,TOCANTINS,TO,172015,SAO FELIX DO TOCANTINS,5.0,2025,DOU,1897.0,1.0,0.0,0.0,0.0,0.0,0.0,0.0,0.0,0.0,0.0,0.0,0.0,3500.0,184.5,sao_felix_do_tocantins
04/2026,1,NORTE,N,17,TOCANTINS,TO,172020,SAO MIGUEL DO TOCANTINS,3.0,2025,DOU,14116.0,6.0,1.0,0.0,0.0,0.0,0.0,0.0,0.0,0.0,0.0,0.0,0.0,23625.0,167.36,sao_miguel_do_tocantins
04/2026,1,NORTE,N,17,TOCANTINS,TO,172025,SAO SALVADOR DO TOCANTINS,5.0,2025,DOU,2356.0,2.0,0.0,0.0,0.0,0.0,0.0,0.0,0.0,0.0,0.0,0.0,0.0,7000.0,297.11,sao_salvador_do_tocantins
04/2026,1,NORTE,N,17,TOCANTINS,TO,172030,SAO SEBASTIAO DO TOCANTINS,3.0,2025,DOU,4182.0,2.0,0.0,0.0,0.0,0.0,0.0,0.0,0.0,0.0,0.0,0.0,0.0,7000.0,167.38,sao_sebastiao_do_tocantins
04/2026,1,NORTE,N,17,TOCANTINS,TO,172049,SAO VALERIO,3.0,2025,DOU,4554.0,2.0,0.0,0.0,0.0,0.0,0.0,0.0,0.0,0.0,0.0,0.0,0.0,7000.0,153.71,sao_valerio
04/2026,1,NORTE,N,17,TOCANTINS,TO,172065,SILVANOPOLIS,3.0,2025,DOU,5259.0,3.0,0.0,0.0,0.0,0.0,0.0,0.0,0.0,0.0,0.0,0.0,0.0,10500.0,199.65,silvanopolis
04/2026,1,NORTE,N,17,TOCANTINS,TO,172080,SITIO NOVO DO TOCANTINS,3.0,2025,DOU,11446.0,5.0,0.0,0.0,0.0,0.0,0.0,0.0,0.0,0.0,0.0,0.0,0.0,17500.0,152.89,sitio_novo_do_tocantins
04/2026,1,NORTE,N,17,TOCANTINS,TO,172085,SUCUPIRA,3.0,2025,DOU,1591.0,1.0,0.0,0.0,0.0,0.0,0.0,0.0,0.0,0.0,0.0,0.0,0.0,3500.0,219.98,sucupira
04/2026,1,NORTE,N,17,TOCANTINS,TO,170825,TABOCAO,3.0,2025,DOU,3741.0,1.0,0.0,0.0,0.0,0.0,0.0,0.0,0.0,0.0,0.0,0.0,0.0,3500.0,93.55,tabocao
04/2026,1,NORTE,N,17,TOCANTINS,TO,172090,TAGUATINGA,5.0,2025,DOU,14199.0,5.0,0.0,0.0,0.0,0.0,0.0,0.0,0.0,0.0,0.0,0.0,0.0,17500.0,123.24,taguatinga
04/2026,1,NORTE,N,17,TOCANTINS,TO,172093,TAIPAS DO TOCANTINS,5.0,2025,DOU,2092.0,1.0,0.0,0.0,0.0,0.0,0.0,0.0,0.0,0.0,0.0,0.0,0.0,3500.0,167.3,taipas_do_tocantins
04/2026,1,NORTE,N,17,TOCANTINS,TO,172097,TALISMA,3.0,2025,DOU,2505.0,1.0,0.0,0.0,0.0,0.0,0.0,0.0,0.0,0.0,0.0,0.0,0.0,3500.0,139.72,talisma
04/2026,1,NORTE,N,17,TOCANTINS,TO,172110,TOCANTINIA,2.0,2025,DOU,7802.0,3.0,0.0,0.0,0.0,0.0,0.0,0.0,0.0,0.0,0.0,0.0,0.0,10500.0,134.58,tocantinia
04/2026,1,NORTE,N,17,TOCANTINS,TO,172120,TOCANTINOPOLIS,1.0,2025,DOU,23225.0,10.0,0.0,0.0,0.0,0.0,0.0,0.0,0.0,0.0,0.0,0.0,0.0,35000.0,150.69,tocantinopolis
04/2026,1,NORTE,N,17,TOCANTINS,TO,172125,TUPIRAMA,4.0,2025,DOU,2024.0,1.0,0.0,0.0,0.0,0.0,0.0,0.0,0.0,0.0,0.0,0.0,0.0,3500.0,172.92,tupirama
04/2026,1,NORTE,N,17,TOCANTINS,TO,172130,TUPIRATINS,3.0,2025,DOU,1886.0,1.0,0.0,0.0,0.0,0.0,0.0,0.0,0.0,0.0,0.0,0.0,0.0,3500.0,185.57,tupiratins
04/2026,1,NORTE,N,17,TOCANTINS,TO,172208,WANDERLANDIA,3.0,2025,DOU,10734.0,5.0,0.0,0.0,0.0,0.0,0.0,0.0,0.0,0.0,0.0,0.0,0.0,17500.0,163.03,wanderlandia
04/2026,1,NORTE,N,17,TOCANTINS,TO,172210,XAMBIOA,2.0,2025,DOU,10636.0,5.0,0.0,0.0,0.0,0.0,0.0,0.0,0.0,0.0,0.0,0.0,0.0,17500.0,164.53,xambioa
